comentario,puntuacion_estimada,puntuacion_real,confianza,categoria
cuál es el más cercado para rayar el nombre de mi rukaleta,5,3.0,0.24815994501113892,infraestructura
esos baños deberian estar en el metro no saben la falta que hacen,1,2.0,0.3631354570388794,infraestructura
no pues bueno me da risa,2,3.0,0.43767014145851135,infraestructura
los van a abandonar,1,2.0,0.5663031935691833,infraestructura
nada los tiene contentos,1,4.0,0.4218955636024475,infraestructura
se ve como 1520 no se de que te quejas,3,4.0,0.28564316034317017,infraestructura
no maaaa,1,2.0,0.4860939681529999,infraestructura
y que volteas hacia arriba,1,3.0,0.4021046459674835,infraestructura
me da risa exacto hay un montón de fugas porque no arreglaron eso mejor nada más lo pintaron,1,2.0,0.49694308638572693,infraestructura
que pensaban la lamparita costó bastantes millones de pesos no alcanzo para arreglar bien el anden,2,2.0,0.4885219633579254,infraestructura
eso lo dejamos para otro mundial,1,3.0,0.3522978723049164,infraestructura
les digo que hay goteras en pino suárez llueve más dentro que fuera del metro,1,2.0,0.3442014753818512,infraestructura
me da risa gobierno tan p,1,1.0,0.427583247423172,infraestructura
8 años,5,3.0,0.4531795382499695,infraestructura
solo en méxico,1,3.0,0.2987949252128601,infraestructura
me da risa y cobraron como si fuera una restauración completa,5,2.0,0.28020521998405457,infraestructura
me gozo como se disen de todo en los comentarios,5,3.0,0.458296000957489,infraestructura
y los baches,5,2.0,0.32263249158859253,infraestructura
y donde que yo me echo unas bien apestosotas ajajaja,1,2.0,0.2266816943883896,infraestructura
nuevas paredes mismaa goteras,1,2.0,0.2688702940940857,infraestructura
que triste nada acertada esa decisión de poner candelabros que no sirven para nada,1,2.0,0.8599734306335449,infraestructura
es como feria de pueblo pero en el metro,3,2.0,0.38051387667655945,infraestructura
en chabacano ya se puede transbordar a consti,4,3.0,0.23392675817012787,infraestructura
son las bajadas de las cascadas que pondran dentro del metro,2,2.0,0.38474923372268677,infraestructura
si se mete el agua ya va a parecer otra escena de una película donde se mete el agua,1,2.0,0.3875409960746765,infraestructura
pero que tal los baños de los metrobuses ya los cobran que tonteria,2,1.0,0.34795916080474854,infraestructura
baños con ajolotes,4,4.0,0.29871734976768494,infraestructura
y,5,3.0,0.33103927969932556,infraestructura
puro cruising va haber,5,3.0,0.43584656715393066,infraestructura
mejor arreglen las cosas,5,2.0,0.47657060623168945,infraestructura
no entiendo por qué querer aparentar algo que no tenemos ni somos era mil veces mejor darle mantenimiento funcional y que los turistas y obvio los que realmente usan este transporte a diario tuvieran un buen servicio,2,1.0,0.32289013266563416,infraestructura
la verdad si estoy de acuerdo en lugar de gastar en pendejadas como ha sido este gobierno hubieran arreglado las estaciones dejen que llueva y todo lo que hicieron va ir a la basura y se quejan de gobiernos anteriores,1,1.0,0.5985460877418518,infraestructura
con la tarjeta de movilidad integrada,5,4.0,0.45557117462158203,infraestructura
pero se ve bonito recuerda que es el gobierno de la maqueta bonita,3,4.0,0.5008150339126587,infraestructura
fue remodelacion no reconstrucción eso seria casi imposible porque por arriba ya hay casas,1,4.0,0.5314095616340637,infraestructura
eso es un gasto innecesario termino aran cerrados y con basura,1,2.0,0.8290656208992004,infraestructura
y quién los vendió andy,5,3.0,0.29237210750579834,infraestructura
para tapar los baches,4,2.0,0.42472290992736816,infraestructura
las líneas del metro necesitan mantenimientoooooo,3,3.0,0.3306722044944763,infraestructura
y habrá que ver cuántos miles de pesos costaron y a quien de sus compas favorecieron,5,2.0,0.2839776873588562,infraestructura
y al metro lo están remodelando solo por el mundial así deberían de hacer siempre no solo por el mundial,1,3.0,0.3355373442173004,infraestructura
iiii tu casa a de estar impecable muy observadora,5,3.0,0.6073057055473328,infraestructura
primero,5,3.0,0.27699726819992065,infraestructura
y los baches en el centro histórico pa cuándo,5,2.0,0.25944676995277405,infraestructura
llego la locomotora 5972,1,3.0,0.32036006450653076,infraestructura
me da risa,3,3.0,0.23887068033218384,infraestructura
sanitarios del bienestar,4,3.0,0.3962322175502777,infraestructura
esas goteras tienen mi edad 35 años,1,2.0,0.31222209334373474,infraestructura
el peor gobierno de la historia de méxico,1,1.0,0.8898240327835083,infraestructura
no veo las filas y el mar de gente estrenándolos por el fomo,1,3.0,0.6169700622558594,infraestructura
triste realidad,1,1.0,0.46115967631340027,infraestructura
y si ponen más seguridad,3,2.0,0.48327693343162537,infraestructura
y cuantos millones costaron,1,3.0,0.39867010712623596,infraestructura
es que necesitaba mantenimiento no remodelación,2,2.0,0.3310643434524536,infraestructura
es interactivo así sabrás cuando esté lloviendo afuera me da risa,4,2.0,0.3156144917011261,infraestructura
jajajajj,4,3.0,0.2874769866466522,infraestructura
si el metro no sirve imagínate los baños hay nooooo por dios,1,2.0,0.6648256182670593,infraestructura
ni un año les doy,1,2.0,0.3549884259700775,infraestructura
casitas premium,5,2.0,0.34387314319610596,infraestructura
esos candelabros son para que nos teletransportemos como en harry potter,5,3.0,0.5439829230308533,infraestructura
omg ya eres toda una famosa,5,3.0,0.6773180961608887,infraestructura
se está hundiendo el titanic,1,2.0,0.6657070517539978,infraestructura
la neta está bien siempre hago en la calle pipi me da risa,4,3.0,0.42804405093193054,infraestructura
creen que los candelabros evitarán que no se den cuenta de las deficiencias en el transporte colectivo,3,2.0,0.2290884107351303,infraestructura
mejor pongan botes de basura en los metros luego se quejan que hay basura en todos lados,2,2.0,0.4346672594547272,infraestructura
me da risa es para poder llenar las estaciones de agua me da risa,3,2.0,0.2934395372867584,infraestructura
ni los baños públicos tendrán activación económica me da risa este mundial es solo para unos cuantos,1,2.0,0.5183045864105225,infraestructura
me da risa,3,3.0,0.23887068033218384,infraestructura
pero dicen no lo hubieran cuidado antes y cuando han visto todo grafiteado y lleno de basura el metro los daños que tiene el metro en general son debido al uso de millones de personas y de años sin mantenimiento alguno,1,4.0,0.40034353733062744,infraestructura
las nuevas cabinas de los,5,3.0,0.4450054466724396,infraestructura
me da risa dios quiera que llueva en los partidos del mundial para que mundo se dé cuenta de lo que vivimos diario entre tráfico inundaciones y goteras,1,2.0,0.32670244574546814,infraestructura
el gobierno es un chiste,1,1.0,0.3951980471611023,infraestructura
2 semanas faltan,1,3.0,0.444965124130249,infraestructura
lo peor del caso es que lo van a terminar meses después y no le van a volver a meter mano hasta que suceda una tragedia tipo l 12,1,2.0,0.6407288312911987,infraestructura
quieren tapar la realidad como el sol con un dedo,5,2.0,0.3770236372947693,infraestructura
está bien porque sale más caro la multa por orinar en publico,3,4.0,0.6100754141807556,infraestructura
se pasan que es para que el mundo no vea como se cae el país a pedazos ya todo mundo sabe,1,2.0,0.2711678445339203,infraestructura
la gente nunca cuida nada asi que,1,2.0,0.8024131655693054,infraestructura
yo creo que usarán el poder mexa dejar todo para el día de entrega de la tarea y sacar 6,1,3.0,0.32104161381721497,infraestructura
todo tiene filtraciones y mejor hubieran comprado más trenes y arreglado el cableado,1,3.0,0.2763122320175171,infraestructura
deberían repavimentar buscar calles que están en condiciones deplorables eso nada más es desvió de recursos,1,2.0,0.5294869542121887,infraestructura
y cuando pasen los 15 minutos se queda encerrado,1,3.0,0.6038123369216919,infraestructura
en lugar de gastar en tonterías deberían dar mantenimiento real al metro,3,2.0,0.2711062729358673,infraestructura
exactamente esas goteras son de miedo hace unas semanas pasé por la estación pino suárez y justo en el tramo de la correspondencia se vino una parte del techo acompañada de agua y cascajo en allende se vinieron unas vigas y a gente que iba bajando otras subiendo les cayeron encima las vigas lo de menos es lo espantoso que están dejando las estaciones si no el peligro al que a todos nos está exponiendo el gobierno obvio un ingeniero lo puede explicar mejor pero lo que han hecho es tanto como quitarle el alma a un zapato qué dios nos cuide a todos,1,1.0,0.6191133260726929,infraestructura
uyyy y cuanto le costará a los de la cdmx esos baños serán permanentes o solo por lo del mundial,1,2.0,0.29241710901260376,infraestructura
ya le quitaste el encanto,5,2.0,0.6329253911972046,infraestructura
para que todo cambie se tiene que empezar desde nosotros desde el pueblo pero lastimosamente tanto el gobierno como las personas son un problema claro no todas pero la delincuencia la mala gente todo eso no lo podemos evitar de un día para otro triste lo de este país tan hermoso pero a la vez tan malo,1,1.0,0.5664415955543518,infraestructura
méxico mágico,5,3.0,0.5707230567932129,infraestructura
obviamente no van acabar hijo,1,2.0,0.34454166889190674,infraestructura
y gasto miles de millones,1,2.0,0.5115088224411011,infraestructura
para que después lo sirvan para nada,1,2.0,0.5122508406639099,infraestructura
es propio del estilo renacentista,4,3.0,0.3393041789531708,infraestructura
por 5 pesos que esperas que te den una botella de agua y un aperitivo,1,4.0,0.5274539589881897,infraestructura
algo no cuadra,3,3.0,0.39385730028152466,infraestructura
siiii para un rapidín,3,3.0,0.3645939230918884,infraestructura
mejor que pongan más cámaras de seguridad,5,1.0,0.607441782951355,infraestructura
hay que hablar de esto ruvalcaba,1,3.0,0.34205150604248047,infraestructura
nuevo spots para stickers,5,3.0,0.3875155448913574,infraestructura
cuánto a que los olvidan y después ni van a servir,1,2.0,0.32504788041114807,infraestructura
su gobierno que no invierte en las verdaderas necesidades de del país que se gasta el recurso en los viajes de su bancada,1,1.0,0.46111348271369934,infraestructura
me parecen bien porque al final también nosotros los vamos a poder ocupar pero si está ahí el detalle de su mantenimiento,3,4.0,0.47030240297317505,infraestructura
qué horror,1,1.0,0.36391890048980713,infraestructura
cómprate tu carro para no padezcas esos inconvenientes y viajes como mejor te plazca,5,3.0,0.47198233008384705,infraestructura
en otros países hay baños públicos de alta tecnología nosotros los necesitamos no estamos preparados para tenerlos no méxico siempre corriendo antes de caminar,1,3.0,0.4321115016937256,infraestructura
que estupidez me da risa,1,1.0,0.564262330532074,infraestructura
por todo se quejan comprense su carro mejor yo voy bien cómoda jsjsjsj,4,3.0,0.36495158076286316,infraestructura
los hubieran puesto 1 dia antes la gente no cuida nada a ver como quedan después,1,1.0,0.6781525015830994,infraestructura
que pena da que su preoridad sea poner sanitarios que insumos y medicamentos en los hospitales,1,2.0,0.2750205099582672,infraestructura
como los baños de la línea 12 que están clausurados,5,3.0,0.324038565158844,infraestructura
y nomas deja que llueva y se veran mas chidas las fuentes,2,2.0,0.44791004061698914,infraestructura
para que cobren 10 como ahora ya en muchos lugares sucios y el papel aparte,2,1.0,0.30910003185272217,infraestructura
y pregunta cuánto costara,5,3.0,0.2774279713630676,infraestructura
buena iniciativa,4,5.0,0.4638681411743164,infraestructura
gente tendremos titanic 2 en méxico claro que si próximamente en envivos de tik tok,1,3.0,0.3261350393295288,infraestructura
que arreglen las calles,5,2.0,0.5120837092399597,infraestructura
de verdad esperaban algo distinto lo hizo la 4 deformación,3,1.0,0.38053324818611145,infraestructura
las goteras del bienestar,5,2.0,0.39475274085998535,infraestructura
son faroles y de hecho tienes razón lo que debieron remodelar no lo hicieron,1,2.0,0.41291818022727966,infraestructura
la cfe robándole a la nación de la cfe,1,2.0,0.5124400854110718,infraestructura
y si mejor tapan los baches y invierten en seguridad,5,1.0,0.4386671781539917,infraestructura
es que esa es la fuente bro que no estás viendo,1,1.0,0.39164870977401733,infraestructura
la del zócalo está de la vrga ni abierta estaba,1,1.0,0.6470590233802795,infraestructura
mejor que inviten los boletos para la final de cruz azul vs pumas,5,3.0,0.7269677519798279,infraestructura
los candelabros de la época de porfirio díaz,5,3.0,0.37645748257637024,infraestructura
pues ya lo hubiera dejado en 5pesos,1,3.0,0.4465287923812866,infraestructura
se ve más económico,3,3.0,0.41741445660591125,infraestructura
que oso pero dudo que la gente que pueda pagar un boleto para el mundial se traslade en metro me da risa,1,3.0,0.38487857580184937,infraestructura
cuando realizarán algo bien,3,1.0,0.3411087393760681,infraestructura
gastan en puras tonterías y lo que deben hacer no lo hacen gobierno de 4ta,1,1.0,0.7623631954193115,infraestructura
apoco si creían que morena iba a hacer obras de calidad ya maduren,3,1.0,0.2655527591705322,infraestructura
dicen los gobernantes que para el próximo mundial sin falta,5,3.0,0.28093287348747253,infraestructura
esto es una locura de corrupción clara brugada ciudad de méxico,1,1.0,0.7596916556358337,infraestructura
15 días tienen,1,3.0,0.41867223381996155,infraestructura
lo vi en,4,3.0,0.2567394971847534,infraestructura
que caray no duró ni para el mundial,1,2.0,0.5083986520767212,infraestructura
la cosa es que van a entregar y así lo van a dejar para el siguiente,1,3.0,0.37819933891296387,infraestructura
recuerden mis palabras después del mundial no van a funcionar regularmente,1,2.0,0.49063640832901,infraestructura
es una vergüenza,1,1.0,0.8766021132469177,infraestructura
remodelacion a medias igual que en las calles de la cdmx,4,2.0,0.267591267824173,infraestructura
también colocaron cascadas artificiales instalaciones de primer nivel,5,2.0,0.3404078185558319,infraestructura
en auditorio apenas la van a terminar y quedó mejor que bellas artes,5,3.0,0.3238781690597534,infraestructura
como dice la señora solo va a ser por el mundial después hasta van a cobrar,1,1.0,0.4764344394207001,infraestructura
así es ocapa brukk,5,3.0,0.2991713285446167,infraestructura
alch q bueno que no quede,3,1.0,0.2649277150630951,infraestructura
la primera marcha en la que se les ocurra voltear a ver los candiles lámparas o vitrales y ya era el metro se debe planear para lo que es mover masivamente a gente de manera segura y eficiente esto no abona a esa misión,2,3.0,0.36977869272232056,infraestructura
ya después los quitan me da risa,1,3.0,0.4462490677833557,infraestructura
nada les embona,1,4.0,0.5284661054611206,infraestructura
había ofertas en galerías el triunfo,5,3.0,0.26264169812202454,infraestructura
2 semanas,2,3.0,0.39204975962638855,infraestructura
maquillaje del bienestar,4,2.0,0.3538908064365387,infraestructura
me da risa gobierno ridículo que el mundo se entere como nos tienen,1,1.0,0.6613927483558655,infraestructura
que elegancia la de juuuuuaaaatttt,5,3.0,0.3748049736022949,infraestructura
lo q no sabes es q esas goteras son parte de los adornos,5,3.0,0.4803317189216614,infraestructura
nmmn hasta ahorita se dan cuenta si desde que empezaron ya se sabía que no iban a terminar,1,3.0,0.34890371561050415,infraestructura
falto pintura morada,1,3.0,0.44670233130455017,infraestructura
jajajajajaajajaa es neta que pusieron eso en el metro no mms,1,3.0,0.4441869258880615,infraestructura
esta quedando con madre la escenografía,3,4.0,0.3146202266216278,infraestructura
a que partido te vendiste cuánto te pagaron,1,3.0,0.5712699294090271,infraestructura
yo ayer en la estación hidalgo esperando el metro viendo como goteaba el techo,1,3.0,0.2955320179462433,infraestructura
y las calles y carreteras como para cuando,5,2.0,0.44117966294288635,infraestructura
me recuerda aquel conocido refrán candil de la calle oscuridad de la casa,5,3.0,0.43027618527412415,infraestructura
renuncia clara brugada,1,1.0,0.362697958946228,infraestructura
la primera señora tiene toda la razón,5,3.0,0.6164737343788147,infraestructura
el metro es subterráneo y está en medio de un túnel de bajo de la tierra y todas las líneas del metro son así,5,3.0,0.3518194854259491,infraestructura
jajjajajaj,4,3.0,0.2967945337295532,infraestructura
me da risa,3,3.0,0.2388707399368286,infraestructura
no sé porque permitimos estos desfalcos innecesarios cuando en el país hay otras prioridades entonces si hay presupuesto pero el gobierno de no lo suelta porque le vale madres el país y su gente,1,1.0,0.5843589305877686,infraestructura
que t valgaa,1,1.0,0.27055609226226807,infraestructura
solo por el mundial,2,2.0,0.29133814573287964,infraestructura
de hecho pense que era el unico que se dio cuenta del tema me da risa,2,3.0,0.30453070998191833,infraestructura
no gracias,1,1.0,0.6183725595474243,infraestructura
cómo si con pintura y loseta nueva fueran a avanzar más rápido los trenes,3,2.0,0.2869558036327362,infraestructura
eh ey ey porque no hay un ajolote ahí y por qué no está pintado de morado,2,3.0,0.3374078869819641,infraestructura
ningún chile les embona que si está en reparación que si esto que si el otro que por qué mejor no lo cierran que por qué lo cierran sabes realmente que el metro jamás puede parar su servicio ya que es el trasporte de millones de personas y el darle un mantenimiento muy profundo requiere de mucho tiempo ahora el metro está fuera de servicio desde las 0 00 hasta las 05 00 am en 5 horas diarias es imposible dar mtt muy profundo,1,4.0,0.5833473801612854,infraestructura
y las coladeras trampa para cuando,2,2.0,0.3901142477989197,infraestructura
y no sería mejor que den mantenimiento o modernicen los semáforos de la ciudad,3,2.0,0.3877527415752411,infraestructura
que metro es,5,3.0,0.24592973291873932,infraestructura
no me gusta nada les embona,1,4.0,0.5624455213546753,infraestructura
dejaron las fuentes modernas,2,3.0,0.2739112079143524,infraestructura
la primera señora tiene toda la razón,5,3.0,0.6164736747741699,infraestructura
y justificaron millones de pesos gastados me da risa,1,2.0,0.6638609170913696,infraestructura
gobierno,5,3.0,0.3380008637905121,infraestructura
yujuuuu para los choferesde app me da risa,3,,0.2525913119316101,infraestructura
saldrán con la excusa de q era una remodelacion muy aparte del mundial,1,,0.3231891393661499,infraestructura
puro gasto inútil,1,,0.841433048248291,infraestructura
un nuevo crusing,5,,0.4476308822631836,infraestructura
cuando estaba lloviendo yo una vez me iba a caer a las vías por que me resbalé por evitar esas tablas,1,,0.494186133146286,infraestructura
nada nos parece,1,,0.5874361395835876,infraestructura
como no siempre se necesita los baños públicos,5,,0.5080257058143616,infraestructura
nada les embona,1,,0.5284661054611206,infraestructura
el metro necesita mantenimiento no lámparitas bonitas,2,,0.3571564853191376,infraestructura
ese gasto es inesesario porque después de unos meses no le van a dar mantenimiento y aparte eso requiere de sanitización,1,,0.5348722338676453,infraestructura
mejor que recojan realmente la basura que hay en las calles,5,,0.7500997185707092,infraestructura
te imaginas cuanto supuestamente gastarían en arreglar nadamas una parte así v dirían q ocupan unos cuantos billones y aún así haber si queda v pq es difícil yo digo pero aún así v en una de esas por la humedad pierde sus propiedades para cargar tanto peso para el q fue diseñado y sacas q se caiga mms,2,,0.44986492395401,infraestructura
que elegancia la de francia y las goteras pa,5,,0.5331300497055054,infraestructura
mejor q arreglen los elevadores y las escaleras eléctricas del metro y metrobus,5,2.0,0.5850688815116882,infraestructura
ni hay agua,1,,0.415926992893219,infraestructura
hasta eso les van a quitar a los comerciantes,1,,0.25638288259506226,infraestructura
sí se quejan cuando el metro cerró para la remodelación visual ahora si tuvieran que reparar todo desde cero imagínense estuvieran peor,2,,0.3832619786262512,infraestructura
no nada más por el mundial todos esos sanitarios los deberían de poner en cada transborde de las líneas del metro de la cdmx,5,,0.26421666145324707,infraestructura
ojalá las personas que viven en las calles no se adueñen de los baños y las conviertan en su hogar,2,,0.41981562972068787,infraestructura
porque no ponen botes de basura en toda la ciudad y arreglen todos los el pavimento y tuberías de agua,5,3.0,0.5199156999588013,infraestructura
estan como cuando se les esta botando la pintura porque tienen humedad en las paredes y dicen que poniendoles sellador y una pintadita queda bien,3,,0.35320764780044556,infraestructura
muchas gracias por tu reporte joaquin,5,,0.6504011154174805,infraestructura
la apuesta es que no llueva en el mundial,1,,0.35179293155670166,infraestructura
las estupideces de los gobiernos de morena no tienen límites,1,,0.4599703550338745,infraestructura
esos sanitarios se saldrán de control estará apestosos,3,,0.23171941936016083,infraestructura
gobernado por morena,5,,0.3180829584598541,infraestructura
3 mil millones de pesos costaron seguramente y se embolsaron más de la mitad y van a costar más de 30 pesos el acceso,1,,0.7772337794303894,infraestructura
este gobierno pura estupidez,1,,0.9218478202819824,infraestructura
es una cascada muy top muy fina para que cualquiera le vea el potencial muy como en dubai,5,,0.7719609141349792,infraestructura
se pasaron yo me imaginaba más moderno el metro que iba a quedar pero no así,2,,0.4427487850189209,infraestructura
puras apariencias,5,,0.48845580220222473,infraestructura
mejor inviertanle más al metro porque siento que cada vez está peor,2,,0.3566834628582001,infraestructura
y las escuelas y hospitales para cuando,4,,0.38007479906082153,infraestructura
me da risa,3,,0.2388707399368286,infraestructura
n necesito q vayas,1,,0.34465473890304565,infraestructura
línea 1 tiene puros plafones oxidados por humedad rubalcaba también nosotros maltratamos las estaciones con humedad,1,,0.5318267941474915,infraestructura
y si mejor arreglan los hospitales ponen mas camas por que nunca hay dan medicamentos e insumos,3,2.0,0.3359987437725067,infraestructura
dios ya quitales el poder,5,,0.42253488302230835,infraestructura
no lo entiendes es el toque de humildad que todo burgués necesita,1,,0.5227556228637695,infraestructura
shhhaaale,3,,0.25193077325820923,infraestructura
gobierno ignorante mejor que arreglen las goteras,1,,0.6778708100318909,infraestructura
si estuvo bn siempre me ando cagando en los baños,1,,0.444269597530365,infraestructura
y los hospitales hasta sin reactivos para hacer un laboratorio de gabinete básico,4,,0.2657214403152466,infraestructura
que burla como todo en este gobierno,5,,0.3728274405002594,infraestructura
la gente dice no me gustan prefiero cagar en una bolsa,1,,0.6019907593727112,infraestructura
es la gealidad dul tegceg monde muy bueno la decoración y el servicio de calidad para cuando,5,,0.5063222646713257,infraestructura
me da risa es para sentir q estas en venecia entre lujos y agua,5,,0.37859779596328735,infraestructura
siento que no lo van a terminar y van a usar el pretexto de que en realidad las reparaciones no eran para el mundial sino para el pueblo bueno,1,,0.44486865401268005,infraestructura
para puro turista y los ricos,5,,0.4382373094558716,infraestructura
cómo si valiera la pena,5,,0.5057520270347595,infraestructura
están buenos para el cruising,4,4.0,0.4939972758293152,infraestructura
si lo terminan pero quedarán muchos detalles,3,,0.5501927733421326,infraestructura
no me reuso a usar algo que dejo el malvado don porfirio sarcasmo perdoneme don profirio por cierto la lampara combina con la cinta aguas con la pared y las aguas en los techos,1,,0.5987210869789124,infraestructura
si el peor gobierno bola de corruptos miserables,1,,0.7989685535430908,infraestructura
se hizo rápido la remodelación nunca dijimos que bien,5,,0.34231001138687134,infraestructura
eso es normal son filtraciones de agua por que es subsuelo,3,,0.4225030243396759,infraestructura
clara y si mejor arreglas los baches y pones mayor seguridad es lobque necesitamos,4,,0.36019042134284973,infraestructura
y las cascadas y goteras para cuando,1,,0.2347750961780548,infraestructura
mejor la ajolotera esa que vea los baches caray,3,,0.32224875688552856,infraestructura
y la línea a cuando ah no que a iztapalacra no vienen turistas,1,,0.29086869955062866,infraestructura
y si mejor nos ponen más seguridad,3,,0.3859967291355133,infraestructura
toma taxi,5,,0.3240523040294647,infraestructura
al rato va a estar abandonado sucio y con basura,1,,0.7902480363845825,infraestructura
mejor no hagan nada,5,,0.4237683415412903,infraestructura
y si mejor lo cancelan,1,2.0,0.3420746922492981,infraestructura
pasara lo que con los bebederos en los metros solo el gasto y ya,1,,0.37505656480789185,infraestructura
las fugas pa cuando,2,,0.2930856943130493,infraestructura
lo peor cuando pase el mundial lo van a dejar así los creo muy capaces,5,,0.3683065176010132,infraestructura
inviertan o no siguen jodiendo todo les molesta que horror,1,,0.4172230064868927,infraestructura
no al mundial por el ebola,1,,0.595486044883728,infraestructura
cuantos millones costarían esos candelabros de temu,1,,0.4565659165382385,infraestructura
no alcanzo el presupuesto para hacerlo bien,2,,0.417111337184906,infraestructura
siguen las simulaciones hicieron como que remodelaron y a la primera de las lluvias ven lo obvio lo mal hecho,4,,0.3064917027950287,infraestructura
es para que sientas que vas caminando con luz de los candelabros bajo la lluvia al puro estilo europeo,5,,0.2875385880470276,infraestructura
son cascadas para dar el toque de la francia de los grandes jardines con fuentes,4,,0.4333241581916809,infraestructura
pero si ya existe reforma 22,3,2.0,0.4031529724597931,infraestructura
al chile que bueno,5,,0.39615166187286377,infraestructura
hay prioridades quedar bien en el mundial,3,,0.4224151372909546,infraestructura
creo que en portales van poner como tipo pista de baile,3,,0.2911956310272217,infraestructura
esas madres ni van a durar 6 meses,1,,0.5040287375450134,infraestructura
neta hay cosas más necesarias,4,,0.3616217374801636,infraestructura
esas goteras tienen tanto tiempo qué ya daño el cemento del piso se nota en la huella,1,,0.49736228585243225,infraestructura
me recuerda a las mamás no todas cuando va a llegar una visita limpian toodo a fondo la mejor vajilla los manteles mas lindos copas etc pero cuando no hay visitas usan la vajilla ya despostillada los vasos desiguales los manteles viejitos etc algo asi esta pasando pero a gran escala,3,,0.39610859751701355,infraestructura
puro gasto infructuoso pero bueno como no es su dinero,1,,0.49092045426368713,infraestructura
y las inundaciones fuera del metro ni se diga,1,,0.46332404017448425,infraestructura
ví un meme de esos candelabros y pensé que era una broma y no si pusieron,1,,0.5927731990814209,infraestructura
ya quiero ver el costo al que se los vendieron a brugada,1,,0.31395646929740906,infraestructura
por qué quieren aparentar lo que no es,3,,0.2525532841682434,infraestructura
las prioridades del metro están igual a mi economía,5,,0.3773462474346161,infraestructura
puesi q ganan con gastar dinero en eso con quién quieren quedar bien y eso es poco por loq hayq hacer por los metros hospitales parques me da risa,1,,0.37379056215286255,infraestructura
el auditorio ayer todo parecía la esperanza pero sin luz no mmn,1,,0.3458012342453003,infraestructura
no words,1,,0.5766539573669434,infraestructura
les digo que este gobierno es una,5,,0.29304054379463196,infraestructura
como el mismo gobierno se roba la luz,1,,0.5338245630264282,infraestructura
15 días y ya hicieron su mmda te apuesto que ni lo van a terminar y lo van a dejar a medias,1,,0.639828085899353,infraestructura
yo solo juzgamos y juzgamos como si fuwramos perfectos avwces si hay gente que cae mal se creen perfectos,5,,0.4519897997379303,infraestructura
cómo no un parchecito por aquí otro parchecito por allá y nadie ve los daños sarcasmo,1,,0.47654038667678833,infraestructura
uffas nuevos lienzos,5,,0.3650020360946655,infraestructura
me da risa no mms,1,,0.4700583517551422,infraestructura
es para darle el estilo vintage,4,,0.40141594409942627,infraestructura
no no no solo ve los candelabros,1,,0.3954380750656128,infraestructura
parece zona de guerra,3,,0.31297680735588074,infraestructura
lo peor esq las paredes de mármol las pusieron por encima de la pared de antes,1,,0.6669594645500183,infraestructura
un poco de pintura lila y queda como nuevo,3,,0.5334451198577881,infraestructura
y como pa que fue eso de los candelabros,5,,0.2541676461696625,infraestructura
normal diran que entre en calendabro y la pinta dirán que costo 9 5 millones de dólares para justificar no te espantes,3,,0.39243191480636597,infraestructura
debieron empezar desde el año pasado pero siempre procastinan,2,,0.35076606273651123,infraestructura
pues yo una ves me cague para mí está bien,3,,0.40315645933151245,infraestructura
la desventaja que el gobierno liberó los recursos a finales de marzo 2026,1,,0.47964322566986084,infraestructura
no roban la energía ya está la instalación de cfe solo faltan los medidores eso pasa hasta en las casas no lo instalan de inmediato,1,,0.6699547171592712,infraestructura
mejor deberían de ocupar ese presupuesto k gastaron en otras cosas k hacen falta para los k aqui vivimos,1,,0.4522886872291565,infraestructura
están construyendo baños para el mundial pero no arreglan los baches o las fugas de agua de hay en la cuidad,2,2.0,0.44536077976226807,infraestructura
me da risa si donde quiera hay goteras y eso que aún no llueve en serio,2,,0.35794004797935486,infraestructura
uno que otro usuario del metro,1,,0.2508293688297272,infraestructura
para eso si ahí lana no pero para que aya agua y pavimenten para eso no ahí que poca tienen,3,,0.42819279432296753,infraestructura
para que no los abran como los elevadores en puentes y metro,2,,0.3783457577228546,infraestructura
exacto es lo que digo ese dinero que se gastaron millones de pesos en remodelaciones piteras que no eran necesarias y las vías los trenes las instalaciones eléctricas las goteras la humedad lo que sí es necesario,1,,0.34870418906211853,infraestructura
no son goteras es una fuente natural,5,,0.27442920207977295,infraestructura
está presidenta creo que estamos en el siglo 16 ya que siempre le echa la culpa a los opositores me da risa me da risa,1,,0.3114211857318878,infraestructura
peña nieto se te extraña,1,,0.36439478397369385,infraestructura
sin mantenimiento estarán en cuanto acabe el mundial,1,2.0,0.5604091882705688,infraestructura
todo lo que gastan deberían de aumentar las pensiones de los s trabajadores del imss ni al mínimo llega,1,,0.5591246485710144,infraestructura
cdmx es bien random,4,,0.3368823826313019,infraestructura
no entendien que entre mas gente vengas mas gente deja su dinero aquí en mexico,1,,0.7430375218391418,infraestructura
restos del prian,4,,0.24213074147701263,infraestructura
en tres meses va estar alguien afuera de cada baño vendiendo dulces y cobrando 7,1,,0.6726926565170288,infraestructura
la gente ni lo va saber usar,1,,0.3615075945854187,infraestructura
ningún chile les embona,1,,0.5086955428123474,infraestructura
seguro gastaron más de 5 millones por sanitario,1,,0.5253443121910095,infraestructura
nmmn llueve mas adentro que afuera,2,,0.30726951360702515,infraestructura
jajajjajaj,4,,0.2937988340854645,infraestructura
mañana lo pintan de morado,1,,0.44324639439582825,infraestructura
me imagino que habrá mucha gente de limpieza para todo lo que piensan poner,3,,0.3537423312664032,infraestructura
salgo del metro puebla y no esta puebla dia 8 pidiendo este,1,,0.8017529249191284,infraestructura
un mega desmadre,1,,0.6157897114753723,infraestructura
creo que no se puede impermeabilizar la calle o si alguien puede decir que se puede hacer con su infinita inteligencia,1,,0.3533017039299011,infraestructura
como que hacen eso para molestar a ciudadanos,5,,0.47492703795433044,infraestructura
de q hay personas q nada les va,1,,0.5736422538757324,infraestructura
ahí uno en revolución,5,,0.3727051615715027,infraestructura
deberian llamarle estacion fuentes brotantes,1,,0.566386878490448,infraestructura
yo le doy 1 mes que van a durar,1,,0.2819339334964752,infraestructura
todos con teléfono iphone en paguitos y recargas de 100,5,,0.3682927191257477,infraestructura
yo no sé para madres arreglaron tantas estaciones y solo en lo visual xq lo verdadero importante q son las grietas como estás o los trenes,2,,0.31608760356903076,infraestructura
eso es lo que deberían de arreglar las filtraciones de agua entre otras cosas,3,,0.33015790581703186,infraestructura
a mi si me sirve si me ando cagando es entrandole jejeje,1,,0.33626553416252136,infraestructura
hecho en méxico,5,,0.3533383905887604,infraestructura
es decoración para el día de muertos pues que no están chig y chig que con tiempo se hace todo jjj,4,,0.33595165610313416,infraestructura
se van a meter a dormir ahí los que viven en la calle por ahí,1,,0.2812567949295044,infraestructura
y el ébola ama centros de contagio seguro,5,,0.38442152738571167,infraestructura
nada les parece los baños públicos son útiles en todos lados a mí me ha pasado que tengo la urgencia de hacer mis necesidades como todo el mundo y no hay ni dónde ya ahí anda uno buscando una gasolinera o algún lugar en donde se pueda hacer sus necesidades y no hay ninguno,2,,0.37129366397857666,infraestructura
oooh todo quieren me da risa,5,,0.46139633655548096,infraestructura
muy bien lo que dijo la señora,5,,0.6225114464759827,infraestructura
qpkm tiene el gobierno habiendo tantas pinches necesidades en el país y gastan en esto,1,,0.37015992403030396,infraestructura
por que no arreglan las avenidas principales no que hay un buen de baches y la delincuencia cada dia esta peor,2,,0.49038487672805786,infraestructura
señores no han visto la regadera que puso para lavar los trenes,1,,0.35061052441596985,infraestructura
creo que el transporte demanda solución real en otros temas,3,,0.34130823612213135,infraestructura
el claro ejemplo de que ningun chile les embona,5,,0.38286834955215454,infraestructura
me da risa,3,,0.23887068033218384,infraestructura
y si en los centros de salud nos dan sillas dignas para trabajar y material,4,,0.37585508823394775,infraestructura
que ve vea 191,1,2.0,0.3306471109390259,infraestructura
pensé que lo de los candelabros era broma,1,,0.33815664052963257,infraestructura
exacto todas las estaciones están en muy malas condiciones esto son solo parches sus candelabros puro desperdicio de dinero,1,,0.8266209959983826,infraestructura
desde que pasas los torniquetes,5,,0.4233526289463043,infraestructura
el metro y la cuidad necesitan mantenimiento preventivo y correctivo no solo pintura el país necesita educación y todos necesitamos más cultura tamos bien mal todos y todo,1,,0.34484758973121643,infraestructura
lo primero era arreglar los problemas que tenia tuvieron 4 años para hacerlo,4,,0.29602494835853577,infraestructura
tranquila ahorita lo pintan de morado y le ponen un ajolote,5,,0.519697368144989,infraestructura
telediariomx ya sabemos el destino de estos sanitarios públicos quedaran en el abandonó u operando en precarias e insalubres condiciones,1,,0.5510983467102051,infraestructura
tienen que aceptar que el problema no es solo el gobierno también la gente si el metro lo hubieran arreglado antes ya estaría todo pintado y maltratado,1,,0.4889366626739502,infraestructura
composturas del bienestar,5,,0.3786185681819916,infraestructura
claudia sheinbaum pardo partido morena,1,,0.24059030413627625,infraestructura
y si mejor le dan el presupuesto a las escuelas y hospitales,3,,0.36784762144088745,infraestructura
que bueno xq luego uno se handa c g nd y no hay dond tirarse el key,1,,0.303375244140625,infraestructura
dinero desperdiciado,1,1.0,0.7770516276359558,infraestructura
pues que bueno porque mi trabajo es en campo y luego no encuentro baños,3,,0.30550438165664673,infraestructura
o su restauración del metro auditorio y el resto de la línea horrorosa,1,,0.5835074186325073,infraestructura
una prueba mas de que es una porquería este gobierno,1,,0.4567360579967499,infraestructura
para que después huela horrible,1,2.0,0.5887793898582458,infraestructura
alch que bueno,5,,0.31744223833084106,infraestructura
que hartazgo con este gobierno,5,,0.43103426694869995,infraestructura
ya lo sabíamos wey ntp,5,,0.2411477416753769,infraestructura
es parte del arte y el surrealismo que tiene está obra,5,,0.3953859806060791,infraestructura
el aicm está igual no van a terminar,1,,0.4451219439506531,infraestructura
aquí aplica la de barrieron nomas por donde pasa la suegra jajajajjajaja,3,,0.27578940987586975,infraestructura
ay sí y en unos meses va costar me da risa,1,,0.45140722393989563,infraestructura
entonces si es muy parecido al titanic,3,,0.365220844745636,infraestructura
camara contraten más especialistas en los hospitales,5,,0.33905062079429626,infraestructura
ya me imagino esos baños cerrados como los baños del metro bus teniendo que buscar a algún policía para que te pueda abrir,1,,0.49220010638237,infraestructura
lo remodelo bis chungus,1,,0.22947469353675842,infraestructura
no sé no me convence es un estilo moderno clasico futurista mexicano ajolotes minimalista,2,,0.4235090911388397,infraestructura
son fuentes hermosa es parte del estilo antiguo,5,,0.6440736055374146,infraestructura
ay que si ya te escuchamos,3,,0.27108094096183777,infraestructura
la gente nada les gusta y todo critican,1,,0.7843854427337646,infraestructura
y pensar que para estas cosas me voy a dar de alta en el sat que coraje,5,,0.33448243141174316,infraestructura
lo que van a durar,5,,0.4590543806552887,infraestructura
sus candelabros de temu y su papel tapiz hoy en día por eso todos tenemos mármol en las paredes por qué nos cuesta 60 pesos el metro y viene en rollo de 10 metros lo malo que en el recibo van a poner candelabros forjados en italia y mármol traído de la minas de no sé total 500 millones,1,,0.48288750648498535,infraestructura
es un gasto innecesario para la capital apuesto que pasa el mundial y los van a cerrar y jamás van a estar en funcionamiento,1,1.0,0.8365568518638611,infraestructura
si we pero hay cosas más importantes que pintar metros para el mundial si no estuvieran arreglando también se quejarían jajajaj,3,,0.43260493874549866,infraestructura
apenas le tocó a mi niño en pediatría y no había camas solo casos graves les asignaron los demás en sillas estaban canalizados en batita cansados de madrugada que difícil situación del país deberían invertir esos temas ya que todos los mexicanos aportamos para eso,1,,0.48701876401901245,infraestructura
solo si te fijas michojajajajaja,3,,0.2895587682723999,infraestructura
si los baños del metro siempre están cerrados,2,,0.3389984369277954,infraestructura
o es una o es otra cosa para las dos no alcanza,1,,0.4046303927898407,infraestructura
es la transformación de 4ta,5,,0.4491209387779236,infraestructura
jajajajajajq no mmen,3,,0.2686223089694977,infraestructura
y se sigue parando el metro a veces v,2,,0.32725223898887634,infraestructura
muchas falta de mantenimiento para que los candelabros,2,,0.4752751886844635,infraestructura
sin palabras,1,,0.35761386156082153,infraestructura
y cuánto costó la suavicrema ósea el monumento a la corrupción y para que sirve,1,,0.3710103929042816,infraestructura
y de hecho si llega a ganar en el siguiente pri o pan estará igual no cambiará nada eso es un hecho el metro está igual de siempre entonces cuál es la sorpresa aúna si todos mienten más bien ustedes que creen,1,,0.26989874243736267,infraestructura
que absurdo,1,,0.7436386942863464,infraestructura
y si mejor empieza por los baches que hay en toda la ciudad y las calles tan en mal estado,2,,0.4584638178348541,infraestructura
termina mal,1,,0.6914898753166199,infraestructura
yo no entiendo por qué subes esto es obvio que lo van a arreglar ni modo que se quede así,1,,0.3347691595554352,infraestructura
es que a presión sale todo mejor,3,,0.45139971375465393,infraestructura
por años mme y mme que pusieran baños públicos y ahora que los ponen siguen mmdo,1,,0.351563960313797,infraestructura
se pasan todo horrible,1,,0.8887183666229248,infraestructura
él hazme reír para el mundo entero,5,,0.507637083530426,infraestructura
me da risa la tubería el reloj y el letrero entre otros me da risa,1,,0.48087558150291443,infraestructura
es que es como el titanic ya se está hundiendo,1,,0.28910699486732483,infraestructura
estuvo súper bien me agrada la idea,4,,0.46783649921417236,infraestructura
en eso gastan los impuestos,1,,0.39307427406311035,infraestructura
es parte bro es una mezcla de arte antiguo con arte moderno aestetic,4,,0.29802626371383667,infraestructura
lo malo es q la gente no cuida las cosas,1,,0.6065686345100403,infraestructura
pero ya esa estación es te etiqueta,3,,0.31394773721694946,infraestructura
muchos faroles y candelabros y las goteras que,2,,0.34277719259262085,infraestructura
ptm nada pueden hacer bien la 4t,1,,0.6196044087409973,infraestructura
el que busca que hacer siempre va a encontrar y sobre todo cuando se descuido el metro pero con el cuidado que le demos estaremos más que satisfechos,4,,0.4564874470233917,infraestructura
que buena observación entonces que cierre el metro el tiempo necesario para que arreglen todo y los usuarios empiecen a pagar sus taxis,4,,0.24353070557117462,infraestructura
exacto y lo que deberían de arreglar no lo arreglan,5,,0.3449088931083679,infraestructura
así decíamos del azteca,5,,0.2910076975822449,infraestructura
pena ajena este gobierno en verdad,5,,0.47864827513694763,infraestructura
mejor pongan botes de basura,1,,0.4522020220756531,infraestructura
no puede ser que terrible un metro con 70 años le encontraron humedad devuelvan todo a como estaba,1,,0.579033613204956,infraestructura
y los medicamentos en insumos en los hospitales para cuando,4,2.0,0.26312166452407837,infraestructura
súper bien por que se ocupan luego te andan multando por orinar pero tampoco no hay baños cercanos,4,,0.4445731043815613,infraestructura
eso tiene años nadie ha hecho nada para reparar las filtraciones,1,,0.495949923992157,infraestructura
méxico no está preparado para ese tipo de infraestructura,1,,0.5359805226325989,infraestructura
no bro es que ahora estamos hablando de fútbol,1,,0.4154333770275116,infraestructura
es que la gente por que no entiende que es mas importante que se vea bonito a que funcione bien,3,,0.4898815453052521,infraestructura
cómo me imagino que paso x señor hay filtraciones y goteras no cree que es mejor arreglar eso x no quiero que pongas mis candelabros que tenga esas vibes de la realeza,1,,0.35471445322036743,infraestructura
las calles con pinches coladeras destapadas baches y hoyos por,1,,0.5141916275024414,infraestructura
lo que pasa es que amlo no estaba seguro de que ganaría las elecciones del 2024 y obvio no iba a hacer algo que otros gobiernos iba a terminar cuando gano claudia ahora si se pusieron a hacer las cosas se le llama mezquindad,1,,0.35035377740859985,infraestructura
no hay medicina en los hospitales pero esto es importante,3,,0.38631299138069153,infraestructura
se quejan pero no cuidan las cosas,2,,0.4604838788509369,infraestructura
si se hubiera remodelado hace un par de años ya lo hubieran destruido,2,,0.3684244751930237,infraestructura
me da risa es parte de la atracción,5,,0.387582927942276,infraestructura
arruinaron la línea azul,1,,0.7503493428230286,infraestructura
servirán para el crujin,4,,0.37033209204673767,infraestructura
así como los elevadores del metro metrobus inservibles que solo están arreglando por el mundial,1,,0.26689720153808594,infraestructura
lo que tú no entiendes es que son las famosísimas grutas del antiguo d f,3,,0.2805010676383972,infraestructura
wey que bueno que van a notar baños luego me ando cagando y no encuentro algo rápido,2,,0.36727121472358704,infraestructura
pues no creo que los que vengan a ver el mundial entren alos baños,1,,0.35089248418807983,infraestructura
yo esperando el metro jajajjaa la goteras me da risa,1,,0.3703869581222534,infraestructura
de los trenes ni hablamos,1,,0.5126720666885376,infraestructura
me da risa,3,,0.23887068033218384,infraestructura
cómo siempre obras de 4ta,5,,0.6550970077514648,infraestructura
no lo hicieron antes porque sabiendo como somos los mexicanos no iba a durar ni el año,1,,0.4308883547782898,infraestructura
awebo otro lugar para embarrar todo gracias méxico,5,,0.31191888451576233,infraestructura
los partidos de fútbol del mundial se van a jugar en los estadios no en el metro,3,,0.2799176573753357,infraestructura
los nuevos hoteles económicos,5,,0.4182662069797516,infraestructura
también gente quiere que le hagamos todo el pueblo también es el reflejo del gobierno,5,,0.521543025970459,infraestructura
todos esperando,5,,0.5302196741104126,infraestructura
con que presupuesto de mugre le van a dar mantenimiento electricidad de donde quien va a pagar eso todos van a baños publicos sin costo,1,,0.4921840727329254,infraestructura
fui a mi centro de salud zona amecameca y no hay medicamentos desde hace un mes pero qué tal esto,1,,0.38469117879867554,infraestructura
me da risa me encanta pura pantalla mundialista,5,,0.7920418381690979,infraestructura
van a ser todo menos baños me da risa,1,,0.4048291742801666,infraestructura
la línea uno trenes nuevos tren ligero nuevo trolebuses nuevos camiones nuevos el metro a un te cuesta 5 pesos y te quejas jijijiji,5,,0.2617957592010498,infraestructura
me da risa pues como siempre no más nos dan atole con el dedo y así varias estaciones con fugas de agua,5,,0.23420338332653046,infraestructura
no era necesario hacer tanto desmadre para 5 partidos moleros que va ver en el 86 en neza hubo 3 partidos del mundial y las calles aledaña al estadio no tenía ni pavimento solo la principal,1,,0.4964854419231415,infraestructura
pues no lo uses con tus 5 00 vete en uber,1,,0.49192771315574646,infraestructura
en lugar de baños alumbrado baches,1,,0.26466748118400574,infraestructura
y si mejor se cancela el mundial por el brote de el ébola méxico no está preparado para algo así y la presidenta lo está minimizando,2,,0.4214320778846741,infraestructura
ya hicieron el mega gasto cuiden las cosas,5,,0.5635837316513062,infraestructura
hay esos baños desde hace años en paris por ejemplo,5,,0.4146358370780945,infraestructura
eso no estaba en el presupuesto jijijijjii,1,,0.38619616627693176,infraestructura
yo creo que yá quieren subir el metro pará pagar esos lujos,5,,0.3979230523109436,infraestructura
hay presencia de humedad en esa área y es precisamente porque la cdmx se está hundiendo sé que no lo van a comprender lo más simple es decirles que eso no se va a ir,2,,0.4633261561393738,infraestructura
ni mundial debería de a ver así como está la situación de las enfermedades que se están propagando,2,,0.36088019609451294,infraestructura
que la gente los cuide,4,,0.40191948413848877,infraestructura
es que es parte de la decoración,3,,0.36303630471229553,infraestructura
a mi si me gustaría pero en puntos estratégicos donde no allá baños porque por ejemplo en el trole elevado haria falta y deberían de poner varias no sólo en donde será el mundial,3,,0.5489833950996399,infraestructura
dejemos que pongan todo lo que quieran pero cuando empiece el mundial a sabotear todo,1,,0.6254397034645081,infraestructura
9 años,5,,0.5177463889122009,infraestructura
todo nos molesta pero pues a las personas que circulan por ahí pues van a favorecer y lo del mantenimiento no se necesitaría si uno como persona lo ocupa de forma correcta esto no es culpa del gobierno,3,4.0,0.39579150080680847,infraestructura
mira nada mas así deverian de poner botes de basura x todos lados,1,,0.5430200695991516,infraestructura
lo bueno que ya le dieron mantenimiento,5,,0.5220919251441956,infraestructura
el problema no es el gobierno el problema es la gente,1,,0.5102329254150391,infraestructura
hayyy no,1,,0.508055567741394,infraestructura
clara brugada eso va ser un hotel seguridad es lo que necesitamos no ese hotel de paso,1,,0.29680392146110535,infraestructura
siempre buscando el pelo en la sopa,5,,0.4280890226364136,infraestructura
es pues la cuarta,5,,0.45545706152915955,infraestructura
la bronca no son los baños la bronca es que la gente no sabe cuidar y ps la verdad por eso no podemos tener cosas bonitas,2,,0.436773419380188,infraestructura
gasto innecesario,1,,0.662373960018158,infraestructura
pero qué tal acá por el estado de méxico en cada lluvia parece río,3,,0.3151401877403259,infraestructura
zona de crujin jsjs,3,,0.28204113245010376,infraestructura
menos de un año les doy,1,,0.4574315845966339,infraestructura
es parte de las fuentes de cibeles en el metro hidalgo no se saquen de onda,5,,0.3321458697319031,infraestructura
y las escaleras eléctricas ama,5,,0.3767143785953522,infraestructura
puras tonteras de este gobierno,1,,0.538652777671814,infraestructura
gobierno ridículo,1,,0.8403081297874451,infraestructura
todo muy bonito pero los trenes de la fregada me da risa muy bueno,4,,0.47070902585983276,infraestructura
para que nada más duren lo que va a durar el mundial y después se queden ahí abandonados,3,,0.21866968274116516,infraestructura
ni van a tener agua,1,,0.45206519961357117,infraestructura
y la remodelación que se hizo cuando peña nieto era presidente nadie las crítico por qué,5,,0.2481965273618698,infraestructura
no les preocupa,2,,0.5232846140861511,infraestructura
ya no te voy a contestar,1,,0.3796704411506653,infraestructura
70 de los trenes están descompuestos,1,,0.46404293179512024,infraestructura
claudia sheinbaum pardo no queremos mundial queremos nuestra salud,5,,0.33841651678085327,infraestructura
we es que es como si pusieran un mantel elegante sobre una mesa ya para aventarla,5,,0.33962658047676086,infraestructura
solamente arreglan por encimita cuando toda la estructura ya está a punto de colapsar,2,,0.42333635687828064,infraestructura
no les digo cada vez estamos peor,2,,0.42430374026298523,infraestructura
es solo para guardar las apariencias,3,,0.37824586033821106,infraestructura
pero dice clarita que no es por el mundial,3,,0.3397432267665863,infraestructura
cómo experta en la materia que sugiere usted ingeniera del tiktok,5,,0.5642998814582825,infraestructura
ojalá y los tengan limpios,5,,0.3370611071586609,infraestructura
para cuantos les gustan,4,,0.3790495991706848,infraestructura
si falta menos de una semana,2,,0.28665030002593994,infraestructura
podra ir hasta la mare en hora pico pero la decoración,3,,0.4844604432582855,infraestructura
mejor gastar el dinero en los hospitales en medicamentos,1,,0.46482884883880615,infraestructura
va a estar bn asqueroso,1,,0.4325162172317505,infraestructura
la palabra pandemia te dice algo,1,,0.38075581192970276,infraestructura
es de la antigüedad tenía que hacerce algo real,3,,0.27625608444213867,infraestructura
es serio creí eran memes,1,,0.37941259145736694,infraestructura
solo por el mundial no puede ser tierra dinero para que la fifa gane,1,,0.6342246532440186,infraestructura
pongan uno por mi casa ya que la pared de mi casa es miadero seguro cuando hay carnaval,5,,0.39175787568092346,infraestructura
porque nos tocó el gobierno más pen en serio,5,,0.3299027681350708,infraestructura
de verían gastar en los hospitales y baños del mismo lugar,1,,0.5791412591934204,infraestructura
también se gotean,1,,0.30326199531555176,infraestructura
usa uber mija,3,,0.23467211425304413,infraestructura
mejor que no haiga mundial no saben los riesgos de salud que puede ver más adelante nueva pandemia,5,,0.6385875940322876,infraestructura
y dejenlos,5,,0.43780508637428284,infraestructura
según yo antes de la remodelación no había goteras,5,,0.23487240076065063,infraestructura
sin comentarios señores esto es méxico,1,,0.3672465682029724,infraestructura
exacto las goteras l humedad las escaleras eléctricas que no sirven para eso hubieran usado el presupuesto no que puras cosas inservibles,3,,0.30952632427215576,infraestructura
tu votaste por lo actual,5,,0.24616344273090363,infraestructura
ahora resulta que ya todos son críticos y arquitectos,5,,0.2853545546531677,infraestructura
y luego,3,,0.23074594140052795,infraestructura
y para todos aquellos que defiende no es que nos quejemos de todosimplemente es darse cuenta de la realidady si no te gusta y te sientes feliz en tu carrodeberías prestar tu carro para que los demás lo usen,3,,0.2548520565032959,infraestructura
está bien luego no hay donde entrar al baño,3,,0.568212628364563,infraestructura
saben como va a terminar eso,5,,0.24714110791683197,infraestructura
mexico magico,5,,0.5707231163978577,infraestructura
no pues para que lo empiezan 8 días antes yo digo que en esos días salgamos más para que sepan nuestra situación real,2,,0.39202091097831726,infraestructura
ninngun chile les embona,1,,0.4004971385002136,infraestructura
bye bye moteles,5,,0.3877081573009491,infraestructura
te falto grabar a la gente,1,,0.3649151027202606,infraestructura
sin papel y sin agua para que,1,,0.533430814743042,infraestructura
mejor que inviertan en medicamentos búsqueda de desaparecidos seguridad y escuelas ya es un cinismo el del gobierno,1,,0.4309409260749817,infraestructura
eso es culpa de calderón,1,,0.4637688398361206,infraestructura
y dicen que nada nos envona,1,,0.5262018442153931,infraestructura
y el mantenimiento de los triste,4,,0.39467111229896545,infraestructura
creen que colocando una lámpara tipo farol en una pared ya es una remodelación me da risa,1,,0.37386807799339294,infraestructura
de todo se quejan como si el prian hubiese hecho algo de mantenimiento a las líneas del metro hasta lo que no comen les hace daño,2,,0.3856316804885864,infraestructura
pero solo arreglaron los ventiladores de la línea azul pero que hay de los ventiladores de las otras lineas bien gracias,3,,0.47253236174583435,infraestructura
lo van a desvalijar el primer día,1,,0.6145827770233154,infraestructura
mejor que den más material y medicamentos a los hospitales,5,,0.6031083464622498,infraestructura
si los gobiernos realmente hicieran buen uso de nuestros impuestos este sería un metro digno para el mundial y no esas ridículeses,1,,0.2129719853401184,infraestructura
a mi me dio mucha risa ver los candelabros de hidalgo me da risa,5,,0.2928566634654999,infraestructura
de verdad nada nada nada les embona,1,,0.6357141733169556,infraestructura
more y sus cosas,5,,0.3455665409564972,infraestructura
si no arreglan las calles los metros van a estar dando de limpieza los baños,2,,0.3863484263420105,infraestructura
que no lo vea el arqui,1,,0.4313041567802429,infraestructura
todo ese gasto debería haber servido para darle mantenimiento a las vías férreas del metro,1,,0.29721951484680176,infraestructura
si ridículo el gobierno el circo mejor pagado del mundo,5,,0.4270566999912262,infraestructura
hacen falta insumos médicos en los hospitales y solo por la visita de turistas están haciendo mejoras en la ciudad,2,,0.408377468585968,infraestructura
esas filtraciones es por el trafico diario de la ciudad lo único que hicieron fue remodelarlos acabados tu narrativa fuera de contexto,2,,0.31853458285331726,infraestructura
ustedes enserio creen que si lo hubieran arreglado antes aun estaría en buenas condiciones que no lo van a pintar pegarle cosas y de más la gente no sabe cuidar y respetar lo poquito o mucho que hacen ya hay puentes que grafitiaron y estaban recién pintados las paredes de los edificios los mismos anuncios y hasta las luminarias,1,,0.47359317541122437,infraestructura
solo tenían que pulir el mármol y arreglar las fisuras que entraban en las lluvias y lo más importante comprar nuevos trenes eso era todo,1,,0.4057299792766571,infraestructura
dicen que uno abandona el barrio pero el barrio jamás te abandona,1,,0.6538438200950623,infraestructura
no hay prioridades solo maquillando para que se vea bonito pero de fondo o no sirve o se está cayendo ejemplo mega farmacia tren maya aeropuerto y podemos seguirle,2,,0.3482735753059387,infraestructura
minihoteles para los visitantes,4,,0.4152829647064209,infraestructura
si no hay botes d ebasura saben cómo va a estar eso jajajajaa,1,,0.26983901858329773,infraestructura
es la brugadizacion de la cdmx,5,,0.36284783482551575,infraestructura
por 5 pesos para que te sientas como en tu casa,5,,0.38921454548835754,infraestructura
así es la vida le arreglas una cosa y se descompone otra,5,,0.3682561218738556,infraestructura
es impresionismo arte abstracto lo pintó un artista famoso y costo millones,5,,0.27452728152275085,infraestructura
no deverian estar cerca del estadio,1,,0.4439868628978729,infraestructura
lo importante será que va a pasar despues del mundial claudia sheinbaum pardo clara brugada,4,,0.2797614634037018,infraestructura
y nosotros que nos cargue la muy malo,1,,0.7894930839538574,infraestructura
a mí sí me gusta mucho,4,,0.4071999192237854,infraestructura
es q es una fuente,1,,0.27664464712142944,infraestructura
atentos grafiteros,5,,0.4572477638721466,infraestructura
cuando le calculan para que estén bandalizados y abandonados,1,,0.4361612796783447,infraestructura
mejor que pongan botes de basura por todo reforma,5,2.0,0.6337676644325256,infraestructura
sinlo hubieran hecho desde el principio para hoy no se vería bonito qué es lo que quieren aparentar no es para nosotros es para quedar bien con las visitas y vivo en esta zona,2,,0.40843114256858826,infraestructura
y afuera van a cobrar,1,,0.6313450932502747,infraestructura
pero deberían dejarlos para siempre y poner más en sonas específicas de barrió también,3,,0.42036962509155273,infraestructura
mejor que pongan camaras,5,,0.6731115579605103,infraestructura
que compren medicinas x qué luego no hay en el seguro ni para la presión,1,,0.33871930837631226,infraestructura
esos candelabros me recuerdan a casa de nuevo rico no importa nada más que los garigoles y lo dorado barato algo fuera de lugar y con mal gusto,2,,0.3106083869934082,infraestructura
mmm,3,,0.25124746561050415,infraestructura
me da risa con goteras y las calles se inundan difícil de creer,1,,0.4051193594932556,infraestructura
solo faltan que pongan uso exclusivo para turistas,3,,0.33406054973602295,infraestructura
y dice la presidenta que somos primer mundo me da risa,5,,0.33834338188171387,infraestructura
y no hay enseres en el ims,1,,0.25642701983451843,infraestructura
haré mis cruces de caca,5,,0.3381796181201935,infraestructura
nada les parece,1,,0.46308496594429016,infraestructura
y la pinturita morada,1,,0.2858761250972748,infraestructura
porque no empiezan a comprar medicamentos para la nueva pandemia que se va venir gracias a este mundial,1,,0.4652034342288971,infraestructura
exactamente que arregle mejor las calles banquetas drenajes ya que el gobierno tiene el poder y el dinero,5,,0.617470383644104,infraestructura
próximamente,3,,0.3179033100605011,infraestructura
cómo siempre este gobierno gastando en frivolidades,5,,0.6881821155548096,infraestructura
maría aguilera,5,,0.2605544328689575,infraestructura
nmmn arreglen el sistema de drenaje q se tapa bien feo me da risa,4,2.0,0.36326321959495544,infraestructura
cuánto iremos a pagar por sus caprichos todo está subiendo de precio,5,,0.36471793055534363,infraestructura
ni el reloj que es necesario existe,1,,0.44251149892807007,infraestructura
la gente no entiende que no entiende y aparte no cuidan nada,1,,0.7464993596076965,infraestructura
queremos mantenimiento no adornos,1,,0.46069684624671936,infraestructura
hay que saborearlos pintarlos etc,3,,0.24845096468925476,infraestructura
si no van a estar a tiempo ya de mínimo que las terminen,2,,0.3777228593826294,infraestructura
me avisan como quedan después del mundial,5,2.0,0.24216437339782715,infraestructura
en eso gastan los impuestos,1,,0.3930742144584656,infraestructura
no que ya esta,1,,0.38819506764411926,infraestructura
es un asco el govierno,1,,0.2708442211151123,infraestructura
déjanos con esos pequeños momentos de finura porfavor,1,,0.35884079337120056,infraestructura
mejor q tapen los baches,5,,0.6977327466011047,infraestructura
es como cuando me pedían recoger mi cuarto y aventaba toda la ropa al ropero para que no se viera tan mal,1,,0.36791205406188965,infraestructura
ya vi a los habitantes de calle durmiendo ahi,1,,0.31447574496269226,infraestructura
quién los habrá licitado cuánto van a costar,5,,0.3686928451061249,infraestructura
no se si llorar o reír,1,,0.32107457518577576,infraestructura
todo hace juego,5,,0.5098053216934204,infraestructura
gastaron en embellecer y no hay trenes,1,,0.5465685129165649,infraestructura
me da risa ese vídeo está bueno es pura estampa nada más,5,,0.28283703327178955,infraestructura
general anaya está muy lento en remodelación y es un caos porque hay que buscar la salida,2,,0.43986818194389343,infraestructura
excepto que no remodelaron solo redecoraron,1,,0.30562689900398254,infraestructura
bienvenida a la cuarta transformación,5,,0.44180744886398315,infraestructura
ay mi méxico todo a última hora y solo por encimita,5,,0.38474494218826294,infraestructura
ningún chile les embona,1,,0.5086955428123474,infraestructura
exacto,5,,0.5833423137664795,infraestructura
lo que urge son botes para basura,1,,0.5050663352012634,infraestructura
la 4t va,4,,0.24812491238117218,infraestructura
solo es para el mundial ya después o los quitan o ya no sirven,1,3.0,0.5969974994659424,infraestructura
esas filtraciónes ya son muy dificil,2,,0.4235076904296875,infraestructura
y esos baños si tendrán agua,1,,0.241952046751976,infraestructura
es que la prioridad era la elegancia de francia aunque se caiga el techo o llueva en las estaciones a la mejor más allá de eso su visión es que tenga un toque romántico con lluvia es bromis pero si deberían de arreglar lo más importante en vez de los candelabros,3,,0.4829972982406616,infraestructura
justo así esta en la linea 7 estación río san joaquín ya está muy pintado por dentro pero en el techo las goteras hay hasta cartones en el piso para que absorban el agua pero muy pintado todo y las escaleras eléctricas sin funcionar ver para creer,2,,0.42841464281082153,infraestructura
dónde donde para ir a ensuciarlo y no bajarle al baño,5,,0.2549527883529663,infraestructura
al intentar dar una buena impresión van hacer completamente lo contrario,1,,0.4781530499458313,infraestructura
remodelación estética solamente para controlar esas goteras imaginen el tipo de trabajo que tienen que hacer y esa zona es muy difícil de tratar ya que con temblores el hundimiento y el paso de el tiempo es normal que se hagan,2,,0.4384666979312897,infraestructura
en un vídeo anterior decían que nada nos embona y no es eso es el hecho de que hay cosas que son necesarias y no son atendidas es querer aparentar algo que no,1,,0.49029412865638733,infraestructura
volten a la comunidad estudiantil,5,,0.38650789856910706,infraestructura
justo puro arreglo estético pero vean todas las goteras que se hacen cuanto de cuarteados están las escaleras,3,,0.5784205198287964,infraestructura
ya se abrió una carpeta de investigación de que pasó ahí se necesitan pruebas v,1,,0.27466729283332825,infraestructura
yo creo que si pintan de morado las goteras se soluciona,3,,0.3904900848865509,infraestructura
que pongan de esos en ecatepec,5,,0.37620583176612854,infraestructura
porqué no arreglar los baches,1,,0.42811688780784607,infraestructura
cuantos miles de millones van a costar,1,,0.3439611792564392,infraestructura
trabajos al vapor no hay planeación porque rayos no se anticipación,3,,0.2942768931388855,infraestructura
que esperaban,5,,0.32160189747810364,infraestructura
si wey como si los equipos fueran a jugar en el metro,3,,0.3326432406902313,infraestructura
exactamente prioridad a lo realmente importante,5,,0.6469235420227051,infraestructura
para si hay presupuesto pero para tratamiento oncologico no wow,3,,0.4938908815383911,infraestructura
y ya los rayaron,1,,0.5136776566505432,infraestructura
no les arreglen nada la gente no sabe cuidar,1,,0.6843066811561584,infraestructura
a la gente nunca le das gusto,1,,0.4026325047016144,infraestructura
puras jaladas,5,,0.25968489050865173,infraestructura
baños que estarán cerrados después del mundial y en un año estarán inutilizables,1,2.0,0.6915673613548279,infraestructura
es lo q sucede cuando solo echan pintura para cubrir defectos es como querer tapar el sol con un dedo,3,,0.262710839509964,infraestructura
así quedó tacubaya,3,,0.3181990087032318,infraestructura
van a quedar bien cagados y bien tapados,4,,0.46024632453918457,infraestructura
claudia sheinbaum pardo,3,,0.22742126882076263,infraestructura
y ese backroom,5,,0.4874511957168579,infraestructura
pues el gobierno nunca actúa a tiempo no me sorprende que quisieran hacerlo 6 meses antes del mundial,1,,0.5900881886482239,infraestructura
qué bueno que todo eso se va a ver a nivel mundial,5,,0.38596659898757935,infraestructura
weeeeey está bien exactamente para eso para nesecidades de las personas y espero que si cobren aquí tiene que ver mucho la educación del hogar,3,,0.4526425898075104,infraestructura
y el estado vlv no mms,1,,0.4061727523803711,infraestructura
we juran que el gobierno debe de estar con cámara de vigilancia buscando el mínimo detalles de cualquier cosa para repararlo en segundos jajajajajaj,1,,0.515052080154419,infraestructura
ay que bueno porque yo siempre me ando haciendo popis y es bien difícil encontrar donde o quien te dejé entrar al fin alguien pensó en nosotros los cagones,3,,0.34379732608795166,infraestructura
a nosotros los viejos ya no nos gusta nada,1,,0.4898284375667572,infraestructura
estudie en inglaterra y déjame decirte que esa filtración no es nada comparado con las inundaciones de por allá,2,,0.375349223613739,infraestructura
el código de vestimenta,4,,0.30331164598464966,infraestructura
gobierno sonso,5,,0.31173476576805115,infraestructura
ese tono va acordé con mi stiker,5,,0.4571373760700226,infraestructura
y se va a venir todo abajo en la primer lluvia,1,,0.3420414626598358,infraestructura
metro wey,5,,0.2994873523712158,infraestructura
muy al estilo de de morena,5,,0.45007333159446716,infraestructura
jjj no mmm,1,,0.37126028537750244,infraestructura
en europa ya hay de esos si se pudo ocupar en otros factores pero a la larga si lo podremos aprovechar en paris y berlín hay y se limpian solos creo que sencillamente no sabemos cómo sirven pero si ayudan y no no son gratuitos,3,,0.4046401083469391,infraestructura
ni al caso esos candelabros en el metro son para una edificación colonial o algo donde reslmente luzcan de acuerdo a cierto tipo de arquitectura o edificacio pero en el metro,2,,0.4148673713207245,infraestructura
está de lujo,5,,0.4255852699279785,infraestructura
otra que nada le embona,1,,0.45599043369293213,infraestructura
mejor me río,5,,0.4287145435810089,infraestructura
me da risa chula imagen para los 3 turistas que vendrán,5,,0.2665984034538269,infraestructura
por fin,4,,0.26304930448532104,infraestructura
toodo el desmadr3 por solo 5 partidos de fut,1,,0.5947316884994507,infraestructura
pongan botes de basura que no ha en ningún lado mejor,1,,0.47794753313064575,infraestructura
o que la canción nada t envona,1,,0.47727134823799133,infraestructura
eso le da un toque vintage,3,,0.38461509346961975,infraestructura
está bien ambientado en los 1800 quien tenía buen drenaje,4,,0.465578556060791,infraestructura
el colmo,1,,0.3329375386238098,infraestructura
te informo el metro no es campo de fútbol porque tiene que estar listo,1,,0.4756505787372589,infraestructura
falta mantenimiento hay muchas goteras,2,,0.4090954661369324,infraestructura
hay que aceptar que no hay presupuesto para gotera y pintura lo ilogico de esta administración,1,,0.31990179419517517,infraestructura
tres días después todo pintado me da risa donde anda esos crack,1,,0.7624440789222717,infraestructura
ya nada nas da risa me da risa,1,,0.5723519921302795,infraestructura
exacto por apariencia,5,,0.4452225863933563,infraestructura
les falló un poquito la imagen querían dar el gatazo de una estación en moscú mejor hubieran intentado copiar una estación de new york para eso no hace falta presupuesto y pudieron haber presentado una estación estilo primerísimo mundo,2,,0.5384695529937744,infraestructura
se abrirá de inmediato una carpeta de investigación,4,,0.3215894103050232,infraestructura
es que no sabes son las cascadas que pondrán en próximo año,5,,0.31365451216697693,infraestructura
y luego en la esquina de la ciudadela ya vi el crujin me da risa,1,,0.44659504294395447,infraestructura
pasando el mundial los quitan sólo es para aparentar,2,,0.2774556577205658,infraestructura
gobierno de la ciudad de méxico,5,,0.39275380969047546,infraestructura
si no les gusta que no se suban,2,,0.4323279559612274,infraestructura
me da risa,3,,0.23887068033218384,infraestructura
buena idea pero estoy segura que estarán pésimos porque no tendrán mantenimiento,3,,0.3935103118419647,infraestructura
que esté listo en el momento que sea el mundial es un buen pretexto para arreglarlo y que bueno,4,,0.42046058177948,infraestructura
acá decimos te dan atole con el dedo,1,,0.455443799495697,infraestructura
que va a pasar después quien les va a dar mantenimiento,3,,0.2816605269908905,infraestructura
ah ca y las goteras son el plus o qué,5,,0.4985780715942383,infraestructura
ya van a estrenar casa las personas de la calle,5,,0.30437690019607544,infraestructura
deberían tapar baches si quieren quedar bien,2,,0.3066197335720062,infraestructura
los candelabros iluminan bien la goteras,4,,0.5066042542457581,infraestructura
que iglesia es,5,,0.26017895340919495,infraestructura
que pongan uno por mi casa porque la gente va a mear y cagar afuera de mi puerta,1,,0.4514094591140747,infraestructura
puro impuestos de los trabajadores q bárbaros pero en fin,1,,0.2544957399368286,infraestructura
baños públicos que cobran jjn,1,,0.25476691126823425,infraestructura
confirmo las goteras quedaron intactas,5,,0.3783680498600006,infraestructura
esos candelabros son lo mas inútiles de la vida,1,,0.8305730819702148,infraestructura
mmm a ver cuánto duran la verdad,5,,0.43998730182647705,infraestructura
que es estooooooo,1,,0.3196340501308441,infraestructura
y si mejor verifican la falta de agua en ao,3,,0.33841946721076965,infraestructura
no hay cámaras,1,,0.32300281524658203,infraestructura
los van a instalar pero no los van a poner en servicio,2,,0.33669599890708923,infraestructura
exacto el peor gobierno que he vivido,1,,0.9160664081573486,infraestructura
mejor que pongan botes de basura en todos lados hasta en el metro,5,,0.6081315279006958,infraestructura
no lo se luego andas por ahí con el topo atorado y sin cambio me entristece,1,,0.6405708193778992,infraestructura
ves que ya no alcanzo el presupuesto para eso era candelabros o techo y el inge lo dejo a la suerte agilas candelabros,1,,0.5093801617622375,infraestructura
ahorita méxico es como nosotros de chiquitos toda la media hora,5,,0.4396950602531433,infraestructura
justo vi en un video como pintaban de morado un edificio en ruinas que ya se estaba cayendo,1,,0.341916561126709,infraestructura
roma no se construyó en un día por algo se empieza para mí bellos los candelabros,1,,0.4518442749977112,infraestructura
de tanta gente ni se va a ver,1,,0.4012877643108368,infraestructura
esto es como pegar el retrovisor con cinta canela,1,,0.25898483395576477,infraestructura
debería también implementar contenedores grandes de basura para que la gente ya no sea tan cochina y ahí depositen su basura,1,,0.38559842109680176,infraestructura
nada les gusta al menos no se quedan el dinero como el prian,1,,0.7734017968177795,infraestructura
perfectos para hacer cruising,5,,0.7707751989364624,infraestructura
es denigrante como el gobierno trata el transporte público y eso que es el transporte público de la capital del país,1,,0.4762777090072632,infraestructura
eso es tapar el sol con un dedo,3,,0.27569687366485596,infraestructura
a la gente no la tienes contenta,2,,0.4709118604660034,infraestructura
me da risa y las calles todas madreadas,5,,0.2870500683784485,infraestructura
cuando meterán presupuesto para medicamentos en hospitales vlnv,2,,0.252473920583725,infraestructura
haber super geniocomo detienes esa humedad a esa profundidad y con agua encima,5,,0.7672148942947388,infraestructura
transformación de 4ta,5,,0.3786902129650116,infraestructura
cuanto van a cobrar por usarlos,5,,0.48962363600730896,infraestructura
es que le falto pintura morada,2,,0.36924663186073303,infraestructura
justo comenté en otro video que a ver si su estación fifi no se hundía con la primera lluvia como el titanic y siiiii,3,,0.27010565996170044,infraestructura
te odio cheinbaun,1,,0.5570677518844604,infraestructura
la neta si da vergüenza,2,,0.3255642354488373,infraestructura
y los baches pa cuando,3,,0.30794432759284973,infraestructura
quiero llorar pero tendré que actuar con mis derechos,1,,0.36809173226356506,infraestructura
no saben en qué pedote se metieron,1,,0.3083600103855133,infraestructura
que ponga letrinas o existen los baños públicos que les cobren 10 dólares,1,,0.5666442513465881,infraestructura
van a terminar vandalizados y por lo regular sin funcionamiento,1,,0.6747468709945679,infraestructura
si investigaras por que pasa eso y por que es casi imposible eliminar las goteras de los metros y digo metros por que pasa en todo el mundo,2,,0.30042093992233276,infraestructura
pintura morada ajokotes y listo,1,,0.34568870067596436,infraestructura
lástima que una vez que se acabe el mundial ni mantenimiento tendrán,1,2.0,0.5886020064353943,infraestructura
al chile que bueno,5,,0.39615151286125183,infraestructura
deberían mejor hacer más hospitales ya que están saturados,2,,0.4685106873512268,infraestructura
es para que haga contraste con la arquitectura,4,,0.3650139570236206,infraestructura
que mal,1,,0.4587790071964264,infraestructura
esas goteras son echas a igualmente para dar el estilo antiguo como si pasaras por un callejón en la lluvia,4,,0.278082937002182,infraestructura
dar mantenimiento a toda la ciudad de méxico pintar paredes escombrar los jardines limpiar puentes peatonales y vehículares plantar más árboles afuera de chapultepec donde muchos fueron cortados ahora que fui de visita todo abandonado ya pónganse las pilas,5,,0.3675948977470398,infraestructura
que decepción ojalá hicieran bien las cosas,2,,0.46374428272247314,infraestructura
viva morena,5,,0.37513378262519836,infraestructura
es sistema de humidificación,4,,0.3580304980278015,infraestructura
gastan en todo menos en lo que se necesita,2,,0.38651028275489807,infraestructura
cómo todo lo que hace la jefa de gobierno y la presidenta,5,,0.6977635622024536,infraestructura
en qatar 2022 faltaba 1 semana para el mundial y todavía no había 2 estadios listos,1,,0.4177533686161041,infraestructura
hay para que ponen eso sí van a cobrar cuál es el beneficio,3,,0.27659615874290466,infraestructura
para que vergas,3,,0.2759416699409485,infraestructura
no va durar ni 1 año porque lo van a ensuciar mucho por fuera y lo van a pintar y dudo que lo atiendan y le cambien el agua siempre,1,,0.5965152382850647,infraestructura
disfruten su voto,5,,0.36188653111457825,infraestructura
hay ora en un año ya no estarán,1,,0.4622579514980316,infraestructura
baños yo veo hoteles,3,2.0,0.2647062838077545,infraestructura
te se está empezando a meter el agua al titanic,1,,0.5109061598777771,infraestructura
las líneas son temáticas vi que auditorio parece un toks,3,,0.32472091913223267,infraestructura
somos bendecidos por tenene un medio transporte barato por 5 pesos ya ven los del estado pagan lo triple,1,,0.4751158356666565,infraestructura
nada les embona,1,,0.5284661650657654,infraestructura
y qué tal si te lo suben a 10 pesos,1,,0.304269015789032,infraestructura
ay que cosa no se si reír o ponerme a llorar por la burla de las autoridades,1,,0.4939899444580078,infraestructura
maquillaje barato del bienestarttt,5,,0.36454424262046814,infraestructura
que con la pintura morada queda,2,,0.30775976181030273,infraestructura
ni un chile les embona deberas,1,,0.5503777861595154,infraestructura
deberas ya no saben ni que hacer,1,,0.283914715051651,infraestructura
con pintura morada y unos ajolititos quedan,2,,0.3732953369617462,infraestructura
y ya terminaron las obras,1,,0.2914222478866577,infraestructura
las bromas del gobierno,5,,0.2653888463973999,infraestructura
también tú ni modo que remodelaran en la remodelación me da risa,1,,0.4520353376865387,infraestructura
es otro gasto inútil y lo que necesita la ciudad bien gracias baches y tendrían que dejar un policía porque aquí no respetan nada,1,,0.651533842086792,infraestructura
que pena cdmx,1,,0.2752576470375061,infraestructura
me da risa eso también lo invento tv azteca me da risa,1,,0.3820740282535553,infraestructura
es decoracion no una verdadera remodelacion,3,,0.4173826277256012,infraestructura
para los que se quejan de los baños así seguro es por qué no han visto los baños públicos de amsterdam me da risa,3,,0.34766530990600586,infraestructura
para que despues estén tomados por la gente en situación en calle o un foco de infección muy intensa hasta se metan la gente hacer crussing,2,,0.32477015256881714,infraestructura
quieren tapar el sol con un dedo,5,,0.2314266562461853,infraestructura
nuevas casas para las personas en situación de calle,5,,0.4279320538043976,infraestructura
arreglos por acá y todos los defectos de más cosas cuando,5,,0.2970263361930847,infraestructura
que funcionen los baños del metrobus los elevadores del metro sorprendente nunca votaré de nuevo por morena,5,,0.6125567555427551,infraestructura
por ejemplo seguridad,4,,0.29288607835769653,infraestructura
que horror,1,,0.36391857266426086,infraestructura
pudieron arreglar la ciudad pero no los hospitales ojalá que con toda la derrama económica que se tendrá lo del mundial mejoren los servicios públicos de primera necesidad,3,,0.4107242822647095,infraestructura
ya como en paris jajaa,5,,0.3794572353363037,infraestructura
si el metro es un asco ahora con los trabajos en pleno servicio peor no compa date una vuelta en ecaterror ahí en plaza ecatepec anda del asco en ese tramo y llevan repavimentando un pedazo desde hace 3 semanas,1,,0.5661161541938782,infraestructura
csm,5,,0.32116055488586426,infraestructura
pero seguimos con baches,3,,0.502397894859314,infraestructura
y las calles para cuando las pavimentan y la seguridad para cuando,4,,0.3631665110588074,infraestructura
tanta deficiencia en el servicio de transporte que creo que los mismos usuarios están concientes ya que se debe aplicar el costo real al boleto,1,,0.5515248775482178,infraestructura
y qué,5,,0.25712502002716064,infraestructura
puras mmds,5,,0.31448447704315186,infraestructura
hoteles gratis,5,,0.3803830146789551,infraestructura
la mayoría de gente gasta en cigarros cocas cervezas alcohol fiestas a lo wey y ahorita que somos pais anfitrión y quieren que méxico no se vea tan pichurriento y que ahorre todo,1,,0.5457268953323364,infraestructura
grítalo que es la verdad,5,,0.38734063506126404,infraestructura
si el metro de mty tampoco méxico todo a última hora,1,,0.3691805601119995,infraestructura
falta que arreglen la línea de barranca del muerto y dirección el rosario también está en pésimas condiciones,1,,0.7452231645584106,infraestructura
si ubican que solo habrá 5 partidos en cdmx 5 de 104 mucha inversión para la expectativa de turistas,4,,0.27764976024627686,infraestructura
quién aprobó esa mmd,5,,0.2753274440765381,infraestructura
y tapar los baches no les gusta,2,,0.5439537167549133,infraestructura
se están gastando más dinero por hacerlo a las prisas que si bien hubieran empezado hace 8 años y hubieran hecho mejor trabajo,2,,0.4516678750514984,infraestructura
bro reemplazaron el fokin mármol por material mas barato y menos duradero quien se quedó con todo el mármol,2,,0.37916648387908936,infraestructura
el problema no son los baños es la gente,1,,0.4206993579864502,infraestructura
exactamente las cosas realmente funcionales estan obsoletas por fuera bonito y al interior una porquería,1,,0.3790293037891388,infraestructura
gastos innecesarios mejor que arreglen las goteras,1,,0.6410667896270752,infraestructura
tranquila reyna esperamos,5,,0.5083154439926147,infraestructura
no eso lo dejaron así porque posteriormente van a grabar las escenas del titanic tranquilos este gobierno piensa en todo,1,,0.39900559186935425,infraestructura
nada les embona no doblada ni enrollada,1,,0.5723311305046082,infraestructura
pero en verdad que no hay visión tiene que estarles explicando todo para llegar a la ambientación deseada hay que dejar esas filtraciones de agua para utilizar paraguas estilo colonial que por supuesto estarán a la venta en los alrededores de las entradas del metro les falta visión,2,,0.3529687225818634,infraestructura
y si arreglan los vagones del metro,3,,0.29055872559547424,infraestructura
me preguntó cuánto habrán costado en realidad esas luminarias porque es muy seguro que alguien se llevó muy buena comisión,1,,0.39712515473365784,infraestructura
perdon falto un poco de pintura morada,3,,0.36108553409576416,infraestructura
yo esperando el metro,5,,0.29392850399017334,infraestructura
y después de dos meses estarán olvidados y servirán de basurero,1,,0.6508673429489136,infraestructura
ahí deberían colocar buna fuente,1,,0.28015565872192383,infraestructura
en medicamentos para el imss para personas con cáncer o demás deberían de hacer y no gastar el dinero aparentando méxico es súper woooo,1,,0.32761991024017334,infraestructura
enserio me estás diciendo que todas esas remodelaciones y gasto público es para 5 partidos que va a haber pensé que era para los usuarios diarios,1,,0.5716725587844849,infraestructura
antes de que arranque el mundial ya no sirven,1,2.0,0.7340982556343079,infraestructura
despierta méxico,5,,0.36284205317497253,infraestructura
tanto dinero que deja el metro a diario y nada de mantemiento vamos bien,1,,0.45336446166038513,infraestructura
si es buena opción con el débido mantenimiento desde hace años lo hubieran instalado,3,,0.38574767112731934,infraestructura
ja ja ja ja ja ja yyojsla lo vean las autoridades y no salgan con que tienen otros datos,1,,0.24359185993671417,infraestructura
no más gastan dinero a lo tonto hay prioridades,1,,0.3802710473537445,infraestructura
increíble,5,,0.8085988163948059,infraestructura
que den más instrumentos aparatos y medicamentos para hospitales,5,,0.33048537373542786,infraestructura
hay al ratito van a decir que costo mil de millones para justificar su robo me da risa,1,,0.7575706839561462,infraestructura
pov comienzan a cerrar estaciones estoy segura que seguramente entre semana empezarán a cerrar como lo hacen en fin de semana queque desmadre se hace,1,,0.5245903134346008,infraestructura
esos serán moteles no se agan,1,,0.31553369760513306,infraestructura
comentario,3,,0.28780537843704224,infraestructura
la mayoría de los que saben que fue lo que pasó son parientes amigos y familiares,3,3.0,0.3122002184391022,seguridad
así deberían de poner seguridad en los hospitales para que no abusen de sus médicos,4,2.0,0.3096185326576233,seguridad
interactuando,4,3.0,0.42074957489967346,seguridad
digaselo a peña nieto ascarraga y salinas pliego ellos son los que trajeron el mundial y aceptaron las condiciones de la fifa,5,3.0,0.3159365952014923,seguridad
se quejan y somos uno de los países que más consume este deporte,5,4.0,0.5409867763519287,seguridad
me están diciendo que la única razón por la que están haciendo algo en el país es por el mundial que si no fuera por eso seguiriam defendiendo al co que raro no no es el pais que morena nos plantea,2,3.0,0.3273429572582245,seguridad
que coraje e impotencia debería ser más importante el apoyo a los padres que buscan a sus hijos que el mundial,5,2.0,0.25730186700820923,seguridad
la neta méxico da miedo es como ir a palestina y esperar que salgas bien,3,1.0,0.23059271275997162,seguridad
a mí me vale el mundial hay cosas más importantes,5,2.0,0.5947098135948181,seguridad
que tristeza que para proteger a extranjeros se organizaron tan rápido y para nosotros lo mexicanos llevan tantos sexenios y nomás no,1,2.0,0.5210756063461304,seguridad
y los que faltan en el mundial,5,1.0,0.2631194293498993,seguridad
casi 100 000 elementos federales y este gobierno hace nada para acabar con el crimen organizado todo el poder del estado y para que solo les interesa seguir saqueando al país,1,1.0,0.5695995092391968,seguridad
pues el plan kukulkán ya se debería quedar 365 días no diiiigo,1,3.0,0.37660330533981323,seguridad
aah mira y al pueblo que se lo lleve la fregada,1,3.0,0.6453201770782471,seguridad
deberíamos empezar a comentar con stickers de las fichas de lo desaparecidos en las páginas del gobierno,1,2.0,0.49342647194862366,seguridad
y no le da vergüenza a la presidenta para eso si hay seguridad,4,3.0,0.30909112095832825,seguridad
exacto hay que tener prioridades hay que comenzar actuar con conciencia,5,2.0,0.45599818229675293,seguridad
los carteles andas más armados que la policía de méxico,1,3.0,0.3194998800754547,seguridad
es muy cierto,3,3.0,0.279340922832489,seguridad
y no nada más por el mundial ala precidente le vale los desaparecidos prefiere aser conciertos que ayudar ala gente,1,1.0,0.38814130425453186,seguridad
interactuen que se difunda lo que si importa,4,3.0,0.34351298213005066,seguridad
irán atacará en pleno mundial acuérdense de este comentario,1,2.0,0.3993052840232849,seguridad
jajajjaja se parecen a los anillos de seguridad que hacen los narcos raro no me da risa,3,2.0,0.2883765995502472,seguridad
aquí apoyamos a los papás y mamás buscadores,5,2.0,0.49823668599128723,seguridad
hay prioridades wue en el mundial viene el bicho,3,5.0,0.3572031855583191,seguridad
y por que un mes antes y un mes después del mundial por que no hacen ese plan para siempre,1,3.0,0.6271424293518066,seguridad
nunca nos ha brindado protección a los mexicanos porque a turistas si,1,2.0,0.6199327111244202,seguridad
que dolor que impotencia es una burla el despilfarro,1,1.0,0.6106048822402954,seguridad
no queremos mundial queremos seguridad acceso a la educación digna salud digna y a la justicia,5,1.0,0.5648402571678162,seguridad
y en culiacán también tendremos ese plan,5,3.0,0.389823317527771,seguridad
plan no ir a méxico me gusta,1,1.0,0.3843846023082733,seguridad
si a usa no le quitan el mundial tampoco a mexico,1,3.0,0.5435454249382019,seguridad
me duele tener que vivir en esta realidad,5,1.0,0.4989357590675354,seguridad
que impotencia da la situación de mexico me entristece,5,1.0,0.25103428959846497,seguridad
violencia en méxico y eua en guerra me da risa,1,1.0,0.3092120587825775,seguridad
que tiene que ver el mundial von el gobierno,5,3.0,0.2864205241203308,seguridad
duele pero no por eso va a dejar a mas de 30 selecciones sin mundial ya que eso son problemas internos de mexico no es culpa de la fifa ni mucho menos de las otras selecciones,1,4.0,0.3735269010066986,seguridad
pero que nombrecito me da risa,3,3.0,0.3777078092098236,seguridad
y si se queda el plan cuculcan para siempre,3,3.0,0.25062063336372375,seguridad
ojo dijo que protege a extranjeros los que vivimos en el país pues no la pelamos que nos cuidemos nosotros solos dicen,1,3.0,0.5590533018112183,seguridad
osea si se pueden poner las pilas pero no con nosotros,2,2.0,0.4267795979976654,seguridad
seguridad para extranjeros y no para los mexicanos me da risa,1,2.0,0.3854430615901947,seguridad
saludos desde mechico,5,3.0,0.38341987133026123,seguridad
me da risa los estadios son privados el único beneficio de nosotros son las ventas me da risa,1,4.0,0.5040774941444397,seguridad
suena como el kukuxklan,4,3.0,0.28513994812965393,seguridad
que todos sus hijos vuelvan a casa,5,3.0,0.4130748212337494,seguridad
yo siendo mexicano prefiero que no sea el mundial aquí en méxico,1,2.0,0.4071871042251587,seguridad
cierren las avenidas allá y en cdm,5,2.0,0.4132561981678009,seguridad
morena preocupándose por otra gente menos por los mexicanos,1,1.0,0.38183173537254333,seguridad
por algo dice el dicho al pueblo pan y circo para mantenernos distraidosssss ojalá despierten la gente embobada del futboll y demás,1,2.0,0.3585558831691742,seguridad
ya no podemos seguir con esto necesitamos justicia,1,1.0,0.5542427897453308,seguridad
y mientras protegen a los turistas en todos los demás estados vamos a estar desprotegidos,5,2.0,0.3861590027809143,seguridad
a quien le importa el mundial al final solo se benefician los ricos,1,1.0,0.3805730640888214,seguridad
no estamos en contra del mundial estamos en contra de que se le dé prioridad a algo que no lo es,2,3.0,0.38657236099243164,seguridad
osea los mexicanos no tenemos ningún valor para este gobierno solo pueden y quieren proteger a extranjeros,1,1.0,0.633979082107544,seguridad
el mundial debería ser solo en canadá pero la fifa es corrupta,1,2.0,0.541940450668335,seguridad
y por qué protegen tanto a los extranjeros y nunca a nosotros los del pueblo que somos los que pagamos impuestos,5,2.0,0.34889164566993713,seguridad
en serio que cancelen el mundial aquí,1,1.0,0.4673001170158386,seguridad
en argentina también está pasando muchas gente con hambre sin trabajo jubilados con jubilaciones mínimas que ni si quiera les alcanza para comprarse la medicación universidades des financiada ecosistema destruidos a propósito medios de comunicación corruptos fiscales y gobernadores que tapan la corrupción y muerte de gente inocente pero la gente se preocupa por un mundial y que messi juegue en la selección ignorando todo los demás,1,2.0,0.7747532725334167,seguridad
q va mexico es una sentencia ir,1,1.0,0.46475091576576233,seguridad
y solo durante el mundial terminando todo regresará a como estaba o peor,1,2.0,0.3308104872703552,seguridad
wey méxico con aviones f5 ya esos son de museo,5,3.0,0.47256073355674744,seguridad
que triste que solo lo hacen por este evento y no lo hagan por sus habitantes todos los dias me entristece mucho,1,2.0,0.5170130729675293,seguridad
que todo el mundo vea lo que vivimos en méxico,5,3.0,0.5926489233970642,seguridad
y si mejor sacan un plan para proteger a méxico siempre y no solo durante el mundial,5,3.0,0.3885904848575592,seguridad
si asen eso para un evento deportivo por que no aserlo siempre para seguridad de todos nosotros los mexicanos,1,3.0,0.2591284215450287,seguridad
pongan subtitulos en inglés para que se haga eco a nivel internacional por favor,1,3.0,0.2852550148963928,seguridad
es una vergüenza nuestro gobierno,1,1.0,0.9401555061340332,seguridad
por qué no hacen eso siempre yo desde los 15 años salgo de mi casa con más miedo de la policía que de los delincuentes,1,1.0,0.6319297552108765,seguridad
que fuerte realidad me entristece,2,2.0,0.2805318534374237,seguridad
ocultan la verdad,5,2.0,0.5467584133148193,seguridad
oraleee así deberían de proteger a su pueblo y no solo a los extranjeros,5,2.0,0.3382203280925751,seguridad
lo más triste del asunto es que por más que luchen para que no haya mundial el gobierno no les va hacer caso van a seguir con el mundial y seguir invirtiendo en el mundial es triste y da rabia,1,1.0,0.6247074007987976,seguridad
el mundial dará mucho empleo y dinero del turismo así que yo sí estoy de acuerdo con el mundial,5,5.0,0.3650199770927429,seguridad
por qué si tienen tanto no combaten a los narcos,1,3.0,0.3504396975040436,seguridad
prefiero seguridad que un stupido mundial de futbol,1,1.0,0.41773131489753723,seguridad
dios mío,5,3.0,0.5108192563056946,seguridad
para los 4 partidos del mundial que va haber como que invirtieron de más no,2,3.0,0.3127841651439667,seguridad
ya no pongan sus fotos ahorita pongalas antes del mundial,1,3.0,0.6534500122070312,seguridad
justicia mexicanos,5,3.0,0.3755130469799042,seguridad
prefiero no tener mundial,2,1.0,0.37529969215393066,seguridad
la mediocridad del gobierno y la borregada no da pa más en fin la justicia no existe ni existirá mientras no se reformen las leyes a favor de las víctimas,1,1.0,0.6501831412315369,seguridad
cómo apoyo para que se haga eso en la cdmx también,4,4.0,0.42624276876449585,seguridad
es más seguro ir a jugar a israel o iran que a méxico me da risa mucho,5,3.0,0.24550653994083405,seguridad
cuándo va a cambiar la historia,3,3.0,0.2930390238761902,seguridad
prefiero un méxico sin desaparecidos que un mundial espero que puedan encontrarlos y los familiares tengan paz,1,2.0,0.30464279651641846,seguridad
pero ella jura que todo está bien,3,3.0,0.3864901661872864,seguridad
que raro que no lo terminaron con la palabra bienestar me da risa,1,3.0,0.28935515880584717,seguridad
ojalá todos encuentren a sus seres queridos fuerza y suerte,5,2.0,0.6100298762321472,seguridad
ósea que si tienen el armamento para combatir el narco solo no les importa lo mexicanos,2,2.0,0.30807819962501526,seguridad
se debe informar que solo sería para el mundial y como objetivo los extranjeros y que después del mundial será como cuando desinstalas una app de celular me da risa,1,3.0,0.43384504318237305,seguridad
siguen adelante en el poderoso nombre de jesús sigan y pídanle a dios que el sea su guardador,5,3.0,0.41322535276412964,seguridad
el chiste se cuenta solo este gobierno parece una burla,1,1.0,0.6975430846214294,seguridad
muyyy triste de verdad me dueles méxico,1,1.0,0.36867755651474,seguridad
que coraje meda todo esto sólo hay seguridad porque va a ver mundial me enoja mucho,5,1.0,0.2767687439918518,seguridad
que lamentable apoyos a las familias afectadas,1,2.0,0.5285849571228027,seguridad
no queremos mundial queremos un méxico seguro,1,1.0,0.4044495224952698,seguridad
qué cosas y por el pueblo mexicano no mueven un dedo me enoja mucho,5,2.0,0.3023225665092468,seguridad
a lo mejor alguien entre mucha gente durante el mundial puede ser que ha visto o conocer a un desaparecido esto ayudará mucho,5,3.0,0.7096917629241943,seguridad
apoyo total a este movimiento,5,5.0,0.5465525388717651,seguridad
welcome to jalisco,5,4.0,0.6009140610694885,seguridad
que feo que se enfoquen en esto en vez de proteger al pueblo,4,2.0,0.24215489625930786,seguridad
osea que si se puede nomás no quieren,2,3.0,0.3934762477874756,seguridad
si buscan la ruleta rusa con su seguridad méxico es la opción,3,2.0,0.32835403084754944,seguridad
seguridad en el país seguridad por un partido de fútbol,5,3.0,0.38082778453826904,seguridad
seguro harán un trato con los narcos,4,1.0,0.3438687026500702,seguridad
ku kul kan suena conocido de algo,1,3.0,0.2927553951740265,seguridad
encontrar a los desaparecidos y subir los sueldos no puede ser que en nuestro país casi un 70 trabajen en la informalidad o sin prestaciones de ley y un 49 de los egresados de universidades se encuentran en desempleo,1,3.0,0.6213826537132263,seguridad
y cuando termine el mundial regreso a la realidad,5,3.0,0.29284149408340454,seguridad
a veces no dimensionamos las situaciones hasta que nos pasan no se que sería de mi si alguien de mi familia desaparece y muy bueno de los gobernantes por hacerse pendejos con estos temas,3,1.0,0.2973899245262146,seguridad
yo también tengo un hijo desaparecido y nadien me a escuchado no ay seguimiento de nada,1,1.0,0.8206385374069214,seguridad
ojalá se cancele,1,1.0,0.48670077323913574,seguridad
a veces pienso que lo hacen con sarcasmo para tener muchas vistas,3,2.0,0.4007316529750824,seguridad
nos hace falta unirnos como sociedad y cuidarnos entre todos,5,3.0,0.3941172957420349,seguridad
osea que habrá protección para que se pueda jugar al fútbol pero no hay protección para tener una buena calidad de vida,3,2.0,0.459796279668808,seguridad
proteger a los mexicanos proteger a los turistas,5,1.0,0.32305923104286194,seguridad
oye espérate si no estamos en wakanda,3,3.0,0.28977170586586,seguridad
todo el mundial va ser en méxico y canadá porque usa no participará por lo que ya saben me da risa mucho,1,3.0,0.4507191479206085,seguridad
osea que siempre han podido defender a la población les valía madres antes o que,3,1.0,0.26393407583236694,seguridad
que tristeza me entristece,2,1.0,0.27895963191986084,seguridad
mientras el gobierno invierte millones en eventos como el mundial de fútbol miles de familias siguen buscando a sus desaparecidos sin apoyo suficiente sin respuestas y sin justicia no puede haber celebración completa en un país donde tantos padres siguen buscando a sus hijos la prioridad debería ser la seguridad la verdad y la dignidad de las víctimas,1,2.0,0.4857858717441559,seguridad
en día de mundial hay que hacer una marcha por los desaparecidos me entristece,5,1.0,0.36750757694244385,seguridad
no se que da más miedo que méxico puede o que méxico no quiere,1,1.0,0.4231484830379486,seguridad
en el parque de la ciudad donde vivo nunca habia visto pegados panfletos de desaparecidos y cuando recién pase y los vi fue un shock se sintió muy triste,1,1.0,0.44341203570365906,seguridad
es decir que sí pueden combatir la delincuencia pero no lo hacen todos los días me da risa mucho,2,1.0,0.4678029417991638,seguridad
ósea si pueden y tienen poder solo no quieren,2,1.0,0.3483782708644867,seguridad
no al mundial matan mujeres todos los días y no las protegen,1,1.0,0.6317209005355835,seguridad
no ven tv azteca,1,3.0,0.7199518084526062,seguridad
no al mundial,1,1.0,0.4824073910713196,seguridad
y por qué 15 días antes y 15 días después por qué no dejarlo así siempre,1,3.0,0.5472631454467773,seguridad
méxico no necesita tener un mundial para tener toda esa seguridad la necesita siempre para todos los mexicanos que triste ver la realidad del gobierno,5,1.0,0.496073454618454,seguridad
dios les de fuerza y les devuelva a sus hijos,5,2.0,0.4950331449508667,seguridad
proteger a los mismos mexicanos en su país mexicano respuesta negativo,1,1.0,0.6705226898193359,seguridad
para los que no entienden ojalá nunca les toque buscar un familiar o que sean ellos a los que los tengan que buscar,2,1.0,0.29460200667381287,seguridad
todos los mexicanos conocemos o sabemos de alguien que está desaparecido o ha sido afectado por el crimen,5,1.0,0.38312971591949463,seguridad
es que entiendan no están en contra del mundial ni nada sino que están en contra de que se gasten miles de millones de pesos en remodelaciones innecesarias solo para verse bonita para menos del mes mientras no hay dinero para búsquedas de desaparecidos no hay dinero para medicamentos no hay dinero para nada,1,2.0,0.8023151159286499,seguridad
y la de proteger al pueblo siempre no se la saben,5,2.0,0.5247192978858948,seguridad
donde se puede donar para que impriman más,5,3.0,0.2686290442943573,seguridad
no queremos mundial gobierno mediocre queremos seguridad de nuestro país queremos nuestros ecosistemas limpios queremos que no destruyan nuestros ecosistemas y acaben con la naturaleza queremos un país con soberanía,1,1.0,0.5067036747932434,seguridad
me gusta mucho el fútbol pero ha llegado el momento de que miles de voces sean escuchadas de que todos nos unamos,3,4.0,0.42531630396842957,seguridad
osea que para el mundial si tienen seguridad pero para el día a día no grande mi país saquenme de aquí,3,3.0,0.40853366255760193,seguridad
llenen este carrito de super yo empiezo,5,3.0,0.7311248183250427,seguridad
que miedo me entristece,2,1.0,0.29114437103271484,seguridad
si tan solo usaran toda esa organización y poder para realmente limpiar y cuidar el país me entristece,2,1.0,0.32733678817749023,seguridad
necesitamos seguridad no mundial,1,1.0,0.37978237867355347,seguridad
el sábado fui al centro es una tristeza ver tantos carteles de personas desaparecidas que miedo,1,1.0,0.7322066426277161,seguridad
no vengan no les crean,1,1.0,0.7671675086021423,seguridad
no me interesa el mundial aquí me interesa la seguridad de mi pueblo el hambre de mi país,2,1.0,0.4306148588657379,seguridad
entonces tomaremos la seguridad como privilegio de algunos cuantos me enoja mucho,5,1.0,0.27998730540275574,seguridad
nos puede des decir de donde sale o que significa kukulcan me suena a cucurrucucu hay méxico,1,3.0,0.5830615758895874,seguridad
pero dice tu tía claudia que cada vez estamos mejor,3,2.0,0.42713597416877747,seguridad
lo que me imaginé,5,3.0,0.5792381763458252,seguridad
osea que si pueden proteger pero no quieren,2,1.0,0.4201786518096924,seguridad
e lugar de mi dial y trenes busque allude con los desaparesidos,5,3.0,0.28436708450317383,seguridad
ven que si tenemos la capacidad de controlar la violencia en mexico armamento gente pero nomas les vlvga al gobierno,1,1.0,0.3146511912345886,seguridad
los policías también roban ojo ahí turistas ojalá no vengan,1,1.0,0.6965817809104919,seguridad
si hablamos de mexico no confío ni en la policía,1,1.0,0.6956881880760193,seguridad
se va poner de acuerdo harfuch con los capos con los que tiene acuerdo para que ese mes no hagan nada y van a decir que el plan que propusieron dio resultado me da risa muchisimo,5,1.0,0.3363722264766693,seguridad
un poco mas y es el plan kukusklan me da risa mucho,3,3.0,0.47308462858200073,seguridad
por que no posieron eso para acabar con los carteles,1,1.0,0.28319504857063293,seguridad
hay que cancelar el mundial eso no es importante lo importante es tratar los problemas del país,2,1.0,0.4156637489795685,seguridad
imaginen esto en sinaloa también,5,1.0,0.25555601716041565,seguridad
lo chistoso es que esos 3 aviones caza f5 son todos los que tiene la fuerza aérea me da risa,5,3.0,0.3580271005630493,seguridad
osea hacen de cuidado solo cuando es mundial pero el resto del año q se chinguen el pueblo,2,2.0,0.33241182565689087,seguridad
de que sirve si les da miedo enfrentar a los delincuentes,3,1.0,0.32572227716445923,seguridad
igual el mundial mexico no va pasar de cuartos,3,3.0,0.2789211869239807,seguridad
no protege ni a los ciudadanos que va proteger a los turistas,1,1.0,0.7354878187179565,seguridad
justicia para los desaparecidos no quiero mundial quiero un mexico seguro,1,1.0,0.471607506275177,seguridad
imponer el plan kukulkán en méxico para que acaben con la violencia imponer el plan kukulkán solo para el mundial y atraer extranjeros,1,3.0,0.4655986428260803,seguridad
lamento mucho su dolor mamitas y papitos me entristece,1,3.0,0.4548693001270294,seguridad
cómo se notan las prioridades no se dejen que vean lo que realmente importa,5,2.0,0.2910425662994385,seguridad
mi apoyo desde españa comparto mucha fuerza para las familias,5,3.0,0.5942000150680542,seguridad
que hermosa campaña no se dejen estamos con ustedes me entristece,5,4.0,0.5767713189125061,seguridad
gobierno de asco,4,1.0,0.30938655138015747,seguridad
osea que si se puede reforzar la seguridad interesante,3,2.0,0.5123175978660583,seguridad
triste realidad de méxico me enoja muchisimo,5,1.0,0.4173416793346405,seguridad
y la seguridad despues del mundial que cual plan,5,1.0,0.5110758543014526,seguridad
ellos no deben ser invisibles en el mundia ellos deben ser los mas presentes en el mundial que el mundo vea rosotros de gente que puede ser encontrada gracias a la difusion,1,2.0,0.2785968780517578,seguridad
duda latinus es independiente o pertenece a alguna televisora,1,3.0,0.5914682745933533,seguridad
los comentarios ocultos,1,3.0,0.43511390686035156,seguridad
pero ya están vendidos todos los boletos y la venta de playeras no para y no se diga del álbum que es todo un fenómeno nacional más de 1500 albums vendidos diariamente y 10 mil sobres con las cartitas también,1,3.0,0.6226679682731628,seguridad
ojalá encuentren a los desaparecidos,5,3.0,0.26252442598342896,seguridad
dios los bendiga salmos92 10 12 y salmos94 1 23,5,3.0,0.3997199833393097,seguridad
su mirada,5,3.0,0.3659732937812805,seguridad
escuchen bien dijeron proteger a los turistas y a los equipos porque los mexicanos no les importamos,4,1.0,0.430301308631897,seguridad
el mundial es cada 4 años y desaparecidos hay siempre pueden esperar,5,2.0,0.2845536768436432,seguridad
de por sí me cae mal el futbol ahora mas,2,2.0,0.43054917454719543,seguridad
mientras tanto claudia,3,1.0,0.3408854901790619,seguridad
la tristeza me entristece,1,1.0,0.31561776995658875,seguridad
y porque no hacen eso siempre pero para todos los mexicanos,1,2.0,0.27109378576278687,seguridad
ya vimos que si no le beneficia al gobierno no hace nada respecto a la seguridad mientras después que pase la fifa otra ves a números rojos,1,1.0,0.6233993172645569,seguridad
no al mundial en méxico,1,1.0,0.5665110349655151,seguridad
ahi vemos que es prioridad para los gobiernos que tristeza,3,1.0,0.309064656496048,seguridad
y despues del mundial q nos lleve la muy malo a todos los demas,1,1.0,0.7167643904685974,seguridad
me da risa no tenemos ese tipo de aviones me da risa mucho,2,3.0,0.4522026479244232,seguridad
no al mundial en mexico para proteger extrangeros hacen todo y nosotros,1,1.0,0.5114279389381409,seguridad
se jactan presumen de tanta seguridad y saben perfectamente que nada esta bien en éste país ojalá no hubiera mundial,1,1.0,0.5949598550796509,seguridad
ojala cancelen el mundial,1,1.0,0.5217979550361633,seguridad
no queremos mundial,1,1.0,0.31275004148483276,seguridad
seguridad para la gente del mencho seguridad para extranjeros y para cuándo la seguridad para los ciudadanos bueno igual se les olvida un poquito cuando tienen que ejercer sus derechos y ver a shakira,3,,0.31984105706214905,seguridad
deberían cancelar el mundial en méxico por seguridad no deberían hacerlo acá,1,,0.6833922863006592,seguridad
para mí que gana portugal,5,,0.5090733170509338,seguridad
ojalá los encuentren dios los bendiga,5,,0.2537825405597687,seguridad
no al mundial,1,,0.48240771889686584,seguridad
el gobierno que hace para el mundial si el mundial lo hace la fifa,3,,0.27236777544021606,seguridad
qué pena que sea para cuidar a los turistas y no lo hagan siempre para cuidar a los mexicanos,1,,0.26349207758903503,seguridad
apoyo la manifestación el día del mundial,4,,0.3848387897014618,seguridad
porque no entienden que no se trata de partidos políticos ni gobiernos se trata de quien gobierna cada entidad quien este en la presidencia es lo mismo hará lo que pueda en su gobierno pero los que son los gobernadores delegados o presidentes de cada entidad son los que hacen lo que quieren,1,,0.2652415335178375,seguridad
el dinero y el football es más importante que las vidas de la gente todo mundo lo sabe,5,,0.724381685256958,seguridad
el mundial es un tape de ojo pará lo que se viene todo lo que roba el gobierno,1,,0.4639418125152588,seguridad
ni regalado,1,,0.621963381767273,seguridad
todo eso para proteger extranjeros pero a los mexicanos que nos lleve la chgda me da risa,1,,0.28851455450057983,seguridad
ojalá cancelen el mundial,1,,0.5217978954315186,seguridad
que tristeza,1,,0.27243247628211975,seguridad
ya ven que no terminan con el narco nada más porqué no quieren,1,,0.5626575350761414,seguridad
osea se preocupan por todos menos por nosotros los mexicanos me entristece,2,,0.4200190007686615,seguridad
queremos seguridad no mundial,1,,0.34625768661499023,seguridad
por qué no hablan de cancelar el mundial en estados unidos por riesgo a un ataque,1,,0.64760422706604,seguridad
ya que cancelen el mundial por fsvooooor,1,,0.6272597908973694,seguridad
si ellos mismos te roban también es algo que no tiene sentido deben tener más cuidado ya que te quitan dinero,2,,0.4418796896934509,seguridad
para que tanta seguridad si se trata de un evento deportivo,4,,0.3440006971359253,seguridad
que impotencia,1,,0.5083173513412476,seguridad
tienen razón no se vale,1,,0.6348041892051697,seguridad
espero que algún día tenga respuesta de donde esta sus ijos,1,,0.274139940738678,seguridad
méxico protegiendo a todos menos a los mexicanos ojalá no haya mundial neta,1,,0.4554234743118286,seguridad
boicot al mundiaaaaaaal,1,,0.3032133877277374,seguridad
mucha fuerza y luz para todos los padres buscadores,5,,0.6006442308425903,seguridad
y los medicamentos en los servicios de salud para cuando,4,,0.38873791694641113,seguridad
deja tu flor interactuando,5,,0.35286983847618103,seguridad
no necesitamos un mundial necesitamos apoyo para las madres buscadoras,1,,0.29489219188690186,seguridad
no queremos mundial,1,,0.31275004148483276,seguridad
entonces si había tecnología para acabar con el crimen organizado pero no querían trabajar,1,,0.3969309329986572,seguridad
por favor fifa cancele el mundial en méxico está muy muy peligroso,1,,0.8804605603218079,seguridad
plan para defender a los ciudadanos nah aqui no hacemos eso,1,,0.44614407420158386,seguridad
que nos quieren decir que si se puede hacer operativos de seguridad pero no para el pueblo bueno y pero si para los turistas que cinismo de este gobierno,1,,0.37652480602264404,seguridad
duele mucho este tema estos hechos duelen mucho me entristece mucho,5,,0.5434247851371765,seguridad
terminando el mundial continuamos sin seguridad,1,,0.3706219494342804,seguridad
marcha el día de la inauguración,5,,0.3581676483154297,seguridad
es que el mundo se acaba para unas personas y sigue para otras los que no tienen problemas si desean el mundial lo siento en verdad por los que una tristeza o injusticia hará que vean al mundial como un gasto innecesario,1,,0.4503479599952698,seguridad
toda mi empatía con los padres buscadores,5,,0.6558246612548828,seguridad
plan para que el país mejore plan para el mundial solamente,3,,0.3066402077674866,seguridad
reclámale a tu gobernador,5,,0.4981699585914612,seguridad
no sabía que contábamos con tantos elementos de defensa aérea en el país además por qué mencionan medidas y entrenamiento contra terrorismo,1,,0.3346368670463562,seguridad
va a ser un caos total,1,,0.6765373945236206,seguridad
ah bueno los mexicanos valemos madre,5,,0.6041545271873474,seguridad
con quién nos comunicamos para apoyar con la impresión y el pegado de fichas,5,,0.3857617974281311,seguridad
todo sea por el futbol y a la población que se la lleve el cuerno,5,,0.3124474287033081,seguridad
méxico es un estado fallido,1,,0.7908213138580322,seguridad
por que no implementan un plan para todo mexico,1,,0.49094974994659424,seguridad
no queremos mundial,1,,0.3127502202987671,seguridad
carolom lo ideal sería boicotear el mundial y no acudir al estadio no consumir de las marcas patrocinadoras pero seguiré soñando porque en mi méxico mágico eso jamás sucedería,5,,0.3264563977718353,seguridad
entonces para el gobierno es prioridad la seguridad de 5 5 millones de turistas por 1 mes que la de 134 millones de mexicanos todo el año,1,,0.27913033962249756,seguridad
eso significa que si pueden implementar seguridad solo que no les interesa proteger a los mexicanos,2,,0.35310420393943787,seguridad
esto ya es demasiado grave par nuestro país,2,,0.45174017548561096,seguridad
nosotros como mexicanos debemos cancelar dicho mundial ya que el dinero recaudado no es para el país es para el gobierno dos quien nos asegura que no va ver atentados en los estadios hoteles avenidas principales mejor cancelarlo,1,,0.8105996251106262,seguridad
eso no le importa al gobierno tristemente me entristece muchisimo,1,,0.6133148074150085,seguridad
bravo por esa gente,5,,0.6906752586364746,seguridad
se aplaude y la pregunta es y porque no hacerlo permanente para cuidarnos a los mexicanos que vivimos aqui,4,,0.37517574429512024,seguridad
yo te apoyo por qué hoy son tus hijos mañana no quiero que sean los míos,5,,0.5277173519134521,seguridad
neta méxico tiene todo para ser primer mundo pero a los del poder se les sube el poder se dejan ganar y les gana el hambre de más poder,3,,0.38644087314605713,seguridad
el plan kukulkán llegó para quedarse o solo será temporal mientras está el mundial,1,,0.41322723031044006,seguridad
solo pensar en méxico da miedo,1,,0.39242905378341675,seguridad
q sean encontrados,1,,0.33455514907836914,seguridad
muy bonito todo pero es obvio que no se cuenta con el personal y mucho menos con el equipo táctico indispensable para garantizar seguridad,4,,0.5595776438713074,seguridad
me encanta el futbol y me llena de mucha alegría que los mexas sabemos que aquí lo importante son nuestros desaparecidos la exigencia de seguridad y una vida digna para todos mis compatriotas,5,,0.8126471042633057,seguridad
si de mi dependiera sería únicamente en canadá,2,,0.33881205320358276,seguridad
méxico niega la violencia y desapareciones,1,,0.6461394429206848,seguridad
yo si los apoyo por qué yo no sé que haría si alguien forma parte de mi vida desapareciera noalmundial me entristece,2,,0.373403400182724,seguridad
que ganas de ser extranjera en mi país,1,,0.3718375563621521,seguridad
exacto,5,,0.5833423137664795,seguridad
en culiacán hay soldados en cada esquina y no sirve de nada desviven ahí cerquita de ellos siempre llegan y no agarran a nadie,1,,0.8499172925949097,seguridad
ese es el verdadero mexico,5,,0.6724624633789062,seguridad
es correcto y peña nieto no hubiera aceptado el mundial que desde un inicio de ser aceptado se empiezan con gastos pequeños propaganda y otros gastos pequeños si desde los 43 normalistas que son 43 jóvenes que no dio explicaciones de donde quedaron así como muchos que han desaparecido años antes ningún presidente a puesto una jurisdicción especializada solo para personas desaparecidas que desde 1980 a estado pasando esto,3,,0.5687042474746704,seguridad
cuanto dura el mundial para saber cuánto tiempo podré vivir sin tanto miedo a no volver a casa,5,,0.45432254672050476,seguridad
por qué no hicieron esto cuando carlos manzo pidió ayuda,1,,0.5549355745315552,seguridad
no mms es un chiste el gobierno mexicano me da risa,1,,0.7403182983398438,seguridad
si si aún que estamos ya entrando a la fiebre mundialista no hay que olvidar la realidad de nuestro país que tenemos cientos de desaparecido y no hay que ser indiferentes porque no sabes cuando alguien puede estar en esos zapatos de papas buscando a sus hijos,2,,0.3172350227832794,seguridad
osea tiene equipamiento y no lo usan en contra del narcotráfico,1,,0.36540600657463074,seguridad
por los gobiernos no les interesa alas personas,1,,0.40434738993644714,seguridad
pero les apuesto que muchos vieron la final verán su mundial así quie hoy no joven gracias,3,,0.3614303469657898,seguridad
solo por el mundial jajajaa y el resto del año nada me entristece,2,,0.4000004231929779,seguridad
excelente,5,,0.7857319712638855,seguridad
que miedos ir a méxico ya no iré al mundial,1,,0.5340895056724548,seguridad
no queremos mundial,1,,0.31275004148483276,seguridad
y porque no aplican eso a diario me da risa,1,,0.5698233842849731,seguridad
solo lo van a hacer por el mundial y turistas porque no hacen esto todos los días,1,,0.4377329647541046,seguridad
y no podría ser todos los días para protegernos no sé se me ocurre,2,,0.37030500173568726,seguridad
cancelen el mundial,1,,0.5776230692863464,seguridad
y como van a vigilar el metro recuerdan todos los piquetes que hubo meses antes,5,,0.6745326519012451,seguridad
cuál mundial si son como 10 pedorros partidos,3,,0.264094740152359,seguridad
deberían apoyar más a las marchas y no ir al mundial o comprar boletos,2,,0.36536312103271484,seguridad
si no ubiera mundial no hacen eso,1,,0.5754082798957825,seguridad
listo para la inaguración junto a mi familia me gusta mucho,5,,0.47438591718673706,seguridad
de seguro los otros países están muy protegidos no tiene problemas,5,,0.5379109978675842,seguridad
todos dicen lo que pasó en méx pero eu está en una guerra jajajaj la vida diplomática es un chiste,1,,0.5428717136383057,seguridad
solo por el mundial ya después vuelve lo normal inseguridad robo y lo mismo de siempre me da risa mucho,1,,0.5049583911895752,seguridad
soy de españa y se me encoje el corazon con vosotros no visito mexico por estas cosas no me trae seguridad pero mira que si e un sitio muy prometedor ojala os ayude alguien aunque sea trump ya que claudia me entristece,1,,0.4836377501487732,seguridad
y por que asta orita salen aser eso,1,,0.44823768734931946,seguridad
tanta seguridad para extranjeros y para los mexicanos nada,1,,0.5219281315803528,seguridad
no sé si todas las personas sepan lo que es perder un hijo yo no pero si me llegará a pasar sé que estaría con ellos buscando hasta en las coladeras desiertos etc y no me gustaría pasar ningún nadie pasara por eso talvez no puedo apoyar directamente a toda esta gente buscadora pero no podemos ser indiferentes así como sienten la unión en el mundial diciéndonos hermanos así deberíamos apoyar está ocasión amo el fut pero es primero nuestro país y nuestra gente,1,,0.4161839485168457,seguridad
me dolió tanto ver este reportaje,1,,0.2742680311203003,seguridad
cómo podemos registrarnos como turistas aunque seamos locales nos urge sentirnos seguros,5,,0.4071238934993744,seguridad
ósea que mexico mágico si puede tener seguridad pero no quiere su gobierno,2,,0.3816695809364319,seguridad
por qué siguen insistiendo con el mundial,3,,0.30983036756515503,seguridad
se imaginan q hicieran esas grandes estrategias en michoacan sinaloa bueno en todo mexico o sin necesidad de la inauguración del mundial la verdad mexico sería otra historia,1,,0.35264644026756287,seguridad
méxico narco,1,,0.4628860056400299,seguridad
y por qué no hacen eso siempre y no solo para el mundial en lugar de gastar nuestros impuestos en croquetas del bienestar,1,,0.5969577431678772,seguridad
todo para aparentar que este es un país seguro,5,,0.5353060364723206,seguridad
pero nadie va a decir no al dinero que va a llegar al pais,1,,0.6427188515663147,seguridad
que tal si mandan hacer camisetas del mundial con la foto del desaparecido y al reverso méxico no busca acuden al estadio tanto dentro como fuera haciendo haci una protesta,1,,0.736868679523468,seguridad
una manifestación en todo el país el día del mundial,5,,0.5868099927902222,seguridad
ejemplo de fortaleza todas esas familias,5,,0.7031645178794861,seguridad
katt difusión difusión difusión difusión difusión difusión difusión difusión difusión difusión difusión difusión difusión difusión difusión difusión difusión difusión difusión difusión difusión difusión difusión difusión difusión difusión difusión difusión difusión difusión difusión difusión difusión difusión difusión difusión difusión difusión difusión difusión difusión difusión difusión difusión difusión difusión difusión difusión difusión difusión difusión difusión difusión difusión difusión difusión difusión difusión difusión difusión difusión difusión difusión difusión difusión difusión difusión difusión difusión difusión difusión difusión difusión difusión difusión difusión difusión difusión difusión difusión difusión difusión difusión difusión difusión difusión difusión difusión difusión difusión difusión difusión difusión difusión difusión difusión difusión difusión difusión difusión difusión difusión difusión difusión difusión difusión difusión difusión difusión difusión difusión difusión difusión difusión difusión difusión difusión difusión difusión difusión difusión difusión difusión difusión difusión difusión difusión difusión difusión difusión difusión difusión difusión difusión difusión difusión difusión difusión difusión difusión difusión difusión difusión difusión difusión difusión difusión difusiónj difusión difusión,4,,0.24407954514026642,seguridad
somos la voz de nuestros desaparecidos,5,,0.608843207359314,seguridad
mientras la presidente recibe artistas y hace conciertos defiende a los políticos señalados por usa defiende a los hijos del ex presidente amlo a las madres y padres buscadores no los reciben y no atienden el problema me enoja mucho,1,,0.5465943813323975,seguridad
que todos esos desaparecidos sean encontrados me gusta,4,,0.4273018538951874,seguridad
ahí dios deberás hay que ser empaticos me entristece,1,,0.2985321283340454,seguridad
a quien le gustaría a un mundial al cuál no podrá ir un hijo un hermano o me gusta,4,,0.28813084959983826,seguridad
el futbol es de lo mejor desde siempre la fifa la peor basura al menos estos tiempos,1,,0.5010291337966919,seguridad
no dejen de luchar queremos regresos no mundiales,1,,0.5217106938362122,seguridad
ni loko iria a méxico,1,,0.5975006222724915,seguridad
justicia dios los ayude justicia justicia,5,,0.545012891292572,seguridad
yo soy madre y se me duele ver a los familiares de chicos desaparecidos ésa angustia y dolor permanente las mamás que ya buscan a sus hijos en las fosas clandestinas con la esperanza de encontrar a sus hijos nadie conoce ése sufrimiento más que la madre o familiares lo están viviendo,5,,0.6669114828109741,seguridad
aaa pero los q vivimos pagamos impuestos y sus salarios,1,,0.32480093836784363,seguridad
me da risa ifusión difusión difusión difusión difusión difusión difusión difusión difusión difusión difusión difusión difusión difusión difusión difusión difusión difusión difusión difusión difusión difusión difusión difusión difusión difusión difusión difusión difusión difusión difusión difusión difusión difusión difusión difusión difusión difusión difusión difusión difusión difusión difusión difusión difusión difusión difusión difusión difusión difusión difusión difusión difusión difusión difusión difusión difusión difusión difusión difusión difusión difusión difusión difusión difusión difusión difusión difusión difusión difusión difusión difusión difusión difusión difusión difusión difusión difusión difusión difusión difusión difusión difusión difusión difusión difusión difusión difusión difusión difusión difusión difusión difusión difusión difusión difusión difusión difusión difusión difusión difusión difusión difusión difusión difusión difusión difusión difusión difusión difusión difusión difusión difusión difusión difusión difusión difusión difusión difusión difusión difusión difusión difusión difusión difusión difusión difusión difusión difusión difusión difusión difusión difusión difusión difusión difusión difusión difusión difusión difusión difusión difusión difusión difusión difusión difusión difusión difusiónj difusión difusión,1,,0.5100716948509216,seguridad
quien en su sano juicio iría a méxico solo por el mundial,1,,0.432060569524765,seguridad
lo gestionó la administración de calderón o peña,5,,0.3512491285800934,seguridad
me da risa entonces gastarán más que lo que ingresara,1,,0.5141222476959229,seguridad
señores entiendan el narcotrafico esta en el congreso por eso no lo hacen,1,,0.7209899425506592,seguridad
kukul que,3,,0.2332194745540619,seguridad
messi y cristina llegando a méxico,5,,0.3078267276287079,seguridad
in dia de mundial por años de desaparesidos mamas con el dolor de no saber de sus hijos mi mexico duele,5,,0.6267145276069641,seguridad
voten bien la próxima,4,,0.4338376820087433,seguridad
con lo que gastan de impresiones todos los días junten para tener suficientes para tapizar el mero día del mundial,5,,0.3310931921005249,seguridad
las madres buscadoras requieren todo el apoyo,3,,0.278217077255249,seguridad
ni uno más porque si nos falta uno nos faltan todos,1,,0.5116581916809082,seguridad
méxico no quiere mundial méxico quiere seguridad,1,,0.4680195450782776,seguridad
están en contra del olvido de nuestros desaparecidos recuerda que el gobierno es el culpable de que el sistema este corrompido,1,,0.63237065076828,seguridad
me da risa ni regalado voy para méxico quiero ver el mundial no andar esquivando balas me da risa mucho,1,,0.7145269513130188,seguridad
una manifestación mega grande el día del mundial que el mundo se entere en carne propia lo que se vive día a día en méxico,5,,0.7919818758964539,seguridad
not0da la culpa la tiene el gobierno también es la educación dela casa la libertad ke les dan alos hijos casi no pasa eso hoy en día,1,,0.6565161943435669,seguridad
mientras tanto,3,,0.36294227838516235,seguridad
estan queriendo desir que si se puede garantisar seguridad pero solo cuando le conviene al gobierno,3,,0.3750576376914978,seguridad
interactuando,4,,0.420749694108963,seguridad
que se cancelé el mundial no lo queremos,1,,0.6624575853347778,seguridad
jajajja vaya manera de decir si podemos hacer las cosas bien y mejorar el país pero no queremos,3,,0.3241463303565979,seguridad
cuanto dolor dios mio cuanto sufrimiento,5,,0.34116074442863464,seguridad
ya ven que el estado si tiene con que cuando se lo mandan,3,,0.2638763189315796,seguridad
no queremos mundial queremos seguridad,1,,0.2801385521888733,seguridad
pero si en méxico te asalta hasta la policía,2,,0.30244743824005127,seguridad
el plan yo calmo a mis criminales no pasa nada solo doy la orden,1,,0.3570202589035034,seguridad
que cosas,5,,0.3372289538383484,seguridad
no sería más fácil hacer los juegos en otro pais,2,,0.41982540488243103,seguridad
no queremos mundial queremos seguridad en todo méxico medicinas en los hospitales ya vasta que estén derrochando el poco dinero que hay me enoja muchisimo,1,,0.6967282295227051,seguridad
creo que está quedando claro que los mexicanos no queremos mundial queremos vivir seguros,1,,0.24957811832427979,seguridad
así deberían de asegurar la seguridad de los ciudadanos para siempre no nada más cuando hay mundial,5,,0.4063895344734192,seguridad
no enserio que pena,1,,0.38301753997802734,seguridad
dios los bendiga,5,,0.4402885437011719,seguridad
mucha gente invierte en el mundial de que es difícil pero entonces debieron interponer todas las medidas para que no se celebrara en méxico suena crudo,2,,0.3813032805919647,seguridad
al chile méxico no merece nada,1,,0.7461529970169067,seguridad
mexicanos hay que tumbar el mundial,1,,0.46203166246414185,seguridad
con todo lo qué pasa en el país de verdad necesitamos un mundial yo no lo creo,1,,0.40869373083114624,seguridad
no nos cuidan a los mexicanos van a andar cuidando extrangeros,1,,0.7305409908294678,seguridad
de hecho el futbol es un ente muy aparte a la politica los gobiernos no pagsn a los jugadores etc,1,,0.2654799520969391,seguridad
ojalá así nos protegieran a nosotros los mexicanos,5,,0.4497343897819519,seguridad
yo no entiendo como no son empaticos ósea soy madre y perder un hijo no tiene nombre y se que no puedo dimensionar lo que sienten pero si puedo hacer algo y si el gobierno tiene recursos es incongruente que para unas cosas si puede gastar y otras no,2,,0.41678473353385925,seguridad
y ya que se acabe el mundial volvemos a los asesinatos y desapariciones,5,,0.3085811734199524,seguridad
buenos para proteger a extranjeros y no para proteger a su gente,3,,0.367026150226593,seguridad
no queremos mundial queremos seguridad,1,,0.2801387310028076,seguridad
deberían de acudir al cuadro del centro histórico justo donde están pintando y remodelando y alli pedirle permiso a cada locatario para poner una pequeña lona en el exterior,1,,0.4411957859992981,seguridad
cuando tendremos un buen gobierno cada vez lo veo más imposible me entristece,2,,0.4232337772846222,seguridad
y parece que nadie conoce a los secuestradores solo es cuestión de investigación sería,1,,0.5346694588661194,seguridad
me estás diciendo que mexico si puede implementar medidas de seguridad pero no para los mexicanos,1,,0.36859995126724243,seguridad
ven que si tienen con que detener el narco pero no lo hacen,2,,0.3852478265762329,seguridad
es de terror lo que vivimos en méxico,1,,0.5506800413131714,seguridad
debe ser una pesadilla vivir en mexico y un holocausto caminar en ella,1,,0.6497600674629211,seguridad
claudia se convirtió en calderón,5,,0.2805323004722595,seguridad
que triste la verdad y mas triste a un que le valga un cacahuate a la presidenta,1,,0.6492595672607422,seguridad
esa seguridad debe de ser permanente acaso vale mas la vida de extranjeros que los mexicanos,3,,0.2725886404514313,seguridad
justiciaaaaaaaaa,1,,0.3544765114784241,seguridad
ojalá en verdad cancelen el mundial,1,,0.5929002165794373,seguridad
bien hecho yo soy aficionado al fútbol pero antes que eso soy papá de tres y no quisiera pensar que algo les pasara sigan adelante apoyo total,4,,0.5422255396842957,seguridad
no queremos mundial queremos que busquen a nuestros desaparecidos,1,,0.5547976493835449,seguridad
a méxico le iban a quitar ser sede y a eeuu porque no si se metió en un lío con irán y a él no,1,,0.6523208022117615,seguridad
saben qué da mucha vergüenza que hay personas que prefieren que su equipo gane a que encuentren a los desaparecidos,1,,0.49162811040878296,seguridad
ahora resulta que si se puede cuidar las ciudades,3,,0.43101412057876587,seguridad
lo bueno es que méxico está en paz si no para que meter tanta seguridad,3,,0.33796006441116333,seguridad
y los mexicanos desapareciendo cada día,1,,0.30183175206184387,seguridad
que dejen ese plan para el resto del sexenio qué les cuesta,4,,0.33776041865348816,seguridad
ojalá suspendan ese mundial,1,,0.6666751503944397,seguridad
está es la propaganda que la fifa necesita para revivir el mundial,5,,0.4741111099720001,seguridad
me encanta el mundial será un evento que disfrutaré mucho tienen mucha razón ojalá el país fuera diferente,5,,0.723725438117981,seguridad
porque será que nos les creo si la policía es más corrupta que el gobierno,3,,0.2736591398715973,seguridad
el gobierno haciendo esto en mundial pero no lo hace a diario por que por que el gobierno esta al mando del narco,2,,0.33126020431518555,seguridad
proteger turistas x la derrama económica por unos dias y todos los ciudadanos que pagamos impuestos hasta x respirar no lo merecemos total burla para los mexicanos por mi que se cancele,1,,0.8613641262054443,seguridad
muy cierto,5,,0.2803137004375458,seguridad
que triste pero es la realidad que vivimos,3,,0.32616573572158813,seguridad
dios les de mucha más fuerza amor y valor para seguir algo que todo el gobierno carece vamos mexicanos apoyemos a la gente que si lo merece y no a un partido político que no merece que ninguna persona lo defienda,5,,0.6056697368621826,seguridad
no hay nada que celebrar que el mundo entero conozca lo que se vive aquí en méxico día con día el miedo a salir y no regresar,5,,0.4518405497074127,seguridad
para defender a los extranjeros y a los mexicanos cuando me da risa,5,,0.3716464936733246,seguridad
méxico mundial,5,,0.29529961943626404,seguridad
y están gastando en campañas,1,,0.48974213004112244,seguridad
y porque no hacen eso para sus ciudadanos,1,,0.49985751509666443,seguridad
que dolor caray,1,,0.32508018612861633,seguridad
i porque no asen eso por su propia jente,1,,0.37730109691619873,seguridad
jordy q el mundial no trae ningún beneficio al país anfitrión solo hay que investigar el desastre que ocurrió en cada país anfitrión del mundial,1,,0.7743769884109497,seguridad
como entonces si tienen la capacidad para desplazar un gran plan de seguridad para cuidar a los que son parte del mundial pero en diferentes estados no pueden erradicar la delincuencia que raro,3,,0.37479302287101746,seguridad
que no se haga en mexico,1,,0.5156102180480957,seguridad
we que se cancele,1,,0.5597081780433655,seguridad
nuestros desaparecidos muchos jugaban futbol,1,,0.4190552234649658,seguridad
son heroes que dios este con ellos y encuentren a sus seres amados,5,,0.6818534135818481,seguridad
por que no usan esa tecnología y elementos contra el crimen organizado que verguenza que el futbol tenga más importancia que la seguridad nacional,1,,0.7137450575828552,seguridad
y porque no protegen de esa misma forma a los mexicanos este gobierno es lo peor me enoja mucho,1,,0.7324398159980774,seguridad
para los turistas si hay seguridad y para nosotros los ciudadanos que,3,,0.3022160232067108,seguridad
totalmente de acuerdo por favor que nuestro próximo voto sea muy bien pensado,5,,0.49063584208488464,seguridad
o sea lo único que dan a entender es que méxico si tiene capacidad y de sobra en materia de seguridad pero solo para el mundial que interesante,3,,0.48732858896255493,seguridad
el detalle es que ls visitantes saben como los narcos están en la policia así que no es muy seguro,3,,0.4418732225894928,seguridad
por mucho que ame el fútbol la seguridad de las personas es importante el mundial no es importante cuando hay una crisis así en el país difundan el vídeo para que llegue a mas personas,2,,0.33890119194984436,seguridad
nada les embona que si hay seguridad que si es demasiada seguridad,2,,0.3618747591972351,seguridad
méxico está en guerra no tienen que hacer partidos ahí,1,,0.49459323287010193,seguridad
esto del mundial terminará muy mal,1,,0.7035202383995056,seguridad
dios bendiga a todas las personas que siguen buscando a sus hijos e hijas de todo corazón esperamos que puedan encontrar a sus jóvenes millones estamos con ustedes si podemos apoyar con algo cuentan con nosotros,5,,0.7060751914978027,seguridad
ojalá cancelen la sede,1,,0.491472452878952,seguridad
allá no voy a ir nunca,1,,0.7524423599243164,seguridad
los mexicanos también tenemos miedo de salir en méxico,1,,0.49194300174713135,seguridad
era fuerza aerea o pobreza aerea,1,,0.28971394896507263,seguridad
le recomiendo no ir por su bien el narc se va a cobrar vid me entristece mucho,2,,0.38646557927131653,seguridad
el gobierno viendo como están llenas las calles de desaparecidos,1,,0.31895214319229126,seguridad
osea que si se puede hacer el gobierno y sus mentiras nada nuevo,1,,0.36490750312805176,seguridad
no sé preocupen el mundial será mayormente en eeuu,1,,0.5008487105369568,seguridad
cuidan a todos menos a los mexicanos me da risa vaya cosa,1,,0.43464046716690063,seguridad
será el plan kukusklan me da risa muchisimo,5,,0.4487690329551697,seguridad
justicia y apoyo para todas las familias que tienen un familiar desaparecido me entristece,5,,0.5780918598175049,seguridad
kukulkán me da risa,1,,0.3219645917415619,seguridad
si el gobierno mexicano le diera importancia a las personas que dia a día desaparecen como al mundial nadie se quejaria pero lastimosamente no hacen nada,1,,0.5400980114936829,seguridad
bloqueen todos los partidos ya basta de esta injusticia me enoja,1,,0.8323978185653687,seguridad
debería haber seguridad siempre,4,,0.26193690299987793,seguridad
hay más personas desaparecidas que los habitantes de una ciudad del interior de panamá me entristece,1,,0.4115387201309204,seguridad
con esto demuestran que siempre han podido protegernos pero han decidido no hacerlo bendita 4t,3,,0.2683664560317993,seguridad
prefiero sentirme segura en mi país que un mundial o cualquier otra cosa 100,2,,0.34452366828918457,seguridad
si hay miedo en sus habitantes imagínate en habitantes de otros países,2,,0.2889872193336487,seguridad
y si el gobierno tiene esa capacidad de protección y defensa porque no aplica de manera permanente,3,,0.31839022040367126,seguridad
sólo para el mundial hee ya pasando regresa la realidad del país,2,,0.30043286085128784,seguridad
tengan en cuenta que cubrirán un lado pero otros quedarán desprotegidos y ahí se harán los madres por qué todo esto que dicen solo es en las sedes,2,,0.3668464124202728,seguridad
en lugar del mundial ayuden a esas familias,5,,0.45668825507164,seguridad
para eso si hay ejército marina gn pero aquí en sinaloa qué siga la violencia me gusta,3,,0.45409515500068665,seguridad
ay que me gusta saber que si hay seguridad,4,,0.3389544188976288,seguridad
tony osea están reconociendo que si pueden dar seguridad a méxico pero han escogido en no hacerlo todo este tiempo este régimen es una burla,1,,0.6704840660095215,seguridad
no queremos mundial queremos de regreso a nuestros desaparecid s,1,,0.6701410412788391,seguridad
cuándo sale el plan de seguridad que protege a los mexicanos,4,,0.22863851487636566,seguridad
el gobierno,5,,0.2991436719894409,seguridad
yo amo el futbol pero que muy bueno el gobierno solo actua por los extranjeros cuando hay lugares que del diario sufren de violencia miedo y aveces no hay manera de sobrevivir,5,,0.2539238929748535,seguridad
ojalá y se cancele que no vengan los equipos de fútbol a méxico,1,,0.6376745700836182,seguridad
huelgas en los estadios sedes de mundial,1,,0.405560702085495,seguridad
y si cooperamos para que impriman más,3,,0.42215827107429504,seguridad
así hubieran protegido al presidente municipal de uruapan el señor carlos manzo,1,,0.31767040491104126,seguridad
este gobierno es una real verguenza me da risa mucho,1,,0.9164606332778931,seguridad
y después de que se acabe el mundial a la normalidad de nuevo este operativo debería ser 24 7 los 365 y aplicarlo como nuevo decreto presidencial,1,,0.4885801672935486,seguridad
pues el mundial es cada 4 años desapareciones todos los días me da risa me da risa,1,,0.5282933115959167,seguridad
porque la fifa no le hace lo mismo a eeuu así como le hizo contra rusia cuando empezaron la guerra,1,,0.5236164331436157,seguridad
entonces si pueden proteger al país pero solo cuando les conviene,3,,0.39371779561042786,seguridad
ya que tengamos gente hacen el mundial,5,,0.40180259943008423,seguridad
y por que no usan esa fuerza para contrarrestar a quienes atentan contra los propios mexicanos,1,,0.5174462199211121,seguridad
ósea que si se puede realizar un plan de protección a los ciudadanos,3,,0.3841742277145386,seguridad
excelente,5,,0.7857319712638855,seguridad
vergüenza de gobierno tenemos,1,,0.7673113942146301,seguridad
los gobiernos quieren silenciar la molestia de la gente en tantos sectores que ya no saben que hacer y piensan que es puro boot,5,,0.3469979763031006,seguridad
oyeron bien tiene como objetivo proteger a los turistas,4,,0.45589834451675415,seguridad
qué dolor me entristece mucho,2,,0.4488639831542969,seguridad
y si boycoteamos el fútbol,1,,0.32850268483161926,seguridad
kukulkan me suena conocido,5,,0.23377856612205505,seguridad
es una realidad que en méxico se vive un tema de inseguridad muy severo pero mayormente estos movimientos no digo que todo esté financiado por partidos políticos,2,,0.38505271077156067,seguridad
no cuidan a los mexicanos que les espera a los turistas tstsss,1,,0.5764853358268738,seguridad
ojalá el mundial durara por siempre,5,,0.42437344789505005,seguridad
ojala encuentren a sus familiares,4,,0.29684126377105713,seguridad
muy muy bueno su plan para cuidar a extranjeros cuál es el plan para cuidar mexicanos,5,,0.6892383098602295,seguridad
entonces me están diciendo que si podemos tener un país seguro simplemente no nos daba la gana,1,,0.4818425476551056,seguridad
que triste que les importen más los turistas que su propia gente,1,,0.4257449209690094,seguridad
bien dicho,4,,0.44773656129837036,seguridad
nada que ver cada quien tiene su historia y lo que hoy desprecian tal vez es el salvavidas para otra persona que también está sufriendo,5,,0.6098390221595764,seguridad
amén muchas bendiciones y mi apoyo con ustedes justicia,5,,0.6702994108200073,seguridad
asi deberia de ser todo el año en vez de solo por el mundial dirán que eso requerira mucho dinero pero por eso se pagan impuestos y por eso le subio los impuestos a ciertas cosas,2,,0.37220942974090576,seguridad
y a usa no le van a decir nada,1,,0.61136794090271,seguridad
que fuerte bendiciones de todo corazón,5,,0.5205402374267578,seguridad
apoyo total y visibilidad a esta problemática,5,,0.42725664377212524,seguridad
una vez acabé el mundial el super plan se va,5,,0.4621259272098541,seguridad
y la seguridad de los cuidados mexicanos,5,,0.5200510025024414,seguridad
me entristece,2,,0.3901107609272003,seguridad
no al mundial,1,,0.4824075400829315,seguridad
así es fuera el mundial,5,,0.32702478766441345,seguridad
una vergüenza que el estado solo invierta en seguridad cuando necesitan aparentar pero a su propia gente deja que la desaparezcan y la maten como si nada,1,,0.8242709040641785,seguridad
si se hacen manifestaciones el día de los partidos yo creo que muchos jaliscienses los apoyamos,1,,0.3330187201499939,seguridad
botón para que cancelen el mundial méxico no lo merece,1,,0.6135131120681763,seguridad
todo el país debe manifestarse,5,,0.46587538719177246,seguridad
todo eso nos costará mucho dinero,5,,0.41963526606559753,seguridad
y plan para proteger a los turistas pero no a los mexicanos me da risa mucho,3,,0.39353320002555847,seguridad
que triste es verdad da prioridad al mundial y lo que me imagino es que después del mundial preparan nueva pandemia,1,,0.35932183265686035,seguridad
puedes tener el mejor plan pero si los elementos son c0rrup70s va estar denso,3,,0.554190993309021,seguridad
esté dispositivo de seguridad debería ser siempre,5,,0.4748300611972809,seguridad
va a ser el peor mundial q se realice,1,,0.8254550099372864,seguridad
que le hacen a la mamada esto no es ni mundial,1,,0.4235150218009949,seguridad
great podré viajar a méxico,5,,0.7458456158638,seguridad
oigan pero es sus fotos muy santitos no se ven,2,,0.29618701338768005,seguridad
ojala nadie vaya es muy peligroso,1,,0.9417943954467773,seguridad
nomas por un mundial suena como perú con los árboles me da risa me entristece,1,,0.39955782890319824,seguridad
en el estadio gritar fuera claudia,1,,0.357601135969162,seguridad
duermete,1,,0.2513642907142639,seguridad
total apoyo me gusta,5,,0.5640519857406616,seguridad
esperemos que si se cancele el mundial,1,,0.37014350295066833,seguridad
gente y quien protejera a los mexicanos del narcomorena piencen los extranjeros estaran protegidos los mexicanos y mexicanas no,1,,0.6903236508369446,seguridad
y porque no dejan ese plan permanente para combatir a los narcos,2,,0.35730844736099243,seguridad
ahora si despliegan seguridad por partidos de fútbol cuando esté plan debió y debe estar siempre activo para nosotros los mexicanos,5,,0.24602603912353516,seguridad
menos ganas me dieron de ir a méxico la neta,1,,0.5003121495246887,seguridad
eso deberían de hacer todo el año y en todo méxico no nomas en esos eventos,1,,0.3575330078601837,seguridad
ojalá algún día logren encontrar a sus familiares pero con todo respeto empezó mal tu vídeo pues todos tenemos derecho de vivir y divertirnos y la vida sigue no xq algunos la estemos pasando mal el país se tiene q paralizar dios los ayude y su familiar regrese me gusta,1,,0.47277122735977173,seguridad
no hay peor ciego que el que no quiere ver si pueden dar seguridad pero no quieren me enoja,3,,0.3716960847377777,seguridad
sea como sea esos narcos van a acabar con los turista y dañará el mundia en esa parte acuérdense de mi,5,,0.3556808531284332,seguridad
hagan un go found me o algo para aportar a sus impresiones,3,,0.27796703577041626,seguridad
pero si peña nieto fue el que trajo el mundial a méxico,3,,0.39403092861175537,seguridad
todos tienen fintas licenciados,5,,0.31218695640563965,seguridad
no vaya a ser que desaparecen 20 alumnos de 19 años porque ahi si ni voltean a ver,1,,0.4450869560241699,seguridad
y porque no hacen eso siempre,1,,0.5188553929328918,seguridad
no al mundial,1,,0.4824075400829315,seguridad
claudia chimbaun viendo el video,1,,0.24813123047351837,seguridad
que tristeza que tengan que arreglar la violencia por el mundial y no por el bien de los mexicanos,1,,0.5201215147972107,seguridad
beatrice manguito me da risa ifusión difusión difusión difusión difusión difusión difusión difusión difusión difusión difusión difusión difusión difusión difusión difusión difusión difusión difusión difusión difusión difusión difusión difusión difusión difusión difusión difusión difusión difusión difusión difusión difusión difusión difusión difusión difusión difusión difusión difusión difusión difusión difusión difusión difusión difusión difusión difusión difusión difusión difusión difusión difusión difusión difusión difusión difusión difusión difusión difusión difusión difusión difusión difusión difusión difusión difusión difusión difusión difusión difusión difusión difusión difusión difusión difusión difusión difusión difusión difusión difusión difusión difusión difusión difusión difusión difusión difusión difusión difusión difusión difusión difusión difusión difusión difusión difusión difusión difusión difusión difusión difusión difusión difusión difusión difusión difusión difusión difusión difusión difusión difusión difusión difusión difusión difusión difusión difusión difusión difusión difusión difusión difusión difusión difusión difusión difusión difusión difusión difusión difusión difusión difusión difusión difusión difusión difusión difusión difusión difusión difusión difusión difusión difusión difusión difusión difusión difusiónj difusión difusión,1,,0.5649108290672302,seguridad
que bueno por lo que estan haciendo muestren la realidad que vivimos dios los ayude tanto en lo económico como lo espiritual porque es horrible no saber donde esta tu hijo e o hija me da risa me gusta mucho,5,,0.4596724212169647,seguridad
no queremos mundial queremos seguridad,1,,0.28013885021209717,seguridad
digan no al mundial en méxico no es seguro,1,,0.551925778388977,seguridad
heeeey turistas no crean todo esto ni aviones tenemos me da risa mucho,1,,0.5912235975265503,seguridad
y por qué no han querido hacer eso desde el sexenio pasado en todo el país para proteger a todos los mexicanos una vez más demuestran que no les importamos harán todo esto porque les urge tener al mundial,5,,0.3060958981513977,seguridad
interactuando por empatía espero logren algún día encontrar paz,5,,0.43413829803466797,seguridad
consejo de un mexicano si tienes la oportunidad de venir al mundial por favor desaprovecha lo no es nada seguro,1,,0.5733309388160706,seguridad
eso no tiene nada que ver con el mundial,2,,0.2983893156051636,seguridad
que vergüenza mi méxico,1,,0.6422924399375916,seguridad
ósea que a nuestro gobierno le importan más los gringos y la gente extranjera que su propia gente nacida en méxico chaleee,1,,0.3742265999317169,seguridad
que horror me duele mis hermanos hispanos como los políticos los abandonan por un sueldo y vivir como millonarios,5,,0.4022398889064789,seguridad
fifa debería de sacar a méxico del mundial,1,,0.47938016057014465,seguridad
me gusta mucho el fut pero dada las circunstancias ni me emociona nada el mundial prefiero otro méxico que un mundial,3,,0.45868322253227234,seguridad
justicia para todos los desaparecidos es muy grave lo que están viviendo,1,,0.3013080060482025,seguridad
interactuando me entristece,4,,0.29930341243743896,seguridad
y sin el mundial no lo van a hacer o qué,1,,0.5207489728927612,seguridad
ojo turistas tienen 15 días antes del mundial para entrar y 15 días después del mundial para salir después el gobierno no es responsable de lo que les pase,1,,0.680590033531189,seguridad
igual que en todos los países que pena,5,,0.5886321663856506,seguridad
osea si hay tecnología y dinero para cuidar a extranjeros pero para proteger en méxico a los mexicanos nadota,3,,0.30898594856262207,seguridad
presidente pon tu denuncia,1,,0.46350470185279846,seguridad
quieren tapar lo que no se puede ocultar todo lo que pasa a diario,5,,0.3986145853996277,seguridad
por que no usan ese despliegue para pelear contra los narcos,1,,0.40285396575927734,seguridad
por qué tik tok no nos deja hacer repost,1,,0.3933253288269043,seguridad
y así claudia dice que no vean tv azteca más bien no quiere que vean sus errores cómo líder,1,,0.28825005888938904,seguridad
no me gusta el gobierno gasta millones en un torneo que nisiquiera vamos a ganar me da risa,1,,0.7328733205795288,seguridad
es una burla para las y los mexicanos,1,,0.5290037989616394,seguridad
ojalá así fuera la seguridad y compromiso siempre no cabe duda que a este gobierno el pueblo le malo,5,,0.2533411681652069,seguridad
y estados unidos no se lo van a quitar esta en plena guerra,1,,0.5008037090301514,seguridad
nadie deberia comprar esos boletos tan caros no lo valen,1,,0.8670393824577332,seguridad
proteger a méxico durante el mundial chale bro está claro que no merecemos ser una sede del mundial,1,,0.3650939166545868,seguridad
con el estado sinaloa ya se demostró que méxico es un país fallido,1,,0.6024090647697449,seguridad
peña nieto trajo el mundial,5,,0.40669456124305725,seguridad
nos traicionó el sistema,1,,0.5406015515327454,seguridad
y cuando nos van a proteger a nosotros,5,,0.49677374958992004,seguridad
y q podrian hacer decir no al mundial y seguir como siempre,1,,0.37460243701934814,seguridad
seguridad gobierno solo seguridad esto está de terror ya no vive uno ya no disfruta uno asus hijos ya solo trae uno temor en que si regresará así balla a la esquina nuestros hijos me entristece muchisimo,1,,0.8657999038696289,seguridad
che gobierno hipócrita,1,,0.27659767866134644,seguridad
mejor que se use el dinero para buscar a los desaparecidos,5,,0.5916983485221863,seguridad
bien por uds padres y madres valientes dios los cuide y proteja,4,,0.4704819321632385,seguridad
q selo quiten me da risa,3,,0.32244521379470825,seguridad
mexico vs mexico me da risa,1,,0.30644097924232483,seguridad
espero encuentren pronto a sus seres queridos,5,,0.579850435256958,seguridad
interactuando,4,,0.420749694108963,seguridad
eso tendria que ser siempre no solo por el mundial,3,,0.28525546193122864,seguridad
el turismo también aporta fortalece la economía es obvio que debe ser seguro porque criticamos todo,4,,0.4272576868534088,seguridad
se me hizo un nudo en la garganta un abrazo a los familiares desde venezuela me gusta,4,,0.34432029724121094,seguridad
solo para el mundial después seguirá la carnicería,3,,0.32514774799346924,seguridad
y por que no han aplicado ese plan para proteger a los mexicanos,1,,0.5917888283729553,seguridad
lemus preocúpate por el pueblo,1,,0.3043515980243683,seguridad
y si mejor nos protegen a nosotros me da risa,5,,0.5106480717658997,seguridad
interactuando para que se haga viral,4,,0.311815083026886,seguridad
si se puede cambiar esto es un ejemplo vamos méxico ojalá quedo esa vigilancia permanentemente,1,,0.2902017831802368,seguridad
en méxico no existe la delincuencia y menos la desaparición recuerden que es desaparición voluntaria así como dice su presidenta no nos olvidemos de los que nos faltan,1,,0.7131999731063843,seguridad
con ese plan se dan cuenta que si tienen todos los recursos para la seguridad pero no lo hacen,2,,0.3398720920085907,seguridad
por qué los gobiernos de colombia y mexico se parecen tanto,3,,0.25178825855255127,seguridad
combatir el narco nehhh proteger a weyes pateando un balón tráete a x force y hasta batman,5,,0.2934916317462921,seguridad
bienvenidos a la realidad que kukulkán ni que uds son los verdaderos titi capy del crimen organizado son una cofradía de mafiosos y corruptos,5,,0.3401392698287964,seguridad
proteger a los mexicanos proteger a los turistas,5,,0.32305923104286194,seguridad
nada que ver una cosa con la otra,1,,0.30352890491485596,seguridad
boicoteen el mundial,1,,0.39445364475250244,seguridad
es algo stpido que gasten más en un juego que en algo que importe,3,,0.4332687556743622,seguridad
este gobierno es una mierda pura mierda,1,,0.8457556366920471,seguridad
manguito me da risa ifusión difusión difusión difusión difusión difusión difusión difusión difusión difusión difusión difusión difusión difusión difusión difusión difusión difusión difusión difusión difusión difusión difusión difusión difusión difusión difusión difusión difusión difusión difusión difusión difusión difusión difusión difusión difusión difusión difusión difusión difusión difusión difusión difusión difusión difusión difusión difusión difusión difusión difusión difusión difusión difusión difusión difusión difusión difusión difusión difusión difusión difusión difusión difusión difusión difusión difusión difusión difusión difusión difusión difusión difusión difusión difusión difusión difusión difusión difusión difusión difusión difusión difusión difusión difusión difusión difusión difusión difusión difusión difusión difusión difusión difusión difusión difusión difusión difusión difusión difusión difusión difusión difusión difusión difusión difusión difusión difusión difusión difusión difusión difusión difusión difusión difusión difusión difusión difusión difusión difusión difusión difusión difusión difusión difusión difusión difusión difusión difusión difusión difusión difusión difusión difusión difusión difusión difusión difusión difusión difusión difusión difusión difusión difusión difusión difusión difusión difusiónj difusión difusión,1,,0.6107774376869202,seguridad
a pero a los mexicanos que pagamos sus sueldos con nuestros impuestos que nos sigan desapareciendo y desviviendo fuera este gobierno corrupto,1,,0.7424737215042114,seguridad
no soy de méxico pero como que hay más enfoque en el mundial que en su gente,3,,0.3525458574295044,seguridad
pongan a kukulkán pero en todo méxico si pueden hacer eso por qué no por los mexicanos me da risa,1,,0.34108904004096985,seguridad
la fifa deberían de suspender el mundial en méxico,1,,0.5821735262870789,seguridad
too late ya se canceló mi viaje a mx y no pienso volver a pasar por la incertidumbre de si habrá balacera o no,1,,0.6391838192939758,seguridad
no queremos mundial queremos que los desaparecidos regresen a casa,1,,0.5714163780212402,seguridad
y los 130 millón es pa cuando a ya me acorde nosotros no dejamos millones de,1,,0.5001259446144104,seguridad
la verdad para que queremos un mundial si la selección mexicana no va a ganar el mundial,5,,0.33202221989631653,seguridad
que se cancele el mundial en mexico detodosmodos nunca ganamos,1,,0.789391279220581,seguridad
no vean tv azteca,1,,0.575167715549469,seguridad
protegenbal turista pero no al pueblo,3,,0.3148980438709259,seguridad
pero ellos no tienen la culpa,3,,0.3434450328350067,seguridad
ojalá y esos operativos se hicieran contra el narco,1,,0.4809962809085846,seguridad
superhipo35 prefiero un méxico sin desaparecidos que un mundial espero que puedan encontrarlos y los familiares tengan paz,5,,0.7142841219902039,seguridad
pero protesten,3,,0.33307257294654846,seguridad
entonces la seguridad es cuestión de voluntad,2,,0.3605114817619324,seguridad
de burla,1,,0.2469974309206009,seguridad
si así nos cuidaran a los mexicanos,3,,0.31911394000053406,seguridad
mientras tanto en los lugares que no vamos a recibir mundial vamos a estar bien desprotegidos,3,,0.2598852813243866,seguridad
me dueles mexico me entristece mucho,2,,0.3690331280231476,seguridad
pues chad no,1,,0.4011419415473938,seguridad
para la seguridad durante la copa del mundo osea que los demás dias de año les vale vrg,4,,0.4123431146144867,seguridad
méxico no merece el mundial de fútbol,1,,0.5844709873199463,seguridad
que tristeza que para los desaparecidos no exista el más mínimo interés por parte del gobierno me entristece,1,,0.4722104072570801,seguridad
hablando mucho de méxico y un pais vecino esta en guerra,1,,0.22430449724197388,seguridad
pobres papás,1,,0.4837692379951477,seguridad
que guerreros luchadores dios los bendiga y los proteja encuentren a sus desaparecidos amén,5,,0.5323347449302673,seguridad
estamos con ustedes,5,,0.4725284278392792,seguridad
mis oraciones para mexico y todos los padres que buscan a sus seres queridos,5,,0.5851012468338013,seguridad
creo que como ciudadanos deberíamos demostrar indiferencia ante el mundial no participar en los eventos no gastar en absoluto nada con refente al mundial,1,,0.7354310750961304,seguridad
asta los carteles los van a cuidar verdad narco gobierno,5,,0.31530430912971497,seguridad
yo no veo gente levantando la voz pero si preocupados por los artistas,3,,0.37409982085227966,seguridad
entonces sí tiene el gobierno la capacidad para desplegar un plan estratégico para brindar seguridad a las personas pero sólo lo usarán para el mundial,2,,0.3828021287918091,seguridad
esque el gobierno es parte de los desaparecidos,1,,0.46030193567276,seguridad
y porque no lo han hecho en contra del narco y se hubieran perdido vidas de la guardia nacional,1,,0.5386632680892944,seguridad
díganle a claudia q es la responsable,5,,0.44498410820961,seguridad
y si hay coches bombas como ya lo han hecho ahí también sabrán que es un coche bomba o como,3,,0.2791118323802948,seguridad
el plan kukulcán decirle a sus amigos la maña que no hagan desmadre mientras está el mundial,5,,0.2869437634944916,seguridad
súper buena idea este país no es perfecto como lo quiere pintar la presidena,3,,0.3661939203739166,seguridad
no puede ni con los que vivimos en méxico menos con millones de turistas me da risa,1,,0.6975865960121155,seguridad
jajajjajajjajs,4,,0.29306942224502563,seguridad
este wey ya me da risa me da risa muchisimo,5,,0.5818767547607422,seguridad
a los gobiernos no les importa ni el fútbol ni los jugadores solo les importa tener una cortina de humo,1,,0.7140381932258606,seguridad
ni que regalen pasajes estadias comidas traslados y las entradas voy a méxico,1,,0.5747172236442566,seguridad
wow y proteger a méxico siempre se les olvida,5,,0.7701044678688049,seguridad
suena muy bonito ojalá así combatieran a la delincuencia organizada,5,,0.49795177578926086,seguridad
justo acabo de escuchar un episodio de pepe y chema donde dicen que las fiscalías no tienen dinero para hojas para imprimir o tinta para los archivos que necesitan o al menos esa es la excusa que dan,1,,0.31728678941726685,seguridad
que se cancele el mundial,1,,0.5203826427459717,seguridad
plan kukulcán cagarla más,3,,0.375078022480011,seguridad
interactuemos,4,,0.39954227209091187,seguridad
ósea solo pretegen extranjeros pero a nosotros los mexicanos nooooo,1,,0.4662877917289734,seguridad
podría no haber asientos vacíos en el mundial pero sí hay casas familias que tienen una silla de su comedor vacía y un estadio lleno no significa nada a comparación de eso,2,,0.3964845836162567,seguridad
méxico ni estados unidos merecen ser sede,1,,0.24106384813785553,seguridad
osea van a cuidar el mundial en méxico y no a sus ciudadanos x estar los cuerpos policíacos muy ocupados,1,,0.3527558147907257,seguridad
nunca olviden a sus hijos,5,,0.35769161581993103,seguridad
entiendo la rabia a todos nos urge esa seguridad a diario pero el plan ese no es un regalo para los turistas es un requisito legal de la fifa si méxico no cumple nos quitan el evento y perdemos la inversión de nuestros impuestos pasó igual en brasil en rusia y en qatar es logística pura no preferencia,1,,0.5807388424873352,seguridad
es sabido que los gobiernos gastan mucho dinero para promocionar su imagen y logros desgraciadamente las personas desaparecidas no son negocio que es lo que ahorita quieren tener por el mundial,1,,0.4916316270828247,seguridad
la gente que se queja del mundial como si el mundial tuviera la culpa la culpa la tiene el gobierno y aparte casi todo el mundial se jugará en usa y canadá,1,,0.5799124836921692,seguridad
deberian cambiar la sede por inseguridad,1,,0.5823705196380615,seguridad
claudia dice que méxico súper bien,5,,0.5182806849479675,seguridad
cancelen el mundial,1,,0.5776230692863464,seguridad
para que no lo quiten el mundial que burla me da risa mucho,2,,0.2478099912405014,seguridad
dios los bendiga e ilumine su camino,5,,0.6938210129737854,seguridad
en la cara del mexicano se burlan los del gobierno morena,1,,0.6127063632011414,seguridad
que peligro ir a méxico este va a ser el peor mundial de todos,1,,0.8607668876647949,seguridad
están diciéndo que para extranjeros si hay seguridad pero para los mexicanos nuncaaa,1,,0.451139897108078,seguridad
exacto,5,,0.5833423137664795,seguridad
recordar que los desaparecidos también son mexicanos me entristece,5,,0.2715762257575989,seguridad
solo la gente entenderá cuando le pase a un familiar tristemente,1,,0.4111279249191284,seguridad
haber el gobierno no destina ya dinero para la realización del mundial eso lo hace la federación de fútbol y los empresarios dos existen fiscalias especializadas en ese tema,1,,0.5803154110908508,seguridad
y eso porque no lo hicieron con carlos manzo,1,,0.3471914529800415,seguridad
esto debe de ser todos los días no solo por el evento,5,,0.39172089099884033,seguridad
cancelen el mundial en méxico,1,,0.5552859902381897,seguridad
no al mundial me enoja muchisimo,2,,0.42813384532928467,seguridad
no pueden proteger a los mexicanos ahora quieren proteger todo un evento con extranjeros el gobierno solo quiere aparentar un bien que no es,1,,0.7441837787628174,seguridad
quieren proteger a gente de fuera para un mundial pero a su gente no,2,,0.30366218090057373,seguridad
dios mío tantas personas desaparecidas que triste de verdad,1,,0.5122345089912415,seguridad
no queremos mundial queremos justicia,1,,0.5180366039276123,seguridad
buen maquillaje para el espectáculo mientras tanto que continúen los juegos del hambre,4,,0.5613957047462463,seguridad
que cancelen el mundial,1,,0.4819714426994324,seguridad
y si hacemos el plan kukulkán permanente y no nada más en el mundial,5,,0.3804825246334076,seguridad
soy peruano y ni así pienso ir,1,,0.5741850733757019,seguridad
esos mundiales funcionan x tantos corruptos y x las personas aficionadas eso ya no ayuda en nada,1,,0.8503831624984741,seguridad
oigan una pregunta en mi tierra también ay desaparecidos pero andan con esa propaganda sirve de algo pregunto,1,,0.40320485830307007,seguridad
pq no ponen los letreros tmb en inglés para q los turistas entiendan q hay mucho mas cosas que cosas culturales en méxico,1,,0.675010085105896,seguridad
y por que no dejan el plan kukulkan de manera permanente para todos los ciudadanos mexicanos,1,,0.43879884481430054,seguridad
que triste esa seguridad la necesita culiacan guanajuato jalisco y sobretodo las madres buscadores es que méxico esta así porque quiere,1,,0.36268335580825806,seguridad
apoyo para los padres y madres que buscan a sus hij s,4,,0.4843920171260834,seguridad
no al mundial,1,,0.4824077785015106,seguridad
no entendí por que lo sacá si no a se nada los papeles ahí,1,,0.44905510544776917,seguridad
la presidenta ya abrió una carpeta de investigación,5,,0.37136703729629517,seguridad
ya no miren tv azteca,5,,0.3051801323890686,seguridad
necesitamos mundiales las 24 horas de por vida en mexico,1,,0.3120969235897064,seguridad
y los padres en casa qué hacemos por educar a nuestros hijos todo se lo queremos dejar a los gobiernos si nosotros no podemos con uno o dos hijos menos el gobierno no va a poder con millones,5,,0.4029962122440338,seguridad
donde seles puede donar para los recursos que necesiten,4,,0.4424469769001007,seguridad
me estás diciendo que se tiene que hacer todo eso para que se pueda jugar en paz un mundial allí,5,,0.2389031946659088,seguridad
manguito me da risa ifusión difusión difusión difusión difusión difusión difusión difusión difusión difusión difusión difusión difusión difusión difusión difusión difusión difusión difusión difusión difusión difusión difusión difusión difusión difusión difusión difusión difusión difusión difusión difusión difusión difusión difusión difusión difusión difusión difusión difusión difusión difusión difusión difusión difusión difusión difusión difusión difusión difusión difusión difusión difusión difusión difusión difusión difusión difusión difusión difusión difusión difusión difusión difusión difusión difusión difusión difusión difusión difusión difusión difusión difusión difusión difusión difusión difusión difusión difusión difusión difusión difusión difusión difusión difusión difusión difusión difusión difusión difusión difusión difusión difusión difusión difusión difusión difusión difusión difusión difusión difusión difusión difusión difusión difusión difusión difusión difusión difusión difusión difusión difusión difusión difusión difusión difusión difusión difusión difusión difusión difusión difusión difusión difusión difusión difusión difusión difusión difusión difusión difusión difusión difusión difusión difusión difusión difusión difusión difusión difusión difusión difusión difusión difusión difusión difusión difusión difusiónj difusión difusión,1,,0.6107774376869202,seguridad
me da risa ifusión difusión difusión difusión difusión difusión difusión difusión difusión difusión difusión difusión difusión difusión difusión difusión difusión difusión difusión difusión difusión difusión difusión difusión difusión difusión difusión difusión difusión difusión difusión difusión difusión difusión difusión difusión difusión difusión difusión difusión difusión difusión difusión difusión difusión difusión difusión difusión difusión difusión difusión difusión difusión difusión difusión difusión difusión difusión difusión difusión difusión difusión difusión difusión difusión difusión difusión difusión difusión difusión difusión difusión difusión difusión difusión difusión difusión difusión difusión difusión difusión difusión difusión difusión difusión difusión difusión difusión difusión difusión difusión difusión difusión difusión difusión difusión difusión difusión difusión difusión difusión difusión difusión difusión difusión difusión difusión difusión difusión difusión difusión difusión difusión difusión difusión difusión difusión difusión difusión difusión difusión difusión difusión difusión difusión difusión difusión difusión difusión difusión difusión difusión difusión difusión difusión difusión difusión difusión difusión difusión difusión difusión difusión difusión difusión difusión difusión difusiónj difusión difusión,1,,0.5100714564323425,seguridad
realidad tan triste que vivimos,1,,0.47949346899986267,seguridad
prefiero un méxico sin desaparecidos que un mundial espero que puedan encontrarlos y los familiares tengan paz,1,,0.30464285612106323,seguridad
la presidente ya pactó tregua con su socio el narco,1,,0.27184608578681946,seguridad
y porque toda esa fuerza y seguridad no la usan también para limpiar a cada estado y al país del crimen organizado,1,,0.3834679424762726,seguridad
no queremos mundial me enoja,5,,0.518876850605011,seguridad
híjole va a pasar lo mismo que tlatelolco eh,1,,0.3870946168899536,seguridad
y si exigimos que no sea lo del mundial,3,,0.26936641335487366,seguridad
un abrazo a las familias apoyemos para que se hagan virales y los escuchen me entristece mucho,5,,0.26178547739982605,seguridad
solo durante la copa ah que fregon me enoja,1,,0.4663873612880707,seguridad
dios los cuide y proteja ojalá que pronto encuentren a sus seres queridos,5,,0.49140501022338867,seguridad
si no hay paz para la gente que no haya paz para el gobierno,1,,0.36226797103881836,seguridad
canada en crisis estados unidos en guerra méxico también en guerra pero interna,1,,0.3655281066894531,seguridad
y si lo hacen el plan de seguridad todo el año no llámame loco,1,,0.27035918831825256,seguridad
hoy hablamos de fútbol,5,,0.29409775137901306,seguridad
nadie entiende este dolor hasta que lo vive en carne propia para los que prefieren el mundial y defienden la propaganda deseo que nunca tengan que pasar por una situación de un familiar conocido o amigo desaparecido porque cuando pasa ya no existe la paz ni para dormir,1,,0.7333983778953552,seguridad
no queremos mundial queremos seguridad y paz,5,,0.4077967703342438,seguridad
y le pusieron kukulkan me da risa muchisimo,5,,0.5630903244018555,seguridad
no queremos mundial me enoja,5,,0.5188761353492737,seguridad
por qué no dices el contexto quien negoció y firmó el contrato para el mundial fue el prian,1,,0.44048288464546204,seguridad
este mundial está maldito ya verán lo q está x venir,1,,0.8570200204849243,seguridad
alv el mundial queremos seguridad,5,,0.5460607409477234,seguridad
es verdad,5,,0.43075796961784363,seguridad
que ése tipo de seguridad sea para todo el país y permanente,5,,0.6344486474990845,seguridad
se lo ban a quitar a méxico por el narco pero no a usa por literal estar en gerra me da risa,1,,0.6370106339454651,seguridad
es una maldad que hagan este tipo de cosas con las familias que buscan a sus seres queridos,1,,0.7086251378059387,seguridad
ideas caminar el dia del mundial en jalisco,5,,0.4587455987930298,seguridad
estan marcando una diferencia y que tristeza que tantas familias sigan llorando por su desaparecido,5,,0.5688117146492004,seguridad
y se acaba el mundial y todo vuelve a lo mismo,5,,0.42355120182037354,seguridad
fuerza a las familias,5,,0.48819366097450256,seguridad
lo que acabo de llorar con este video,5,,0.6498864889144897,seguridad
hagamos una marcha el día del mundial,5,,0.4637739658355713,seguridad
como dicen solo barres tu casa cuando vienen visitas,1,,0.3571188747882843,seguridad
me dolió en el alma al escuchar para cuidar a los extranjeros asi nuestro país se preocupan por su gente me entristece,1,,0.32933494448661804,seguridad
te odio te odio con todo mi ser gobierno de méxico,5,,0.3849751651287079,seguridad
o sea que si se puede acabar la inseguridad en culiacan pero no quieren,1,,0.3928860127925873,seguridad
ojalá no se haga ese mundial,1,,0.4799422323703766,seguridad
me da risa alch qpdo porque solo cuando viene gente externa y no lo dejan para proteger a los mismos mexicanos vlv,1,,0.4851626753807068,seguridad
se hará el mundial duele todo pero esto ya está también hecho,3,,0.2434794157743454,seguridad
no pues ir que no hacen eso no solo durante el mundial,1,,0.5072177052497864,seguridad
no queremos mundial queremos seguridad para el pias y nosotros los mexicanos vivamos en paz me enoja mucho,5,,0.5189245343208313,seguridad
la verdad es admirable el coraje y determinación de todas estas familias,5,,0.7244174480438232,seguridad
yo si estoy en contra del mundial hay temas de seguridad y salud que son mas importantes,3,,0.3503638207912445,seguridad
que horrible realidad,1,,0.8545877933502197,seguridad
poca vergüenza quien pagamos impuestos munde que me sirve,1,,0.375695139169693,seguridad
deberían de quitarle el mundial a estados unidos loreto,1,,0.4554293155670166,seguridad
una manifestación grande el día del mundial,5,,0.5106548070907593,seguridad
no es verdaaaad no vayaaaaan,1,,0.7027671933174133,seguridad
no queremos el mundial en méxico no queremos el mundial en jalisco,1,,0.37440207600593567,seguridad
ah entonces si se puede dar seguridad pero no para nosotros que interesante,3,,0.4566570222377777,seguridad
15 días después que nos lleve la porra a todos méxico igual de inseguro,1,,0.8750741481781006,seguridad
el mundial no trae ningún beneficio al país anfitrión solo hay que investigar el desastre que ocurrió en cada país anfitrión del mundial,1,,0.7954410910606384,seguridad
no hay seguridad para nosotros los mexicanos cómo quieren asegurar a los extranjeros,1,,0.4466068744659424,seguridad
así pongan un millón de agentes de nada sirve si todos son corruptos,1,,0.843620240688324,seguridad
me da risa se pasan es mejor proteger a los turistas no,1,,0.4783320724964142,seguridad
camila te seguimos buscando,5,,0.4339033365249634,seguridad
lamentablemente así es gastan en cosas que ni al caso y nosotros que tenemos un desaparecido ni nos voltean a ver me entristece,1,,0.791889488697052,seguridad
mas de 23000 millones gastados y mal gastados,1,,0.7920569777488708,seguridad
tampoco estados unidos es seguro con sus guerras,1,,0.40557071566581726,seguridad
justicia,5,,0.3581604063510895,seguridad
alcemos la voz,5,,0.3270932137966156,seguridad
ojalá todos pudieran regresar con bien a su casa,1,,0.33418822288513184,seguridad
espero puedan encontrar cada una de las familias a sus desaparecidos y el apoyo total,5,,0.5969836711883545,seguridad
esto es importante que escuchen todos los gobiernos y los pueblos las personas son importantes,5,,0.6136668920516968,seguridad
presiento que algo muy malo pasara yo no iría a ningún estadio a andaría en las calles en esas fechas,1,,0.5868412256240845,seguridad
pero la presidenta dice que todo esta excelente y nada de esto pasa,3,,0.2601765990257263,seguridad
este problema tiene años y el gobierno no muestra acciones por colaborar de manera efectiva en la búsqueda de personas desaparecidas miran hacia otro lado y con el mundial encima menos atenderán esta necesidad que debe ser prioritaria mis mejores deseos para que encuentren a sus familiares desaparecidos,1,,0.5396426320075989,seguridad
pan y circo control me entristece,2,,0.33293312788009644,seguridad
plan kukulkán es todo el año no solo en mundial,5,,0.5577163100242615,seguridad
justicia,5,,0.3581604063510895,seguridad
no estamos en contra del mundia,1,,0.41093909740448,seguridad
yo si quiero el mundial pero creo que no se debió a ver aceptado el torneo ya que ahorita hay demasiados desaparecidos,2,,0.3722166419029236,seguridad
eso significa después del mundial seguiremos igual o peor me gusta,5,,0.3504413366317749,seguridad
y aparte el gobierno gastando millones para los 2 3 partidos pedorros que van a tener,1,,0.5124140381813049,seguridad
señor porque no decían nada antes porque haora me enoja mucho,5,,0.7082129120826721,seguridad
muy cierto no se dan de cuenta que hay realmente prioridades me entristece mucho,2,,0.4153943359851837,seguridad
el bicho campeón,5,,0.4909639358520508,seguridad
pues no es culpa de los que traen los mundiales si no de la gente que asiste a los partidos sin ellos no habría mundial,1,,0.40369680523872375,seguridad
superhipo35 prefiero un méxico sin desaparecidos que un mundial espero que puedan encontrarlos y los familiares tengan paz,5,,0.7142839431762695,seguridad
el sipisapo de seguridad,5,,0.34397876262664795,seguridad
brkn void me da risa ifusión difusión difusión difusión difusión difusión difusión difusión difusión difusión difusión difusión difusión difusión difusión difusión difusión difusión difusión difusión difusión difusión difusión difusión difusión difusión difusión difusión difusión difusión difusión difusión difusión difusión difusión difusión difusión difusión difusión difusión difusión difusión difusión difusión difusión difusión difusión difusión difusión difusión difusión difusión difusión difusión difusión difusión difusión difusión difusión difusión difusión difusión difusión difusión difusión difusión difusión difusión difusión difusión difusión difusión difusión difusión difusión difusión difusión difusión difusión difusión difusión difusión difusión difusión difusión difusión difusión difusión difusión difusión difusión difusión difusión difusión difusión difusión difusión difusión difusión difusión difusión difusión difusión difusión difusión difusión difusión difusión difusión difusión difusión difusión difusión difusión difusión difusión difusión difusión difusión difusión difusión difusión difusión difusión difusión difusión difusión difusión difusión difusión difusión difusión difusión difusión difusión difusión difusión difusión difusión difusión difusión difusión difusión difusión difusión difusión difusión difusiónj difusión difusión,1,,0.6398499608039856,seguridad
mucho activismo en los comentarios pero la mayoría compraron los álbumes qué es una ganancia para ellos y van hasta endeudarse alguno para ir al mundial,2,,0.42492571473121643,seguridad
no pueden protegernos a nosotros ah pero que tal a los visitantes es una burla más me da risa mucho,1,,0.42761391401290894,seguridad
entonces solo habrá seguridad por el mundial me entristece,2,,0.41305240988731384,seguridad
que triste que solo por presión extranjera este gobierno mediocre haga lo que tiene que hacer,1,,0.4863368272781372,seguridad
aquí en méxico se preocupa más por pendejadas como el mundial que por las cosas que verdaderamente importa a si es méxico,1,,0.3757290840148926,seguridad
es ridículo que solo por el mundial desplieguen tanta seguridad así eso debió haber sido hace años y siempre,1,,0.529566764831543,seguridad
no pues entonces que nunca se vayan los turistas caray para estar más protegidos,1,,0.5012950301170349,seguridad
wey y porque no ablas de eeuu de nada,1,,0.6854246258735657,seguridad
se dan cuenta que eso lo podrían hacer sin el mundial y no lo hacen,1,,0.47511357069015503,seguridad
a la muy malo el mundial,1,,0.7218149304389954,seguridad
dos puntos el primero hagan una manifestación durante los partidos del mundial afuera de los estadios en las zonas donde habrá pantallas para ver los partidos y etc habrá medios de todo el mundo y gente de muchos países que posiblemente lleguen a grabar y se haga noticia mundial cierren también algunas calles para hacer más tardado el acceso a los partidos asi podrán ser más escuchados y tendrán la ayuda que necesitan segundo punto la mayoría del dinero invertido para remodelaciones decoraciones etc es por parte de la fifa el gobierno solo pone una pequeña parte realmente el gobierno si quisiera ayudar ya hubiera destinado más fondos a eso pero simplemente no quiere amo el fútbol y estoy a favor del mundial pero sinceramente no sería lo mismo si mi madre me gusta hermana o amigos no estuvieran para verlo a mi lado ojalá que encuentren a sus familiares y que vivan en paz esperemos que sean escuchados y que el gobierno haga algo,2,,0.6545877456665039,seguridad
es más importante el mundial,5,,0.47286903858184814,seguridad
y mas de 200 mdp en remodelacion en jalisco que tristeza,1,,0.4253591001033783,seguridad
que hagan su trabajo no mundial tantas carencias necesidades para el mundial deberían plantarse en los estadios lo familiares de desaparecidos en protesta para que el mundo se de cuenta de lo que se vive,1,,0.5029946565628052,seguridad
los que vallan a mexico,5,,0.3056584298610687,seguridad
pues que no se pierdan y ya,5,,0.4407506585121155,seguridad
se nota el dolor en sus palabras perder un familiar debe ser terrible espero algún día aparezcan me gusta me entristece,1,,0.3976130187511444,seguridad
como me dueles méxico me entristece mucho,5,,0.23525285720825195,seguridad
difusión difusión difusión difusión difusión difusión difusión difusión difusión difusión difusión difusión difusión difusión difusión difusión difusión difusión difusión difusión difusión difusión difusión difusión difusión difusión difusión difusión difusión difusión difusión difusión difusión difusión difusión difusión difusión difusión difusión difusión difusión difusión difusión difusión difusión difusión difusión difusión difusión difusión difusión difusión difusión difusión difusión difusión difusión difusión difusión difusión difusión difusión difusión difusión difusión difusión difusión difusión difusión difusión difusión difusión difusión difusión difusión difusión difusión difusión difusión difusión difusión difusión difusión difusión difusión difusión difusión difusión difusión difusión difusión difusión difusión difusión difusión difusión difusión difusión difusión difusión difusión difusión difusión difusión difusión difusión difusión difusión difusión difusión difusión difusión difusión difusión difusión difusión difusión difusión difusión difusión difusión difusión difusión difusión difusión difusión difusión difusión difusión difusión difusión difusión difusión difusión difusión difusión difusión difusión difusión difusión difusión difusión difusión difusión difusión difusión difusión difusiónj difusión difusión,4,,0.2955895662307739,seguridad
en estos momentos el mundial es importante,5,,0.4645417630672455,seguridad
se me apachurra el corazón me entristece,2,,0.43603673577308655,seguridad
si debemos estar en contra del mundial es un gasto innecesario para el mundo mientras hay temas como este que realmente si importan,2,,0.4565490782260895,seguridad
que dios me gusta les bendiga y logren encontrar a sus hijos,5,,0.47811228036880493,seguridad
no bueno el pan naranja fue lo mismo q fox anunciando un cambio real pero realmente dió atole con el dedo fuerza hermanos jaliscienses,1,,0.6310845613479614,seguridad
que triste saber que el gobierno no le interesa su país,1,,0.49092406034469604,seguridad
cómo romperme el corazón en segundos nuestros desaparecidos muchos jugaban fútbol,1,,0.48331621289253235,seguridad
queeeee,2,,0.34795764088630676,seguridad
la gran mayoría de investigación es privada el gobierno solo gasta en remodelasion pública pero ese es su trabajo,2,,0.2904435098171234,seguridad
o sea pero por qué todo lo quieren hacer el mero día del mundial ay no dios mío con esta gente deje en el mundial en paz déjenos disfrutar el fútbol déjenos disfrutar algo que nos gusta,5,,0.3457620143890381,seguridad
ahhh o sea que si pueden fortalecer la seguridad pero no quieren,2,,0.42368564009666443,seguridad
y solo para el mundial,2,,0.30785295367240906,seguridad
sigan votando por morena mexico no importa el mundial si,1,,0.6598170399665833,seguridad
falta cumplirle a los campesinos si no van a cancelar el mundial,1,,0.44960013031959534,seguridad
es que no lo entenderías son cosas diferentes,2,,0.40065300464630127,seguridad
a mí me contestaron muchos que ellos si quieren mundial es decepcionante,2,,0.44556960463523865,seguridad
pueden proteger a todos menos a los mexicanos,5,,0.343269407749176,seguridad
esto deberían de hacer todos los días sin mundial para proteger a su país,1,,0.280827134847641,seguridad
se necesitan al menos 9 palabras una coma y un punto para que tu comentario cuente así que copia y pega,1,,0.5672827363014221,seguridad
que impotencia me entristece,1,,0.36355817317962646,seguridad
a quien le importa el mundial ahorita,1,,0.2868286669254303,seguridad
difusión difusión difusión difusión difusión difusión difusión difusión difusión difusión difusión difusión difusión difusión difusión difusión difusión difusión difusión difusión difusión difusión difusión difusión difusión difusión difusión difusión difusión difusión difusión difusión difusión difusión difusión difusión difusión difusión difusión difusión difusión difusión difusión difusión difusión difusión difusión difusión difusión difusión difusión difusión difusión difusión difusión difusión difusión difusión difusión difusión difusión difusión difusión difusión difusión difusión difusión difusión difusión difusión difusión difusión difusión difusión difusión difusión difusión difusión difusión difusión difusión difusión difusión difusión difusión difusión difusión difusión difusión difusión difusión difusión difusión difusión difusión difusión difusión difusión difusión difusión difusión difusión difusión difusión difusión difusión difusión difusión difusión difusión difusión difusión difusión difusión difusión difusión difusión difusión difusión difusión difusión difusión difusión difusión difusión difusión difusión difusión difusión difusión difusión difusión difusión difusión difusión difusión difusión difusión difusión difusión difusión difusión difusión difusión difusión difusión difusión difusiónj difusión difusión,4,,0.2955895662307739,seguridad
dios nos bendiga,5,,0.47741296887397766,seguridad
manguito me da risa ifusión difusión difusión difusión difusión difusión difusión difusión difusión difusión difusión difusión difusión difusión difusión difusión difusión difusión difusión difusión difusión difusión difusión difusión difusión difusión difusión difusión difusión difusión difusión difusión difusión difusión difusión difusión difusión difusión difusión difusión difusión difusión difusión difusión difusión difusión difusión difusión difusión difusión difusión difusión difusión difusión difusión difusión difusión difusión difusión difusión difusión difusión difusión difusión difusión difusión difusión difusión difusión difusión difusión difusión difusión difusión difusión difusión difusión difusión difusión difusión difusión difusión difusión difusión difusión difusión difusión difusión difusión difusión difusión difusión difusión difusión difusión difusión difusión difusión difusión difusión difusión difusión difusión difusión difusión difusión difusión difusión difusión difusión difusión difusión difusión difusión difusión difusión difusión difusión difusión difusión difusión difusión difusión difusión difusión difusión difusión difusión difusión difusión difusión difusión difusión difusión difusión difusión difusión difusión difusión difusión difusión difusión difusión difusión difusión difusión difusión difusiónj difusión difusión,1,,0.6107771992683411,seguridad
que triste me entristece mucho,2,,0.4566900432109833,seguridad
osea que si hay seguridad pero no para el mexicano,3,,0.417061984539032,seguridad
el gobierno protegiendo el mundial a toda costa pero no a los propios mexicanos me da risa,1,,0.333220899105072,seguridad
interactuando,4,,0.42074960470199585,seguridad
no necesitamos un mundial necesitamos justicia y seguridad,5,,0.2653874456882477,seguridad
méxico no necesita un mundial necesitamos un mejor país,1,,0.40202954411506653,seguridad
deberia existir una plataforma de fácil acceso que diera nombre del desaparecido y estatus oficial emitido por el organismo que atiende este delito,1,,0.5797997713088989,seguridad
sugar coffee gaby s gf valex beatrice manguito me da risa ifusión difusión difusión difusión difusión difusión difusión difusión difusión difusión difusión difusión difusión difusión difusión difusión difusión difusión difusión difusión difusión difusión difusión difusión difusión difusión difusión difusión difusión difusión difusión difusión difusión difusión difusión difusión difusión difusión difusión difusión difusión difusión difusión difusión difusión difusión difusión difusión difusión difusión difusión difusión difusión difusión difusión difusión difusión difusión difusión difusión difusión difusión difusión difusión difusión difusión difusión difusión difusión difusión difusión difusión difusión difusión difusión difusión difusión difusión difusión difusión difusión difusión difusión difusión difusión difusión difusión difusión difusión difusión difusión difusión difusión difusión difusión difusión difusión difusión difusión difusión difusión difusión difusión difusión difusión difusión difusión difusión difusión difusión difusión difusión difusión difusión difusión difusión difusión difusión difusión difusión difusión difusión difusión difusión difusión difusión difusión difusión difusión difusión difusión difusión difusión difusión difusión difusión difusión difusión difusión difusión difusión difusión difusión difusión difusión difusión difusión difusiónj difusión difusión,1,,0.3975783884525299,seguridad
asi nos deberían de proteger a todos los mexicanos que vistamos a nuestro país,5,,0.5716862082481384,seguridad
solo por el mundial los demás días los mexicanos pueden buscar su propia seguridad y aún así hay gente que piensa que la 4t es lo mejor,3,,0.2855073809623718,seguridad
que lo quiten que lo quiten,3,,0.25789347290992737,seguridad
proteger a los extranjeros proteger a los mexicanos,1,,0.2808122932910919,seguridad
hay que reforzar esas pegas los días de mundial,5,,0.38374584913253784,seguridad
bueno y ahora con la guerra de eeuu vs iran apoco no hay miedo en ir a ver el mundial ahi tambien,5,,0.3905143737792969,seguridad
todo sea por los extranjeros y que a los mexicanos nos cargue la chingasa,1,,0.46495476365089417,seguridad
aun asi mexico no es seguro mundial cancelado,1,,0.7612558603286743,seguridad
no están solos papás,1,,0.40165892243385315,seguridad
no queremos mundial,1,,0.3127502202987671,seguridad
sigan alzando la voz,1,,0.2785736918449402,seguridad
ya cancelen el mundial,1,,0.5328166484832764,seguridad
y porque no hacen eso a diario en méxico osea solo por qué será el mundial,1,,0.42483073472976685,seguridad
me encanta el futbol y espero con ansias que empiece el mundial pero deseo que los mexicanos se hagan muuuy presentes el día de la inauguración afuera del azteca es la oportunidad perfecta para que el mundo sepa lo que vivimos,5,,0.7022450566291809,seguridad
noalmundial me enoja muchisimo,2,,0.29922881722450256,seguridad
dijo el ciego lla beremos si la misma corrumcion esta en la misma ley,1,,0.6154372096061707,seguridad
y por qué no asen un plan para la seguridad de los mexicanos que burla de este gobierno con sus ciudadanos,1,,0.5078487992286682,seguridad
0,1,,0.8090892434120178,seguridad
estamos con ustedes,5,,0.4725283682346344,seguridad
entnsses los mexicanos no importan k rraros estos goviernos,1,,0.6049133539199829,seguridad
justicia me gusta,4,,0.43695199489593506,seguridad
si que el mundial se suspenda en mexico,1,,0.3006165623664856,seguridad
todavía se pueden hacer escuchar cerrar las vialidades los días que habrá juego en la ciudad tanto para jugadores como en general sería un foco de exposición global para ejercer algo de presión,4,,0.3571435213088989,seguridad
más gusto me dará cuando méxico haga el ridículo en el mundial me encanta el fútbol pero jamás será más importante que situaciones como esta,3,,0.373394638299942,seguridad
mi profundo respeto empatía que puedan dar con sus familiares y puedan dar fin a su pesar,5,,0.5953304171562195,seguridad
osea si hay seguridad pero solo para lo q les conviene,3,,0.5167948007583618,seguridad
y para cuándo él plan para proteger a los mexicanos,3,,0.25932547450065613,seguridad
por qué no hay empatía,3,,0.2933458685874939,seguridad
no queremos mundial primero lo primero,5,,0.286202609539032,seguridad
reforzar la seguridad porque es tu trabajo que el país sea seguro reforzar la seguridad para que no te quiten el mundial que solo beneficia a millonarios,4,,0.3596160411834717,seguridad
lamentable vivimos en un mundo capitalista no todo puede ser bonito y correcto y aun más con la corrupción son cosas que la única forma de corregir es revivir como una sociedad mejor,1,,0.6888269186019897,seguridad
paz primero y luego mundial,5,,0.46925273537635803,seguridad
si el gobierno quisiera combatir a los cárteles si podría hacerlo con este despliegue lo están demostrando lo que pasa es que no quieren combatirlos,1,,0.42957013845443726,seguridad
no queremos mundial queremos justicia,1,,0.5180367827415466,seguridad
hoooorale señor omar y porque no nos hace un plan kukulkan para los mexicanos también porfis me da risa,1,,0.6127306222915649,seguridad
yo voto porque kukulcán se quede después del mundial en jalisco hasta que jalisco sea seguro y libre,1,,0.4557553231716156,seguridad
interacturando,5,,0.3508221507072449,seguridad
pero que gobierno tan descarado no tienen un plan para proteger a su propia gente y si prometen proteger a los extranjeros por dios,1,,0.45094218850135803,seguridad
ósea que si protegen a los extranjeros y a los mexicanos ni los quieren apoyar,1,,0.42740026116371155,seguridad
y por qué no hacen ese plan para limpiar méxico no solo por un show,1,,0.486969918012619,seguridad
que se cancele,1,,0.5519417524337769,seguridad
no quieren perder el circo me da risa muchisimo,5,,0.7339218854904175,seguridad
interactuando,4,,0.4207496643066406,seguridad
interactuando,4,,0.4207496643066406,seguridad
eso está muy tarde debieron haber iniciado hace 7 años pero no eran abrazos y no balazos,2,,0.351103276014328,seguridad
ósea que siempre pudieron dar seguridad como en el salvador pero no querían,3,,0.3559131324291229,seguridad
no sé vale que le pongas más atención ahora que no está que cuando lo tenías a tu lado,2,,0.4760396480560303,seguridad
y por qué no despliegan eso permanentemente,2,,0.3656165301799774,seguridad
necesitamos seguridad y a todos los mexicanos que se unan y digan no al mundial me enoja mucho,1,,0.3174266815185547,seguridad
osea que nos mienten si pueden defender extranjeros pero no nos pueden defender a los mexicanos,2,,0.3796181380748749,seguridad
si supieran que el estadio es un panteón mexico es una fosa gigante,1,,0.31306639313697815,seguridad
los apoyo y espero tengan una esperanza de encontrar a sus seres queridos de corazón espero los encuentren y el mundial que se valla alv,5,,0.4733683466911316,seguridad
osea que el gobierno de méxico solo puede aplicar un plan como este cuando le van a quitar del torneo de la copa del mundo y no en el ámbito diario,1,,0.35949215292930603,seguridad
sarai bautista acost brkn void me da risa ifusión difusión difusión difusión difusión difusión difusión difusión difusión difusión difusión difusión difusión difusión difusión difusión difusión difusión difusión difusión difusión difusión difusión difusión difusión difusión difusión difusión difusión difusión difusión difusión difusión difusión difusión difusión difusión difusión difusión difusión difusión difusión difusión difusión difusión difusión difusión difusión difusión difusión difusión difusión difusión difusión difusión difusión difusión difusión difusión difusión difusión difusión difusión difusión difusión difusión difusión difusión difusión difusión difusión difusión difusión difusión difusión difusión difusión difusión difusión difusión difusión difusión difusión difusión difusión difusión difusión difusión difusión difusión difusión difusión difusión difusión difusión difusión difusión difusión difusión difusión difusión difusión difusión difusión difusión difusión difusión difusión difusión difusión difusión difusión difusión difusión difusión difusión difusión difusión difusión difusión difusión difusión difusión difusión difusión difusión difusión difusión difusión difusión difusión difusión difusión difusión difusión difusión difusión difusión difusión difusión difusión difusión difusión difusión difusión difusión difusión difusiónj difusión difusión,1,,0.46970200538635254,seguridad
tiene tiempo para planear proteger extranjeros pero no pueden combatir el narco,2,,0.37487879395484924,seguridad
o sea que si es posible vivir en un méxico seguro solo que tienen que quedar bien con todo el mundo menos con su pueblo órale,3,,0.3180399239063263,seguridad
ojalá cancelen el mundial,1,,0.5217978954315186,seguridad
ajá los extranjeros bien protegidos y bien asustados,4,,0.39473646879196167,seguridad
pablo lemus con mucho coraje para ti,5,,0.684228241443634,seguridad
y después del mundial que nos lleve la vrg,5,,0.34384772181510925,seguridad
el prian firmó los acuerdos del mundial y movimiento ciudadno es lo mismo,1,,0.24564728140830994,seguridad
y si contratan mejor a nayib bukele,3,,0.3339664041996002,seguridad
ósea que si podían y no querían,2,,0.4296664297580719,seguridad
no pos ojalá todos los días haya mundial porque solo así hacen algo,1,,0.5570116639137268,seguridad
gracias sheinbaum,5,,0.48014408349990845,seguridad
se ven bien piratas nuestros aviones la vdd,5,,0.3674516975879669,seguridad
nos queda claro que a este gobierno no le interesa protegernos,1,,0.4307747781276703,seguridad
pero la presidenta dice que no pasa nada,1,,0.5203030109405518,seguridad
que vergüenza para los mexicanos y porq no degan esa seguridad por siempre ósea q si se puede pero no quieren invertir en su pueblo,1,,0.7109411954879761,seguridad
pero el responsable del mundial el la presidencia no las gobernaturas,3,,0.2977249324321747,seguridad
y porque no aplican ese plan de manera permanente,1,,0.538787305355072,seguridad
protegen a otros y no a su propia gente wow,5,,0.5373479723930359,seguridad
no queremos mundial queremos seguridad,1,,0.28013888001441956,seguridad
esto solo se dará por el mundial y por que esta actividad de seguridad no tenemos seguridad garantizada a mexico y los mexicanos,1,,0.5378842353820801,seguridad
y porque no protegen al país así normalmente osea si se puede pero solo para este evento y todo lo de más del año nos fre mos todos,2,,0.3741013705730438,seguridad
no pueden evitar los asaltos afuera del foro sol estadio gnp y así quieren cuidar a los turistas y asistentes al mundial por dios,5,,0.6236174702644348,seguridad
que le quiten la sede,5,,0.2467932403087616,seguridad
interactuando,4,,0.4207496643066406,seguridad
pero si lemus dice que no hay suficiente personal policial por eso vallarta terminó así pero para los turistas si va a haber personal,3,,0.495572954416275,seguridad
30 días de seguridad en méxico hay de disfrutarla porque no lo volveremos a ver hasta que tengamos otro mundial,5,,0.28756067156791687,seguridad
y por qué no despliega esa seguridad todos los días,1,,0.3551716208457947,seguridad
nada grita seguridad como estar constante rodeado de policías militares y guardia nacional no es una imagen muy acogedora y reconfortante,2,,0.26658138632774353,seguridad
que no se pierda esta publicación que de vuelta al mundo,5,,0.5288403630256653,seguridad
y si hacemos un mundial cada mes y así estamos protegidos todo el año,5,,0.6624591946601868,seguridad
lo que gastaron en traer el concierto de shakira y de los bts,5,,0.5294262766838074,seguridad
valex beatrice manguito me da risa ifusión difusión difusión difusión difusión difusión difusión difusión difusión difusión difusión difusión difusión difusión difusión difusión difusión difusión difusión difusión difusión difusión difusión difusión difusión difusión difusión difusión difusión difusión difusión difusión difusión difusión difusión difusión difusión difusión difusión difusión difusión difusión difusión difusión difusión difusión difusión difusión difusión difusión difusión difusión difusión difusión difusión difusión difusión difusión difusión difusión difusión difusión difusión difusión difusión difusión difusión difusión difusión difusión difusión difusión difusión difusión difusión difusión difusión difusión difusión difusión difusión difusión difusión difusión difusión difusión difusión difusión difusión difusión difusión difusión difusión difusión difusión difusión difusión difusión difusión difusión difusión difusión difusión difusión difusión difusión difusión difusión difusión difusión difusión difusión difusión difusión difusión difusión difusión difusión difusión difusión difusión difusión difusión difusión difusión difusión difusión difusión difusión difusión difusión difusión difusión difusión difusión difusión difusión difusión difusión difusión difusión difusión difusión difusión difusión difusión difusión difusiónj difusión difusión,1,,0.4136126935482025,seguridad
no al mundial,1,,0.4824075400829315,seguridad
y a nosotros cuando,5,,0.42520952224731445,seguridad
cuidan más alos extranjeros que asu propia gente gobierno hambriado y corrupto,1,,0.8611330389976501,seguridad
seguridad durante y porque no siempre,3,,0.32600024342536926,seguridad
haber cuantos turistas desaparecen durante el mundial,1,,0.41398176550865173,seguridad
pero la presidenta prefiere decir que no veamos tv azteca,2,,0.31616300344467163,seguridad
que triste así nos deberían cuidar a nosotros 15 días después volvemos a la realidad,1,,0.5595834255218506,seguridad
movimiento naranja nanana,3,,0.3210188150405884,seguridad
protegiendo a los de afuera y a las mujeres de mexico y los desaparecid s nada,5,,0.38281694054603577,seguridad
hagan estos videos con subtítulos en ingles para que otros paises se enteren,1,,0.36072978377342224,seguridad
no queremos un mundial queremos visibilidad y soluciones a cosas que realmente importan,5,,0.38065555691719055,seguridad
kukulkan van a llamar a namor,1,,0.26220253109931946,seguridad
plan khe,5,,0.30948033928871155,seguridad
pues lamento decirles que jamás los van a encontrar me da risa,1,,0.5423014760017395,seguridad
con esto demuestra que el gobierno si puede vs el narco solo qué no quieren,3,,0.24225744605064392,seguridad
ósea que si pueden pero no quieren,2,,0.4153795838356018,seguridad
o sea que si se puede proteger a los mexicanos solo que no lo quieren hacer,1,,0.3809685707092285,seguridad
no queremos mundial queremos 0 violencia 0 políticos corruptos,1,,0.8746992349624634,seguridad
mexicanos unidos jamás serán vencidos,1,,0.6224894523620605,seguridad
apollemos a estos padres y madres buscadoras dios los bendiga y los proteja,5,,0.7811104655265808,seguridad
interactuando,4,,0.42074957489967346,seguridad
ayúdenme a compartir,4,,0.4317651391029358,seguridad
seguridad para los extranjeros y a los ciudadanos mexicanos nada,1,,0.4937463402748108,seguridad
jordy q el mundial no trae ningún beneficio al país anfitrión solo hay que investigar el desastre que ocurrió en cada país anfitrión del mundial,1,,0.7743769884109497,seguridad
si ni con los suyos le importa ahora con turistas,1,,0.3111216425895691,seguridad
bueno siempre en un sistema capitalista el capital va a estar por arriba que los seres humanos y hoy la fifa soborna a gobiernos y gana millones exitos y esperemos que tengan buenos resultados,5,,0.41019800305366516,seguridad
nmmz llevan pidiendo más de 90 años seguridad nunca se va acabar la delincuencia me entristece,1,,0.6522950530052185,seguridad
así nos deberían de cuidar todos los días alos mexicanos,5,,0.5258224606513977,seguridad
espero que pueden encontrar finalmente a sus familiares o saber saber su destino fuerzas a las familias que están en la busca de encontrar respuestas mis condolencias y espero que pronto la gente pueda dar más visibilidad a toda está problemática que es hasta el día de hoy es difícil de mantener oculto ya que el sufrimiento no se olvida ni mucho menos de ve como algo vergonzoso de l país todos son importantes de igual manera que tiene personas que les importa tanto como mujeres y hombre esperopronto puedan ser ayudados con buena fé,3,,0.2954566478729248,seguridad
donde puedo donar para sus impresiones,5,,0.4614376425743103,seguridad
hay otros que nacen en méjico,3,,0.28421616554260254,seguridad
le pido a dios que todos ustedes encuentren a sus seres queridos,5,,0.49982088804244995,seguridad
la cosa debe estar grabe para invocar a kukulkán,1,,0.3192473351955414,seguridad
entonces siempre han podido,5,,0.44221168756484985,seguridad
osea están reconociendo que si pueden dar seguridad a méxico pero han escogido en no hacerlo todo este tiempo este régimen es una burla,1,,0.6895896792411804,seguridad
siga alzando la voz,2,,0.2623087763786316,seguridad
la vrda si me da vergüenza decir que soy de méxico we,1,,0.48320087790489197,seguridad
que así cuidaran a los mexicanos todos los días otra historia sería,5,,0.4234621822834015,seguridad
no ma si podían hacen eso porque no lo hicieron con nosotros,2,,0.4174606204032898,seguridad
todo eso deben usar para acabar con los carteles y cuidar a la ciudadanía siempre,5,,0.6489689946174622,seguridad
dios mio no puedo imaginar ese dolor me entristece mucho,1,,0.41894271969795227,seguridad
ya pactaron con el narco que no haga desmadre en las sedes,1,,0.28167539834976196,seguridad
osea tienen dinero para movilizar a tantos elementos de fuerzas de seguridad para un mundial y no para luchar contra el narco me da risa,1,,0.6127907633781433,seguridad
jaliscomajico,5,,0.2635267972946167,seguridad
botón de deseo que méxico no participe como sede del mundial,1,,0.5859224796295166,seguridad
3 mil millones en 3 focos esteticos en el metro no me gusta,2,,0.49168533086776733,seguridad
y la seguridad para la demás gente que,5,,0.43053868412971497,seguridad
creo que este mundial no va a ir mucha gente solo a canadá me da risa mucho,1,,0.27707794308662415,seguridad
ósea que si pueden brindar seguridad pero no les da la gana,2,,0.48145273327827454,seguridad
los mexicanos,5,,0.32616695761680603,seguridad
ojala el mundial durará para siempre,5,,0.4545648992061615,seguridad
yo soy de méxico y no vengan no le den dinero a este marco gobierno,1,,0.829551100730896,seguridad
y quien pidió el mundial peña nieto xq las cedes se eligen con 8 años de anticipación,1,,0.43976137042045593,seguridad
mi total admiración y respeto hacía con ustedes por su persistencia y fuerza que dios les permita reunirse nuevamente con sus familiares,5,,0.7682498693466187,seguridad
no queremos mundial queremos paz,1,,0.3372093141078949,seguridad
que así se movieran pra acabar con la delincuencia en méxico y no nada más para un evento deportivo,1,,0.49036556482315063,seguridad
y por que lo tienen que hacer cuando va a estar un evento de talla mundial y no diariamente para los mexicanos,1,,0.31503817439079285,seguridad
seguridad para el turista y abrazos para los mexicanos,5,,0.4178002178668976,seguridad
así debería ser todos los días,5,,0.36802053451538086,seguridad
quieren hacer en meses lo que no han podido en años me da risa,3,,0.24354277551174164,seguridad
espero encuentren a sus hijos nadie debiera pasar por eso,5,,0.41223573684692383,seguridad
ojalá así nos cuidaran todo el tiempo para combatir,5,,0.5145785212516785,seguridad
no les va a funcionar nunca les funciona,1,,0.8891258239746094,seguridad
un aplauso para ustedes,5,,0.6730971336364746,seguridad
triste la situación de méxico,1,,0.3507900834083557,seguridad
no estamos encontra del mundial estamos encontra del olvido,1,,0.6936566233634949,seguridad
muy bien vergüenza es lo que no tiene el gobierno,5,,0.452433317899704,seguridad
que ese día no haya clases porque el futbol es tan importante,5,2.0,0.5029963254928589,turismo
ni vengan es peligrosisimo,1,2.0,0.9064576029777527,turismo
que miedo,5,1.0,0.2933558523654938,turismo
como se atreve si esta viendo el pais como esta,5,1.0,0.47303715348243713,turismo
le faltó el aeropuerto de toluca y el tren de toluca a la cdmx y viceversa,2,2.0,0.4284670352935791,turismo
pues si se escucha muy bonito pero hablando ya la verdad sin seguridad quien fregado quiere andar sabiendo que de un rato a otro te ponen el cuete,2,2.0,0.38566291332244873,turismo
me da risa,3,1.0,0.2388707399368286,turismo
demasiada delincuencia y ella no ase nada no sirbe para presidenta,1,1.0,0.732445240020752,turismo
ya no doña,1,3.0,0.5921535491943359,turismo
vieja rata y de seguro va a subir el impuesto por atender al turismo,1,1.0,0.5101295113563538,turismo
y con las calles llenas de hoyos socavones ladrones delincuentes tlalpan con dos carriles menos etc etc,1,1.0,0.5021568536758423,turismo
nooooo creoooo,1,2.0,0.4253746569156647,turismo
ya no se va hacer cambiaron de opinión no hay mal que por bien no venga,1,2.0,0.3068205714225769,turismo
ojalá no valla nadie,1,2.0,0.3372022807598114,turismo
los que opinan son de país que nunca han tenido un mundial,1,2.0,0.3398938477039337,turismo
va pero me van a pagar lo de mi trabajo y me van a llevar la despensa a mi casa mas una compensación jalo,2,4.0,0.34996679425239563,turismo
eres grande precidentes,3,5.0,0.259256511926651,turismo
el país más inseguro del mundo eso deberías de aser con la seguridad de mexico acuérdate que por tu culpa ay millones de desaparecidos,1,1.0,0.9089606404304504,turismo
k dijo,1,3.0,0.3948884904384613,turismo
pues igual ni salgo pero del puro coraje esos días voy a salir,5,2.0,0.4053453803062439,turismo
y si mandamos una petición a la fifa para que no haya mundial en méxico cómo protesta digo,1,1.0,0.5342251658439636,turismo
yo voy a salir con mi familia y amigos aunque no tenga a que salír,5,2.0,0.24602967500686646,turismo
pero porqué si la movilidad está al 100,3,3.0,0.4920441508293152,turismo
todo por eso hay que salir jajaj,3,3.0,0.2428911179304123,turismo
y van a ver todo el desmadre que hay en el país,5,1.0,0.5853992104530334,turismo
el peor pais para ir de turistas no se arriesgen gente,1,1.0,0.875598669052124,turismo
home office todo el año,5,3.0,0.5881657600402832,turismo
y no les quedarán ganas de regresar con tanto policía corrupto y tanta inseguridad siento vergüenza,1,1.0,0.8762813210487366,turismo
ni mi ex se avergüenzo tanto de mi,1,2.0,0.43635645508766174,turismo
no creo vengan muchos después del sorteo pues puro relleno y ninguna selección importante vendrá,1,1.0,0.5161041617393494,turismo
cosas que literalmente nunca dijo,1,3.0,0.40691184997558594,turismo
a cuántos vas a desaparecer,1,1.0,0.28324639797210693,turismo
pues si me pagan y vacaciones pagadas ni salgo,1,4.0,0.36966121196746826,turismo
todo el mundial en méxico fue un grave error desde el comienzo y con cada declaración de claudia la cosa se pone peor,1,1.0,0.6887608170509338,turismo
que salgamos dice,5,3.0,0.32098132371902466,turismo
que vengan no sean negativos,1,5.0,0.3028225302696228,turismo
eso 5 5 millones de turistas q presumen mucho se van a quedar a vivir sin documentos,1,2.0,0.7067769169807434,turismo
si pero hay mucha gente estorcion y delincuentes as al para detener la delincuentes primero,3,1.0,0.43815112113952637,turismo
valió venga eso,1,2.0,0.316786527633667,turismo
les dije ya se les olvidó el gobernador que renunciaron y todo,1,3.0,0.6352134346961975,turismo
en el aeropuerto de felipe angeles esperé mi vuelo nos más por 28 hs,5,3.0,0.39100393652915955,turismo
ivan,4,3.0,0.28011709451675415,turismo
méxico es inseguro no vallan se arrepentiran,1,1.0,0.8523691296577454,turismo
lo del home office esta bien para evitar el embotellamiento pero de igual forma porque prohibir salir solo para que los turistas no se incomoden,3,2.0,0.4942392408847809,turismo
ya no habrá mundial por la inseguridad que hay en méxico,1,1.0,0.5883750319480896,turismo
el tren que menciona que está por el aifa es tren que viene de pachuca,1,3.0,0.3982028067111969,turismo
con más razón voy a salir,1,2.0,0.3671151399612427,turismo
no gracias esta dura la delinquencia,1,1.0,0.677638590335846,turismo
que te parece si previo al mundial optimizan los sistemas de trasporte para que la ciudadanía y los turistas no sufran por tráfico y otras averías constantes del trasporte público y vialidades absurda,1,1.0,0.3733033537864685,turismo
ya están pensando cuánto va irse a los bolsillos de cada uno de ellos mentira que va hacer para mejorar en todo el país o ustedes que opinan,1,1.0,0.3987243175506592,turismo
fifa va cancelar el mundial mexico 2026 por la inseguridad narkos homicidios,1,1.0,0.8039682507514954,turismo
me da risa y luego,1,3.0,0.3783506751060486,turismo
no mija ya es diciembre el bono y pues no marcame enenero,1,3.0,0.6791881322860718,turismo
y todas las ganancias que habrá en jalisco adivinen quien se las va a robar boicot en jalisco por los desaparecidos,1,1.0,0.5035953521728516,turismo
a pero no sé habla de la demanda,3,3.0,0.3742389976978302,turismo
también van a detener las construcciones que están sobre paseo de la reforma,1,2.0,0.30747097730636597,turismo
que salgamos todos dice,5,3.0,0.41208434104919434,turismo
mi presidentaaa,5,3.0,0.2839535176753998,turismo
ella nos pagará cubrirá todo nuestros gastos sencillo hagan que sea seguro salir listo,5,4.0,0.44754329323768616,turismo
que hagamos manifestaciones enfrente de los estadios a la hora de los partidos dice,3,1.0,0.2152499258518219,turismo
ojalá lo cancelen aqui,1,1.0,0.49664750695228577,turismo
a ver como le va mucha inseguridad,5,1.0,0.25913211703300476,turismo
hola gente me gustaría saber qué tan seguro es méxico ahora mismo soy de españa y quiero ir al mundial en guadalajara,1,3.0,0.250640869140625,turismo
que nos manifestemos dice,5,1.0,0.4511280953884125,turismo
como verg quiere que don chuy que trabaja en la obra haga home office,1,2.0,0.23311448097229004,turismo
lo que le debería preocupar es la mala imagen e ineptitud de su gobierno tanta inseguridad y desaparecidos x eso los turistas ni de locos usarán el metro saben q no es confiable y x eso están contratando autos blindados y seguridad,1,1.0,0.616116464138031,turismo
yo cuando dijo eso no ni mergas yo cuando vi que decía suspensión de clases tiene mi boto,5,3.0,0.2666318416595459,turismo
hiban a venir,5,3.0,0.4353332221508026,turismo
ojalá no se arme aquí,1,1.0,0.527070164680481,turismo
se van a rayar los policías con tanta mordida q van a pedir,1,2.0,0.7486646175384521,turismo
y a esos si los va a cuidar o como a los mexicanos,5,3.0,0.2692904472351074,turismo
es como decirle a un niño que lo haga,5,3.0,0.47497794032096863,turismo
women,3,3.0,0.23676466941833496,turismo
esto sonó como un reto de salir más,1,3.0,0.2522229254245758,turismo
y si mejor reparan las calles mejoran el transporte público y todos los aspectos de movilidad en la ciudad para que no solo los turistas lo disfruten digo es una opción que mejor forma de aparentar ser una ciudad de primera que siendo una ciudad de primera,3,2.0,0.375609815120697,turismo
que no salga ella va a espantar a los turistas,1,3.0,0.61612468957901,turismo
jajjajaja wue no mameeee,3,2.0,0.2918201982975006,turismo
no mas eso faltaba,2,2.0,0.41531112790107727,turismo
espero que sea fake,1,3.0,0.4079402685165405,turismo
pelusokun,4,3.0,0.2937223017215729,turismo
es hora de comenzar el juego,5,5.0,0.34783101081848145,turismo
seguramente voy a vender jamón por home ofice,1,3.0,0.4548347294330597,turismo
pues mientras me paguen mis días de trabajo yo con gusto me quedo a descansar a mi casa,5,4.0,0.22447343170642853,turismo
acoso que como turista quiero ver una ciudad vacía si viajo es por la cultura,1,3.0,0.5511319041252136,turismo
que salga bueno,5,3.0,0.40380915999412537,turismo
me alegra y verán en lo que convertiste méxico,1,3.0,0.45674780011177063,turismo
no gracias,1,2.0,0.618372917175293,turismo
si por eso quiero salir para ver gente diferente,3,4.0,0.3904278576374054,turismo
ya se hubiera remodelado el aicm desde hace años si no fuera por el capricho de construir el aifa,1,1.0,0.2520805895328522,turismo
nos pagarán por eso yo me apunto si me van a pagar bien,3,5.0,0.3346385061740875,turismo
no se quien las invento,1,3.0,0.42330247163772583,turismo
ahora resulta que estar vivo en méxico es ilegal 5 5millones me va conocer que maravilla,1,3.0,0.507345974445343,turismo
cuántos dices que vendrán dime,1,3.0,0.4345507323741913,turismo
creo q porfin habla algo inteligente,3,5.0,0.2563841938972473,turismo
sorprendente presidenta y como los vaz a mandar a cuidar mejor q sea en otro lado mi méxico es hermoso y ahora está en tinieblas,5,1.0,0.8122581839561462,turismo
ahora si los policías se van hacer ricos los weyes,3,3.0,0.3104274868965149,turismo
excelente presidenta gracias,5,5.0,0.7997963428497314,turismo
ni a palos,1,1.0,0.3827856481075287,turismo
si no hay maíz no hay mundial,1,1.0,0.45295533537864685,turismo
en guadalajara también se le ocurrió la misma ide otez a lemus,1,1.0,0.5970160365104675,turismo
por mi esta bien pero que me aga un deposito de retiro sin tarjeta de unos 1 000 000 000 000 000 000 000 000 000 000 000 000 000 000 y ya veremos,3,3.0,0.5645825862884521,turismo
que estamos muy pinches feos,1,3.0,0.4711190462112427,turismo
usted tampoco querida,1,3.0,0.4088505208492279,turismo
todos a salir de casa en junio,1,2.0,0.2505253851413727,turismo
ni mi ex me escondía tanto,1,3.0,0.4448765814304352,turismo
queremos seguridad y medicinas al pueblo no le interesa,2,1.0,0.4417666494846344,turismo
cuando pensó que era buena idea,2,3.0,0.2779654860496521,turismo
alguien dijo que protestemos contra las desapariciones para que los turistas conozcan la realidad de méxico,1,1.0,0.42251357436180115,turismo
me da risa solo tonteras de este gobierno,1,1.0,0.5129729509353638,turismo
están viendo como esta méxico usted cree que vengan,5,2.0,0.5945022106170654,turismo
esa mujer piensa que puede controlar y jugar como juguete a las personas,5,3.0,0.509535551071167,turismo
y la mentira me da risa,5,3.0,0.3450506329536438,turismo
que hagamos manifestación dice,1,3.0,0.33814725279808044,turismo
con la inseguridad quien va querer ir a mexico,1,1.0,0.3495023846626282,turismo
disculpa soy mexicana que no me quedé en casa yo así entendí,1,3.0,0.3806079626083374,turismo
va ser el mundial más aburrido sí es que no pasa algo canónico,1,4.0,0.555804967880249,turismo
ok pero díganselo a mi jefecito porque me obliga a venir a la oficina,3,2.0,0.555272102355957,turismo
que ese diga hagan una manifestación dice,1,1.0,0.44166141748428345,turismo
yo aún me preguntó que tiene de importante el mundial de fútbol que da o en qué beneficia esa madre,3,2.0,0.2776223123073578,turismo
los carteles se van a dar vida con los turistas a quien se le ocurrió darle el mundial a méxico,4,4.0,0.3259275257587433,turismo
y regresando ya no están completo,1,2.0,0.42730724811553955,turismo
que acaso la fifa no lo cancelo y va hacer ahora en eu,5,3.0,0.40667814016342163,turismo
solo les recuerdo que una mujer perdió la vida solo por salir en busca de empleo un enfermo desvivio a varias personas desde una pirámide de teotihuacan y el metro de la ciudad está en su peor momento razones para manifestarnos durante el mundial si tenemos,1,1.0,0.4521145224571228,turismo
como si fuera a venir medio mundo para la miseria de partidos que se jugarán en méxico,1,3.0,0.29463598132133484,turismo
cuántos secuestrados va haber,1,1.0,0.33414149284362793,turismo
si we dame dinero pa quedarme todo ese tiempo en mi ksa y paga netflix pa entretenerme erra,1,3.0,0.5274300575256348,turismo
eso me sono a reto,1,3.0,0.33785301446914673,turismo
no creo que vayan con el desmadre que trae doña limones,1,2.0,0.43987518548965454,turismo
y con ese recurso recabado aumentara la seguridad para los mexicanos,5,1.0,0.6086741089820862,turismo
porque siento como que abra millones de personas muy pronto en las calles,5,3.0,0.31808990240097046,turismo
chale apenas q aprendí a comer con cubiertos y decir buenas tardes,3,3.0,0.29359903931617737,turismo
si me paga mis 50 que ganó en el trabajo por ir 6 horas al día me quedo todo el año me da risa,1,3.0,0.42133110761642456,turismo
cómo ven si les podemos su mundial,5,5.0,0.5115005970001221,turismo
ya les diría que es mui inseguro,1,1.0,0.5286592841148376,turismo
claudianoestassola,3,5.0,0.25649502873420715,turismo
pero primero seguridad porque si no va a valer madre,3,2.0,0.40231940150260925,turismo
que salgamos dice,5,2.0,0.32098132371902466,turismo
no lo creo q cuánto sinismo,1,1.0,0.5932226181030273,turismo
no loco voy a méxico menos con la falta de seguridad méxico necesita a lilly téllez,1,1.0,0.5820746421813965,turismo
los que trabajamos en plazas autoservicios transportes públicos etc no hay que ir a trabajar para que no haya personal y haci estén cerrados y que que lo sugirió la clara brugada,1,3.0,0.2643468677997589,turismo
que miedo atención turistas méxico no puede ni con su gente menos con turistas,1,1.0,0.5985336899757385,turismo
se salen de contexto pero siempre tirando tierra sus propuestas,2,5.0,0.34356367588043213,turismo
shiembaum diciéndole adiós a esos visitantes me da risa,5,2.0,0.4127483069896698,turismo
soy mexicano no vengan a méxico la presidenta se está pasando de lanza la inseguridad está canija,1,1.0,0.8433030843734741,turismo
chsm,3,1.0,0.2524828016757965,turismo
que hagamos una manifestación dice,1,1.0,0.4466029405593872,turismo
que salgamos dice,5,3.0,0.32098132371902466,turismo
q hagamos manifestación dice,1,1.0,0.4702853262424469,turismo
creo que esos días le voy a pedir a mi jefa que no sea home office a ver a donde salgo,1,2.0,0.37430113554000854,turismo
normal mente ando en mi cueva pero esos días estaré en la calle todo el prro día,3,2.0,0.4342953860759735,turismo
no venga por esta presidenta vale pa pura verg por favor ni vayan,1,1.0,0.8604720830917358,turismo
esta feliz porque van andar ocupados sus patrones del cartel ahora si llenaran las fozaz,5,3.0,0.3745158016681671,turismo
en conclusión tendré más dinero y como es obvio no lo compartiré con el pueblo,1,3.0,0.43917611241340637,turismo
oigan esa mmda es neta que lo dijo,5,3.0,0.46026119589805603,turismo
con las ganas sequedaron ya esta confirmado no habrá mundial en méxico la culpa la tiene la presidenta por la inseguridad que se vive,1,1.0,0.6656772494316101,turismo
y con tanto campo de exterminio señora,5,1.0,0.5423046946525574,turismo
presidenta,5,5.0,0.3478044867515564,turismo
no puedes con los mexicanos,1,1.0,0.4518311619758606,turismo
urge la revocación de mandato,1,1.0,0.37409508228302,turismo
mujer tenía que ser,1,3.0,0.34803688526153564,turismo
parece perfecta idea para desviar la atención,4,1.0,0.4500885009765625,turismo
no iba a salir pero ahora como que me están dando unas ganas de ir al ángel de la independencia varios dias seguidos,1,3.0,0.2814714014530182,turismo
se van a dar cuenta k estamos de la ve rga y k su gobierno es de la mierda,1,1.0,0.6324730515480042,turismo
me da risa cierren negocios para disfruten el mundial,5,3.0,0.4646318256855011,turismo
cd juarez ya no existe el turismo como antes que ivan gringos de texas new mexico denver pero no le inporta cd juarez chihuahua,1,1.0,0.4367982745170593,turismo
seria glorioso que la fifa anunciará que no habrá mundial por la inseguridad para ver qué dice la incompetente de claudia y sus solovinos del bienestar,1,2.0,0.5041622519493103,turismo
claro vamos a salir más esos días porque así somos los mexicanos,5,3.0,0.46823009848594666,turismo
fijate que no estaría mal yo trabajo de didi podré aaer home office desde mi casa,3,3.0,0.518280565738678,turismo
de eso si tiene información y hasta con detalle la señora pero qué tal de la inseguridad,2,2.0,0.3101065158843994,turismo
sigan esperando,3,,0.247365340590477,turismo
el punto medio lo entendí pero fue muy mal planteado me da risa,2,,0.4679228961467743,turismo
ya escucho jefe que no voy a poder salir,1,,0.6180399656295776,turismo
uff monterrey tendrá turistas me da risa humor llorones,5,,0.26244688034057617,turismo
no creo así como está la delincuencia y tú no quieres hacer nada más que abrazarnos,1,,0.5687751173973083,turismo
que que quiere manifestaciones,5,,0.4421181380748749,turismo
quien se le antocaja de plantón esos días traemos carnitas asadas,1,,0.509825587272644,turismo
mejora la seguridad primero,3,,0.31227946281433105,turismo
que nos paguen y así no salimos ni a tocar la luz del poco jajaajjajaja,1,,0.58965003490448,turismo
y si mejor van y limpian los ríos arreglan las calles remodelan parques abandonados en vez de un mundial que solo traerá contaminación y gente ya somos muchos,2,,0.28413426876068115,turismo
no que la gentrificacion,1,,0.32990145683288574,turismo
con el peligro k los secuestren,5,,0.30575934052467346,turismo
y cuántos van a regresar con vida a sus ciudades,5,,0.4440716803073883,turismo
ya me ví en el oxxo bailando con las de brasil,5,,0.42825987935066223,turismo
sale entonces me muero de hambre,1,,0.7531784772872925,turismo
yo a méxico no voy ni aunque me paguen el viaje todo pagado,1,,0.7975981831550598,turismo
y como tienes esos datos si aún no pasa y apoko va estar como los tuburios esperando clientes pa poder ganar todos me da risa si me entiendes no,1,,0.3220166265964508,turismo
las soluciones del bienestar,4,,0.41226089000701904,turismo
que nos manifestamos,5,,0.5354777574539185,turismo
manifestación ya yeaaaaaa,1,,0.26686304807662964,turismo
nunca salgo pero ahora saldré nadamás para jod3r jajajajajajaa,1,,0.40118253231048584,turismo
que le pasa iba a aprovechar para salir más me da risa,2,,0.3711297810077667,turismo
que gusto me va a dar que en pleno mundial le cierren avenidas que protesten que vean que el país se está cayendo,1,,0.30141496658325195,turismo
como cuidara a esos visitantes,5,,0.5732039213180542,turismo
jajsja lo q dijo erick gerardo es comp decir q no es agua es h2o me da risa es lo mismo pero mas fino,1,,0.36892998218536377,turismo
tanto se la pasaban criticando a díaz ordaz de la masacre en tlatelolco y a si le valió y se efectuaron las olimpiadas del 68 ahora que otra vez hacen lo mismo sabiendo que estamos viviendo días de violencia,2,,0.2884809672832489,turismo
donde esta el sticker de que se vaya a la,1,,0.42759501934051514,turismo
si mataron al alcalde de méxico ella no dijo nada imaginarse a los turista pasa nada,1,,0.8216680288314819,turismo
q salgamos dice,1,,0.3713827431201935,turismo
que miedo ir a méxico,1,1.0,0.2692451775074005,turismo
mejor más hospitales en vez de gastar en tonterías,5,,0.5641070008277893,turismo
y pur culpa de la disque presidente ya no se va hacer,1,,0.6707632541656494,turismo
abajo el mundial,1,,0.2697761654853821,turismo
y tiktok inundando de turistas diciendo y aconsejando que no vayan a méxico por el tema de la inseguridad y por qué todo está carísimo,1,,0.6057056784629822,turismo
ojalá y dios quiera que nada malo les pase a esos visitantes digo por como está la inseguridad no valla hacer que terminen o desaparecidos o secuestrados,1,,0.4445926547050476,turismo
creo que quiere manifestaciones,5,,0.3489871919155121,turismo
que no compren el var,1,,0.5554750561714172,turismo
eso antes debieron de preveer,2,,0.2987954616546631,turismo
hay que hacer una tendencia para que fifa se lleve el mundial d3 méxico,3,1.0,0.2902250587940216,turismo
les damos vergüenza,1,,0.5759937763214111,turismo
y va a ir a tulam,1,,0.34523865580558777,turismo
uuy ya saben como nos encontramos los mexicanos con esta mal dita inseguridad mexico se desangra ahora la corrupcion nise diga,1,,0.7240616083145142,turismo
gracias presidenta tienes todo nuestro apoyo,5,,0.6301180720329285,turismo
ese nivel de inteligencia siempre eh pensado que tienen los políticos,5,,0.4355787932872772,turismo
yo por molestar si no salgo saldría por decirme que hacer,1,,0.29788315296173096,turismo
ahorita no estamos para esas cosas que se cancele,1,,0.5793421864509583,turismo
keeeeeeeeee,3,,0.2894756495952606,turismo
yo no quería trabajar esos días pero creo que hasta caminando me voy a ir,1,,0.3953377604484558,turismo
méxico no lo quieres tu,1,,0.6446851491928101,turismo
deme 40000 a la semana mientras dure el mundial y tenemos trato,5,,0.3954182267189026,turismo
lo que dice es que ese día los niños no tengan clases y que la gente trabaje en home office para que puedan disfrutar del mundial,5,,0.22928424179553986,turismo
que salgamos dice,5,,0.32098132371902466,turismo
ya se le olvidó lo de cambiar los manzo,1,,0.26827314496040344,turismo
mis amigos y familiares que viajan s méxico desde estados unidos regresan sin ninguna novedad sanos y sin razguños y con mucha mercancía mexicana,5,,0.3675422668457031,turismo
lastima que en méxico es un país muy inseguro para los turistas,1,,0.6458451151847839,turismo
pues uno de los atractivo turístico de mexico es la gente por que somos cotorros amables divertidos si no no van a tener la experiencia completa,4,,0.32009008526802063,turismo
como cuando te llevan de comer al sótano para que no salgas y avergüences a la familia,5,,0.49890008568763733,turismo
el peso de la copa,3,,0.2707030475139618,turismo
déjame adivinar es otra frase sacada de contexto verdad,1,,0.4548678696155548,turismo
solo entendí que quiere ptzs,1,,0.30260899662971497,turismo
ps tiene un punto si todos salen imagínate el desastre que causaría la hora pico,1,,0.4616227149963379,turismo
quién dijo eso que chsm,1,,0.4463033080101013,turismo
no me agrada mucho salir pero nomas por eso me voy a ir a dar la vuelta,2,,0.5155959725379944,turismo
no debe haber,1,,0.24765366315841675,turismo
que miedo ir a méxico y eso que soy de méxico,5,,0.35100793838500977,turismo
ora si yo voy a disfrutar de ellos,5,,0.31217601895332336,turismo
que salgamos dice,5,,0.32098132371902466,turismo
ana gomez,4,,0.2711428105831146,turismo
ojalá que todos lleguen bien de regreso a su país xq aquí en méxico hay magia se desaparece la gente,1,,0.48663589358329773,turismo
que no es por eso sí no para no tener un impacto ambiental peorr,2,,0.3593999445438385,turismo
concuerdo con ella,5,,0.4949699342250824,turismo
y cuantos regresarán salvos a su casas,1,,0.40267232060432434,turismo
y mi me darán home office esos dias asi por mi bien,5,,0.4330175817012787,turismo
cancelar clases cuando lo mejor es perder clase viendo el partido con amigos al menos yo no lo veía yo me ponía a platicar con mis amigas me da risa,1,,0.6620422601699829,turismo
la barredora se está frotando las manos,1,,0.40556877851486206,turismo
es como si te dijera no salgas de tu cuarto para que la visita se sienta agusto bro aquí vivimos,5,,0.2491302788257599,turismo
hay paises donde suele ser al revez,3,,0.3813653290271759,turismo
que salgamos a las calles a manifestarnos dice,1,,0.33856961131095886,turismo
sólo me parece bien lo de las escuelas por temas de seguridad a los niños,2,,0.41644975543022156,turismo
es encerio es mas importante el mundial,5,,0.40016743540763855,turismo
qué manera de dejar de un lado todo lo que estamos pasando,5,,0.27673080563545227,turismo
van a ir 5 5 millones y como están las cosas van a regresar 2 7 millones me da risa,1,,0.6954018473625183,turismo
perdón cómo esta eso,5,,0.5426121950149536,turismo
manifestaciones manifestaciones,5,,0.26962313055992126,turismo
entendido que salgamos todos,5,,0.4877070486545563,turismo
queeeeee,2,,0.3223826587200165,turismo
ya no me parece que cancelaron por la inseguridad y solo será en usa y canadá,1,,0.587765634059906,turismo
okey a hacer marchas entendí perfectamente,5,,0.6050121784210205,turismo
y la inseguridad,5,,0.31789493560791016,turismo
no no y no,1,,0.7012696862220764,turismo
o creo con tanto desorden que hay,1,,0.4041424095630646,turismo
me gusta la idea pero solo si se pagan esos dias en los trabajos como dias de vacaciones,3,,0.5419262647628784,turismo
a cerrar estadios aunque nos cueste que en méxico nunca haya mundiales,1,,0.56061851978302,turismo
que hagamos fiesta en las calles dice,5,,0.3347834646701813,turismo
entonces no van a ir a trabajar todo estará cerrado,1,,0.7484666109085083,turismo
yo entendí que durante ese tiempo salga todo el día,5,,0.48473066091537476,turismo
para que los roben ya sea los policías o los mismos delicuentes,3,,0.28125303983688354,turismo
pon el video o la nota un foto con un escrito como prueba,1,,0.3375403881072998,turismo
dice que todos salgamos a manifestarnos,5,,0.3898596167564392,turismo
se han dado cuenta que cómo quieres sabotear el pri y el pan los eventos y así todavía creen que alguien va a quererlos tener en la presidencia,1,,0.4583548605442047,turismo
a cuántos de ellos los van a por la inseguridad de méxico,1,,0.4102674424648285,turismo
los que vayan cuidence mucho por la casa inseguridad,5,,0.5207663178443909,turismo
y para cuando lo de carlos manzo,3,,0.23919667303562164,turismo
me han dado ganas de turistear mi ciudad con todos mis amigos y familia,5,,0.6501212120056152,turismo
mujer,5,,0.3130490183830261,turismo
cómo ella pensó que reaccionaríamos todos los mexicanos,5,,0.52092045545578,turismo
y tú regandola,5,,0.4303082525730133,turismo
todo aquel que quiera venir nuestro bello méxico todos sean bienvenidos dejen de ver noticias amarillistas y tik tok en todos los países hay inseguridad,5,,0.413638710975647,turismo
que dice helen,5,,0.257785439491272,turismo
me da risa viva morena me da risa me da risa,1,,0.3533393144607544,turismo
le preocupa mas el mundial la señora que el país esta mal,2,,0.41550421714782715,turismo
nuestra oportunidad para manifestarnos,5,,0.6134408116340637,turismo
cuánta lana tubo que soltar o acaso es otra cortina de humo para no aser la marcha el 14 o 15 de noviembre,1,,0.579856276512146,turismo
ps ahora salgo más y con pancartas en mano,5,,0.2638890743255615,turismo
cuantos muertos pueden haber,1,,0.3894692063331604,turismo
yo solo escuche que salgan,1,,0.27430260181427,turismo
dios quiera y los otros paise se unan y mo vayan muy muy peligroso mexico muchos cuidado,1,,0.84786057472229,turismo
no olvidemos a carlos manzo,5,,0.2799680531024933,turismo
pobre de ellos ojalá no los maten,1,,0.4302506744861603,turismo
bueno empiece por cancelar las citas en imss,4,,0.2980690002441406,turismo
que salgan todos y muestren el hermoso tráfico de la vida diaria,5,,0.8156455755233765,turismo
y de que sirve si los impuestos del mundial van a correr por cuenta del pueblo,3,,0.2714729607105255,turismo
y ciudad de méxico sin aeropuerto con capacidad para el mundial,3,,0.24973152577877045,turismo
que hagamos de las nuestras dice,5,,0.3271273076534271,turismo
méxico,5,,0.3136720061302185,turismo
me da risa suerte con las empresas que hacen producción,5,,0.3426852822303772,turismo
jajajja me sentí como bebé paloma escondido por que le avergüenzo a mis padres jsjsjsjs,1,,0.44548526406288147,turismo
nunca le digas a una persona que hacer porque siempre hará lo contrario y peor,1,,0.42092806100845337,turismo
que muero ir a méxico,1,,0.5270771980285645,turismo
sorry nosotros no iremos,1,,0.7546850442886353,turismo
visitantes se escribe con m de mujer,1,,0.3456546664237976,turismo
y el aero puerto de san miguel allende,5,,0.3574080169200897,turismo
por 3 pinches partidos,1,,0.4270390272140503,turismo
a bueno si ellos nos van un cheque de 100 000 pues no salgo para que no vallamos a trabajar y nos paguen las renta el agua la luz comida,1,,0.41787782311439514,turismo
si no salgo de mi casa como crees que le voy hacer para probar el producto extranjero,1,,0.38987547159194946,turismo
y la seguridad dónde quedó,5,,0.4738844633102417,turismo
habló el experto,5,,0.31449541449546814,turismo
y cuantos de esos volverán ah sus hogares,5,,0.3583332896232605,turismo
es que no van a terminar los arreglos del transporte a tiempo y no vamos a caber en los rtp metro ni mexibús,1,,0.4743095934391022,turismo
ya cancelaron el mundial para mexico ya esta confirmado los partidos seran en estados unidos y canada en mexico no ay seguridad,1,,0.715872049331665,turismo
que miedo ir a mexico es uno de los países mas peligrosos de latinoamerica,1,,0.7226316928863525,turismo
ara eso si ahí dinero pero para proteger al pueblo ni madre dice,3,,0.30199772119522095,turismo
suban la información bien si lo dijo por escrito suban las capturas si lo dijo en un en vivo suban la parte del en vivo si van a informar informen bien,3,,0.312410831451416,turismo
yo no iba a salir pero ahora me veo en la necesidad de salir esos días,1,,0.24132776260375977,turismo
no hay que ser groseros me dice mi mamá que cuando haya visita tengo que salir a saludar,1,,0.28580281138420105,turismo
si no te cancelan el mundial,1,,0.25938284397125244,turismo
como tal no digo eso pero lo peor es que si lo da a entender,4,,0.35962334275245667,turismo
cómo e dicho no porque sean de morena quiere decir que son buenos políticos eso hubiera pesando antes de el mundial como solucionar ese problema,1,,0.41714543104171753,turismo
awuiwi quiero ver manifestantes es la más perfecta ocación,5,,0.7938480377197266,turismo
así hubiera invertido en los hospitales,3,,0.3031577169895172,turismo
jajajkaja neta no es rage bait,1,,0.27657458186149597,turismo
revocación de mandato,1,,0.5018730163574219,turismo
y que tal si mejor renuncia,3,,0.3486228883266449,turismo
que una manifestación dice,1,,0.4802957773208618,turismo
no me gusta me da risa,2,,0.4823763072490692,turismo
todo por eso tlaloc hará lo suyo lluviaaaa,3,,0.2988514304161072,turismo
fifa ojooo méxico está super insegurooo,1,,0.8205880522727966,turismo
ablan de todo menos de carlos manzo,1,,0.49977317452430725,turismo
no ma no que iban a suspender neta que vergüenza,1,,0.6527454257011414,turismo
primero méxico y después el dinero ya no tenemos medicamentos y la delincuencia el dia de hoy no me deja trabajar no necesito un mundial necesito un mexico seguro para recibir ingresos hoy,1,1.0,0.8257963061332703,turismo
tenía que ser,2,,0.33166593313217163,turismo
la policía se frota las manos de imaginarse,1,,0.5574926733970642,turismo
que quiere que agamos manifestaciones,5,,0.23250065743923187,turismo
me da risa qué mmada me da risa,1,,0.36740338802337646,turismo
la cancion de la carencia de panteón rococo fue lo único que se me vino a la cabeza al leer esto,2,,0.3084632456302643,turismo
manifestación,5,,0.297026127576828,turismo
en jalisco van a suspender clases para que no haya tanta gente en la calle,1,,0.502295732498169,turismo
y crees claudia que deja mas dinero un mundial que todo inmigrante mandando dinero a mexico y visitando a nuestros pueblos ciudades y ranchos año con año claro si trabajaras en mejorar la seguridad del pais primeramente,1,,0.543156623840332,turismo
turistanovengasamexicoportuseguridad,5,,0.27909913659095764,turismo
que salgamos dice,5,,0.3209817111492157,turismo
oigan tienes razón hay que hacerlo así que los vendedores ambulantes los que venden los tacos los que venden en turismo todo lo que tenga que ver con trabajos sin importar que nos vamos a hacer esos ya sin trabajo así que los turistas pueden explorar pero lástima no se podrán llevar recuerdos porque nadie va a trabajar esos días ni los que venden para los turistas pero qué se les puede hacer hay que respetar porque es buena idea,1,,0.23805244266986847,turismo
cuba,4,,0.25077348947525024,turismo
ojalá cancelen la fifa a menos de que hagan algo con su narco gobierno,1,,0.7069287300109863,turismo
300dlls al día y hablamos,5,,0.5779096484184265,turismo
me da risa,3,,0.2388707399368286,turismo
a webo las nuevas soluciones bienestar,5,,0.4432950019836426,turismo
ya los conto,5,,0.3713016211986542,turismo
mil veces aldita claudia,5,,0.4564208984375,turismo
y van a trasparentar todo el ingreso o lo repartirán en la nómina de morena,5,2.0,0.492045134305954,turismo
que dijo que salgamos todos para que nos vean los turistas jajajajaa,1,,0.3279988169670105,turismo
si me dan para ir de vacaciones yo con gusto me largo los días para los que me alcancen,3,,0.3416876494884491,turismo
no gracias,1,,0.6183728575706482,turismo
si tan solo hubiera empezado el aeropuerto de peñas nieto otra casa sería,1,,0.31394052505493164,turismo
que nos manifestamos dice,5,,0.43801599740982056,turismo
como le van a hacer para darle servicios el aeropuerto apenas puede mover a los locales,5,,0.3838755786418915,turismo
y quién va a poner el ambiente,5,,0.40995800495147705,turismo
para todos los que dicen que la inseguridad pues de una vez les informo que ya todo está en carpetas de investigación asi que no se preocupen y para el mundial habrá un chingo de seguridad lo que jamás en años se ha visto ya lo verán para ese día méxico será diferente solo en lo que pasa el mundial ja,1,,0.43381842970848083,turismo
cuantos turistas ya no regresarán a sus países así como está la inseguridad en méxico,1,,0.6568132638931274,turismo
km mexicano no me gusta q compartamos mundial con eu y canadá me parece injusto siempre a sido d un solo país los mundiales q poca m,1,,0.6307411789894104,turismo
esta mujer s ve enferma se ve que no ha dormido,1,,0.7164381742477417,turismo
creo que no es la persona indicada para decir eso,1,,0.47588273882865906,turismo
sino nos pueden cuidar a nosotros menos los turistas,2,,0.33761733770370483,turismo
ni de loco voy a méxico,1,,0.6321384310722351,turismo
mi mamá diciéndome que no salga de mi cuarto cuando hay visitas,1,,0.37669429183006287,turismo
lo tomaré pero me ofende muchísimo y por que no dejarlo así después del mundial,3,,0.351991206407547,turismo
que valor de los turistas,5,,0.30610018968582153,turismo
justanorangecat hake406 gámez u u muffintime,1,,0.36411356925964355,turismo
y con un país lleno de inseguridad como le harán,5,1.0,0.5381110310554504,turismo
me da risa para decir en mi trabajo que me dieron permiso de faltar,1,,0.5592066049575806,turismo
de por sí ya es un caos la cdmx,1,,0.46409139037132263,turismo
todo muy bonito pero ojalá no sean víctimas del crimen organizado no pueden brindarnos a nosotros seguridad menos a los turistas,3,,0.3598689138889313,turismo
que salgamos dice,5,,0.3209814131259918,turismo
cómo que me dan ganas de salir en pijama y despeinada todo el día,5,,0.605920672416687,turismo
que hagamos fiesta al lado del mundial dice,5,,0.34816429018974304,turismo
más bien salgamos hay que disfrutar de los turistas,5,,0.4101012647151947,turismo
yo no quería salir para evitar el tráfico ahora tendré que salir,1,,0.644720733165741,turismo
no salgan de sus casas para que no asusten a los turistas faltó decir,1,,0.3585389256477356,turismo
ya quiero ver a esos futbolistas,5,,0.44289320707321167,turismo
cómo que suspender clases en mi niñez el maestro nos puso a ver el partido en el salón de clase,5,,0.33285394310951233,turismo
pobr3s turistas que no volverán asus países en un país peligroso que se le ocurrió hacer mundial a fifa,1,,0.6031131744384766,turismo
que salgamos entendí,5,,0.3963893949985504,turismo
yo tengo otra idea,2,,0.30257049202919006,turismo
wuuaaaooo excelente,5,,0.6646016836166382,turismo
wey me da risa hace meses estada asiendo burlas de eso con mi familia y ahora resulta que se hizo realidad,1,,0.24121838808059692,turismo
p,4,,0.2397068440914154,turismo
no soy alguien de salir mucho pero ya estuvo que esos días si o si voy a estar en la calle,1,,0.2850959599018097,turismo
soy mexicano y ojalá cancelen el mundial en méxico,1,,0.63069087266922,turismo
la marina de estados unidos va a visitar a mexico,5,,0.30544912815093994,turismo
detesto el futbol y no me gusta salir pero que les parece si esos días nos organizamos y salimos todos solo por molestar,2,,0.34689047932624817,turismo
que quiere una manifestación,5,,0.3896286189556122,turismo
mientras me paguen mi salario no hay pex me quedo en mi casa,1,,0.5232610106468201,turismo
que quiere manifestaciones dice,5,,0.31747645139694214,turismo
se me hace una falta de respeto,2,,0.39583227038383484,turismo
cómo sabe que le pago sus viajes o que de dónde saca ese dato,5,,0.36896297335624695,turismo
por qué se quejan es una sugerencia aceptable va a ser un maldito caos la ciudad,1,,0.6162272691726685,turismo
hay que bendición trabajar desde tu casa bien cómodo,4,,0.41687074303627014,turismo
pobres turistas van a venir con un chingo de miedo ya que morena está con la delincuencia,1,,0.600517213344574,turismo
está horrible viajar en méxico el tráfico está horrible y la inseguridad,1,,0.9636661410331726,turismo
hay que sabotear el mundial,1,,0.5891609787940979,turismo
demasiado peligroso yo jamás viajo a méxico aunque me encanta mucho el paiz pero muy peligroso,2,,0.47540518641471863,turismo
si me dan el día en mi trabajo va,3,,0.327058881521225,turismo
cómo que me dan ganas de viajar a cdmx ese día,5,,0.5919387340545654,turismo
mi humilde opinión,1,,0.3747573792934418,turismo
clara brugada,4,,0.2505599558353424,turismo
osea vamos a salir,1,,0.38007622957229614,turismo
si me pagan esos días con gusto no salgo ni a tomar la luz del sol,1,,0.24695110321044922,turismo
ahí que salir solo molestar quien está conmigo,5,,0.23506967723369598,turismo
en verdad está sra está de jefa de gobierno,1,,0.553467869758606,turismo
acuerden va aver secuestros también con esta presidenta,1,,0.4115431606769562,turismo
si me dan 500 000pesos y uno taquitos de pastor lo ago con gusto,1,,0.4279474914073944,turismo
es broma verdad,5,,0.2631838917732239,turismo
entonces los comerciantes guías turísticos restaurantes hoteles y demás no abran y disfrute su día en casita me gusta,4,,0.42514175176620483,turismo
que miedo ir al mundial a méxico,5,,0.3032917380332947,turismo
god bless mexico,5,,0.5066056847572327,turismo
como si estan cerrados los aeropuertos,1,,0.35316911339759827,turismo
ni mi casi nada me ocultó así,1,,0.443269819021225,turismo
es broma verdad,5,,0.26318398118019104,turismo
pues usted no me manda,1,,0.5308627486228943,turismo
cosas que nunca dijo,5,,0.48723074793815613,turismo
a caray y quién nos va a mantener,5,,0.5245679020881653,turismo
yo creo que ya no vendrá nadie,1,,0.5320236086845398,turismo
soy de guadalajara y me da vergüenza de cómo está de sucia la ciudad sobretodo en zonas como la americana y zona centro quitaron los botes de basura según porque ya no les pagaron la concesión alguien sabe algo de esto,1,,0.7617707848548889,turismo
cuantos vuelos va a recibir el aifa,5,,0.31829968094825745,turismo
oilaaaaaa,1,,0.3220142424106598,turismo
no es mala onda pero va haber un robadero y ahí la gárgola se va hacer la que no sabe como es su costumbre,3,,0.5187408328056335,turismo
hay q salir todos,1,,0.5244081020355225,turismo
será el mejor mundial y el pais muy hermoso,5,,0.8806763887405396,turismo
a ver si no los desviven,3,,0.3155384361743927,turismo
pero hay que salir a ligar,3,,0.42237451672554016,turismo
todos saliendo a las calles,5,,0.3544577658176422,turismo
que smosh en la plaza dice,1,,0.44894954562187195,turismo
oscar ceh,5,,0.3062308728694916,turismo
si y van a mirar el desmadre que tiene méxico y aver si no se los levantan,1,,0.333138108253479,turismo
que salgamos dice,5,,0.32098132371902466,turismo
a si como está la seguridad no creo,2,,0.34634312987327576,turismo
pero si solo habrá 13 paridos y varía de local de méxico dudo mucho con todo respeto que haya más de 1 millón de personas,2,,0.37049686908721924,turismo
y la inseguridad,5,,0.31789475679397583,turismo
habiendo cosas más importantes se pone a hablar de pendejadas fuera morena,1,,0.4400638937950134,turismo
ni mi mamá se avergüenza tanto de mi,1,,0.4613901376724243,turismo
soy de la cdmx pero la verdad que ni vengan esta mujer debería ver mejor la seguridad de mi país antes de todo si es una basura de seguridad,1,,0.31196680665016174,turismo
iban a venir,5,,0.39809364080429077,turismo
ya lo dijo fox cenas y te vas,1,,0.29340365529060364,turismo
y a esos también los va a desaparecer,1,,0.4877707362174988,turismo
que nos manifestamos va,5,,0.5083575248718262,turismo
como que ya me dieron ganas de trabajar e ir a la oficina esos días y lo mejor está a la vuelta del estadio,5,,0.6820286512374878,turismo
que salgamos diceee,1,,0.30633077025413513,turismo
2 de octubre no se olvida,1,,0.5010959506034851,turismo
y usted cree que la gente va a ir después de todo lo que está pasando en méxico,5,,0.3927622437477112,turismo
dice que hagamos manifestaciones,1,,0.38197779655456543,turismo
ni iba a salir porque que hueva y que oso el fútbol pero adivina qué mi ciela,1,,0.452134370803833,turismo
de miedo de los narcos yo no iría ni aconsejo que vaya nadie con ese narcogobierno y corruptos,1,,0.8871290683746338,turismo
ya lo canceló fifa se va para canadá oh eeuu,1,,0.705038845539093,turismo
queeeeee carajos ay que salir más y aser ver al mexicano que somos viva méxico lindo,1,,0.35127729177474976,turismo
televisa he hechara a perder con sus jugadores el evento ya se sabe,1,,0.5591022372245789,turismo
la fifa ya cancelo por mucha inseguridad en méxico,1,,0.6893727779388428,turismo
pues por ahí dicen q la fifa ya no quiere ir a méxico,1,,0.6115032434463501,turismo
con el simple echo de ver esa calaca ninguna noticia es importante puro circo no me arrepiento de no aver votado por ella,1,,0.5346998572349548,turismo
ya saben si vuelven a votar por una mujer,1,,0.39410728216171265,turismo
no sería mejor reparar el metro para que todas las líneas y las unidades estén en funcionamiento,3,,0.5650646686553955,turismo
yo tengo una mejor y si todos los locales se cierran,2,,0.38668587803840637,turismo
mate eso nunca pasó,1,,0.7587055563926697,turismo
chin tiene que hacer un fuerte gasto para el mundial ojalá que con eso se pueda recuperar la bolsa,2,,0.32736513018608093,turismo
mejor invertir en las carreteras de los pueblos,5,,0.5043641328811646,turismo
teotihuacán 20 de abril dando una buena imagen a los turistas,5,,0.4409504234790802,turismo
me da risa que los trabajadores tampoco salgan para que los turistas disfruten,2,,0.3479311764240265,turismo
lo más gracioso que dijo qué vara movilizar en transporte público o a los turistas,5,,0.5606087446212769,turismo
claro meto a mi cuarto de servicio en lo que los invitados andan en mi casa,5,,0.5211064219474792,turismo
ahora resulta que ni en mi propio país me quieren,1,,0.405501127243042,turismo
a cómo está la inseguridad no creo que lleguen,1,,0.3175678551197052,turismo
no lo dijo exactamente con esas palabras pero es lo que dió a entender,3,,0.3832567036151886,turismo
es familiar de la que dice que si no pueden comprar gasolina premium que compren la magna,3,,0.23556272685527802,turismo
y no le da vergüenza tanta inseguridad,5,,0.40839487314224243,turismo
si me pagan con gusto no salgo es más ni abro las ventanas oh pero que no me lo quiten de mis días de descanso oh y que me den mi despensa por qué no como aire,2,,0.44591882824897766,turismo
con la inseguridad no creo,1,,0.6461054682731628,turismo
hoy solo se habla de fudbol,1,,0.34896528720855713,turismo
ya un político habla de eso esas noticias son para canales de noticias,1,,0.2930349111557007,turismo
uuufffff que complicado si en méxico desgraciadamente la inseguridad es el tema más importante,2,,0.4030172526836395,turismo
y luego a mty,3,,0.23721909523010254,turismo
soluciones del bienestar,4,,0.3920916020870209,turismo
uyyy los meros estados q goviernan los malillos cuidadooo cuidadooo,1,,0.300184041261673,turismo
deberiamos de evitar que el mundial lo hagan aqui como manifestacion a su asqueroso gobierno a la inseguridad a la corrupción a la falta de medicamentos si no puede cumplirle ni a los mexicanos en materia de seguridad que les espera a los extranjeros,1,,0.7201448678970337,turismo
a vaya en nuestro país ya no vamos a poder salir,1,,0.5657369494438171,turismo
clara brugada,4,,0.2505599558353424,turismo
y para que si la seguridad del país está mal y aparte los policías solo los van a infracciones por cualquier cosa no ai tolerancia de nada ojalá no venga nadie el trafico horrible hoteles caros con toda la reducción de carriles nunca llegarán a los partidos,1,,0.8831852078437805,turismo
es es el problema dar una buena impresión de méxico eso significa que no damos buena impresión la pregunta es que ha hecho el gobierno para cambiar eso,1,,0.44752800464630127,turismo
ya se dijo se suspende el mundial 2026 por ser una pais muy inseguro sera en eeuu el mundial,1,,0.6794033646583557,turismo
la neta nose porque mexico se sigue estando en el top paises mas visitados del mundo y vienen literal de europa y varias partes del mundo segun estatisticas apesar de saber lo inseguro que es siguen yendo,5,,0.5825718641281128,turismo
ahora de puro coraje saldré el día del mundial,5,,0.7751522660255432,turismo
pero si mis papás me obligaban a salir de mi cuarto para saludar a la visita,3,,0.4586799740791321,turismo
creo que no entendieron me da risa aparte es el punto de vista estuve viendo más no investigando se dice que esto se hizo por el impacto ambiental además de que ya está tan bien jodida la cdmx lo quieren aprovechar para visibilizar más lugares del país por lo que sería más un dispersar el turísmo por todo el país e impulsar la economía local si no me equivoco si me equivoqué discúlpenme y los invito a investigar y corregirme,2,,0.330406129360199,turismo
será una cortina de humo,1,,0.4428122639656067,turismo
para los turistas si va ver mucha vigilancia y para los mexicanos que sigue la inseguridad,3,,0.35988157987594604,turismo
mientras me den unos 1500 diarios qué es lo que gano al día no salgo ni a la esquina,5,,0.40098220109939575,turismo
que molestemos a los turistas dice,1,,0.4250883162021637,turismo
y por eso es que está viendo de dónde sacar dinero subiendo impuestos poniendo impuestos nuevos dejando a la salud sin medicamentos pero falta que la fifa quiera por la violencia que hay en méxico,1,,0.4535076916217804,turismo
pobres que le piensen para venir uno como quiera,1,,0.33995380997657776,turismo
no creo,1,,0.6017776727676392,turismo
naa a ese narcoestado no señor,1,,0.4381401240825653,turismo
méxico no es seguro,1,,0.6036341786384583,turismo
todos hay que salir a manifestarnos de todas las cosas malas que hay en méxico,1,,0.7806843519210815,turismo
y si mejoran la infraestructura de la ciudad y si mejoran los caminos y si mejoran el transporte público y si ponen primero a peatones y ciclistas en vez de los vehículos ahora la culpa es de nosotros,2,,0.3330461382865906,turismo
que lo cancelen no queremos futbol queremos seguridad en todo mexico,1,,0.659856915473938,turismo
vamos todos a hacer manifestación por todos lados,5,,0.5379176139831543,turismo
y dónde madres los vas a meter si no puedes con el caos del periférico,5,,0.2595911920070648,turismo
que van a cerrar reforma que que,1,,0.3232903778553009,turismo
mexico mejor que nunca solo claudia sheinbaum,5,,0.7263416051864624,turismo
el aifa,3,,0.24648821353912354,turismo
estás segura,4,,0.32780522108078003,turismo
se va a quedar con las ganas de ver eso,3,,0.2729494869709015,turismo
ni mi ex se avergonzó tanto de mí,1,,0.4466717541217804,turismo
uno con gusto la cosa es si mi trabajo lo vea así me da risa,3,,0.28341665863990784,turismo
inversión para quien mejor invierte en la ceguridad y gente te gastas menos,5,,0.41245901584625244,turismo
qué maravilla los locales encerrados para que los turistas tengan la ciudad sola alguien le explica que esto no es un parque temático,5,,0.5023708343505859,turismo
que no salgan todo el año mejor,2,,0.3406693637371063,turismo
que me pague el día en el trabajo y no salgo ni a la esquina,1,,0.6242070198059082,turismo
que saturemos la ciudad como si fuera hora pico,5,,0.39621344208717346,turismo
carlos manzo,5,,0.24233610928058624,turismo
para que los regales a tus chairos,4,,0.39433202147483826,turismo
ocupó 5 personas para agarrar unos 3 árabes salimos de pobres por qué salimos,1,,0.6695335507392883,turismo
ahorita con lo que está pasando lo dudo,5,,0.43468329310417175,turismo
yo escuché que cierren las vías principales,3,,0.2764413058757782,turismo
mejor le hubieran puesto aeropuerto maximiliano de habsburgo o aeropuerto emperatriz carlota,1,,0.2356780618429184,turismo
vivo en méxico y tengo miedo de salir me da risa,5,,0.32785090804100037,turismo
no comenten nada porqe les abre una,1,,0.7978733777999878,turismo
cortina de humo por lo de carlos manzo,1,,0.400254487991333,turismo
no cabe duda que estos gobernantes son un meme sin sentido,1,,0.3824704885482788,turismo
creo no se hará ya,1,,0.45213583111763,turismo
buena idea mala explicación de ella,3,,0.36342525482177734,turismo
por eso urge tapar la inseguridad,1,,0.2521249055862427,turismo
no queremos mundial queremos seguridad,1,1.0,0.2801387310028076,turismo
no creo la fifa ya lo cánselo porque que tu gobierno está manchando de sangre claudia,1,,0.7511444687843323,turismo
terror ir a méxico,1,,0.5603179931640625,turismo
jajajajaj,4,,0.30330973863601685,turismo
que,3,,0.26696744561195374,turismo
ya ni mi ex cuando m presumio en cf,1,,0.38180437684059143,turismo
uy sí se ve bien orgullosa para el mundial claro que hay remodelación ahí sí todo es rapidísimo pero para los mexicanos que llevan años pidiendo mejoras nada baches inseguridad policías corruptos y todavía lo presume como si fuera un logro enorme,3,,0.3276641070842743,turismo
yo estoy de acuerdo que los que trabajan en gobierno no salgan de sus casas para que no nos dejen en ridículo y los turistas disfruten,4,,0.27682387828826904,turismo
no creoooooo,1,,0.400720477104187,turismo
aún país lleno de violencia,5,,0.2866691052913666,turismo
no puede con los del pais podra con visitas,1,,0.404377281665802,turismo
ojalá y lo cancelen,1,,0.6074344515800476,turismo
como que me dieron ganas de salir de mi casa,5,,0.5105793476104736,turismo
y la ciudad está hecha una cochinada,1,,0.6596198678016663,turismo
noo y todas las cosas que pasan como lo de teotihuacan no dan una mala imagen de como está el país,1,,0.5015985369682312,turismo
para 10 partidos,5,,0.28999125957489014,turismo
si la fifa está considerando quitarle la cede por la inseguridad me da risa que se puso a hablar,1,,0.6252670288085938,turismo
yo no iria mucha insegudad,2,,0.48745906352996826,turismo
mejor lo veo aquí en canadá,5,,0.672400712966919,turismo
depende si me pagan ni me asomo fuera de mi casa,1,,0.42862021923065186,turismo
no la chinguen ajjsjsjs,1,,0.2870955765247345,turismo
soy de perú,5,,0.36402150988578796,turismo
si me dan home por mi bien pero que sea todo el año alv,3,,0.4277087450027466,turismo
ni me gusta el fútbol pero por mis ovarios qué esos días afuera voy a estar,2,,0.4281981885433197,turismo
q me pague y no salgo,1,,0.6926471590995789,turismo
que vergüenza que se descarrile el tren,1,,0.7127628326416016,turismo
que nos espera a todo allá bueno,5,,0.4896537959575653,turismo
cuando no sabes lo que es trabajar y solo estirar la mano,1,,0.26391518115997314,turismo
a quien se le ocurrió esa brillante idea,5,,0.4202868640422821,turismo
no por qué se desaparecen me da risa,1,,0.37573763728141785,turismo
nunca voy para la cdmx pero como que se me antojo ir a hacer una protesta justo por esos días del mundial,1,,0.38617202639579773,turismo
ojalá y no se haga de chidos,1,,0.2761792242527008,turismo
ahora con mas razón voy a salir,1,,0.38504651188850403,turismo
pero no abra balazos ose abrirá una investigación,3,,0.3483271896839142,turismo
demuestren su talento chicooos,5,,0.47274091839790344,turismo
si fifa no pago impuestos que no vengan,1,,0.6101203560829163,turismo
pero los vuelos para bajar a cdmx en los dos están muy caros para bajar desde tijuana yo compre a morelia m salio la mitad q iva a pagar de 5000 a 2200,2,,0.43336233496665955,turismo
que salgamos todos dicen,5,,0.3584969639778137,turismo
ya los contó o que,5,,0.2496132254600525,turismo
no creoooooo,1,,0.4007205069065094,turismo
ahora más escándalo habrá y tendrá que soportar,1,,0.5253996253013611,turismo
su aeropuerto isra que ni las pulgas se paran alla,1,,0.295244038105011,turismo
ni gratis me voy a méxico,1,,0.6227231025695801,turismo
full vergüenza que vengan y vean todo el desmadre que hay en méxico,1,,0.5399072766304016,turismo
iban a ir,1,,0.376873254776001,turismo
espera qué,3,,0.33574461936950684,turismo
nos van a dar algo por no salir porfirio díaz daba pulque ustedes que ofrecen,1,,0.4535122513771057,turismo
ya dijeron chicos manifestación durante todo el mundial,5,,0.5152570605278015,turismo
paso 5 5 millones de turistas robados se irán ya tanto los policías tránsitos y delincuencia organizada se están preparando más q nadie para recibirlos,1,,0.8778260946273804,turismo
to de por sí no salgo,1,,0.28241634368896484,turismo
hay weyyyyy,1,,0.2612724304199219,turismo
yo ni caso le voy a hacer,1,,0.2579306662082672,turismo
jajajaj que que dijoooo que saliéramos todo el dia va,1,,0.3094448149204254,turismo
haber cuántos regresan a sus casas,1,,0.39831387996673584,turismo
y de los 5 millones a cuantos van a desaparecer,1,,0.5199908018112183,turismo
manifestaciones,5,,0.2836281657218933,turismo
no vengan hagan caso antes de que lo lamenten,1,,0.653460681438446,turismo
ya escucharon comerciantes y comercios no salgan de sus casas no habrán sus restaurantes no salgan a vender elotes no salgan a dar servicios no hay que molestar para nada a los turistas,1,,0.7841519117355347,turismo
no queremos mundial queremos seguridad y justicia,1,,0.3090815544128418,turismo
que me van a pagar esos días o que,5,,0.30163517594337463,turismo
no pudo brindarle seguridad a 1 y ya va quererle ofrece seguridad a todos ellos me da risa,1,,0.48869362473487854,turismo
no pensaba salir pero ahora me lo tome personal,3,,0.3464375138282776,turismo
a cerrar estadios,1,,0.5846339464187622,turismo
que salgamos todos dice me da risa,1,,0.32293903827667236,turismo
a mi no me gusta salir pero solo por eso voy a salir justo cuando sea el mundial,3,,0.3867499530315399,turismo
lo siento mi distinguida presidenta ya el mundial no se llevará a cabo en méxico todo gracias a la inseguridad me imagino que ya tiene una carpeta de investigación,1,,0.4827520251274109,turismo
es chiste verdad,5,,0.35292190313339233,turismo
y de a cómo estamos hablando,5,,0.5222786068916321,turismo
mejor iré a usa a verlo,5,,0.39225104451179504,turismo
y de que sirve si no pagarán impuestos y nosotros seguimos pagando ojalá y no vengan y se cancelen los partidos de méxico,1,,0.5447144508361816,turismo
ok paguen los días de trabajo que no podemos salir y me quedo en mi casa la vd,5,,0.40207645297050476,turismo
todos a la calle ese día por favor,5,,0.34875965118408203,turismo
no qe la fifa lo había cancelado,1,,0.5833572745323181,turismo
méxico quiere a morena fuera,1,,0.5021993517875671,turismo
si señora pero no es gracias a morena el mundial no es gracias a morenaaa,1,,0.4434344470500946,turismo
y le da orgullo tener al pais como lo tiene para que lo vean 5 5 millones me da risa esa ruk no tiene vergüenza,5,,0.7181136608123779,turismo
y si nos manifestamos,3,,0.2862520217895508,turismo
les juro que yo no voté por esa señora sabía que durante los 9 años que gobernó iztapalapa hizo un desastre,1,,0.7239966988563538,turismo
simon que depósiten y se cumple,4,,0.44943204522132874,turismo
si tienen la oportunidad de venir a méxico desaprovechenla está bien clera,3,,0.29967010021209717,turismo
ojala se cancele,1,,0.4867008924484253,turismo
ni que fuera pandemia,1,,0.3919616639614105,turismo
me dieron ganas de salir mucho en junio,2,,0.3255310356616974,turismo
ya la contajio claudia,1,,0.22887349128723145,turismo
que salgamos todos dicen,5,,0.3584969639778137,turismo
todo el dinero que van a bajarle a los turistas,1,,0.6988686323165894,turismo
me iba a quedar en mi casa pero creo que ahora tengo que hacer planes con mis amigos,3,,0.3206183910369873,turismo
el mismo gobierno se avergüenza de sus ciudadanos pero no del dinero que sale de sus carteras mira nada más cuando el turista vale más que el local,1,,0.577860414981842,turismo
revocación de mandato presirvienta buena para nada,1,,0.5475929975509644,turismo
siento que decir eso solo va hacer que salgan más me da risa,2,,0.33683180809020996,turismo
manifestación,5,,0.2970261573791504,turismo
conmigo no cuenten,1,,0.34146958589553833,turismo
jamaaaaaaaas,1,,0.2932371199131012,turismo
no es un país ceguro para un evento de esa magnitud,1,,0.5538173317909241,turismo
en mty el samuel tambien dijo algo asi,5,,0.24602201581001282,turismo
primero que aprenda a usar bien los colores,5,,0.43355026841163635,turismo
por q la gente le tienen miedo a méxico las extrangeras teresibimos con a plauso con mariachi y muchos mas,1,,0.4910678267478943,turismo
9mil millones de pesos y que pasa con las calles baches mejor que invierta en las calles remodele bulevares,5,,0.30505844950675964,turismo
que en paz descansen futuros turistas,5,,0.47170233726501465,turismo
por el bien de méxico que 20 de los turistas vean una experiencia narco,1,,0.5152071714401245,turismo
a como está el país deverian de tenerle miedo y más con una presidenta como ella,5,,0.4421840012073517,turismo
que agamos una marcha dicee,1,,0.3439757823944092,turismo
ahora resulta,5,,0.28240668773651123,turismo
nadien va ir a tu porquería fifa se mueve a usa,1,,0.777091920375824,turismo
nel que se atoren 2h en el tránsito igual que yo,1,,0.3592786490917206,turismo
soy de mexico y la neta no vengan,1,,0.43653547763824463,turismo
remodelando con 9 mil millones de pesos cuanto me dura eso como tres vidas presidenta regáleme un millón que le cuesta,1,,0.49506062269210815,turismo
que me vale y tengo que ir a trabajar dice,5,,0.3955726623535156,turismo
podré negar a mi ex pero jamás le pediría que no salga de su casa,1,,0.3664434552192688,turismo
fallen star zzzzzzzz zzzz nox lunaris brandon,1,,0.8106260299682617,turismo
yo cuando salga a ver a los turistas,5,,0.24906931817531586,turismo
si deja te hago caso morra,1,,0.4871706962585449,turismo
por qué no vivo ahí pero por más amante de mi casita que sea salgo,3,,0.37244275212287903,turismo
todos a la calle a socializar con la visita,5,,0.5033258199691772,turismo
ya se estan alistando los representantes de la criminalidad flako 193 ruabogado los garcias irvin garcía suarez para defender a sus nenes a capa y espada,1,,0.2682722508907318,turismo
ok dice que vayamos a la capital a manifestarnos,5,,0.28390398621559143,turismo
1968,4,,0.27498820424079895,turismo
pues y cuántos regresarán porque pues con tanta desaparición de gente ya no se sabe,1,,0.47790706157684326,turismo
que le damos penita dice,1,,0.4462069571018219,turismo
que estupidez,1,,0.6027534008026123,turismo
claro nadie saldrá ese día,1,,0.7052405476570129,turismo
creo que dijo que si hay que salir para disfrutar con los turistas eso dijo,3,,0.26227015256881714,turismo
como cuando los dursley ocultaron a harry me da risa,5,,0.4172058701515198,turismo
quiere un paro laboral y manifestaciones masivas dice,1,,0.46406325697898865,turismo
ni mi papá intentó negarme tanto,1,,0.5215822458267212,turismo
hojala y estén preparados para dar buenservicio,5,,0.46008196473121643,turismo
soy de colombia y fui a méxico y hay mucha inseguridad la verdad,1,2.0,0.5570089817047119,turismo
que me paseé en la troka con el audio de la llorona a las 3 de la mañana ok,1,,0.43634846806526184,turismo
y así como nos dejan cargar en los aeropuertos,5,,0.49546846747398376,turismo
no queremos mundial queremos seguridad queremos revocacion de mandato,1,,0.5838459730148315,turismo
todos salimos en pijama me da risa,1,,0.44736552238464355,turismo
ponte a trabajar las calles de la ciudad de méxico y bueno no se diga el estado de méxico están de la muy malo,1,,0.6988668441772461,turismo
si pero primero esta la seguridad,3,,0.5851969718933105,turismo
ajá,5,,0.30064910650253296,turismo
que hagamos mega salidas dice todos afuera del estadio banorte dice,1,,0.6855303645133972,turismo
si nos piden que salgamos pues salimos,1,,0.40016764402389526,turismo
evento para hacer a los ricos más ricos y a los pobres más pobres,4,,0.40781596302986145,turismo
hagan manifestaciones esos dias jajajajajajajaua,1,,0.3304828107357025,turismo
a como están las cosas la vrdd deberían cambiar mejor todos los partidos a eu aunque nos duela a nosotros los mexas la vrdd hay una inseguridad muy grande y los turistas pueden apeligrar entre ellos niños me entristece,1,,0.37129920721054077,turismo
no tengo pedos de hacer home,5,,0.2475784868001938,turismo
eso dijo paola suárez,1,,0.29165488481521606,turismo
ya esta listo messi hay que estar a prevenidos pa cualquier cosa,1,,0.3075021505355835,turismo
si eso significa home office por mi fabuloso,5,,0.4806445240974426,turismo
no dijo eso pidió apoyo a los empresarios para que los trabajadores de oficina pudieran trabajar desde casa y disminuir el tráfico en el mundial,1,,0.6143671870231628,turismo
atención méxico este 06 de diciembre 9 00 am arranca la gran marcha a favor de claudia sheinbaum del ángel de la independencia al zócalo que todo el país se entere la 4t está más viva que nunca copia pega y comparte vas a estar en la marcha o solo viendo los videos en tiktok,1,,0.4779622256755829,turismo
me da risa y pensar w le pagan por decir esas cosas,5,,0.3685896694660187,turismo
y que secustren a leonel messi o ronaldo se va armar la guerra,5,,0.34217822551727295,turismo
yo quisiera ir mas pero con la inseguridad se piensa dos veces,2,,0.43329086899757385,turismo
no sé quién voto por ella,1,,0.6031286120414734,turismo
ud no salga que los va a espantar,2,,0.3205046057701111,turismo
por qué con ese dinero no arreglaron hospitales que están por caer,1,,0.6779338717460632,turismo
de repente me dieron ganas de salir,1,,0.4651245176792145,turismo
hablar de seguridad hablar de fútbol,5,,0.26776236295700073,turismo
no que se cancelaba los de mexico,1,,0.3430544137954712,turismo
otra clara burrada,1,,0.29269054532051086,turismo
fifa noooooo,1,,0.5287766456604004,turismo
ora pues si vamos a salir y hasta más,2,,0.26374807953834534,turismo
que hagamos desfile dice,5,,0.260254442691803,turismo
que nosotros somos el atractivo,5,,0.570196270942688,turismo
ok que salgamos pues,5,,0.34582239389419556,turismo
y que vas a hacer con todo ese dinero,5,,0.5992361307144165,turismo
y de los baches después hablamos verdad,5,,0.4119696319103241,turismo
con la inseguridad que ahy es un miedo venir a mexico,1,,0.4977124035358429,turismo
pues suena bien que las personas que puedan hacer home office lo hagan y así reducen el tráfico eso no solo beneficiaria a los turistas también a los que trabajan en oficios que no son administrativos,3,,0.4040958881378174,turismo
que nos vayamos a manifestar dice,5,,0.2942943274974823,turismo
pues no tenía ganas hasta que ví esto,1,,0.3224383294582367,turismo
queeee,2,,0.31521445512771606,turismo
y cuanto vas a invertir para la seguridad de uruapan,5,,0.566795825958252,turismo
jajajajajajajajajajajajajaj,5,,0.24831967055797577,turismo
cancela el mundial o lo vamos a echar a perder,1,,0.8142194151878357,turismo
wao que me gusta,4,,0.41936272382736206,turismo
parece buena idea cerrar calles,4,1.0,0.4124767780303955,turismo
siento que la jefa de gobierno fue la cabeza de estás decisiones porque si la presidenta lo decía iba a ser muy obvio y la situacion sería más familiarmente sospechosa,2,,0.33797046542167664,turismo
ojalá no valla nadien,1,,0.33903956413269043,turismo
solo de apariencias se vive cuando se acabe todo triste realidad,1,,0.48011165857315063,turismo
ay bebé que crees me están dando hartas ganas de salir durante el mundial no más para estorbar e incomodar me da risa,1,,0.3945746421813965,turismo
solo al verla,1,,0.2917926609516144,turismo
y pues se cancelo que paso presidente,1,,0.3652011752128601,turismo
todo bien y no dijo nada de la inseguridad que tendrán los turistas,5,,0.5875875353813171,turismo
cómo no soy de la ciudad soy turista no,1,,0.7270039319992065,turismo
yahahahaahhaa,3,,0.2520238161087036,turismo
ya claudia con un méxico inseguro es mejor los que nos vienen a visitar que mi venga a méxico es duro la inseguridad,1,,0.5683192610740662,turismo
allá nos vemos clarita,5,,0.45207691192626953,turismo
nadie quedra ir al aifa alch,1,,0.3597363829612732,turismo
que que los turistas vivan lo que es el metro en hora pico,5,,0.2780305743217468,turismo
que quiere manifestaciones riñas y todo eso,5,,0.47767895460128784,turismo
wey yo no soy de la cdmx pero el día del mundial viajaré allá con toda mi familia,1,,0.28168919682502747,turismo
me da risa wtf,1,,0.2588476538658142,turismo
apoyo lo de trabajar en casa para mi trabajo paso por el akron y es un caos cada que hay partidos eventos,5,,0.2356088012456894,turismo
ayora pues si es mi casa,5,,0.37869107723236084,turismo
todos salgan de sus casa,5,,0.6141963005065918,turismo
odio salir pero como soy bien necia esos días me la voy a pasar de vaga,3,,0.27961084246635437,turismo
dicen puras tonterias,1,,0.4351579248905182,turismo
vamos todos,5,,0.5310273170471191,turismo
perú y méxico peleando por quién tiene peor gobierno méxico está que se esfuerza mucho,1,,0.4985745847225189,turismo
aver si no los asaltan,1,,0.2654644250869751,turismo
y el de felipe angeles,5,,0.3212405741214752,turismo
me da risa nunca dijo eso jajaj,1,,0.6375824809074402,turismo
perdonen cuando es el mundial me entristece,1,,0.45955750346183777,turismo
ahhh claro dejen le aviso a mis profes que no iré porque los turistas quieren visitar,1,,0.4049322009086609,turismo
irala que salgamos como si hubiera tianguis,1,,0.24755291640758514,turismo
es una idea con a de mujer,3,,0.23207561671733856,turismo
claudia eres mucha pieza para méxico te queremos 6 años más reelección porfavor en la próxima votación,1,,0.27822431921958923,turismo
la derrama económica es para los politcos y para las lacras qué asaltaran a los visitantes extranjeros por que la violencia está a todo lo que da,1,,0.3111659288406372,turismo
ok ya entendí que busquemos el programa de los eventos en el mundial para asistir a todos,4,,0.4159829914569855,turismo
abersi no los secuestran o los levantan con tanta inseguridad que existe,1,,0.7167872190475464,turismo
que miedo mejor me voy para canadá,1,,0.3771287500858307,turismo
wey no iba a salir ahora saldré x mis huevos,1,,0.741374671459198,turismo
me iba a quedar en mi casa para evitar tumultos pero ahora como que se me antoja sacar plan con mis amigos durante todos los días de la temporada del mundial,4,,0.36397695541381836,turismo
una vergüenza recibir a turistas en éste momento,1,,0.8380488753318787,turismo
de huevos me voy a salir,1,,0.4746377468109131,turismo
que salgan dice,5,,0.2989613711833954,turismo
que salgamos ya dijo,5,,0.4294651448726654,turismo
que estupidez dijo,1,,0.6994376182556152,turismo
hmmm dinero y le brillan los ojos a la querida presidenta con a,5,,0.3384925425052643,turismo
deja tus jueguitos y ponte las pilas bien sabes que los mexicanos queremos que actúes con los malos,1,,0.4766337275505066,turismo
y ahi que se puede hacer,5,,0.3900195062160492,turismo
tenemos mucha presidenta afortunadamente todavía 5 años más,5,5.0,0.5662756562232971,turismo
me da risa,3,,0.2388707399368286,turismo
a quien le importa el fut boll,1,,0.6529924273490906,turismo
dice que salgamos todos,5,,0.4183976650238037,turismo
i cuando se van,1,,0.28588950634002686,turismo
no le da vergüenza de como tiene al país lleno de ollos y la inseguridad a su máximo,5,,0.6838016510009766,turismo
dice la secretaria que regalar su boleto traducción no quiero ser expuesta a una rechifla monumental miedo le llaman,1,,0.7377325296401978,turismo
mientras ajuste con un salario mínimo se ajuste a las necesidades basicas que no le paguen más,3,,0.3588079512119293,turismo
lo que le importa es el dineto no los turistas,3,,0.2893223762512207,turismo
osea que solo los turistas pueden disfrutar méxico y no los propios mexicanos,2,,0.3326842784881592,turismo
y si los narcos van a matar la gentes,1,,0.29443538188934326,turismo
me están dando más ganas de salir ahora no se porque,1,,0.42564287781715393,turismo
tendremos más visitantes que eu y eso es por que la mayoría quiere visitar méxico,2,,0.2534559667110443,turismo
manifestación en los aeropuertos cuando sea el mundial no estamos para festejar ni invertir en esos temas,1,,0.4312460124492645,turismo
es mentira ya se canceló,1,,0.7160175442695618,turismo
viva mi presidenta,5,,0.7189791798591614,turismo
qué porqué,3,,0.2723339796066284,turismo
y todos los ingresos los utilizará para abastecer hospitales y personal médico o lo seguirá regalando a los ninis,5,,0.5797395706176758,turismo
no salgan con sus falasias porfaaa no tergiversen la información osea por mí no salgan xq si dan pena pero lo q dijo la señora es q deben hacer home office para evitar el tráfico en horas pico y algún demás q eso pueda provocar,1,,0.5384662747383118,turismo
si ella le va a pagar el salario a mi mdre entonces si,1,,0.39217060804367065,turismo
que pongamos música a todo volumen toda la noche entendido,5,,0.6674609780311584,turismo
no haremos caso,1,,0.4547410309314728,turismo
para hacer las marchas más numerosas,4,,0.3869960904121399,turismo
orale que descanses,1,,0.3289607763290405,turismo
con la inseguridad seguro se irán con una muy mala experiencia pobres de esos visitantes,1,,0.7691879868507385,turismo
solo te faltó remarcar que visitarán méxico para ver como funciona la megafarmacia y el mejor sistema de salud del mundo,5,,0.2583751380443573,turismo
por eso suspendieron las clases,1,,0.4438337981700897,turismo
que dice que vayamos y los saludemos,5,,0.4674270749092102,turismo
no van nadien hasta que salgan los corruptos ahora mandamos no mas dinero alos paises corruptos unance people,1,,0.8780354261398315,turismo
con gobierno narcor país,5,,0.2822776734828949,turismo
me da risa y con esta inseguridad,5,,0.39192354679107666,turismo
que salgan dice,5,,0.29896125197410583,turismo
no mañana,1,,0.4103831648826599,turismo
wwow viva mexicooooo,5,,0.46827682852745056,turismo
como esperas turista así como tienes el país todo un desastre vergüenza debería de tener,1,,0.8575437664985657,turismo
un pais con esos niveles de delincuencia e inseguridad tendría que tener prohibido celebrar nada,1,,0.7761096358299255,turismo
que dice que salgamos a las calles a disfrutar en familia como buenos mexicanos que somos jajajaj,5,,0.42590075731277466,turismo
