comentario,categoria,etiqueta_estimada,etiqueta_real,confianza
cuál es el más cercado para rayar el nombre de mi rukaleta,infraestructura,3,3.0,0.5752640962600708
esos baños deberian estar en el metro no saben la falta que hacen,infraestructura,2,2.0,0.5765330195426941
no pues bueno me da risa,infraestructura,2,3.0,0.48987913131713867
los van a abandonar,infraestructura,2,2.0,0.5596442818641663
nada los tiene contentos,infraestructura,3,4.0,0.35928261280059814
se ve como 1520 no se de que te quejas,infraestructura,4,4.0,0.5060704350471497
no maaaa,infraestructura,2,2.0,0.4905681908130646
y que volteas hacia arriba,infraestructura,2,3.0,0.5166577100753784
me da risa exacto hay un montón de fugas porque no arreglaron eso mejor nada más lo pintaron,infraestructura,2,2.0,0.5088930726051331
que pensaban la lamparita costó bastantes millones de pesos no alcanzo para arreglar bien el anden,infraestructura,2,2.0,0.6850364208221436
eso lo dejamos para otro mundial,infraestructura,3,3.0,0.5376704931259155
les digo que hay goteras en pino suárez llueve más dentro que fuera del metro,infraestructura,2,2.0,0.5025602579116821
me da risa gobierno tan p,infraestructura,1,1.0,0.8728043437004089
8 años,infraestructura,3,3.0,0.5082252621650696
solo en méxico,infraestructura,3,3.0,0.3905258774757385
me da risa y cobraron como si fuera una restauración completa,infraestructura,2,2.0,0.5627725720405579
me gozo como se disen de todo en los comentarios,infraestructura,2,3.0,0.43311238288879395
y los baches,infraestructura,2,2.0,0.5756438374519348
y donde que yo me echo unas bien apestosotas ajajaja,infraestructura,2,2.0,0.4770835041999817
nuevas paredes mismaa goteras,infraestructura,2,2.0,0.6181424856185913
que triste nada acertada esa decisión de poner candelabros que no sirven para nada,infraestructura,1,2.0,0.7272741198539734
es como feria de pueblo pero en el metro,infraestructura,4,2.0,0.37625303864479065
en chabacano ya se puede transbordar a consti,infraestructura,3,3.0,0.47784167528152466
son las bajadas de las cascadas que pondran dentro del metro,infraestructura,2,2.0,0.6675661206245422
si se mete el agua ya va a parecer otra escena de una película donde se mete el agua,infraestructura,2,2.0,0.5478032231330872
pero que tal los baños de los metrobuses ya los cobran que tonteria,infraestructura,2,1.0,0.46317097544670105
baños con ajolotes,infraestructura,4,4.0,0.5716965198516846
y,infraestructura,3,3.0,0.44560685753822327
puro cruising va haber,infraestructura,3,3.0,0.4930436313152313
mejor arreglen las cosas,infraestructura,2,2.0,0.6143138408660889
no entiendo por qué querer aparentar algo que no tenemos ni somos era mil veces mejor darle mantenimiento funcional y que los turistas y obvio los que realmente usan este transporte a diario tuvieran un buen servicio,infraestructura,1,1.0,0.7594856023788452
la verdad si estoy de acuerdo en lugar de gastar en pendejadas como ha sido este gobierno hubieran arreglado las estaciones dejen que llueva y todo lo que hicieron va ir a la basura y se quejan de gobiernos anteriores,infraestructura,1,1.0,0.8827155232429504
con la tarjeta de movilidad integrada,infraestructura,4,4.0,0.5298136472702026
pero se ve bonito recuerda que es el gobierno de la maqueta bonita,infraestructura,4,4.0,0.529066801071167
fue remodelacion no reconstrucción eso seria casi imposible porque por arriba ya hay casas,infraestructura,4,4.0,0.5049984455108643
eso es un gasto innecesario termino aran cerrados y con basura,infraestructura,1,2.0,0.687623143196106
y quién los vendió andy,infraestructura,3,3.0,0.5357472896575928
para tapar los baches,infraestructura,2,2.0,0.5125710368156433
las líneas del metro necesitan mantenimientoooooo,infraestructura,2,3.0,0.5366944670677185
y habrá que ver cuántos miles de pesos costaron y a quien de sus compas favorecieron,infraestructura,2,2.0,0.5428816080093384
y al metro lo están remodelando solo por el mundial así deberían de hacer siempre no solo por el mundial,infraestructura,2,3.0,0.44229641556739807
iiii tu casa a de estar impecable muy observadora,infraestructura,3,3.0,0.6837328672409058
primero,infraestructura,3,3.0,0.5079370141029358
y los baches en el centro histórico pa cuándo,infraestructura,2,2.0,0.661723792552948
llego la locomotora 5972,infraestructura,3,3.0,0.457783043384552
me da risa,infraestructura,3,3.0,0.5177319049835205
sanitarios del bienestar,infraestructura,3,3.0,0.3376285433769226
esas goteras tienen mi edad 35 años,infraestructura,2,2.0,0.508119523525238
el peor gobierno de la historia de méxico,infraestructura,1,1.0,0.9813663959503174
no veo las filas y el mar de gente estrenándolos por el fomo,infraestructura,1,3.0,0.655429482460022
triste realidad,infraestructura,1,1.0,0.8659085035324097
y si ponen más seguridad,infraestructura,2,2.0,0.5370810627937317
y cuantos millones costaron,infraestructura,3,3.0,0.4267244040966034
es que necesitaba mantenimiento no remodelación,infraestructura,2,2.0,0.5373667478561401
es interactivo así sabrás cuando esté lloviendo afuera me da risa,infraestructura,3,2.0,0.45204904675483704
jajajajj,infraestructura,3,3.0,0.4831048250198364
si el metro no sirve imagínate los baños hay nooooo por dios,infraestructura,1,2.0,0.6050278544425964
ni un año les doy,infraestructura,2,2.0,0.425862193107605
casitas premium,infraestructura,3,2.0,0.3876773715019226
esos candelabros son para que nos teletransportemos como en harry potter,infraestructura,3,3.0,0.4315096437931061
omg ya eres toda una famosa,infraestructura,5,3.0,0.41457805037498474
se está hundiendo el titanic,infraestructura,2,2.0,0.5231375098228455
la neta está bien siempre hago en la calle pipi me da risa,infraestructura,4,3.0,0.5025904178619385
creen que los candelabros evitarán que no se den cuenta de las deficiencias en el transporte colectivo,infraestructura,2,2.0,0.6144964098930359
mejor pongan botes de basura en los metros luego se quejan que hay basura en todos lados,infraestructura,2,2.0,0.6080616116523743
me da risa es para poder llenar las estaciones de agua me da risa,infraestructura,3,2.0,0.47855255007743835
ni los baños públicos tendrán activación económica me da risa este mundial es solo para unos cuantos,infraestructura,2,2.0,0.5546161532402039
me da risa,infraestructura,3,3.0,0.5177321434020996
pero dicen no lo hubieran cuidado antes y cuando han visto todo grafiteado y lleno de basura el metro los daños que tiene el metro en general son debido al uso de millones de personas y de años sin mantenimiento alguno,infraestructura,4,4.0,0.7448399066925049
las nuevas cabinas de los,infraestructura,3,3.0,0.349111407995224
me da risa dios quiera que llueva en los partidos del mundial para que mundo se dé cuenta de lo que vivimos diario entre tráfico inundaciones y goteras,infraestructura,2,2.0,0.4660874307155609
el gobierno es un chiste,infraestructura,1,1.0,0.9786681532859802
2 semanas faltan,infraestructura,2,3.0,0.47489526867866516
lo peor del caso es que lo van a terminar meses después y no le van a volver a meter mano hasta que suceda una tragedia tipo l 12,infraestructura,2,2.0,0.5666416883468628
quieren tapar la realidad como el sol con un dedo,infraestructura,2,2.0,0.5566547513008118
está bien porque sale más caro la multa por orinar en publico,infraestructura,4,4.0,0.9097056984901428
se pasan que es para que el mundo no vea como se cae el país a pedazos ya todo mundo sabe,infraestructura,1,2.0,0.5591625571250916
la gente nunca cuida nada asi que,infraestructura,1,2.0,0.862589418888092
yo creo que usarán el poder mexa dejar todo para el día de entrega de la tarea y sacar 6,infraestructura,2,3.0,0.4890926480293274
todo tiene filtraciones y mejor hubieran comprado más trenes y arreglado el cableado,infraestructura,2,3.0,0.5415785312652588
deberían repavimentar buscar calles que están en condiciones deplorables eso nada más es desvió de recursos,infraestructura,2,2.0,0.5603300333023071
y cuando pasen los 15 minutos se queda encerrado,infraestructura,2,3.0,0.5491423010826111
en lugar de gastar en tonterías deberían dar mantenimiento real al metro,infraestructura,2,2.0,0.6146588921546936
exactamente esas goteras son de miedo hace unas semanas pasé por la estación pino suárez y justo en el tramo de la correspondencia se vino una parte del techo acompañada de agua y cascajo en allende se vinieron unas vigas y a gente que iba bajando otras subiendo les cayeron encima las vigas lo de menos es lo espantoso que están dejando las estaciones si no el peligro al que a todos nos está exponiendo el gobierno obvio un ingeniero lo puede explicar mejor pero lo que han hecho es tanto como quitarle el alma a un zapato qué dios nos cuide a todos,infraestructura,1,1.0,0.9669232964515686
uyyy y cuanto le costará a los de la cdmx esos baños serán permanentes o solo por lo del mundial,infraestructura,2,2.0,0.5551680326461792
ya le quitaste el encanto,infraestructura,2,2.0,0.4732561409473419
para que todo cambie se tiene que empezar desde nosotros desde el pueblo pero lastimosamente tanto el gobierno como las personas son un problema claro no todas pero la delincuencia la mala gente todo eso no lo podemos evitar de un día para otro triste lo de este país tan hermoso pero a la vez tan malo,infraestructura,1,1.0,0.9529351592063904
méxico mágico,infraestructura,5,3.0,0.788135290145874
obviamente no van acabar hijo,infraestructura,2,2.0,0.4520852863788605
y gasto miles de millones,infraestructura,2,2.0,0.5490828156471252
para que después lo sirvan para nada,infraestructura,2,2.0,0.5603135228157043
es propio del estilo renacentista,infraestructura,3,3.0,0.4240795969963074
por 5 pesos que esperas que te den una botella de agua y un aperitivo,infraestructura,4,4.0,0.5202043056488037
algo no cuadra,infraestructura,3,3.0,0.43985748291015625
siiii para un rapidín,infraestructura,3,3.0,0.6381493806838989
mejor que pongan más cámaras de seguridad,infraestructura,2,1.0,0.5678246021270752
hay que hablar de esto ruvalcaba,infraestructura,2,3.0,0.4098878800868988
nuevo spots para stickers,infraestructura,3,3.0,0.49815574288368225
cuánto a que los olvidan y después ni van a servir,infraestructura,2,2.0,0.48384156823158264
su gobierno que no invierte en las verdaderas necesidades de del país que se gasta el recurso en los viajes de su bancada,infraestructura,1,1.0,0.8598624467849731
me parecen bien porque al final también nosotros los vamos a poder ocupar pero si está ahí el detalle de su mantenimiento,infraestructura,4,4.0,0.9566890001296997
qué horror,infraestructura,1,1.0,0.8812278509140015
cómprate tu carro para no padezcas esos inconvenientes y viajes como mejor te plazca,infraestructura,2,3.0,0.4318137764930725
en otros países hay baños públicos de alta tecnología nosotros los necesitamos no estamos preparados para tenerlos no méxico siempre corriendo antes de caminar,infraestructura,2,3.0,0.48635080456733704
que estupidez me da risa,infraestructura,1,1.0,0.9358213543891907
por todo se quejan comprense su carro mejor yo voy bien cómoda jsjsjsj,infraestructura,3,3.0,0.5514357089996338
los hubieran puesto 1 dia antes la gente no cuida nada a ver como quedan después,infraestructura,1,1.0,0.5822587609291077
que pena da que su preoridad sea poner sanitarios que insumos y medicamentos en los hospitales,infraestructura,1,2.0,0.41924527287483215
como los baños de la línea 12 que están clausurados,infraestructura,2,3.0,0.45338699221611023
y nomas deja que llueva y se veran mas chidas las fuentes,infraestructura,2,2.0,0.7165204882621765
para que cobren 10 como ahora ya en muchos lugares sucios y el papel aparte,infraestructura,2,1.0,0.6183426380157471
y pregunta cuánto costara,infraestructura,3,3.0,0.5493962168693542
buena iniciativa,infraestructura,5,5.0,0.9157161116600037
gente tendremos titanic 2 en méxico claro que si próximamente en envivos de tik tok,infraestructura,3,3.0,0.4455988109111786
que arreglen las calles,infraestructura,2,2.0,0.5464370846748352
de verdad esperaban algo distinto lo hizo la 4 deformación,infraestructura,2,1.0,0.4484643340110779
las goteras del bienestar,infraestructura,2,2.0,0.5823671221733093
son faroles y de hecho tienes razón lo que debieron remodelar no lo hicieron,infraestructura,2,2.0,0.5094094276428223
la cfe robándole a la nación de la cfe,infraestructura,1,2.0,0.6243649125099182
y si mejor tapan los baches y invierten en seguridad,infraestructura,2,1.0,0.6413348913192749
es que esa es la fuente bro que no estás viendo,infraestructura,1,1.0,0.6213857531547546
la del zócalo está de la vrga ni abierta estaba,infraestructura,2,1.0,0.5304182171821594
mejor que inviten los boletos para la final de cruz azul vs pumas,infraestructura,3,3.0,0.4909018278121948
los candelabros de la época de porfirio díaz,infraestructura,3,3.0,0.4292810261249542
pues ya lo hubiera dejado en 5pesos,infraestructura,3,3.0,0.4620971083641052
se ve más económico,infraestructura,3,3.0,0.6025272011756897
que oso pero dudo que la gente que pueda pagar un boleto para el mundial se traslade en metro me da risa,infraestructura,4,3.0,0.39620837569236755
cuando realizarán algo bien,infraestructura,3,1.0,0.43149057030677795
gastan en puras tonterías y lo que deben hacer no lo hacen gobierno de 4ta,infraestructura,1,1.0,0.8895528316497803
apoco si creían que morena iba a hacer obras de calidad ya maduren,infraestructura,1,1.0,0.4289793074131012
dicen los gobernantes que para el próximo mundial sin falta,infraestructura,3,3.0,0.4291847348213196
esto es una locura de corrupción clara brugada ciudad de méxico,infraestructura,1,1.0,0.9784607291221619
15 días tienen,infraestructura,3,3.0,0.5052977204322815
lo vi en,infraestructura,3,3.0,0.4335547089576721
que caray no duró ni para el mundial,infraestructura,2,2.0,0.4239460229873657
la cosa es que van a entregar y así lo van a dejar para el siguiente,infraestructura,3,3.0,0.45120537281036377
recuerden mis palabras después del mundial no van a funcionar regularmente,infraestructura,1,2.0,0.5048128366470337
es una vergüenza,infraestructura,1,1.0,0.9790583252906799
remodelacion a medias igual que en las calles de la cdmx,infraestructura,2,2.0,0.6083048582077026
también colocaron cascadas artificiales instalaciones de primer nivel,infraestructura,2,2.0,0.5544073581695557
en auditorio apenas la van a terminar y quedó mejor que bellas artes,infraestructura,2,3.0,0.467669278383255
como dice la señora solo va a ser por el mundial después hasta van a cobrar,infraestructura,1,1.0,0.3637234568595886
así es ocapa brukk,infraestructura,3,3.0,0.6118316054344177
alch q bueno que no quede,infraestructura,1,1.0,0.7566209435462952
la primera marcha en la que se les ocurra voltear a ver los candiles lámparas o vitrales y ya era el metro se debe planear para lo que es mover masivamente a gente de manera segura y eficiente esto no abona a esa misión,infraestructura,2,3.0,0.5406674742698669
ya después los quitan me da risa,infraestructura,3,3.0,0.4468347728252411
nada les embona,infraestructura,4,4.0,0.45817580819129944
había ofertas en galerías el triunfo,infraestructura,3,3.0,0.42711779475212097
2 semanas,infraestructura,3,3.0,0.41106700897216797
maquillaje del bienestar,infraestructura,3,2.0,0.4477129280567169
me da risa gobierno ridículo que el mundo se entere como nos tienen,infraestructura,1,1.0,0.956017792224884
que elegancia la de juuuuuaaaatttt,infraestructura,3,3.0,0.45321494340896606
lo q no sabes es q esas goteras son parte de los adornos,infraestructura,3,3.0,0.40974169969558716
nmmn hasta ahorita se dan cuenta si desde que empezaron ya se sabía que no iban a terminar,infraestructura,3,3.0,0.42123496532440186
falto pintura morada,infraestructura,2,3.0,0.5101211071014404
jajajajajaajajaa es neta que pusieron eso en el metro no mms,infraestructura,3,3.0,0.4254935085773468
esta quedando con madre la escenografía,infraestructura,4,4.0,0.6690436601638794
a que partido te vendiste cuánto te pagaron,infraestructura,1,3.0,0.3819401264190674
yo ayer en la estación hidalgo esperando el metro viendo como goteaba el techo,infraestructura,3,3.0,0.5003476738929749
y las calles y carreteras como para cuando,infraestructura,3,2.0,0.4978395402431488
me recuerda aquel conocido refrán candil de la calle oscuridad de la casa,infraestructura,1,3.0,0.5432689785957336
renuncia clara brugada,infraestructura,1,1.0,0.4192031919956207
la primera señora tiene toda la razón,infraestructura,3,3.0,0.43999823927879333
el metro es subterráneo y está en medio de un túnel de bajo de la tierra y todas las líneas del metro son así,infraestructura,3,3.0,0.3688167929649353
jajjajajaj,infraestructura,3,3.0,0.4861294627189636
me da risa,infraestructura,3,3.0,0.5177319645881653
no sé porque permitimos estos desfalcos innecesarios cuando en el país hay otras prioridades entonces si hay presupuesto pero el gobierno de no lo suelta porque le vale madres el país y su gente,infraestructura,1,1.0,0.9339077472686768
que t valgaa,infraestructura,2,1.0,0.4317740499973297
solo por el mundial,infraestructura,3,2.0,0.4252890944480896
de hecho pense que era el unico que se dio cuenta del tema me da risa,infraestructura,3,3.0,0.396807461977005
no gracias,infraestructura,1,1.0,0.7065196633338928
cómo si con pintura y loseta nueva fueran a avanzar más rápido los trenes,infraestructura,2,2.0,0.6085930466651917
eh ey ey porque no hay un ajolote ahí y por qué no está pintado de morado,infraestructura,3,3.0,0.58416748046875
ningún chile les embona que si está en reparación que si esto que si el otro que por qué mejor no lo cierran que por qué lo cierran sabes realmente que el metro jamás puede parar su servicio ya que es el trasporte de millones de personas y el darle un mantenimiento muy profundo requiere de mucho tiempo ahora el metro está fuera de servicio desde las 0 00 hasta las 05 00 am en 5 horas diarias es imposible dar mtt muy profundo,infraestructura,4,4.0,0.41646748781204224
y las coladeras trampa para cuando,infraestructura,2,2.0,0.5888030529022217
y no sería mejor que den mantenimiento o modernicen los semáforos de la ciudad,infraestructura,2,2.0,0.6862719655036926
que metro es,infraestructura,3,3.0,0.6366049647331238
no me gusta nada les embona,infraestructura,1,4.0,0.5419699549674988
dejaron las fuentes modernas,infraestructura,2,3.0,0.5114673972129822
la primera señora tiene toda la razón,infraestructura,3,3.0,0.4399982988834381
y justificaron millones de pesos gastados me da risa,infraestructura,2,2.0,0.4856724143028259
gobierno,infraestructura,5,3.0,0.436801016330719
yujuuuu para los choferesde app me da risa,infraestructura,2,,0.45270296931266785
saldrán con la excusa de q era una remodelacion muy aparte del mundial,infraestructura,2,,0.4285179078578949
puro gasto inútil,infraestructura,1,,0.8968144655227661
un nuevo crusing,infraestructura,2,,0.5496646165847778
cuando estaba lloviendo yo una vez me iba a caer a las vías por que me resbalé por evitar esas tablas,infraestructura,2,,0.4336727261543274
nada nos parece,infraestructura,3,,0.31127387285232544
como no siempre se necesita los baños públicos,infraestructura,3,,0.4392990171909332
nada les embona,infraestructura,4,,0.4581758975982666
el metro necesita mantenimiento no lámparitas bonitas,infraestructura,2,,0.5513123869895935
ese gasto es inesesario porque después de unos meses no le van a dar mantenimiento y aparte eso requiere de sanitización,infraestructura,2,,0.46730729937553406
mejor que recojan realmente la basura que hay en las calles,infraestructura,1,,0.5698074102401733
te imaginas cuanto supuestamente gastarían en arreglar nadamas una parte así v dirían q ocupan unos cuantos billones y aún así haber si queda v pq es difícil yo digo pero aún así v en una de esas por la humedad pierde sus propiedades para cargar tanto peso para el q fue diseñado y sacas q se caiga mms,infraestructura,2,,0.5010790824890137
que elegancia la de francia y las goteras pa,infraestructura,3,,0.4621439576148987
mejor q arreglen los elevadores y las escaleras eléctricas del metro y metrobus,infraestructura,2,2.0,0.5883955955505371
ni hay agua,infraestructura,2,,0.4021442234516144
hasta eso les van a quitar a los comerciantes,infraestructura,2,,0.4315776824951172
sí se quejan cuando el metro cerró para la remodelación visual ahora si tuvieran que reparar todo desde cero imagínense estuvieran peor,infraestructura,2,,0.3954290449619293
no nada más por el mundial todos esos sanitarios los deberían de poner en cada transborde de las líneas del metro de la cdmx,infraestructura,2,,0.5191214680671692
ojalá las personas que viven en las calles no se adueñen de los baños y las conviertan en su hogar,infraestructura,2,,0.6642544865608215
porque no ponen botes de basura en toda la ciudad y arreglen todos los el pavimento y tuberías de agua,infraestructura,4,3.0,0.5326141119003296
estan como cuando se les esta botando la pintura porque tienen humedad en las paredes y dicen que poniendoles sellador y una pintadita queda bien,infraestructura,3,,0.42998772859573364
muchas gracias por tu reporte joaquin,infraestructura,5,,0.7964584827423096
la apuesta es que no llueva en el mundial,infraestructura,1,,0.49234190583229065
las estupideces de los gobiernos de morena no tienen límites,infraestructura,1,,0.9321343302726746
esos sanitarios se saldrán de control estará apestosos,infraestructura,2,,0.5226176381111145
gobernado por morena,infraestructura,1,,0.43820202350616455
3 mil millones de pesos costaron seguramente y se embolsaron más de la mitad y van a costar más de 30 pesos el acceso,infraestructura,2,,0.6159286499023438
este gobierno pura estupidez,infraestructura,1,,0.9883909225463867
es una cascada muy top muy fina para que cualquiera le vea el potencial muy como en dubai,infraestructura,4,,0.4557640850543976
se pasaron yo me imaginaba más moderno el metro que iba a quedar pero no así,infraestructura,2,,0.5755493640899658
puras apariencias,infraestructura,2,,0.42429691553115845
mejor inviertanle más al metro porque siento que cada vez está peor,infraestructura,2,,0.602857768535614
y las escuelas y hospitales para cuando,infraestructura,3,,0.42774900794029236
me da risa,infraestructura,3,,0.5177319049835205
n necesito q vayas,infraestructura,3,,0.44189149141311646
línea 1 tiene puros plafones oxidados por humedad rubalcaba también nosotros maltratamos las estaciones con humedad,infraestructura,2,,0.5987290143966675
y si mejor arreglan los hospitales ponen mas camas por que nunca hay dan medicamentos e insumos,infraestructura,2,2.0,0.5550183057785034
dios ya quitales el poder,infraestructura,2,,0.3565024733543396
no lo entiendes es el toque de humildad que todo burgués necesita,infraestructura,1,,0.9159618020057678
shhhaaale,infraestructura,2,,0.4589795768260956
gobierno ignorante mejor que arreglen las goteras,infraestructura,1,,0.9732086658477783
si estuvo bn siempre me ando cagando en los baños,infraestructura,3,,0.4516184628009796
y los hospitales hasta sin reactivos para hacer un laboratorio de gabinete básico,infraestructura,2,,0.5785999298095703
que burla como todo en este gobierno,infraestructura,1,,0.8779748678207397
la gente dice no me gustan prefiero cagar en una bolsa,infraestructura,1,,0.6551711559295654
es la gealidad dul tegceg monde muy bueno la decoración y el servicio de calidad para cuando,infraestructura,5,,0.4722713232040405
me da risa es para sentir q estas en venecia entre lujos y agua,infraestructura,3,,0.5140277147293091
siento que no lo van a terminar y van a usar el pretexto de que en realidad las reparaciones no eran para el mundial sino para el pueblo bueno,infraestructura,2,,0.6094521880149841
para puro turista y los ricos,infraestructura,3,,0.3955082893371582
cómo si valiera la pena,infraestructura,3,,0.41085582971572876
están buenos para el cruising,infraestructura,4,4.0,0.6683579683303833
si lo terminan pero quedarán muchos detalles,infraestructura,4,,0.7379931211471558
no me reuso a usar algo que dejo el malvado don porfirio sarcasmo perdoneme don profirio por cierto la lampara combina con la cinta aguas con la pared y las aguas en los techos,infraestructura,1,,0.9196698069572449
si el peor gobierno bola de corruptos miserables,infraestructura,1,,0.9800615906715393
se hizo rápido la remodelación nunca dijimos que bien,infraestructura,4,,0.36680692434310913
eso es normal son filtraciones de agua por que es subsuelo,infraestructura,3,,0.369646281003952
clara y si mejor arreglas los baches y pones mayor seguridad es lobque necesitamos,infraestructura,2,,0.5337384343147278
y las cascadas y goteras para cuando,infraestructura,2,,0.5910334587097168
mejor la ajolotera esa que vea los baches caray,infraestructura,2,,0.5658354759216309
y la línea a cuando ah no que a iztapalacra no vienen turistas,infraestructura,3,,0.3962031900882721
y si mejor nos ponen más seguridad,infraestructura,2,,0.48450466990470886
toma taxi,infraestructura,5,,0.3238232731819153
al rato va a estar abandonado sucio y con basura,infraestructura,2,,0.5649120211601257
mejor no hagan nada,infraestructura,1,,0.5613002181053162
y si mejor lo cancelan,infraestructura,2,2.0,0.5282366275787354
pasara lo que con los bebederos en los metros solo el gasto y ya,infraestructura,2,,0.5264189839363098
las fugas pa cuando,infraestructura,2,,0.4863380789756775
lo peor cuando pase el mundial lo van a dejar así los creo muy capaces,infraestructura,2,,0.4668826758861542
inviertan o no siguen jodiendo todo les molesta que horror,infraestructura,1,,0.684550404548645
no al mundial por el ebola,infraestructura,1,,0.9476003050804138
cuantos millones costarían esos candelabros de temu,infraestructura,2,,0.45378535985946655
no alcanzo el presupuesto para hacerlo bien,infraestructura,2,,0.4554634690284729
siguen las simulaciones hicieron como que remodelaron y a la primera de las lluvias ven lo obvio lo mal hecho,infraestructura,2,,0.528151273727417
es para que sientas que vas caminando con luz de los candelabros bajo la lluvia al puro estilo europeo,infraestructura,3,,0.5425929427146912
son cascadas para dar el toque de la francia de los grandes jardines con fuentes,infraestructura,4,,0.5512155890464783
pero si ya existe reforma 22,infraestructura,4,2.0,0.5405508279800415
al chile que bueno,infraestructura,3,,0.5592392683029175
hay prioridades quedar bien en el mundial,infraestructura,4,,0.4182480275630951
creo que en portales van poner como tipo pista de baile,infraestructura,3,,0.49109145998954773
esas madres ni van a durar 6 meses,infraestructura,2,,0.4877018332481384
neta hay cosas más necesarias,infraestructura,3,,0.570883572101593
esas goteras tienen tanto tiempo qué ya daño el cemento del piso se nota en la huella,infraestructura,2,,0.5846765637397766
me recuerda a las mamás no todas cuando va a llegar una visita limpian toodo a fondo la mejor vajilla los manteles mas lindos copas etc pero cuando no hay visitas usan la vajilla ya despostillada los vasos desiguales los manteles viejitos etc algo asi esta pasando pero a gran escala,infraestructura,4,,0.45516088604927063
puro gasto infructuoso pero bueno como no es su dinero,infraestructura,1,,0.899078369140625
y las inundaciones fuera del metro ni se diga,infraestructura,2,,0.6150256395339966
ví un meme de esos candelabros y pensé que era una broma y no si pusieron,infraestructura,2,,0.41185158491134644
ya quiero ver el costo al que se los vendieron a brugada,infraestructura,3,,0.39738550782203674
por qué quieren aparentar lo que no es,infraestructura,1,,0.5087716579437256
las prioridades del metro están igual a mi economía,infraestructura,3,,0.4873192310333252
puesi q ganan con gastar dinero en eso con quién quieren quedar bien y eso es poco por loq hayq hacer por los metros hospitales parques me da risa,infraestructura,3,,0.4453098475933075
el auditorio ayer todo parecía la esperanza pero sin luz no mmn,infraestructura,3,,0.38040441274642944
no words,infraestructura,1,,0.5850172638893127
les digo que este gobierno es una,infraestructura,1,,0.5870092511177063
como el mismo gobierno se roba la luz,infraestructura,1,,0.8469924330711365
15 días y ya hicieron su mmda te apuesto que ni lo van a terminar y lo van a dejar a medias,infraestructura,2,,0.5624402165412903
yo solo juzgamos y juzgamos como si fuwramos perfectos avwces si hay gente que cae mal se creen perfectos,infraestructura,1,,0.4427810311317444
cómo no un parchecito por aquí otro parchecito por allá y nadie ve los daños sarcasmo,infraestructura,1,,0.3969978392124176
uffas nuevos lienzos,infraestructura,2,,0.5640890598297119
me da risa no mms,infraestructura,3,,0.4452284574508667
es para darle el estilo vintage,infraestructura,3,,0.4117729961872101
no no no solo ve los candelabros,infraestructura,2,,0.5676394104957581
parece zona de guerra,infraestructura,2,,0.323447048664093
lo peor esq las paredes de mármol las pusieron por encima de la pared de antes,infraestructura,2,,0.5554195642471313
un poco de pintura lila y queda como nuevo,infraestructura,3,,0.5765863060951233
y como pa que fue eso de los candelabros,infraestructura,3,,0.4940311908721924
normal diran que entre en calendabro y la pinta dirán que costo 9 5 millones de dólares para justificar no te espantes,infraestructura,3,,0.44954565167427063
debieron empezar desde el año pasado pero siempre procastinan,infraestructura,2,,0.5128611922264099
pues yo una ves me cague para mí está bien,infraestructura,4,,0.5622503161430359
la desventaja que el gobierno liberó los recursos a finales de marzo 2026,infraestructura,1,,0.5291479825973511
no roban la energía ya está la instalación de cfe solo faltan los medidores eso pasa hasta en las casas no lo instalan de inmediato,infraestructura,1,,0.5627309083938599
mejor deberían de ocupar ese presupuesto k gastaron en otras cosas k hacen falta para los k aqui vivimos,infraestructura,2,,0.5267227292060852
están construyendo baños para el mundial pero no arreglan los baches o las fugas de agua de hay en la cuidad,infraestructura,2,2.0,0.45336484909057617
me da risa si donde quiera hay goteras y eso que aún no llueve en serio,infraestructura,2,,0.47215336561203003
uno que otro usuario del metro,infraestructura,3,,0.500779390335083
para eso si ahí lana no pero para que aya agua y pavimenten para eso no ahí que poca tienen,infraestructura,4,,0.3985530734062195
para que no los abran como los elevadores en puentes y metro,infraestructura,2,,0.6339237689971924
exacto es lo que digo ese dinero que se gastaron millones de pesos en remodelaciones piteras que no eran necesarias y las vías los trenes las instalaciones eléctricas las goteras la humedad lo que sí es necesario,infraestructura,1,,0.46061357855796814
no son goteras es una fuente natural,infraestructura,2,,0.37575873732566833
está presidenta creo que estamos en el siglo 16 ya que siempre le echa la culpa a los opositores me da risa me da risa,infraestructura,1,,0.5393335819244385
peña nieto se te extraña,infraestructura,1,,0.44514793157577515
sin mantenimiento estarán en cuanto acabe el mundial,infraestructura,1,2.0,0.6168954372406006
todo lo que gastan deberían de aumentar las pensiones de los s trabajadores del imss ni al mínimo llega,infraestructura,2,,0.4615779221057892
cdmx es bien random,infraestructura,3,,0.5078920722007751
no entendien que entre mas gente vengas mas gente deja su dinero aquí en mexico,infraestructura,1,,0.8061044216156006
restos del prian,infraestructura,3,,0.36217042803764343
en tres meses va estar alguien afuera de cada baño vendiendo dulces y cobrando 7,infraestructura,2,,0.44471752643585205
la gente ni lo va saber usar,infraestructura,1,,0.3946511149406433
ningún chile les embona,infraestructura,3,,0.4321517050266266
seguro gastaron más de 5 millones por sanitario,infraestructura,2,,0.41086339950561523
nmmn llueve mas adentro que afuera,infraestructura,2,,0.4721299111843109
jajajjajaj,infraestructura,3,,0.5023653507232666
mañana lo pintan de morado,infraestructura,2,,0.445069283246994
me imagino que habrá mucha gente de limpieza para todo lo que piensan poner,infraestructura,2,,0.49971941113471985
salgo del metro puebla y no esta puebla dia 8 pidiendo este,infraestructura,1,,0.793423056602478
un mega desmadre,infraestructura,1,,0.7897370457649231
creo que no se puede impermeabilizar la calle o si alguien puede decir que se puede hacer con su infinita inteligencia,infraestructura,1,,0.5547589659690857
como que hacen eso para molestar a ciudadanos,infraestructura,1,,0.8163207769393921
de q hay personas q nada les va,infraestructura,3,,0.5243772268295288
ahí uno en revolución,infraestructura,3,,0.499557763338089
deberian llamarle estacion fuentes brotantes,infraestructura,2,,0.48250988125801086
yo le doy 1 mes que van a durar,infraestructura,3,,0.5959006547927856
todos con teléfono iphone en paguitos y recargas de 100,infraestructura,3,,0.42715349793434143
yo no sé para madres arreglaron tantas estaciones y solo en lo visual xq lo verdadero importante q son las grietas como estás o los trenes,infraestructura,2,,0.4444322884082794
eso es lo que deberían de arreglar las filtraciones de agua entre otras cosas,infraestructura,2,,0.5283749103546143
a mi si me sirve si me ando cagando es entrandole jejeje,infraestructura,3,,0.4599473476409912
hecho en méxico,infraestructura,3,,0.404114305973053
es decoración para el día de muertos pues que no están chig y chig que con tiempo se hace todo jjj,infraestructura,4,,0.4106288254261017
se van a meter a dormir ahí los que viven en la calle por ahí,infraestructura,2,,0.5342689752578735
y el ébola ama centros de contagio seguro,infraestructura,1,,0.46105778217315674
nada les parece los baños públicos son útiles en todos lados a mí me ha pasado que tengo la urgencia de hacer mis necesidades como todo el mundo y no hay ni dónde ya ahí anda uno buscando una gasolinera o algún lugar en donde se pueda hacer sus necesidades y no hay ninguno,infraestructura,2,,0.5722224116325378
oooh todo quieren me da risa,infraestructura,2,,0.37899190187454224
muy bien lo que dijo la señora,infraestructura,5,,0.8330824375152588
qpkm tiene el gobierno habiendo tantas pinches necesidades en el país y gastan en esto,infraestructura,1,,0.7045304775238037
por que no arreglan las avenidas principales no que hay un buen de baches y la delincuencia cada dia esta peor,infraestructura,1,,0.6672698855400085
señores no han visto la regadera que puso para lavar los trenes,infraestructura,2,,0.49911874532699585
creo que el transporte demanda solución real en otros temas,infraestructura,3,,0.5302180647850037
el claro ejemplo de que ningun chile les embona,infraestructura,3,,0.39084678888320923
me da risa,infraestructura,3,,0.5177319049835205
y si en los centros de salud nos dan sillas dignas para trabajar y material,infraestructura,2,,0.47100868821144104
que ve vea 191,infraestructura,3,2.0,0.5223379731178284
pensé que lo de los candelabros era broma,infraestructura,3,,0.40695396065711975
exacto todas las estaciones están en muy malas condiciones esto son solo parches sus candelabros puro desperdicio de dinero,infraestructura,1,,0.8830838799476624
desde que pasas los torniquetes,infraestructura,2,,0.47750982642173767
el metro y la cuidad necesitan mantenimiento preventivo y correctivo no solo pintura el país necesita educación y todos necesitamos más cultura tamos bien mal todos y todo,infraestructura,2,,0.5257408022880554
lo primero era arreglar los problemas que tenia tuvieron 4 años para hacerlo,infraestructura,3,,0.3188529908657074
tranquila ahorita lo pintan de morado y le ponen un ajolote,infraestructura,2,,0.5857153534889221
telediariomx ya sabemos el destino de estos sanitarios públicos quedaran en el abandonó u operando en precarias e insalubres condiciones,infraestructura,1,,0.6724767684936523
tienen que aceptar que el problema no es solo el gobierno también la gente si el metro lo hubieran arreglado antes ya estaría todo pintado y maltratado,infraestructura,1,,0.7860243320465088
composturas del bienestar,infraestructura,3,,0.3491191565990448
claudia sheinbaum pardo partido morena,infraestructura,1,,0.4312894940376282
y si mejor le dan el presupuesto a las escuelas y hospitales,infraestructura,2,,0.4913756549358368
que bueno xq luego uno se handa c g nd y no hay dond tirarse el key,infraestructura,3,,0.543555736541748
dinero desperdiciado,infraestructura,1,1.0,0.9078320860862732
pues que bueno porque mi trabajo es en campo y luego no encuentro baños,infraestructura,3,,0.4236336648464203
o su restauración del metro auditorio y el resto de la línea horrorosa,infraestructura,1,,0.6925245523452759
una prueba mas de que es una porquería este gobierno,infraestructura,1,,0.9505016803741455
para que después huela horrible,infraestructura,1,2.0,0.5637120008468628
alch que bueno,infraestructura,3,,0.5440370440483093
que hartazgo con este gobierno,infraestructura,1,,0.9587733149528503
ya lo sabíamos wey ntp,infraestructura,3,,0.5638290643692017
es parte del arte y el surrealismo que tiene está obra,infraestructura,1,,0.7198517918586731
el aicm está igual no van a terminar,infraestructura,2,,0.5018735527992249
aquí aplica la de barrieron nomas por donde pasa la suegra jajajajjajaja,infraestructura,3,,0.5077028274536133
ay sí y en unos meses va costar me da risa,infraestructura,3,,0.5599880814552307
entonces si es muy parecido al titanic,infraestructura,3,,0.4910993278026581
camara contraten más especialistas en los hospitales,infraestructura,2,,0.5155261158943176
ya me imagino esos baños cerrados como los baños del metro bus teniendo que buscar a algún policía para que te pueda abrir,infraestructura,2,,0.5233302116394043
lo remodelo bis chungus,infraestructura,4,,0.3481409549713135
no sé no me convence es un estilo moderno clasico futurista mexicano ajolotes minimalista,infraestructura,1,,0.72831130027771
son fuentes hermosa es parte del estilo antiguo,infraestructura,5,,0.5661736130714417
ay que si ya te escuchamos,infraestructura,3,,0.628418505191803
la gente nada les gusta y todo critican,infraestructura,1,,0.8649402856826782
y pensar que para estas cosas me voy a dar de alta en el sat que coraje,infraestructura,2,,0.4686594605445862
lo que van a durar,infraestructura,3,,0.5450451374053955
sus candelabros de temu y su papel tapiz hoy en día por eso todos tenemos mármol en las paredes por qué nos cuesta 60 pesos el metro y viene en rollo de 10 metros lo malo que en el recibo van a poner candelabros forjados en italia y mármol traído de la minas de no sé total 500 millones,infraestructura,4,,0.5008211135864258
es un gasto innecesario para la capital apuesto que pasa el mundial y los van a cerrar y jamás van a estar en funcionamiento,infraestructura,1,1.0,0.8718618154525757
si we pero hay cosas más importantes que pintar metros para el mundial si no estuvieran arreglando también se quejarían jajajaj,infraestructura,3,,0.5035606622695923
apenas le tocó a mi niño en pediatría y no había camas solo casos graves les asignaron los demás en sillas estaban canalizados en batita cansados de madrugada que difícil situación del país deberían invertir esos temas ya que todos los mexicanos aportamos para eso,infraestructura,2,,0.5582045316696167
solo si te fijas michojajajajaja,infraestructura,3,,0.5133938193321228
si los baños del metro siempre están cerrados,infraestructura,3,,0.4798569679260254
o es una o es otra cosa para las dos no alcanza,infraestructura,2,,0.5094399452209473
es la transformación de 4ta,infraestructura,3,,0.30508852005004883
jajajajajajq no mmen,infraestructura,3,,0.4837366044521332
y se sigue parando el metro a veces v,infraestructura,2,,0.5096907615661621
muchas falta de mantenimiento para que los candelabros,infraestructura,2,,0.6245662569999695
sin palabras,infraestructura,3,,0.37982574105262756
y cuánto costó la suavicrema ósea el monumento a la corrupción y para que sirve,infraestructura,1,,0.9325439929962158
y de hecho si llega a ganar en el siguiente pri o pan estará igual no cambiará nada eso es un hecho el metro está igual de siempre entonces cuál es la sorpresa aúna si todos mienten más bien ustedes que creen,infraestructura,3,,0.4609682559967041
que absurdo,infraestructura,1,,0.9458189010620117
y si mejor empieza por los baches que hay en toda la ciudad y las calles tan en mal estado,infraestructura,2,,0.6815987825393677
termina mal,infraestructura,1,,0.4856543242931366
yo no entiendo por qué subes esto es obvio que lo van a arreglar ni modo que se quede así,infraestructura,2,,0.4787660241127014
es que a presión sale todo mejor,infraestructura,3,,0.49763309955596924
por años mme y mme que pusieran baños públicos y ahora que los ponen siguen mmdo,infraestructura,2,,0.4470824897289276
se pasan todo horrible,infraestructura,1,,0.7846553921699524
él hazme reír para el mundo entero,infraestructura,2,,0.5317590832710266
me da risa la tubería el reloj y el letrero entre otros me da risa,infraestructura,3,,0.4463459551334381
es que es como el titanic ya se está hundiendo,infraestructura,2,,0.4514796733856201
estuvo súper bien me agrada la idea,infraestructura,5,,0.4940907061100006
en eso gastan los impuestos,infraestructura,2,,0.5570157766342163
es parte bro es una mezcla de arte antiguo con arte moderno aestetic,infraestructura,3,,0.5111792087554932
lo malo es q la gente no cuida las cosas,infraestructura,1,,0.6425737142562866
pero ya esa estación es te etiqueta,infraestructura,3,,0.4398876428604126
muchos faroles y candelabros y las goteras que,infraestructura,2,,0.5541109442710876
ptm nada pueden hacer bien la 4t,infraestructura,1,,0.530727207660675
el que busca que hacer siempre va a encontrar y sobre todo cuando se descuido el metro pero con el cuidado que le demos estaremos más que satisfechos,infraestructura,4,,0.6181256175041199
que buena observación entonces que cierre el metro el tiempo necesario para que arreglen todo y los usuarios empiecen a pagar sus taxis,infraestructura,2,,0.5005154609680176
exacto y lo que deberían de arreglar no lo arreglan,infraestructura,2,,0.3874160647392273
así decíamos del azteca,infraestructura,3,,0.6131969094276428
pena ajena este gobierno en verdad,infraestructura,1,,0.6065009236335754
mejor pongan botes de basura,infraestructura,2,,0.6234019994735718
no puede ser que terrible un metro con 70 años le encontraron humedad devuelvan todo a como estaba,infraestructura,1,,0.6120074987411499
y los medicamentos en insumos en los hospitales para cuando,infraestructura,2,2.0,0.6303062438964844
súper bien por que se ocupan luego te andan multando por orinar pero tampoco no hay baños cercanos,infraestructura,4,,0.685731053352356
eso tiene años nadie ha hecho nada para reparar las filtraciones,infraestructura,2,,0.4497314691543579
méxico no está preparado para ese tipo de infraestructura,infraestructura,1,,0.854614794254303
no bro es que ahora estamos hablando de fútbol,infraestructura,3,,0.4182170629501343
es que la gente por que no entiende que es mas importante que se vea bonito a que funcione bien,infraestructura,3,,0.46329692006111145
cómo me imagino que paso x señor hay filtraciones y goteras no cree que es mejor arreglar eso x no quiero que pongas mis candelabros que tenga esas vibes de la realeza,infraestructura,2,,0.409712016582489
las calles con pinches coladeras destapadas baches y hoyos por,infraestructura,2,,0.6752122044563293
lo que pasa es que amlo no estaba seguro de que ganaría las elecciones del 2024 y obvio no iba a hacer algo que otros gobiernos iba a terminar cuando gano claudia ahora si se pusieron a hacer las cosas se le llama mezquindad,infraestructura,2,,0.3817558288574219
no hay medicina en los hospitales pero esto es importante,infraestructura,4,,0.36557257175445557
se quejan pero no cuidan las cosas,infraestructura,2,,0.6000779271125793
si se hubiera remodelado hace un par de años ya lo hubieran destruido,infraestructura,2,,0.49565887451171875
me da risa es parte de la atracción,infraestructura,2,,0.4543260931968689
arruinaron la línea azul,infraestructura,1,,0.495295912027359
servirán para el crujin,infraestructura,3,,0.4874023497104645
así como los elevadores del metro metrobus inservibles que solo están arreglando por el mundial,infraestructura,2,,0.6006860136985779
lo que tú no entiendes es que son las famosísimas grutas del antiguo d f,infraestructura,2,,0.39225688576698303
wey que bueno que van a notar baños luego me ando cagando y no encuentro algo rápido,infraestructura,2,,0.4430924355983734
pues no creo que los que vengan a ver el mundial entren alos baños,infraestructura,3,,0.3988810181617737
yo esperando el metro jajajjaa la goteras me da risa,infraestructura,2,,0.44025918841362
de los trenes ni hablamos,infraestructura,2,,0.4182621240615845
me da risa,infraestructura,3,,0.5177317261695862
cómo siempre obras de 4ta,infraestructura,5,,0.6025062799453735
no lo hicieron antes porque sabiendo como somos los mexicanos no iba a durar ni el año,infraestructura,1,,0.40660762786865234
awebo otro lugar para embarrar todo gracias méxico,infraestructura,1,,0.5465699434280396
los partidos de fútbol del mundial se van a jugar en los estadios no en el metro,infraestructura,3,,0.41416388750076294
los nuevos hoteles económicos,infraestructura,3,,0.33456557989120483
también gente quiere que le hagamos todo el pueblo también es el reflejo del gobierno,infraestructura,1,,0.6678516268730164
todos esperando,infraestructura,3,,0.5759065747261047
con que presupuesto de mugre le van a dar mantenimiento electricidad de donde quien va a pagar eso todos van a baños publicos sin costo,infraestructura,2,,0.41799235343933105
fui a mi centro de salud zona amecameca y no hay medicamentos desde hace un mes pero qué tal esto,infraestructura,1,,0.5297006368637085
me da risa me encanta pura pantalla mundialista,infraestructura,5,,0.809961199760437
van a ser todo menos baños me da risa,infraestructura,2,,0.5013257265090942
la línea uno trenes nuevos tren ligero nuevo trolebuses nuevos camiones nuevos el metro a un te cuesta 5 pesos y te quejas jijijiji,infraestructura,3,,0.4234201908111572
me da risa pues como siempre no más nos dan atole con el dedo y así varias estaciones con fugas de agua,infraestructura,3,,0.44562339782714844
no era necesario hacer tanto desmadre para 5 partidos moleros que va ver en el 86 en neza hubo 3 partidos del mundial y las calles aledaña al estadio no tenía ni pavimento solo la principal,infraestructura,2,,0.46654292941093445
pues no lo uses con tus 5 00 vete en uber,infraestructura,2,,0.43289580941200256
en lugar de baños alumbrado baches,infraestructura,2,,0.6308628916740417
y si mejor se cancela el mundial por el brote de el ébola méxico no está preparado para algo así y la presidenta lo está minimizando,infraestructura,1,,0.6365833878517151
ya hicieron el mega gasto cuiden las cosas,infraestructura,1,,0.6275113224983215
hay esos baños desde hace años en paris por ejemplo,infraestructura,3,,0.292883962392807
eso no estaba en el presupuesto jijijijjii,infraestructura,1,,0.47788500785827637
yo creo que yá quieren subir el metro pará pagar esos lujos,infraestructura,3,,0.44632989168167114
hay presencia de humedad en esa área y es precisamente porque la cdmx se está hundiendo sé que no lo van a comprender lo más simple es decirles que eso no se va a ir,infraestructura,2,,0.5801668167114258
ni mundial debería de a ver así como está la situación de las enfermedades que se están propagando,infraestructura,1,,0.5971357822418213
que la gente los cuide,infraestructura,3,,0.4292607605457306
es que es parte de la decoración,infraestructura,3,,0.5316583514213562
a mi si me gustaría pero en puntos estratégicos donde no allá baños porque por ejemplo en el trole elevado haria falta y deberían de poner varias no sólo en donde será el mundial,infraestructura,4,,0.6199668645858765
dejemos que pongan todo lo que quieran pero cuando empiece el mundial a sabotear todo,infraestructura,1,,0.5166295766830444
9 años,infraestructura,3,,0.4495205879211426
todo nos molesta pero pues a las personas que circulan por ahí pues van a favorecer y lo del mantenimiento no se necesitaría si uno como persona lo ocupa de forma correcta esto no es culpa del gobierno,infraestructura,4,4.0,0.8792806267738342
mira nada mas así deverian de poner botes de basura x todos lados,infraestructura,2,,0.4312914311885834
lo bueno que ya le dieron mantenimiento,infraestructura,5,,0.602847695350647
el problema no es el gobierno el problema es la gente,infraestructura,1,,0.8500138521194458
hayyy no,infraestructura,2,,0.4014657735824585
clara brugada eso va ser un hotel seguridad es lo que necesitamos no ese hotel de paso,infraestructura,2,,0.3522394597530365
siempre buscando el pelo en la sopa,infraestructura,3,,0.48053866624832153
es pues la cuarta,infraestructura,5,,0.5318111777305603
la bronca no son los baños la bronca es que la gente no sabe cuidar y ps la verdad por eso no podemos tener cosas bonitas,infraestructura,2,,0.5196365118026733
gasto innecesario,infraestructura,1,,0.7314656376838684
pero qué tal acá por el estado de méxico en cada lluvia parece río,infraestructura,3,,0.4019172489643097
zona de crujin jsjs,infraestructura,3,,0.4171457290649414
menos de un año les doy,infraestructura,2,,0.6171993017196655
es parte de las fuentes de cibeles en el metro hidalgo no se saquen de onda,infraestructura,4,,0.3584657311439514
y las escaleras eléctricas ama,infraestructura,3,,0.46372878551483154
puras tonteras de este gobierno,infraestructura,1,,0.9564188122749329
gobierno ridículo,infraestructura,1,,0.9815842509269714
todo muy bonito pero los trenes de la fregada me da risa muy bueno,infraestructura,4,,0.5769935846328735
para que nada más duren lo que va a durar el mundial y después se queden ahí abandonados,infraestructura,2,,0.6019185781478882
ni van a tener agua,infraestructura,2,,0.4558345377445221
y la remodelación que se hizo cuando peña nieto era presidente nadie las crítico por qué,infraestructura,3,,0.2802770733833313
no les preocupa,infraestructura,2,,0.5349066257476807
ya no te voy a contestar,infraestructura,1,,0.5054017901420593
70 de los trenes están descompuestos,infraestructura,2,,0.595650315284729
claudia sheinbaum pardo no queremos mundial queremos nuestra salud,infraestructura,1,,0.9626733064651489
we es que es como si pusieran un mantel elegante sobre una mesa ya para aventarla,infraestructura,3,,0.5192336440086365
solamente arreglan por encimita cuando toda la estructura ya está a punto de colapsar,infraestructura,2,,0.6020045876502991
no les digo cada vez estamos peor,infraestructura,2,,0.5771564841270447
es solo para guardar las apariencias,infraestructura,2,,0.49890127778053284
pero dice clarita que no es por el mundial,infraestructura,1,,0.3519017696380615
cómo experta en la materia que sugiere usted ingeniera del tiktok,infraestructura,5,,0.3633742332458496
ojalá y los tengan limpios,infraestructura,2,,0.5616360902786255
para cuantos les gustan,infraestructura,3,,0.3762586712837219
si falta menos de una semana,infraestructura,3,,0.47350355982780457
podra ir hasta la mare en hora pico pero la decoración,infraestructura,4,,0.6895100474357605
mejor gastar el dinero en los hospitales en medicamentos,infraestructura,2,,0.4782351553440094
va a estar bn asqueroso,infraestructura,3,,0.5214101672172546
la palabra pandemia te dice algo,infraestructura,1,,0.5879119634628296
es de la antigüedad tenía que hacerce algo real,infraestructura,3,,0.5257449150085449
es serio creí eran memes,infraestructura,2,,0.4621177017688751
solo por el mundial no puede ser tierra dinero para que la fifa gane,infraestructura,1,,0.6848887205123901
pongan uno por mi casa ya que la pared de mi casa es miadero seguro cuando hay carnaval,infraestructura,3,,0.3911088705062866
porque nos tocó el gobierno más pen en serio,infraestructura,2,,0.3736276924610138
de verían gastar en los hospitales y baños del mismo lugar,infraestructura,2,,0.5527759194374084
también se gotean,infraestructura,2,,0.5577985048294067
usa uber mija,infraestructura,3,,0.4879371225833893
mejor que no haiga mundial no saben los riesgos de salud que puede ver más adelante nueva pandemia,infraestructura,1,,0.9593963027000427
y dejenlos,infraestructura,2,,0.6158731579780579
según yo antes de la remodelación no había goteras,infraestructura,3,,0.34489932656288147
sin comentarios señores esto es méxico,infraestructura,1,,0.44042474031448364
exacto las goteras l humedad las escaleras eléctricas que no sirven para eso hubieran usado el presupuesto no que puras cosas inservibles,infraestructura,1,,0.5066663026809692
tu votaste por lo actual,infraestructura,3,,0.43608608841896057
ahora resulta que ya todos son críticos y arquitectos,infraestructura,3,,0.45288246870040894
y luego,infraestructura,3,,0.5748273730278015
y para todos aquellos que defiende no es que nos quejemos de todosimplemente es darse cuenta de la realidady si no te gusta y te sientes feliz en tu carrodeberías prestar tu carro para que los demás lo usen,infraestructura,2,,0.4979766607284546
está bien luego no hay donde entrar al baño,infraestructura,4,,0.5890308022499084
saben como va a terminar eso,infraestructura,3,,0.477551132440567
mexico magico,infraestructura,5,,0.7881352305412292
no pues para que lo empiezan 8 días antes yo digo que en esos días salgamos más para que sepan nuestra situación real,infraestructura,2,,0.4669065773487091
ninngun chile les embona,infraestructura,3,,0.4610785245895386
bye bye moteles,infraestructura,3,,0.4649089574813843
te falto grabar a la gente,infraestructura,2,,0.5367226600646973
sin papel y sin agua para que,infraestructura,2,,0.531133234500885
mejor que inviertan en medicamentos búsqueda de desaparecidos seguridad y escuelas ya es un cinismo el del gobierno,infraestructura,1,,0.9607794880867004
eso es culpa de calderón,infraestructura,2,,0.32520225644111633
y dicen que nada nos envona,infraestructura,3,,0.46259430050849915
y el mantenimiento de los triste,infraestructura,2,,0.46027496457099915
creen que colocando una lámpara tipo farol en una pared ya es una remodelación me da risa,infraestructura,2,,0.5038347244262695
de todo se quejan como si el prian hubiese hecho algo de mantenimiento a las líneas del metro hasta lo que no comen les hace daño,infraestructura,2,,0.4133177697658539
pero solo arreglaron los ventiladores de la línea azul pero que hay de los ventiladores de las otras lineas bien gracias,infraestructura,4,,0.6499904990196228
lo van a desvalijar el primer día,infraestructura,2,,0.6023321151733398
mejor que den más material y medicamentos a los hospitales,infraestructura,2,,0.6152614951133728
si los gobiernos realmente hicieran buen uso de nuestros impuestos este sería un metro digno para el mundial y no esas ridículeses,infraestructura,1,,0.6389511823654175
a mi me dio mucha risa ver los candelabros de hidalgo me da risa,infraestructura,3,,0.5893443822860718
de verdad nada nada nada les embona,infraestructura,3,,0.3644174337387085
more y sus cosas,infraestructura,3,,0.5455674529075623
si no arreglan las calles los metros van a estar dando de limpieza los baños,infraestructura,2,,0.6006317734718323
que no lo vea el arqui,infraestructura,2,,0.45505985617637634
todo ese gasto debería haber servido para darle mantenimiento a las vías férreas del metro,infraestructura,2,,0.54459547996521
si ridículo el gobierno el circo mejor pagado del mundo,infraestructura,1,,0.9366776943206787
hacen falta insumos médicos en los hospitales y solo por la visita de turistas están haciendo mejoras en la ciudad,infraestructura,2,,0.6873031854629517
esas filtraciones es por el trafico diario de la ciudad lo único que hicieron fue remodelarlos acabados tu narrativa fuera de contexto,infraestructura,2,,0.4691241681575775
ustedes enserio creen que si lo hubieran arreglado antes aun estaría en buenas condiciones que no lo van a pintar pegarle cosas y de más la gente no sabe cuidar y respetar lo poquito o mucho que hacen ya hay puentes que grafitiaron y estaban recién pintados las paredes de los edificios los mismos anuncios y hasta las luminarias,infraestructura,2,,0.5409206748008728
solo tenían que pulir el mármol y arreglar las fisuras que entraban en las lluvias y lo más importante comprar nuevos trenes eso era todo,infraestructura,2,,0.6349989771842957
dicen que uno abandona el barrio pero el barrio jamás te abandona,infraestructura,1,,0.41981086134910583
no hay prioridades solo maquillando para que se vea bonito pero de fondo o no sirve o se está cayendo ejemplo mega farmacia tren maya aeropuerto y podemos seguirle,infraestructura,2,,0.4533146619796753
minihoteles para los visitantes,infraestructura,4,,0.47680410742759705
si no hay botes d ebasura saben cómo va a estar eso jajajajaa,infraestructura,3,,0.43397748470306396
es la brugadizacion de la cdmx,infraestructura,2,,0.500152587890625
por 5 pesos para que te sientas como en tu casa,infraestructura,3,,0.41657400131225586
así es la vida le arreglas una cosa y se descompone otra,infraestructura,3,,0.5687249898910522
es impresionismo arte abstracto lo pintó un artista famoso y costo millones,infraestructura,1,,0.35785895586013794
no deverian estar cerca del estadio,infraestructura,2,,0.5336693525314331
lo importante será que va a pasar despues del mundial claudia sheinbaum pardo clara brugada,infraestructura,3,,0.49292734265327454
y nosotros que nos cargue la muy malo,infraestructura,1,,0.7153540253639221
a mí sí me gusta mucho,infraestructura,4,,0.5790407657623291
es q es una fuente,infraestructura,3,,0.5811877250671387
atentos grafiteros,infraestructura,4,,0.31964772939682007
cuando le calculan para que estén bandalizados y abandonados,infraestructura,2,,0.5433281660079956
mejor que pongan botes de basura por todo reforma,infraestructura,2,2.0,0.5315868258476257
sinlo hubieran hecho desde el principio para hoy no se vería bonito qué es lo que quieren aparentar no es para nosotros es para quedar bien con las visitas y vivo en esta zona,infraestructura,2,,0.5525975823402405
y afuera van a cobrar,infraestructura,2,,0.5404158234596252
pero deberían dejarlos para siempre y poner más en sonas específicas de barrió también,infraestructura,2,,0.4319862425327301
mejor que pongan camaras,infraestructura,2,,0.5234853029251099
que compren medicinas x qué luego no hay en el seguro ni para la presión,infraestructura,2,,0.4770345687866211
esos candelabros me recuerdan a casa de nuevo rico no importa nada más que los garigoles y lo dorado barato algo fuera de lugar y con mal gusto,infraestructura,2,,0.6589933037757874
mmm,infraestructura,3,,0.6065325736999512
me da risa con goteras y las calles se inundan difícil de creer,infraestructura,2,,0.6574272513389587
solo faltan que pongan uso exclusivo para turistas,infraestructura,3,,0.2841187119483948
y dice la presidenta que somos primer mundo me da risa,infraestructura,3,,0.49235883355140686
y no hay enseres en el ims,infraestructura,3,,0.4034002423286438
haré mis cruces de caca,infraestructura,3,,0.4736149311065674
nada les parece,infraestructura,3,,0.35557952523231506
y la pinturita morada,infraestructura,2,,0.5832542181015015
porque no empiezan a comprar medicamentos para la nueva pandemia que se va venir gracias a este mundial,infraestructura,1,,0.7387169599533081
exactamente que arregle mejor las calles banquetas drenajes ya que el gobierno tiene el poder y el dinero,infraestructura,1,,0.48491132259368896
próximamente,infraestructura,3,,0.5541584491729736
cómo siempre este gobierno gastando en frivolidades,infraestructura,1,,0.9410390853881836
maría aguilera,infraestructura,3,,0.4080526530742645
nmmn arreglen el sistema de drenaje q se tapa bien feo me da risa,infraestructura,2,2.0,0.45515599846839905
cuánto iremos a pagar por sus caprichos todo está subiendo de precio,infraestructura,2,,0.4634571075439453
ni el reloj que es necesario existe,infraestructura,2,,0.41309306025505066
la gente no entiende que no entiende y aparte no cuidan nada,infraestructura,1,,0.9186403751373291
queremos mantenimiento no adornos,infraestructura,1,,0.7180193662643433
hay que saborearlos pintarlos etc,infraestructura,2,,0.49996471405029297
si no van a estar a tiempo ya de mínimo que las terminen,infraestructura,2,,0.6100978255271912
me avisan como quedan después del mundial,infraestructura,2,2.0,0.4046313464641571
en eso gastan los impuestos,infraestructura,2,,0.5570157170295715
no que ya esta,infraestructura,1,,0.46936944127082825
es un asco el govierno,infraestructura,2,,0.4208891987800598
déjanos con esos pequeños momentos de finura porfavor,infraestructura,2,,0.6275008916854858
mejor q tapen los baches,infraestructura,2,,0.5710299611091614
es como cuando me pedían recoger mi cuarto y aventaba toda la ropa al ropero para que no se viera tan mal,infraestructura,2,,0.4480023682117462
ya vi a los habitantes de calle durmiendo ahi,infraestructura,2,,0.5589296817779541
quién los habrá licitado cuánto van a costar,infraestructura,3,,0.4408722519874573
no se si llorar o reír,infraestructura,2,,0.48287495970726013
todo hace juego,infraestructura,4,,0.4065916836261749
gastaron en embellecer y no hay trenes,infraestructura,2,,0.5547166466712952
me da risa ese vídeo está bueno es pura estampa nada más,infraestructura,3,,0.5129813551902771
general anaya está muy lento en remodelación y es un caos porque hay que buscar la salida,infraestructura,2,,0.59433913230896
excepto que no remodelaron solo redecoraron,infraestructura,4,,0.45060569047927856
bienvenida a la cuarta transformación,infraestructura,5,,0.6277799010276794
ay mi méxico todo a última hora y solo por encimita,infraestructura,2,,0.4195161461830139
ningún chile les embona,infraestructura,3,,0.4321517050266266
exacto,infraestructura,3,,0.3804210424423218
lo que urge son botes para basura,infraestructura,1,,0.4534032642841339
la 4t va,infraestructura,3,,0.42092129588127136
solo es para el mundial ya después o los quitan o ya no sirven,infraestructura,2,3.0,0.5010020732879639
esas filtraciónes ya son muy dificil,infraestructura,2,,0.5496350526809692
y esos baños si tendrán agua,infraestructura,2,,0.4867386221885681
es que la prioridad era la elegancia de francia aunque se caiga el techo o llueva en las estaciones a la mejor más allá de eso su visión es que tenga un toque romántico con lluvia es bromis pero si deberían de arreglar lo más importante en vez de los candelabros,infraestructura,4,,0.5040543675422668
justo así esta en la linea 7 estación río san joaquín ya está muy pintado por dentro pero en el techo las goteras hay hasta cartones en el piso para que absorban el agua pero muy pintado todo y las escaleras eléctricas sin funcionar ver para creer,infraestructura,3,,0.3535175919532776
dónde donde para ir a ensuciarlo y no bajarle al baño,infraestructura,2,,0.3687589764595032
al intentar dar una buena impresión van hacer completamente lo contrario,infraestructura,2,,0.42999503016471863
remodelación estética solamente para controlar esas goteras imaginen el tipo de trabajo que tienen que hacer y esa zona es muy difícil de tratar ya que con temblores el hundimiento y el paso de el tiempo es normal que se hagan,infraestructura,2,,0.6217084527015686
en un vídeo anterior decían que nada nos embona y no es eso es el hecho de que hay cosas que son necesarias y no son atendidas es querer aparentar algo que no,infraestructura,1,,0.4646874666213989
volten a la comunidad estudiantil,infraestructura,1,,0.4519084692001343
justo puro arreglo estético pero vean todas las goteras que se hacen cuanto de cuarteados están las escaleras,infraestructura,4,,0.7630691528320312
ya se abrió una carpeta de investigación de que pasó ahí se necesitan pruebas v,infraestructura,3,,0.38814643025398254
yo creo que si pintan de morado las goteras se soluciona,infraestructura,3,,0.48259204626083374
que pongan de esos en ecatepec,infraestructura,3,,0.4855135977268219
porqué no arreglar los baches,infraestructura,2,,0.5376993417739868
cuantos miles de millones van a costar,infraestructura,3,,0.4245113432407379
trabajos al vapor no hay planeación porque rayos no se anticipación,infraestructura,2,,0.3912400007247925
que esperaban,infraestructura,3,,0.49765363335609436
si wey como si los equipos fueran a jugar en el metro,infraestructura,3,,0.4814339876174927
exactamente prioridad a lo realmente importante,infraestructura,5,,0.31119951605796814
para si hay presupuesto pero para tratamiento oncologico no wow,infraestructura,2,,0.32734405994415283
y ya los rayaron,infraestructura,2,,0.5531130433082581
no les arreglen nada la gente no sabe cuidar,infraestructura,1,,0.8156232237815857
a la gente nunca le das gusto,infraestructura,1,,0.725216269493103
puras jaladas,infraestructura,2,,0.5928076505661011
baños que estarán cerrados después del mundial y en un año estarán inutilizables,infraestructura,2,2.0,0.5913518071174622
es lo q sucede cuando solo echan pintura para cubrir defectos es como querer tapar el sol con un dedo,infraestructura,2,,0.4125162959098816
así quedó tacubaya,infraestructura,3,,0.5378328561782837
van a quedar bien cagados y bien tapados,infraestructura,2,,0.47532591223716736
claudia sheinbaum pardo,infraestructura,3,,0.435168981552124
y ese backroom,infraestructura,3,,0.5244538187980652
pues el gobierno nunca actúa a tiempo no me sorprende que quisieran hacerlo 6 meses antes del mundial,infraestructura,1,,0.7931651473045349
qué bueno que todo eso se va a ver a nivel mundial,infraestructura,3,,0.5367181897163391
weeeeey está bien exactamente para eso para nesecidades de las personas y espero que si cobren aquí tiene que ver mucho la educación del hogar,infraestructura,2,,0.42853933572769165
y el estado vlv no mms,infraestructura,2,,0.4847259521484375
we juran que el gobierno debe de estar con cámara de vigilancia buscando el mínimo detalles de cualquier cosa para repararlo en segundos jajajajajaj,infraestructura,1,,0.6195647716522217
ay que bueno porque yo siempre me ando haciendo popis y es bien difícil encontrar donde o quien te dejé entrar al fin alguien pensó en nosotros los cagones,infraestructura,3,,0.4344055652618408
a nosotros los viejos ya no nos gusta nada,infraestructura,2,,0.537413477897644
estudie en inglaterra y déjame decirte que esa filtración no es nada comparado con las inundaciones de por allá,infraestructura,2,,0.5347232818603516
el código de vestimenta,infraestructura,3,,0.3579474687576294
gobierno sonso,infraestructura,3,,0.33901774883270264
ese tono va acordé con mi stiker,infraestructura,3,,0.43139320611953735
y se va a venir todo abajo en la primer lluvia,infraestructura,2,,0.5463955998420715
metro wey,infraestructura,3,,0.39996621012687683
muy al estilo de de morena,infraestructura,2,,0.5100125670433044
jjj no mmm,infraestructura,3,,0.42252740263938904
en europa ya hay de esos si se pudo ocupar en otros factores pero a la larga si lo podremos aprovechar en paris y berlín hay y se limpian solos creo que sencillamente no sabemos cómo sirven pero si ayudan y no no son gratuitos,infraestructura,4,,0.509848952293396
ni al caso esos candelabros en el metro son para una edificación colonial o algo donde reslmente luzcan de acuerdo a cierto tipo de arquitectura o edificacio pero en el metro,infraestructura,2,,0.5182754993438721
está de lujo,infraestructura,3,,0.41755932569503784
otra que nada le embona,infraestructura,3,,0.4985850751399994
mejor me río,infraestructura,2,,0.5234442949295044
me da risa chula imagen para los 3 turistas que vendrán,infraestructura,3,,0.4664103388786316
por fin,infraestructura,3,,0.4610356390476227
toodo el desmadr3 por solo 5 partidos de fut,infraestructura,2,,0.4866117238998413
pongan botes de basura que no ha en ningún lado mejor,infraestructura,2,,0.6101382970809937
o que la canción nada t envona,infraestructura,3,,0.49063199758529663
eso le da un toque vintage,infraestructura,4,,0.6448318958282471
está bien ambientado en los 1800 quien tenía buen drenaje,infraestructura,4,,0.7004270553588867
el colmo,infraestructura,1,,0.39169856905937195
te informo el metro no es campo de fútbol porque tiene que estar listo,infraestructura,2,,0.44847795367240906
falta mantenimiento hay muchas goteras,infraestructura,2,,0.543515145778656
hay que aceptar que no hay presupuesto para gotera y pintura lo ilogico de esta administración,infraestructura,1,,0.5789139270782471
tres días después todo pintado me da risa donde anda esos crack,infraestructura,2,,0.5020796656608582
ya nada nas da risa me da risa,infraestructura,3,,0.49295005202293396
exacto por apariencia,infraestructura,3,,0.4048307538032532
les falló un poquito la imagen querían dar el gatazo de una estación en moscú mejor hubieran intentado copiar una estación de new york para eso no hace falta presupuesto y pudieron haber presentado una estación estilo primerísimo mundo,infraestructura,2,,0.5067553520202637
se abrirá de inmediato una carpeta de investigación,infraestructura,3,,0.3970695734024048
es que no sabes son las cascadas que pondrán en próximo año,infraestructura,3,,0.4331825077533722
y luego en la esquina de la ciudadela ya vi el crujin me da risa,infraestructura,2,,0.5552785992622375
pasando el mundial los quitan sólo es para aparentar,infraestructura,3,,0.5036258697509766
gobierno de la ciudad de méxico,infraestructura,3,,0.347297340631485
si no les gusta que no se suban,infraestructura,2,,0.5905289053916931
me da risa,infraestructura,3,,0.5177319049835205
buena idea pero estoy segura que estarán pésimos porque no tendrán mantenimiento,infraestructura,2,,0.47616660594940186
que esté listo en el momento que sea el mundial es un buen pretexto para arreglarlo y que bueno,infraestructura,4,,0.3989390432834625
acá decimos te dan atole con el dedo,infraestructura,2,,0.489576131105423
que va a pasar después quien les va a dar mantenimiento,infraestructura,3,,0.417057603597641
ah ca y las goteras son el plus o qué,infraestructura,3,,0.6295874714851379
ya van a estrenar casa las personas de la calle,infraestructura,3,,0.46035242080688477
deberían tapar baches si quieren quedar bien,infraestructura,2,,0.5896945595741272
los candelabros iluminan bien la goteras,infraestructura,4,,0.6909494996070862
que iglesia es,infraestructura,3,,0.5725808143615723
que pongan uno por mi casa porque la gente va a mear y cagar afuera de mi puerta,infraestructura,3,,0.5112597942352295
puro impuestos de los trabajadores q bárbaros pero en fin,infraestructura,3,,0.3272934556007385
baños públicos que cobran jjn,infraestructura,2,,0.4904438257217407
confirmo las goteras quedaron intactas,infraestructura,2,,0.5066987872123718
esos candelabros son lo mas inútiles de la vida,infraestructura,2,,0.5030007362365723
mmm a ver cuánto duran la verdad,infraestructura,3,,0.5987299680709839
que es estooooooo,infraestructura,2,,0.4409767985343933
y si mejor verifican la falta de agua en ao,infraestructura,2,,0.5202601552009583
no hay cámaras,infraestructura,2,,0.413655549287796
los van a instalar pero no los van a poner en servicio,infraestructura,2,,0.4715139865875244
exacto el peor gobierno que he vivido,infraestructura,1,,0.9866848587989807
mejor que pongan botes de basura en todos lados hasta en el metro,infraestructura,2,,0.574347734451294
no lo se luego andas por ahí con el topo atorado y sin cambio me entristece,infraestructura,2,,0.5767862200737
ves que ya no alcanzo el presupuesto para eso era candelabros o techo y el inge lo dejo a la suerte agilas candelabros,infraestructura,2,,0.562186062335968
ahorita méxico es como nosotros de chiquitos toda la media hora,infraestructura,3,,0.4502348005771637
justo vi en un video como pintaban de morado un edificio en ruinas que ya se estaba cayendo,infraestructura,2,,0.4869164824485779
roma no se construyó en un día por algo se empieza para mí bellos los candelabros,infraestructura,2,,0.4757065773010254
de tanta gente ni se va a ver,infraestructura,1,,0.693941593170166
esto es como pegar el retrovisor con cinta canela,infraestructura,2,,0.4175114631652832
debería también implementar contenedores grandes de basura para que la gente ya no sea tan cochina y ahí depositen su basura,infraestructura,2,,0.6066154837608337
nada les gusta al menos no se quedan el dinero como el prian,infraestructura,1,,0.8555667400360107
perfectos para hacer cruising,infraestructura,5,,0.9295437335968018
es denigrante como el gobierno trata el transporte público y eso que es el transporte público de la capital del país,infraestructura,1,,0.9101285934448242
eso es tapar el sol con un dedo,infraestructura,3,,0.47125667333602905
a la gente no la tienes contenta,infraestructura,1,,0.633357048034668
me da risa y las calles todas madreadas,infraestructura,2,,0.5541657209396362
cuando meterán presupuesto para medicamentos en hospitales vlnv,infraestructura,2,,0.4978937804698944
haber super geniocomo detienes esa humedad a esa profundidad y con agua encima,infraestructura,2,,0.45970430970191956
transformación de 4ta,infraestructura,3,,0.35773321986198425
cuanto van a cobrar por usarlos,infraestructura,3,,0.3773745894432068
es que le falto pintura morada,infraestructura,3,,0.45517757534980774
justo comenté en otro video que a ver si su estación fifi no se hundía con la primera lluvia como el titanic y siiiii,infraestructura,3,,0.46198657155036926
te odio cheinbaun,infraestructura,1,,0.7953720092773438
la neta si da vergüenza,infraestructura,2,,0.5276867747306824
y los baches pa cuando,infraestructura,2,,0.5959644317626953
quiero llorar pero tendré que actuar con mis derechos,infraestructura,1,,0.5178182125091553
no saben en qué pedote se metieron,infraestructura,2,,0.5088196396827698
que ponga letrinas o existen los baños públicos que les cobren 10 dólares,infraestructura,2,,0.4895218014717102
van a terminar vandalizados y por lo regular sin funcionamiento,infraestructura,2,,0.47925207018852234
si investigaras por que pasa eso y por que es casi imposible eliminar las goteras de los metros y digo metros por que pasa en todo el mundo,infraestructura,3,,0.3966037631034851
pintura morada ajokotes y listo,infraestructura,2,,0.5604361295700073
lástima que una vez que se acabe el mundial ni mantenimiento tendrán,infraestructura,2,2.0,0.4886467158794403
al chile que bueno,infraestructura,3,,0.5592394471168518
deberían mejor hacer más hospitales ya que están saturados,infraestructura,2,,0.6884138584136963
es para que haga contraste con la arquitectura,infraestructura,3,,0.5372716784477234
que mal,infraestructura,1,,0.5719465613365173
esas goteras son echas a igualmente para dar el estilo antiguo como si pasaras por un callejón en la lluvia,infraestructura,2,,0.5982239842414856
dar mantenimiento a toda la ciudad de méxico pintar paredes escombrar los jardines limpiar puentes peatonales y vehículares plantar más árboles afuera de chapultepec donde muchos fueron cortados ahora que fui de visita todo abandonado ya pónganse las pilas,infraestructura,2,,0.5256004333496094
que decepción ojalá hicieran bien las cosas,infraestructura,1,,0.642780601978302
viva morena,infraestructura,1,,0.818043053150177
es sistema de humidificación,infraestructura,3,,0.40285253524780273
gastan en todo menos en lo que se necesita,infraestructura,2,,0.596420168876648
cómo todo lo que hace la jefa de gobierno y la presidenta,infraestructura,1,,0.37310072779655457
en qatar 2022 faltaba 1 semana para el mundial y todavía no había 2 estadios listos,infraestructura,3,,0.396139532327652
hay para que ponen eso sí van a cobrar cuál es el beneficio,infraestructura,2,,0.33267146348953247
para que vergas,infraestructura,2,,0.4896785616874695
no va durar ni 1 año porque lo van a ensuciar mucho por fuera y lo van a pintar y dudo que lo atiendan y le cambien el agua siempre,infraestructura,2,,0.6559846997261047
disfruten su voto,infraestructura,3,,0.40187835693359375
hay ora en un año ya no estarán,infraestructura,1,,0.4634171724319458
baños yo veo hoteles,infraestructura,3,2.0,0.5128417015075684
te se está empezando a meter el agua al titanic,infraestructura,2,,0.5547314286231995
las líneas son temáticas vi que auditorio parece un toks,infraestructura,2,,0.41986849904060364
somos bendecidos por tenene un medio transporte barato por 5 pesos ya ven los del estado pagan lo triple,infraestructura,3,,0.45539677143096924
nada les embona,infraestructura,4,,0.4581758975982666
y qué tal si te lo suben a 10 pesos,infraestructura,3,,0.6255001425743103
ay que cosa no se si reír o ponerme a llorar por la burla de las autoridades,infraestructura,1,,0.8667964339256287
maquillaje barato del bienestarttt,infraestructura,3,,0.4306091070175171
que con la pintura morada queda,infraestructura,2,,0.4889454245567322
ni un chile les embona deberas,infraestructura,3,,0.43174347281455994
deberas ya no saben ni que hacer,infraestructura,1,,0.9173535108566284
con pintura morada y unos ajolititos quedan,infraestructura,2,,0.490984171628952
y ya terminaron las obras,infraestructura,2,,0.4723711609840393
las bromas del gobierno,infraestructura,1,,0.5936741828918457
también tú ni modo que remodelaran en la remodelación me da risa,infraestructura,2,,0.42225751280784607
es otro gasto inútil y lo que necesita la ciudad bien gracias baches y tendrían que dejar un policía porque aquí no respetan nada,infraestructura,1,,0.9295262098312378
que pena cdmx,infraestructura,1,,0.4380330443382263
me da risa eso también lo invento tv azteca me da risa,infraestructura,3,,0.5249701738357544
es decoracion no una verdadera remodelacion,infraestructura,2,,0.5535590052604675
para los que se quejan de los baños así seguro es por qué no han visto los baños públicos de amsterdam me da risa,infraestructura,2,,0.4536997377872467
para que despues estén tomados por la gente en situación en calle o un foco de infección muy intensa hasta se metan la gente hacer crussing,infraestructura,2,,0.5321300029754639
quieren tapar el sol con un dedo,infraestructura,2,,0.5417420864105225
nuevas casas para las personas en situación de calle,infraestructura,4,,0.3611180782318115
arreglos por acá y todos los defectos de más cosas cuando,infraestructura,2,,0.5700273513793945
que funcionen los baños del metrobus los elevadores del metro sorprendente nunca votaré de nuevo por morena,infraestructura,1,,0.7162359952926636
por ejemplo seguridad,infraestructura,3,,0.4444761872291565
que horror,infraestructura,1,,0.8812278509140015
pudieron arreglar la ciudad pero no los hospitales ojalá que con toda la derrama económica que se tendrá lo del mundial mejoren los servicios públicos de primera necesidad,infraestructura,2,,0.5447902083396912
ya como en paris jajaa,infraestructura,3,,0.5635092854499817
si el metro es un asco ahora con los trabajos en pleno servicio peor no compa date una vuelta en ecaterror ahí en plaza ecatepec anda del asco en ese tramo y llevan repavimentando un pedazo desde hace 3 semanas,infraestructura,2,,0.589116632938385
csm,infraestructura,3,,0.3630407750606537
pero seguimos con baches,infraestructura,2,,0.42737096548080444
y las calles para cuando las pavimentan y la seguridad para cuando,infraestructura,3,,0.43878990411758423
tanta deficiencia en el servicio de transporte que creo que los mismos usuarios están concientes ya que se debe aplicar el costo real al boleto,infraestructura,1,,0.632946789264679
y qué,infraestructura,3,,0.6202695369720459
puras mmds,infraestructura,2,,0.4470956027507782
hoteles gratis,infraestructura,5,,0.5209268927574158
la mayoría de gente gasta en cigarros cocas cervezas alcohol fiestas a lo wey y ahorita que somos pais anfitrión y quieren que méxico no se vea tan pichurriento y que ahorre todo,infraestructura,1,,0.6130377650260925
grítalo que es la verdad,infraestructura,3,,0.38278722763061523
si el metro de mty tampoco méxico todo a última hora,infraestructura,3,,0.44782644510269165
falta que arreglen la línea de barranca del muerto y dirección el rosario también está en pésimas condiciones,infraestructura,1,,0.8382163047790527
si ubican que solo habrá 5 partidos en cdmx 5 de 104 mucha inversión para la expectativa de turistas,infraestructura,3,,0.3395444452762604
quién aprobó esa mmd,infraestructura,3,,0.4046649932861328
y tapar los baches no les gusta,infraestructura,2,,0.5841841101646423
se están gastando más dinero por hacerlo a las prisas que si bien hubieran empezado hace 8 años y hubieran hecho mejor trabajo,infraestructura,2,,0.6847158074378967
bro reemplazaron el fokin mármol por material mas barato y menos duradero quien se quedó con todo el mármol,infraestructura,2,,0.5276700258255005
el problema no son los baños es la gente,infraestructura,2,,0.44418081641197205
exactamente las cosas realmente funcionales estan obsoletas por fuera bonito y al interior una porquería,infraestructura,2,,0.5296606421470642
gastos innecesarios mejor que arreglen las goteras,infraestructura,1,,0.6631659865379333
tranquila reyna esperamos,infraestructura,3,,0.39460301399230957
no eso lo dejaron así porque posteriormente van a grabar las escenas del titanic tranquilos este gobierno piensa en todo,infraestructura,1,,0.4037778377532959
nada les embona no doblada ni enrollada,infraestructura,4,,0.3564220070838928
pero en verdad que no hay visión tiene que estarles explicando todo para llegar a la ambientación deseada hay que dejar esas filtraciones de agua para utilizar paraguas estilo colonial que por supuesto estarán a la venta en los alrededores de las entradas del metro les falta visión,infraestructura,2,,0.4277966618537903
y si arreglan los vagones del metro,infraestructura,3,,0.4858035445213318
me preguntó cuánto habrán costado en realidad esas luminarias porque es muy seguro que alguien se llevó muy buena comisión,infraestructura,2,,0.3861454129219055
perdon falto un poco de pintura morada,infraestructura,2,,0.528548002243042
yo esperando el metro,infraestructura,3,,0.5238426923751831
y después de dos meses estarán olvidados y servirán de basurero,infraestructura,1,,0.49297404289245605
ahí deberían colocar buna fuente,infraestructura,2,,0.5020011067390442
en medicamentos para el imss para personas con cáncer o demás deberían de hacer y no gastar el dinero aparentando méxico es súper woooo,infraestructura,1,,0.5475999712944031
enserio me estás diciendo que todas esas remodelaciones y gasto público es para 5 partidos que va a haber pensé que era para los usuarios diarios,infraestructura,1,,0.4366741478443146
antes de que arranque el mundial ya no sirven,infraestructura,1,2.0,0.6600906848907471
despierta méxico,infraestructura,1,,0.7146531939506531
tanto dinero que deja el metro a diario y nada de mantemiento vamos bien,infraestructura,2,,0.38837939500808716
si es buena opción con el débido mantenimiento desde hace años lo hubieran instalado,infraestructura,4,,0.463352769613266
ja ja ja ja ja ja yyojsla lo vean las autoridades y no salgan con que tienen otros datos,infraestructura,2,,0.3581664264202118
no más gastan dinero a lo tonto hay prioridades,infraestructura,2,,0.45947834849357605
increíble,infraestructura,1,,0.9092623591423035
que den más instrumentos aparatos y medicamentos para hospitales,infraestructura,2,,0.5591597557067871
hay al ratito van a decir que costo mil de millones para justificar su robo me da risa,infraestructura,1,,0.6208860278129578
pov comienzan a cerrar estaciones estoy segura que seguramente entre semana empezarán a cerrar como lo hacen en fin de semana queque desmadre se hace,infraestructura,2,,0.4892881214618683
esos serán moteles no se agan,infraestructura,3,,0.43506860733032227
comentario,infraestructura,3,,0.4933284819126129
la mayoría de los que saben que fue lo que pasó son parientes amigos y familiares,seguridad,3,3.0,0.4520902931690216
así deberían de poner seguridad en los hospitales para que no abusen de sus médicos,seguridad,2,2.0,0.5827893614768982
interactuando,seguridad,4,3.0,0.44236835837364197
digaselo a peña nieto ascarraga y salinas pliego ellos son los que trajeron el mundial y aceptaron las condiciones de la fifa,seguridad,3,3.0,0.45771217346191406
se quejan y somos uno de los países que más consume este deporte,seguridad,2,4.0,0.5620712041854858
me están diciendo que la única razón por la que están haciendo algo en el país es por el mundial que si no fuera por eso seguiriam defendiendo al co que raro no no es el pais que morena nos plantea,seguridad,4,3.0,0.3727927505970001
que coraje e impotencia debería ser más importante el apoyo a los padres que buscan a sus hijos que el mundial,seguridad,2,2.0,0.47737374901771545
la neta méxico da miedo es como ir a palestina y esperar que salgas bien,seguridad,1,1.0,0.9335684180259705
a mí me vale el mundial hay cosas más importantes,seguridad,3,2.0,0.6287474036216736
que tristeza que para proteger a extranjeros se organizaron tan rápido y para nosotros lo mexicanos llevan tantos sexenios y nomás no,seguridad,1,2.0,0.7398105263710022
y los que faltan en el mundial,seguridad,2,1.0,0.5015655755996704
casi 100 000 elementos federales y este gobierno hace nada para acabar con el crimen organizado todo el poder del estado y para que solo les interesa seguir saqueando al país,seguridad,1,1.0,0.9619808793067932
pues el plan kukulkán ya se debería quedar 365 días no diiiigo,seguridad,3,3.0,0.46132010221481323
aah mira y al pueblo que se lo lleve la fregada,seguridad,2,3.0,0.4639971852302551
deberíamos empezar a comentar con stickers de las fichas de lo desaparecidos en las páginas del gobierno,seguridad,1,2.0,0.7352122664451599
y no le da vergüenza a la presidenta para eso si hay seguridad,seguridad,1,3.0,0.3568664491176605
exacto hay que tener prioridades hay que comenzar actuar con conciencia,seguridad,2,2.0,0.38833239674568176
los carteles andas más armados que la policía de méxico,seguridad,2,3.0,0.5508410334587097
es muy cierto,seguridad,3,3.0,0.6165679693222046
y no nada más por el mundial ala precidente le vale los desaparecidos prefiere aser conciertos que ayudar ala gente,seguridad,1,1.0,0.7528744339942932
interactuen que se difunda lo que si importa,seguridad,3,3.0,0.588966965675354
irán atacará en pleno mundial acuérdense de este comentario,seguridad,1,2.0,0.4897647798061371
jajajjaja se parecen a los anillos de seguridad que hacen los narcos raro no me da risa,seguridad,2,2.0,0.5846374034881592
aquí apoyamos a los papás y mamás buscadores,seguridad,3,2.0,0.39515745639801025
hay prioridades wue en el mundial viene el bicho,seguridad,3,5.0,0.39422595500946045
y por que un mes antes y un mes después del mundial por que no hacen ese plan para siempre,seguridad,2,3.0,0.4424634575843811
nunca nos ha brindado protección a los mexicanos porque a turistas si,seguridad,1,2.0,0.7638767957687378
que dolor que impotencia es una burla el despilfarro,seguridad,1,1.0,0.8730583190917969
no queremos mundial queremos seguridad acceso a la educación digna salud digna y a la justicia,seguridad,1,1.0,0.98630291223526
y en culiacán también tendremos ese plan,seguridad,3,3.0,0.4578629732131958
plan no ir a méxico me gusta,seguridad,1,1.0,0.8255013227462769
si a usa no le quitan el mundial tampoco a mexico,seguridad,1,3.0,0.4834882915019989
me duele tener que vivir en esta realidad,seguridad,1,1.0,0.6745920181274414
que impotencia da la situación de mexico me entristece,seguridad,1,1.0,0.8784316182136536
violencia en méxico y eua en guerra me da risa,seguridad,1,1.0,0.8593006134033203
que tiene que ver el mundial von el gobierno,seguridad,1,3.0,0.7797017693519592
duele pero no por eso va a dejar a mas de 30 selecciones sin mundial ya que eso son problemas internos de mexico no es culpa de la fifa ni mucho menos de las otras selecciones,seguridad,4,4.0,0.8157842755317688
pero que nombrecito me da risa,seguridad,4,3.0,0.4010807275772095
y si se queda el plan cuculcan para siempre,seguridad,2,3.0,0.4651906490325928
ojo dijo que protege a extranjeros los que vivimos en el país pues no la pelamos que nos cuidemos nosotros solos dicen,seguridad,1,3.0,0.42473432421684265
osea si se pueden poner las pilas pero no con nosotros,seguridad,2,2.0,0.5934472680091858
seguridad para extranjeros y no para los mexicanos me da risa,seguridad,1,2.0,0.38747438788414
saludos desde mechico,seguridad,3,3.0,0.413501113653183
me da risa los estadios son privados el único beneficio de nosotros son las ventas me da risa,seguridad,4,4.0,0.861963152885437
suena como el kukuxklan,seguridad,3,3.0,0.5836607217788696
que todos sus hijos vuelvan a casa,seguridad,3,3.0,0.5366630554199219
yo siendo mexicano prefiero que no sea el mundial aquí en méxico,seguridad,1,2.0,0.6773054599761963
cierren las avenidas allá y en cdm,seguridad,2,2.0,0.6581932306289673
morena preocupándose por otra gente menos por los mexicanos,seguridad,1,1.0,0.8098412156105042
por algo dice el dicho al pueblo pan y circo para mantenernos distraidosssss ojalá despierten la gente embobada del futboll y demás,seguridad,2,2.0,0.464231014251709
ya no podemos seguir con esto necesitamos justicia,seguridad,1,1.0,0.9553329944610596
y mientras protegen a los turistas en todos los demás estados vamos a estar desprotegidos,seguridad,1,2.0,0.5667532086372375
a quien le importa el mundial al final solo se benefician los ricos,seguridad,1,1.0,0.41112831234931946
no estamos en contra del mundial estamos en contra de que se le dé prioridad a algo que no lo es,seguridad,2,3.0,0.42345067858695984
osea los mexicanos no tenemos ningún valor para este gobierno solo pueden y quieren proteger a extranjeros,seguridad,1,1.0,0.9703150987625122
el mundial debería ser solo en canadá pero la fifa es corrupta,seguridad,1,2.0,0.6833794713020325
y por qué protegen tanto a los extranjeros y nunca a nosotros los del pueblo que somos los que pagamos impuestos,seguridad,1,2.0,0.5765348672866821
en serio que cancelen el mundial aquí,seguridad,1,1.0,0.9178773760795593
en argentina también está pasando muchas gente con hambre sin trabajo jubilados con jubilaciones mínimas que ni si quiera les alcanza para comprarse la medicación universidades des financiada ecosistema destruidos a propósito medios de comunicación corruptos fiscales y gobernadores que tapan la corrupción y muerte de gente inocente pero la gente se preocupa por un mundial y que messi juegue en la selección ignorando todo los demás,seguridad,1,2.0,0.9622814655303955
q va mexico es una sentencia ir,seguridad,1,1.0,0.7644489407539368
y solo durante el mundial terminando todo regresará a como estaba o peor,seguridad,2,2.0,0.5622587203979492
wey méxico con aviones f5 ya esos son de museo,seguridad,3,3.0,0.3972800374031067
que triste que solo lo hacen por este evento y no lo hagan por sus habitantes todos los dias me entristece mucho,seguridad,1,2.0,0.6360973119735718
que todo el mundo vea lo que vivimos en méxico,seguridad,3,3.0,0.4999372959136963
y si mejor sacan un plan para proteger a méxico siempre y no solo durante el mundial,seguridad,2,3.0,0.4631475508213043
si asen eso para un evento deportivo por que no aserlo siempre para seguridad de todos nosotros los mexicanos,seguridad,2,3.0,0.3472895324230194
pongan subtitulos en inglés para que se haga eco a nivel internacional por favor,seguridad,3,3.0,0.44270676374435425
es una vergüenza nuestro gobierno,seguridad,1,1.0,0.9904718399047852
por qué no hacen eso siempre yo desde los 15 años salgo de mi casa con más miedo de la policía que de los delincuentes,seguridad,1,1.0,0.9729861617088318
que fuerte realidad me entristece,seguridad,2,2.0,0.623039186000824
ocultan la verdad,seguridad,1,2.0,0.47827741503715515
oraleee así deberían de proteger a su pueblo y no solo a los extranjeros,seguridad,2,2.0,0.4641740918159485
lo más triste del asunto es que por más que luchen para que no haya mundial el gobierno no les va hacer caso van a seguir con el mundial y seguir invirtiendo en el mundial es triste y da rabia,seguridad,1,1.0,0.8649082779884338
el mundial dará mucho empleo y dinero del turismo así que yo sí estoy de acuerdo con el mundial,seguridad,5,5.0,0.7829391956329346
por qué si tienen tanto no combaten a los narcos,seguridad,1,3.0,0.785798966884613
prefiero seguridad que un stupido mundial de futbol,seguridad,1,1.0,0.9462276697158813
dios mío,seguridad,3,3.0,0.4901656210422516
para los 4 partidos del mundial que va haber como que invirtieron de más no,seguridad,3,3.0,0.5063343644142151
ya no pongan sus fotos ahorita pongalas antes del mundial,seguridad,3,3.0,0.3819770812988281
justicia mexicanos,seguridad,1,3.0,0.8041481375694275
prefiero no tener mundial,seguridad,1,1.0,0.903553307056427
la mediocridad del gobierno y la borregada no da pa más en fin la justicia no existe ni existirá mientras no se reformen las leyes a favor de las víctimas,seguridad,1,1.0,0.9673802852630615
cómo apoyo para que se haga eso en la cdmx también,seguridad,4,4.0,0.5191118121147156
es más seguro ir a jugar a israel o iran que a méxico me da risa mucho,seguridad,3,3.0,0.47239357233047485
cuándo va a cambiar la historia,seguridad,3,3.0,0.5688572525978088
prefiero un méxico sin desaparecidos que un mundial espero que puedan encontrarlos y los familiares tengan paz,seguridad,1,2.0,0.8849941492080688
pero ella jura que todo está bien,seguridad,4,3.0,0.5799309015274048
que raro que no lo terminaron con la palabra bienestar me da risa,seguridad,3,3.0,0.4433354139328003
ojalá todos encuentren a sus seres queridos fuerza y suerte,seguridad,3,2.0,0.5846865773200989
ósea que si tienen el armamento para combatir el narco solo no les importa lo mexicanos,seguridad,1,2.0,0.7356311678886414
se debe informar que solo sería para el mundial y como objetivo los extranjeros y que después del mundial será como cuando desinstalas una app de celular me da risa,seguridad,2,3.0,0.4069099426269531
siguen adelante en el poderoso nombre de jesús sigan y pídanle a dios que el sea su guardador,seguridad,3,3.0,0.4926285445690155
el chiste se cuenta solo este gobierno parece una burla,seguridad,1,1.0,0.9852558374404907
muyyy triste de verdad me dueles méxico,seguridad,1,1.0,0.8808985352516174
que coraje meda todo esto sólo hay seguridad porque va a ver mundial me enoja mucho,seguridad,2,1.0,0.39124932885169983
que lamentable apoyos a las familias afectadas,seguridad,1,2.0,0.7558735013008118
no queremos mundial queremos un méxico seguro,seguridad,1,1.0,0.9771007299423218
qué cosas y por el pueblo mexicano no mueven un dedo me enoja mucho,seguridad,1,2.0,0.530936598777771
a lo mejor alguien entre mucha gente durante el mundial puede ser que ha visto o conocer a un desaparecido esto ayudará mucho,seguridad,3,3.0,0.4439244270324707
apoyo total a este movimiento,seguridad,5,5.0,0.6578804850578308
welcome to jalisco,seguridad,5,4.0,0.6718668937683105
que feo que se enfoquen en esto en vez de proteger al pueblo,seguridad,2,2.0,0.5425038933753967
osea que si se puede nomás no quieren,seguridad,1,3.0,0.6796494722366333
si buscan la ruleta rusa con su seguridad méxico es la opción,seguridad,3,2.0,0.3328431248664856
seguridad en el país seguridad por un partido de fútbol,seguridad,1,3.0,0.8070538640022278
seguro harán un trato con los narcos,seguridad,1,1.0,0.8932886123657227
ku kul kan suena conocido de algo,seguridad,3,3.0,0.6029685735702515
encontrar a los desaparecidos y subir los sueldos no puede ser que en nuestro país casi un 70 trabajen en la informalidad o sin prestaciones de ley y un 49 de los egresados de universidades se encuentran en desempleo,seguridad,1,3.0,0.9046520590782166
y cuando termine el mundial regreso a la realidad,seguridad,3,3.0,0.4856182336807251
a veces no dimensionamos las situaciones hasta que nos pasan no se que sería de mi si alguien de mi familia desaparece y muy bueno de los gobernantes por hacerse pendejos con estos temas,seguridad,1,1.0,0.6546366214752197
yo también tengo un hijo desaparecido y nadien me a escuchado no ay seguimiento de nada,seguridad,1,1.0,0.9081186652183533
ojalá se cancele,seguridad,1,1.0,0.664946436882019
a veces pienso que lo hacen con sarcasmo para tener muchas vistas,seguridad,2,2.0,0.37409257888793945
nos hace falta unirnos como sociedad y cuidarnos entre todos,seguridad,3,3.0,0.49554362893104553
osea que habrá protección para que se pueda jugar al fútbol pero no hay protección para tener una buena calidad de vida,seguridad,2,2.0,0.5894999504089355
proteger a los mexicanos proteger a los turistas,seguridad,1,1.0,0.7802325487136841
oye espérate si no estamos en wakanda,seguridad,3,3.0,0.4961606562137604
todo el mundial va ser en méxico y canadá porque usa no participará por lo que ya saben me da risa mucho,seguridad,1,3.0,0.330466091632843
osea que siempre han podido defender a la población les valía madres antes o que,seguridad,1,1.0,0.5126283764839172
que tristeza me entristece,seguridad,2,1.0,0.47533345222473145
mientras el gobierno invierte millones en eventos como el mundial de fútbol miles de familias siguen buscando a sus desaparecidos sin apoyo suficiente sin respuestas y sin justicia no puede haber celebración completa en un país donde tantos padres siguen buscando a sus hijos la prioridad debería ser la seguridad la verdad y la dignidad de las víctimas,seguridad,1,2.0,0.7996781468391418
en día de mundial hay que hacer una marcha por los desaparecidos me entristece,seguridad,1,1.0,0.8269185423851013
no se que da más miedo que méxico puede o que méxico no quiere,seguridad,1,1.0,0.959160327911377
en el parque de la ciudad donde vivo nunca habia visto pegados panfletos de desaparecidos y cuando recién pase y los vi fue un shock se sintió muy triste,seguridad,1,1.0,0.7304365038871765
es decir que sí pueden combatir la delincuencia pero no lo hacen todos los días me da risa mucho,seguridad,1,1.0,0.8358016610145569
ósea si pueden y tienen poder solo no quieren,seguridad,1,1.0,0.8644613027572632
no al mundial matan mujeres todos los días y no las protegen,seguridad,1,1.0,0.9163730144500732
no ven tv azteca,seguridad,1,3.0,0.5859165191650391
no al mundial,seguridad,1,1.0,0.9196574687957764
y por qué 15 días antes y 15 días después por qué no dejarlo así siempre,seguridad,2,3.0,0.5323007702827454
méxico no necesita tener un mundial para tener toda esa seguridad la necesita siempre para todos los mexicanos que triste ver la realidad del gobierno,seguridad,1,1.0,0.8841906189918518
dios les de fuerza y les devuelva a sus hijos,seguridad,1,2.0,0.5324859023094177
proteger a los mismos mexicanos en su país mexicano respuesta negativo,seguridad,1,1.0,0.9632980227470398
para los que no entienden ojalá nunca les toque buscar un familiar o que sean ellos a los que los tengan que buscar,seguridad,1,1.0,0.6955332159996033
todos los mexicanos conocemos o sabemos de alguien que está desaparecido o ha sido afectado por el crimen,seguridad,1,1.0,0.9370737075805664
es que entiendan no están en contra del mundial ni nada sino que están en contra de que se gasten miles de millones de pesos en remodelaciones innecesarias solo para verse bonita para menos del mes mientras no hay dinero para búsquedas de desaparecidos no hay dinero para medicamentos no hay dinero para nada,seguridad,1,2.0,0.8294181823730469
y la de proteger al pueblo siempre no se la saben,seguridad,2,2.0,0.4026496410369873
donde se puede donar para que impriman más,seguridad,3,3.0,0.5122637152671814
no queremos mundial gobierno mediocre queremos seguridad de nuestro país queremos nuestros ecosistemas limpios queremos que no destruyan nuestros ecosistemas y acaben con la naturaleza queremos un país con soberanía,seguridad,1,1.0,0.9790357947349548
me gusta mucho el fútbol pero ha llegado el momento de que miles de voces sean escuchadas de que todos nos unamos,seguridad,4,4.0,0.9166248440742493
osea que para el mundial si tienen seguridad pero para el día a día no grande mi país saquenme de aquí,seguridad,2,3.0,0.543321967124939
llenen este carrito de super yo empiezo,seguridad,5,3.0,0.32461780309677124
que miedo me entristece,seguridad,1,1.0,0.8798058032989502
si tan solo usaran toda esa organización y poder para realmente limpiar y cuidar el país me entristece,seguridad,1,1.0,0.8620436787605286
necesitamos seguridad no mundial,seguridad,1,1.0,0.9233691096305847
el sábado fui al centro es una tristeza ver tantos carteles de personas desaparecidas que miedo,seguridad,1,1.0,0.9692632555961609
no vengan no les crean,seguridad,1,1.0,0.9386019110679626
no me interesa el mundial aquí me interesa la seguridad de mi pueblo el hambre de mi país,seguridad,1,1.0,0.8902328610420227
entonces tomaremos la seguridad como privilegio de algunos cuantos me enoja mucho,seguridad,1,1.0,0.638673722743988
nos puede des decir de donde sale o que significa kukulcan me suena a cucurrucucu hay méxico,seguridad,3,3.0,0.45551493763923645
pero dice tu tía claudia que cada vez estamos mejor,seguridad,3,2.0,0.5874077677726746
lo que me imaginé,seguridad,5,3.0,0.39866766333580017
osea que si pueden proteger pero no quieren,seguridad,1,1.0,0.6636085510253906
e lugar de mi dial y trenes busque allude con los desaparesidos,seguridad,2,3.0,0.5063414573669434
ven que si tenemos la capacidad de controlar la violencia en mexico armamento gente pero nomas les vlvga al gobierno,seguridad,1,1.0,0.7090480923652649
los policías también roban ojo ahí turistas ojalá no vengan,seguridad,1,1.0,0.9313036799430847
si hablamos de mexico no confío ni en la policía,seguridad,1,1.0,0.8952711224555969
se va poner de acuerdo harfuch con los capos con los que tiene acuerdo para que ese mes no hagan nada y van a decir que el plan que propusieron dio resultado me da risa muchisimo,seguridad,2,1.0,0.4742242693901062
un poco mas y es el plan kukusklan me da risa mucho,seguridad,3,3.0,0.5509617328643799
por que no posieron eso para acabar con los carteles,seguridad,1,1.0,0.46162647008895874
hay que cancelar el mundial eso no es importante lo importante es tratar los problemas del país,seguridad,1,1.0,0.8767830729484558
imaginen esto en sinaloa también,seguridad,3,1.0,0.4850809574127197
lo chistoso es que esos 3 aviones caza f5 son todos los que tiene la fuerza aérea me da risa,seguridad,3,3.0,0.4119109511375427
osea hacen de cuidado solo cuando es mundial pero el resto del año q se chinguen el pueblo,seguridad,1,2.0,0.49176695942878723
de que sirve si les da miedo enfrentar a los delincuentes,seguridad,1,1.0,0.9829363822937012
igual el mundial mexico no va pasar de cuartos,seguridad,3,3.0,0.604179859161377
no protege ni a los ciudadanos que va proteger a los turistas,seguridad,1,1.0,0.9325659871101379
justicia para los desaparecidos no quiero mundial quiero un mexico seguro,seguridad,1,1.0,0.9801123142242432
imponer el plan kukulkán en méxico para que acaben con la violencia imponer el plan kukulkán solo para el mundial y atraer extranjeros,seguridad,1,3.0,0.8223051428794861
lamento mucho su dolor mamitas y papitos me entristece,seguridad,2,3.0,0.6486067175865173
cómo se notan las prioridades no se dejen que vean lo que realmente importa,seguridad,3,2.0,0.3742581903934479
mi apoyo desde españa comparto mucha fuerza para las familias,seguridad,2,3.0,0.5657883882522583
que hermosa campaña no se dejen estamos con ustedes me entristece,seguridad,4,4.0,0.43305617570877075
gobierno de asco,seguridad,1,1.0,0.3997091054916382
osea que si se puede reforzar la seguridad interesante,seguridad,2,2.0,0.6218006610870361
triste realidad de méxico me enoja muchisimo,seguridad,1,1.0,0.881912887096405
y la seguridad despues del mundial que cual plan,seguridad,1,1.0,0.43653547763824463
ellos no deben ser invisibles en el mundia ellos deben ser los mas presentes en el mundial que el mundo vea rosotros de gente que puede ser encontrada gracias a la difusion,seguridad,2,2.0,0.4624404013156891
duda latinus es independiente o pertenece a alguna televisora,seguridad,3,3.0,0.4998968541622162
los comentarios ocultos,seguridad,2,3.0,0.43436098098754883
pero ya están vendidos todos los boletos y la venta de playeras no para y no se diga del álbum que es todo un fenómeno nacional más de 1500 albums vendidos diariamente y 10 mil sobres con las cartitas también,seguridad,3,3.0,0.3965704143047333
ojalá encuentren a los desaparecidos,seguridad,1,3.0,0.4562835097312927
dios los bendiga salmos92 10 12 y salmos94 1 23,seguridad,3,3.0,0.50657057762146
su mirada,seguridad,3,3.0,0.4429242014884949
escuchen bien dijeron proteger a los turistas y a los equipos porque los mexicanos no les importamos,seguridad,1,1.0,0.3746788203716278
el mundial es cada 4 años y desaparecidos hay siempre pueden esperar,seguridad,2,2.0,0.5313016176223755
de por sí me cae mal el futbol ahora mas,seguridad,2,2.0,0.5815744400024414
mientras tanto claudia,seguridad,3,1.0,0.5113208293914795
la tristeza me entristece,seguridad,2,1.0,0.5199564695358276
y porque no hacen eso siempre pero para todos los mexicanos,seguridad,2,2.0,0.39540940523147583
ya vimos que si no le beneficia al gobierno no hace nada respecto a la seguridad mientras después que pase la fifa otra ves a números rojos,seguridad,1,1.0,0.9019536375999451
no al mundial en méxico,seguridad,1,1.0,0.9267470836639404
ahi vemos que es prioridad para los gobiernos que tristeza,seguridad,1,1.0,0.8725365400314331
y despues del mundial q nos lleve la muy malo a todos los demas,seguridad,1,1.0,0.7490235567092896
me da risa no tenemos ese tipo de aviones me da risa mucho,seguridad,2,3.0,0.5467433929443359
no al mundial en mexico para proteger extrangeros hacen todo y nosotros,seguridad,1,1.0,0.9493069648742676
se jactan presumen de tanta seguridad y saben perfectamente que nada esta bien en éste país ojalá no hubiera mundial,seguridad,1,1.0,0.9495288729667664
ojala cancelen el mundial,seguridad,1,1.0,0.8652819395065308
no queremos mundial,seguridad,1,1.0,0.9701710343360901
seguridad para la gente del mencho seguridad para extranjeros y para cuándo la seguridad para los ciudadanos bueno igual se les olvida un poquito cuando tienen que ejercer sus derechos y ver a shakira,seguridad,1,,0.513404369354248
deberían cancelar el mundial en méxico por seguridad no deberían hacerlo acá,seguridad,1,,0.931876003742218
para mí que gana portugal,seguridad,3,,0.5335525274276733
ojalá los encuentren dios los bendiga,seguridad,3,,0.4643760025501251
no al mundial,seguridad,1,,0.9196574687957764
el gobierno que hace para el mundial si el mundial lo hace la fifa,seguridad,3,,0.39674830436706543
qué pena que sea para cuidar a los turistas y no lo hagan siempre para cuidar a los mexicanos,seguridad,1,,0.5319398641586304
apoyo la manifestación el día del mundial,seguridad,3,,0.2858927249908447
porque no entienden que no se trata de partidos políticos ni gobiernos se trata de quien gobierna cada entidad quien este en la presidencia es lo mismo hará lo que pueda en su gobierno pero los que son los gobernadores delegados o presidentes de cada entidad son los que hacen lo que quieren,seguridad,1,,0.5810440182685852
el dinero y el football es más importante que las vidas de la gente todo mundo lo sabe,seguridad,3,,0.38302627205848694
el mundial es un tape de ojo pará lo que se viene todo lo que roba el gobierno,seguridad,1,,0.7064408659934998
ni regalado,seguridad,1,,0.5531965494155884
todo eso para proteger extranjeros pero a los mexicanos que nos lleve la chgda me da risa,seguridad,3,,0.35757339000701904
ojalá cancelen el mundial,seguridad,1,,0.8652819991111755
que tristeza,seguridad,1,,0.8605985045433044
ya ven que no terminan con el narco nada más porqué no quieren,seguridad,1,,0.6939727663993835
osea se preocupan por todos menos por nosotros los mexicanos me entristece,seguridad,1,,0.7628626823425293
queremos seguridad no mundial,seguridad,1,,0.968044638633728
por qué no hablan de cancelar el mundial en estados unidos por riesgo a un ataque,seguridad,1,,0.9706783294677734
ya que cancelen el mundial por fsvooooor,seguridad,1,,0.8842934966087341
si ellos mismos te roban también es algo que no tiene sentido deben tener más cuidado ya que te quitan dinero,seguridad,2,,0.5113821625709534
para que tanta seguridad si se trata de un evento deportivo,seguridad,2,,0.4329681098461151
que impotencia,seguridad,1,,0.8725537657737732
tienen razón no se vale,seguridad,1,,0.644664466381073
espero que algún día tenga respuesta de donde esta sus ijos,seguridad,3,,0.463003009557724
méxico protegiendo a todos menos a los mexicanos ojalá no haya mundial neta,seguridad,1,,0.8790812492370605
boicot al mundiaaaaaaal,seguridad,1,,0.8395534157752991
mucha fuerza y luz para todos los padres buscadores,seguridad,5,,0.7554150819778442
y los medicamentos en los servicios de salud para cuando,seguridad,3,,0.3971257209777832
deja tu flor interactuando,seguridad,2,,0.5582423806190491
no necesitamos un mundial necesitamos apoyo para las madres buscadoras,seguridad,1,,0.6553377509117126
no queremos mundial,seguridad,1,,0.9701711535453796
entonces si había tecnología para acabar con el crimen organizado pero no querían trabajar,seguridad,1,,0.8065929412841797
por favor fifa cancele el mundial en méxico está muy muy peligroso,seguridad,1,,0.9593603014945984
plan para defender a los ciudadanos nah aqui no hacemos eso,seguridad,1,,0.8909556269645691
que nos quieren decir que si se puede hacer operativos de seguridad pero no para el pueblo bueno y pero si para los turistas que cinismo de este gobierno,seguridad,1,,0.7980939149856567
duele mucho este tema estos hechos duelen mucho me entristece mucho,seguridad,2,,0.5580840706825256
terminando el mundial continuamos sin seguridad,seguridad,2,,0.4255841374397278
marcha el día de la inauguración,seguridad,5,,0.40592527389526367
es que el mundo se acaba para unas personas y sigue para otras los que no tienen problemas si desean el mundial lo siento en verdad por los que una tristeza o injusticia hará que vean al mundial como un gasto innecesario,seguridad,1,,0.8180255889892578
toda mi empatía con los padres buscadores,seguridad,5,,0.37343135476112366
plan para que el país mejore plan para el mundial solamente,seguridad,2,,0.42198556661605835
reclámale a tu gobernador,seguridad,3,,0.3887544870376587
no sabía que contábamos con tantos elementos de defensa aérea en el país además por qué mencionan medidas y entrenamiento contra terrorismo,seguridad,1,,0.8392809629440308
va a ser un caos total,seguridad,1,,0.7822678089141846
ah bueno los mexicanos valemos madre,seguridad,5,,0.4404352009296417
con quién nos comunicamos para apoyar con la impresión y el pegado de fichas,seguridad,3,,0.4063650071620941
todo sea por el futbol y a la población que se la lleve el cuerno,seguridad,3,,0.4293507933616638
méxico es un estado fallido,seguridad,1,,0.9501904249191284
por que no implementan un plan para todo mexico,seguridad,1,,0.829887330532074
no queremos mundial,seguridad,1,,0.9701711535453796
carolom lo ideal sería boicotear el mundial y no acudir al estadio no consumir de las marcas patrocinadoras pero seguiré soñando porque en mi méxico mágico eso jamás sucedería,seguridad,1,,0.5900530815124512
entonces para el gobierno es prioridad la seguridad de 5 5 millones de turistas por 1 mes que la de 134 millones de mexicanos todo el año,seguridad,2,,0.40642422437667847
eso significa que si pueden implementar seguridad solo que no les interesa proteger a los mexicanos,seguridad,1,,0.6947595477104187
esto ya es demasiado grave par nuestro país,seguridad,2,,0.5770860910415649
nosotros como mexicanos debemos cancelar dicho mundial ya que el dinero recaudado no es para el país es para el gobierno dos quien nos asegura que no va ver atentados en los estadios hoteles avenidas principales mejor cancelarlo,seguridad,1,,0.9335137009620667
eso no le importa al gobierno tristemente me entristece muchisimo,seguridad,1,,0.7863466739654541
bravo por esa gente,seguridad,5,,0.8700376152992249
se aplaude y la pregunta es y porque no hacerlo permanente para cuidarnos a los mexicanos que vivimos aqui,seguridad,2,,0.30141597986221313
yo te apoyo por qué hoy son tus hijos mañana no quiero que sean los míos,seguridad,3,,0.5027093887329102
neta méxico tiene todo para ser primer mundo pero a los del poder se les sube el poder se dejan ganar y les gana el hambre de más poder,seguridad,3,,0.5044293403625488
el plan kukulkán llegó para quedarse o solo será temporal mientras está el mundial,seguridad,3,,0.37898483872413635
solo pensar en méxico da miedo,seguridad,1,,0.9643496870994568
q sean encontrados,seguridad,3,,0.46299049258232117
muy bonito todo pero es obvio que no se cuenta con el personal y mucho menos con el equipo táctico indispensable para garantizar seguridad,seguridad,4,,0.933698296546936
me encanta el futbol y me llena de mucha alegría que los mexas sabemos que aquí lo importante son nuestros desaparecidos la exigencia de seguridad y una vida digna para todos mis compatriotas,seguridad,5,,0.3906193971633911
si de mi dependiera sería únicamente en canadá,seguridad,3,,0.4271552562713623
méxico niega la violencia y desapareciones,seguridad,1,,0.9789618849754333
yo si los apoyo por qué yo no sé que haría si alguien forma parte de mi vida desapareciera noalmundial me entristece,seguridad,2,,0.4080526530742645
que ganas de ser extranjera en mi país,seguridad,1,,0.8407024145126343
exacto,seguridad,3,,0.38042151927948
en culiacán hay soldados en cada esquina y no sirve de nada desviven ahí cerquita de ellos siempre llegan y no agarran a nadie,seguridad,2,,0.44877296686172485
ese es el verdadero mexico,seguridad,3,,0.37958627939224243
es correcto y peña nieto no hubiera aceptado el mundial que desde un inicio de ser aceptado se empiezan con gastos pequeños propaganda y otros gastos pequeños si desde los 43 normalistas que son 43 jóvenes que no dio explicaciones de donde quedaron así como muchos que han desaparecido años antes ningún presidente a puesto una jurisdicción especializada solo para personas desaparecidas que desde 1980 a estado pasando esto,seguridad,3,,0.41486504673957825
cuanto dura el mundial para saber cuánto tiempo podré vivir sin tanto miedo a no volver a casa,seguridad,1,,0.6068877577781677
por qué no hicieron esto cuando carlos manzo pidió ayuda,seguridad,1,,0.7122606635093689
no mms es un chiste el gobierno mexicano me da risa,seguridad,1,,0.9649882316589355
si si aún que estamos ya entrando a la fiebre mundialista no hay que olvidar la realidad de nuestro país que tenemos cientos de desaparecido y no hay que ser indiferentes porque no sabes cuando alguien puede estar en esos zapatos de papas buscando a sus hijos,seguridad,1,,0.751776933670044
osea tiene equipamiento y no lo usan en contra del narcotráfico,seguridad,1,,0.9433161020278931
por los gobiernos no les interesa alas personas,seguridad,1,,0.7019565105438232
pero les apuesto que muchos vieron la final verán su mundial así quie hoy no joven gracias,seguridad,3,,0.461890310049057
solo por el mundial jajajaa y el resto del año nada me entristece,seguridad,2,,0.4679579734802246
excelente,seguridad,5,,0.9732893705368042
que miedos ir a méxico ya no iré al mundial,seguridad,1,,0.9663147330284119
no queremos mundial,seguridad,1,,0.9701711535453796
y porque no aplican eso a diario me da risa,seguridad,2,,0.5062616467475891
solo lo van a hacer por el mundial y turistas porque no hacen esto todos los días,seguridad,1,,0.47964826226234436
y no podría ser todos los días para protegernos no sé se me ocurre,seguridad,2,,0.55852872133255
cancelen el mundial,seguridad,1,,0.9171253442764282
y como van a vigilar el metro recuerdan todos los piquetes que hubo meses antes,seguridad,2,,0.5200740098953247
cuál mundial si son como 10 pedorros partidos,seguridad,3,,0.3862423598766327
deberían apoyar más a las marchas y no ir al mundial o comprar boletos,seguridad,2,,0.6189196705818176
si no ubiera mundial no hacen eso,seguridad,1,,0.913590669631958
listo para la inaguración junto a mi familia me gusta mucho,seguridad,4,,0.5644561052322388
de seguro los otros países están muy protegidos no tiene problemas,seguridad,4,,0.3241852819919586
todos dicen lo que pasó en méx pero eu está en una guerra jajajaj la vida diplomática es un chiste,seguridad,1,,0.8817813992500305
solo por el mundial ya después vuelve lo normal inseguridad robo y lo mismo de siempre me da risa mucho,seguridad,1,,0.9276720285415649
soy de españa y se me encoje el corazon con vosotros no visito mexico por estas cosas no me trae seguridad pero mira que si e un sitio muy prometedor ojala os ayude alguien aunque sea trump ya que claudia me entristece,seguridad,1,,0.47710272669792175
y por que asta orita salen aser eso,seguridad,3,,0.4934527575969696
tanta seguridad para extranjeros y para los mexicanos nada,seguridad,1,,0.7165104150772095
no sé si todas las personas sepan lo que es perder un hijo yo no pero si me llegará a pasar sé que estaría con ellos buscando hasta en las coladeras desiertos etc y no me gustaría pasar ningún nadie pasara por eso talvez no puedo apoyar directamente a toda esta gente buscadora pero no podemos ser indiferentes así como sienten la unión en el mundial diciéndonos hermanos así deberíamos apoyar está ocasión amo el fut pero es primero nuestro país y nuestra gente,seguridad,1,,0.6216843724250793
me dolió tanto ver este reportaje,seguridad,2,,0.3689303398132324
cómo podemos registrarnos como turistas aunque seamos locales nos urge sentirnos seguros,seguridad,3,,0.3198746144771576
ósea que mexico mágico si puede tener seguridad pero no quiere su gobierno,seguridad,1,,0.8326978087425232
por qué siguen insistiendo con el mundial,seguridad,1,,0.37183666229248047
se imaginan q hicieran esas grandes estrategias en michoacan sinaloa bueno en todo mexico o sin necesidad de la inauguración del mundial la verdad mexico sería otra historia,seguridad,1,,0.4442009925842285
méxico narco,seguridad,1,,0.9120900630950928
y por qué no hacen eso siempre y no solo para el mundial en lugar de gastar nuestros impuestos en croquetas del bienestar,seguridad,1,,0.7939055562019348
todo para aparentar que este es un país seguro,seguridad,3,,0.4237990975379944
pero nadie va a decir no al dinero que va a llegar al pais,seguridad,1,,0.7594480514526367
que tal si mandan hacer camisetas del mundial con la foto del desaparecido y al reverso méxico no busca acuden al estadio tanto dentro como fuera haciendo haci una protesta,seguridad,1,,0.9150874018669128
una manifestación en todo el país el día del mundial,seguridad,1,,0.8747267723083496
ejemplo de fortaleza todas esas familias,seguridad,5,,0.3673422634601593
katt difusión difusión difusión difusión difusión difusión difusión difusión difusión difusión difusión difusión difusión difusión difusión difusión difusión difusión difusión difusión difusión difusión difusión difusión difusión difusión difusión difusión difusión difusión difusión difusión difusión difusión difusión difusión difusión difusión difusión difusión difusión difusión difusión difusión difusión difusión difusión difusión difusión difusión difusión difusión difusión difusión difusión difusión difusión difusión difusión difusión difusión difusión difusión difusión difusión difusión difusión difusión difusión difusión difusión difusión difusión difusión difusión difusión difusión difusión difusión difusión difusión difusión difusión difusión difusión difusión difusión difusión difusión difusión difusión difusión difusión difusión difusión difusión difusión difusión difusión difusión difusión difusión difusión difusión difusión difusión difusión difusión difusión difusión difusión difusión difusión difusión difusión difusión difusión difusión difusión difusión difusión difusión difusión difusión difusión difusión difusión difusión difusión difusión difusión difusión difusión difusión difusión difusión difusión difusión difusión difusión difusión difusión difusión difusión difusión difusión difusión difusiónj difusión difusión,seguridad,3,,0.3527428209781647
somos la voz de nuestros desaparecidos,seguridad,1,,0.8461174368858337
mientras la presidente recibe artistas y hace conciertos defiende a los políticos señalados por usa defiende a los hijos del ex presidente amlo a las madres y padres buscadores no los reciben y no atienden el problema me enoja mucho,seguridad,1,,0.7142603993415833
que todos esos desaparecidos sean encontrados me gusta,seguridad,1,,0.33049583435058594
ahí dios deberás hay que ser empaticos me entristece,seguridad,1,,0.4938313961029053
a quien le gustaría a un mundial al cuál no podrá ir un hijo un hermano o me gusta,seguridad,3,,0.45303383469581604
el futbol es de lo mejor desde siempre la fifa la peor basura al menos estos tiempos,seguridad,1,,0.8972283601760864
no dejen de luchar queremos regresos no mundiales,seguridad,1,,0.8717365264892578
ni loko iria a méxico,seguridad,1,,0.39556464552879333
justicia dios los ayude justicia justicia,seguridad,3,,0.383102685213089
yo soy madre y se me duele ver a los familiares de chicos desaparecidos ésa angustia y dolor permanente las mamás que ya buscan a sus hijos en las fosas clandestinas con la esperanza de encontrar a sus hijos nadie conoce ése sufrimiento más que la madre o familiares lo están viviendo,seguridad,1,,0.8912626504898071
aaa pero los q vivimos pagamos impuestos y sus salarios,seguridad,3,,0.4779040515422821
me da risa ifusión difusión difusión difusión difusión difusión difusión difusión difusión difusión difusión difusión difusión difusión difusión difusión difusión difusión difusión difusión difusión difusión difusión difusión difusión difusión difusión difusión difusión difusión difusión difusión difusión difusión difusión difusión difusión difusión difusión difusión difusión difusión difusión difusión difusión difusión difusión difusión difusión difusión difusión difusión difusión difusión difusión difusión difusión difusión difusión difusión difusión difusión difusión difusión difusión difusión difusión difusión difusión difusión difusión difusión difusión difusión difusión difusión difusión difusión difusión difusión difusión difusión difusión difusión difusión difusión difusión difusión difusión difusión difusión difusión difusión difusión difusión difusión difusión difusión difusión difusión difusión difusión difusión difusión difusión difusión difusión difusión difusión difusión difusión difusión difusión difusión difusión difusión difusión difusión difusión difusión difusión difusión difusión difusión difusión difusión difusión difusión difusión difusión difusión difusión difusión difusión difusión difusión difusión difusión difusión difusión difusión difusión difusión difusión difusión difusión difusión difusiónj difusión difusión,seguridad,1,,0.4796227216720581
quien en su sano juicio iría a méxico solo por el mundial,seguridad,1,,0.5884543061256409
lo gestionó la administración de calderón o peña,seguridad,4,,0.36225828528404236
me da risa entonces gastarán más que lo que ingresara,seguridad,2,,0.582430899143219
señores entiendan el narcotrafico esta en el congreso por eso no lo hacen,seguridad,1,,0.9355331063270569
kukul que,seguridad,3,,0.5311867594718933
messi y cristina llegando a méxico,seguridad,3,,0.5737565159797668
in dia de mundial por años de desaparesidos mamas con el dolor de no saber de sus hijos mi mexico duele,seguridad,1,,0.7404425144195557
voten bien la próxima,seguridad,5,,0.30780288577079773
con lo que gastan de impresiones todos los días junten para tener suficientes para tapizar el mero día del mundial,seguridad,2,,0.6067416071891785
las madres buscadoras requieren todo el apoyo,seguridad,2,,0.43299993872642517
ni uno más porque si nos falta uno nos faltan todos,seguridad,3,,0.4604881703853607
méxico no quiere mundial méxico quiere seguridad,seguridad,1,,0.964480996131897
están en contra del olvido de nuestros desaparecidos recuerda que el gobierno es el culpable de que el sistema este corrompido,seguridad,1,,0.959735095500946
me da risa ni regalado voy para méxico quiero ver el mundial no andar esquivando balas me da risa mucho,seguridad,1,,0.42922067642211914
una manifestación mega grande el día del mundial que el mundo se entere en carne propia lo que se vive día a día en méxico,seguridad,1,,0.8306965231895447
not0da la culpa la tiene el gobierno también es la educación dela casa la libertad ke les dan alos hijos casi no pasa eso hoy en día,seguridad,1,,0.8620408177375793
mientras tanto,seguridad,3,,0.4955064356327057
estan queriendo desir que si se puede garantisar seguridad pero solo cuando le conviene al gobierno,seguridad,1,,0.6275476813316345
interactuando,seguridad,4,,0.44236844778060913
que se cancelé el mundial no lo queremos,seguridad,1,,0.9278191924095154
jajajja vaya manera de decir si podemos hacer las cosas bien y mejorar el país pero no queremos,seguridad,1,,0.41699036955833435
cuanto dolor dios mio cuanto sufrimiento,seguridad,1,,0.5496309995651245
ya ven que el estado si tiene con que cuando se lo mandan,seguridad,3,,0.4227696359157562
no queremos mundial queremos seguridad,seguridad,1,,0.9833844900131226
pero si en méxico te asalta hasta la policía,seguridad,3,,0.32857227325439453
el plan yo calmo a mis criminales no pasa nada solo doy la orden,seguridad,1,,0.8887036442756653
que cosas,seguridad,3,,0.4630991816520691
no sería más fácil hacer los juegos en otro pais,seguridad,2,,0.5897670984268188
no queremos mundial queremos seguridad en todo méxico medicinas en los hospitales ya vasta que estén derrochando el poco dinero que hay me enoja muchisimo,seguridad,1,,0.978976309299469
creo que está quedando claro que los mexicanos no queremos mundial queremos vivir seguros,seguridad,1,,0.8192604184150696
así deberían de asegurar la seguridad de los ciudadanos para siempre no nada más cuando hay mundial,seguridad,1,,0.5923474431037903
no enserio que pena,seguridad,3,,0.4071488380432129
dios los bendiga,seguridad,3,,0.5230304598808289
mucha gente invierte en el mundial de que es difícil pero entonces debieron interponer todas las medidas para que no se celebrara en méxico suena crudo,seguridad,2,,0.42006319761276245
al chile méxico no merece nada,seguridad,1,,0.8990747928619385
mexicanos hay que tumbar el mundial,seguridad,1,,0.7858626842498779
con todo lo qué pasa en el país de verdad necesitamos un mundial yo no lo creo,seguridad,1,,0.622438371181488
no nos cuidan a los mexicanos van a andar cuidando extrangeros,seguridad,1,,0.877564013004303
de hecho el futbol es un ente muy aparte a la politica los gobiernos no pagsn a los jugadores etc,seguridad,1,,0.4369320273399353
ojalá así nos protegieran a nosotros los mexicanos,seguridad,3,,0.4498714506626129
yo no entiendo como no son empaticos ósea soy madre y perder un hijo no tiene nombre y se que no puedo dimensionar lo que sienten pero si puedo hacer algo y si el gobierno tiene recursos es incongruente que para unas cosas si puede gastar y otras no,seguridad,1,,0.7445433139801025
y ya que se acabe el mundial volvemos a los asesinatos y desapariciones,seguridad,1,,0.7836817502975464
buenos para proteger a extranjeros y no para proteger a su gente,seguridad,2,,0.4326905608177185
no queremos mundial queremos seguridad,seguridad,1,,0.9833844900131226
deberían de acudir al cuadro del centro histórico justo donde están pintando y remodelando y alli pedirle permiso a cada locatario para poner una pequeña lona en el exterior,seguridad,2,,0.5220961570739746
cuando tendremos un buen gobierno cada vez lo veo más imposible me entristece,seguridad,2,,0.5276012420654297
y parece que nadie conoce a los secuestradores solo es cuestión de investigación sería,seguridad,1,,0.7585444450378418
me estás diciendo que mexico si puede implementar medidas de seguridad pero no para los mexicanos,seguridad,1,,0.5490849018096924
ven que si tienen con que detener el narco pero no lo hacen,seguridad,1,,0.5554530024528503
es de terror lo que vivimos en méxico,seguridad,1,,0.976360559463501
debe ser una pesadilla vivir en mexico y un holocausto caminar en ella,seguridad,1,,0.9762992262840271
claudia se convirtió en calderón,seguridad,3,,0.5400751829147339
que triste la verdad y mas triste a un que le valga un cacahuate a la presidenta,seguridad,1,,0.7473541498184204
esa seguridad debe de ser permanente acaso vale mas la vida de extranjeros que los mexicanos,seguridad,2,,0.48121845722198486
justiciaaaaaaaaa,seguridad,2,,0.49547436833381653
ojalá en verdad cancelen el mundial,seguridad,1,,0.8864761590957642
bien hecho yo soy aficionado al fútbol pero antes que eso soy papá de tres y no quisiera pensar que algo les pasara sigan adelante apoyo total,seguridad,4,,0.7991378903388977
no queremos mundial queremos que busquen a nuestros desaparecidos,seguridad,1,,0.9798902273178101
a méxico le iban a quitar ser sede y a eeuu porque no si se metió en un lío con irán y a él no,seguridad,2,,0.4485367238521576
saben qué da mucha vergüenza que hay personas que prefieren que su equipo gane a que encuentren a los desaparecidos,seguridad,1,,0.9331037402153015
ahora resulta que si se puede cuidar las ciudades,seguridad,3,,0.4616607129573822
lo bueno es que méxico está en paz si no para que meter tanta seguridad,seguridad,3,,0.33242952823638916
y los mexicanos desapareciendo cada día,seguridad,2,,0.4699118137359619
que dejen ese plan para el resto del sexenio qué les cuesta,seguridad,2,,0.517327606678009
ojalá suspendan ese mundial,seguridad,1,,0.827708899974823
está es la propaganda que la fifa necesita para revivir el mundial,seguridad,1,,0.916793167591095
me encanta el mundial será un evento que disfrutaré mucho tienen mucha razón ojalá el país fuera diferente,seguridad,5,,0.8757544755935669
porque será que nos les creo si la policía es más corrupta que el gobierno,seguridad,1,,0.7488173842430115
el gobierno haciendo esto en mundial pero no lo hace a diario por que por que el gobierno esta al mando del narco,seguridad,1,,0.5673856735229492
proteger turistas x la derrama económica por unos dias y todos los ciudadanos que pagamos impuestos hasta x respirar no lo merecemos total burla para los mexicanos por mi que se cancele,seguridad,1,,0.9716710448265076
muy cierto,seguridad,3,,0.58219975233078
que triste pero es la realidad que vivimos,seguridad,3,,0.34304264187812805
dios les de mucha más fuerza amor y valor para seguir algo que todo el gobierno carece vamos mexicanos apoyemos a la gente que si lo merece y no a un partido político que no merece que ninguna persona lo defienda,seguridad,1,,0.6942463517189026
no hay nada que celebrar que el mundo entero conozca lo que se vive aquí en méxico día con día el miedo a salir y no regresar,seguridad,1,,0.9588322639465332
para defender a los extranjeros y a los mexicanos cuando me da risa,seguridad,1,,0.3228479325771332
méxico mundial,seguridad,5,,0.4545205235481262
y están gastando en campañas,seguridad,2,,0.6522970199584961
y porque no hacen eso para sus ciudadanos,seguridad,1,,0.7149713635444641
que dolor caray,seguridad,2,,0.47004714608192444
i porque no asen eso por su propia jente,seguridad,1,,0.6823204159736633
jordy q el mundial no trae ningún beneficio al país anfitrión solo hay que investigar el desastre que ocurrió en cada país anfitrión del mundial,seguridad,1,,0.9407349824905396
como entonces si tienen la capacidad para desplazar un gran plan de seguridad para cuidar a los que son parte del mundial pero en diferentes estados no pueden erradicar la delincuencia que raro,seguridad,1,,0.655569314956665
que no se haga en mexico,seguridad,1,,0.8424439430236816
we que se cancele,seguridad,1,,0.671251654624939
nuestros desaparecidos muchos jugaban futbol,seguridad,1,,0.6791713237762451
son heroes que dios este con ellos y encuentren a sus seres amados,seguridad,5,,0.7409622073173523
por que no usan esa tecnología y elementos contra el crimen organizado que verguenza que el futbol tenga más importancia que la seguridad nacional,seguridad,1,,0.9617165327072144
y porque no protegen de esa misma forma a los mexicanos este gobierno es lo peor me enoja mucho,seguridad,1,,0.9118182063102722
para los turistas si hay seguridad y para nosotros los ciudadanos que,seguridad,3,,0.45829179883003235
totalmente de acuerdo por favor que nuestro próximo voto sea muy bien pensado,seguridad,3,,0.3886995017528534
o sea lo único que dan a entender es que méxico si tiene capacidad y de sobra en materia de seguridad pero solo para el mundial que interesante,seguridad,4,,0.43889376521110535
el detalle es que ls visitantes saben como los narcos están en la policia así que no es muy seguro,seguridad,2,,0.3906234800815582
por mucho que ame el fútbol la seguridad de las personas es importante el mundial no es importante cuando hay una crisis así en el país difundan el vídeo para que llegue a mas personas,seguridad,1,,0.48499470949172974
nada les embona que si hay seguridad que si es demasiada seguridad,seguridad,4,,0.3652102053165436
méxico está en guerra no tienen que hacer partidos ahí,seguridad,1,,0.9183458089828491
esto del mundial terminará muy mal,seguridad,1,,0.7394952774047852
dios bendiga a todas las personas que siguen buscando a sus hijos e hijas de todo corazón esperamos que puedan encontrar a sus jóvenes millones estamos con ustedes si podemos apoyar con algo cuentan con nosotros,seguridad,1,,0.35879331827163696
ojalá cancelen la sede,seguridad,1,,0.7212446928024292
allá no voy a ir nunca,seguridad,1,,0.9063724875450134
los mexicanos también tenemos miedo de salir en méxico,seguridad,1,,0.9380607008934021
era fuerza aerea o pobreza aerea,seguridad,1,,0.45297592878341675
le recomiendo no ir por su bien el narc se va a cobrar vid me entristece mucho,seguridad,1,,0.5282397866249084
el gobierno viendo como están llenas las calles de desaparecidos,seguridad,1,,0.8982190489768982
osea que si se puede hacer el gobierno y sus mentiras nada nuevo,seguridad,1,,0.8650609850883484
no sé preocupen el mundial será mayormente en eeuu,seguridad,1,,0.7838648557662964
cuidan a todos menos a los mexicanos me da risa vaya cosa,seguridad,2,,0.47439175844192505
será el plan kukusklan me da risa muchisimo,seguridad,3,,0.5940232872962952
justicia y apoyo para todas las familias que tienen un familiar desaparecido me entristece,seguridad,1,,0.8679490089416504
kukulkán me da risa,seguridad,2,,0.4345061182975769
si el gobierno mexicano le diera importancia a las personas que dia a día desaparecen como al mundial nadie se quejaria pero lastimosamente no hacen nada,seguridad,1,,0.9037914276123047
bloqueen todos los partidos ya basta de esta injusticia me enoja,seguridad,1,,0.9677082300186157
debería haber seguridad siempre,seguridad,2,,0.3895114064216614
hay más personas desaparecidas que los habitantes de una ciudad del interior de panamá me entristece,seguridad,1,,0.5197238922119141
con esto demuestran que siempre han podido protegernos pero han decidido no hacerlo bendita 4t,seguridad,3,,0.3666922450065613
prefiero sentirme segura en mi país que un mundial o cualquier otra cosa 100,seguridad,2,,0.41939446330070496
si hay miedo en sus habitantes imagínate en habitantes de otros países,seguridad,1,,0.8935673832893372
y si el gobierno tiene esa capacidad de protección y defensa porque no aplica de manera permanente,seguridad,1,,0.5745651721954346
sólo para el mundial hee ya pasando regresa la realidad del país,seguridad,2,,0.4416746497154236
tengan en cuenta que cubrirán un lado pero otros quedarán desprotegidos y ahí se harán los madres por qué todo esto que dicen solo es en las sedes,seguridad,2,,0.44413092732429504
en lugar del mundial ayuden a esas familias,seguridad,2,,0.47876521944999695
para eso si hay ejército marina gn pero aquí en sinaloa qué siga la violencia me gusta,seguridad,3,,0.3470853865146637
ay que me gusta saber que si hay seguridad,seguridad,3,,0.5652820467948914
tony osea están reconociendo que si pueden dar seguridad a méxico pero han escogido en no hacerlo todo este tiempo este régimen es una burla,seguridad,1,,0.9224922060966492
no queremos mundial queremos de regreso a nuestros desaparecid s,seguridad,1,,0.9643886089324951
cuándo sale el plan de seguridad que protege a los mexicanos,seguridad,1,,0.5028732419013977
el gobierno,seguridad,1,,0.3672625720500946
yo amo el futbol pero que muy bueno el gobierno solo actua por los extranjeros cuando hay lugares que del diario sufren de violencia miedo y aveces no hay manera de sobrevivir,seguridad,1,,0.5283573865890503
ojalá y se cancele que no vengan los equipos de fútbol a méxico,seguridad,1,,0.8859474062919617
huelgas en los estadios sedes de mundial,seguridad,1,,0.8661254644393921
y si cooperamos para que impriman más,seguridad,3,,0.5766319632530212
así hubieran protegido al presidente municipal de uruapan el señor carlos manzo,seguridad,1,,0.38955262303352356
este gobierno es una real verguenza me da risa mucho,seguridad,1,,0.987671971321106
y después de que se acabe el mundial a la normalidad de nuevo este operativo debería ser 24 7 los 365 y aplicarlo como nuevo decreto presidencial,seguridad,1,,0.40975022315979004
pues el mundial es cada 4 años desapareciones todos los días me da risa me da risa,seguridad,2,,0.43285486102104187
porque la fifa no le hace lo mismo a eeuu así como le hizo contra rusia cuando empezaron la guerra,seguridad,1,,0.6259848475456238
entonces si pueden proteger al país pero solo cuando les conviene,seguridad,2,,0.4502304792404175
ya que tengamos gente hacen el mundial,seguridad,5,,0.5041363835334778
y por que no usan esa fuerza para contrarrestar a quienes atentan contra los propios mexicanos,seguridad,1,,0.9216935038566589
ósea que si se puede realizar un plan de protección a los ciudadanos,seguridad,1,,0.5281603932380676
excelente,seguridad,5,,0.9732893705368042
vergüenza de gobierno tenemos,seguridad,1,,0.9788718819618225
los gobiernos quieren silenciar la molestia de la gente en tantos sectores que ya no saben que hacer y piensan que es puro boot,seguridad,1,,0.9445707201957703
oyeron bien tiene como objetivo proteger a los turistas,seguridad,5,,0.5075697898864746
qué dolor me entristece mucho,seguridad,2,,0.6047278642654419
y si boycoteamos el fútbol,seguridad,1,,0.4437597990036011
kukulkan me suena conocido,seguridad,3,,0.5003897547721863
es una realidad que en méxico se vive un tema de inseguridad muy severo pero mayormente estos movimientos no digo que todo esté financiado por partidos políticos,seguridad,1,,0.9450257420539856
no cuidan a los mexicanos que les espera a los turistas tstsss,seguridad,1,,0.8389137387275696
ojalá el mundial durara por siempre,seguridad,3,,0.5428686738014221
ojala encuentren a sus familiares,seguridad,3,,0.531247615814209
muy muy bueno su plan para cuidar a extranjeros cuál es el plan para cuidar mexicanos,seguridad,5,,0.8764693140983582
entonces me están diciendo que si podemos tener un país seguro simplemente no nos daba la gana,seguridad,2,,0.4868839383125305
que triste que les importen más los turistas que su propia gente,seguridad,2,,0.5065188407897949
bien dicho,seguridad,5,,0.5399504899978638
nada que ver cada quien tiene su historia y lo que hoy desprecian tal vez es el salvavidas para otra persona que también está sufriendo,seguridad,1,,0.9245661497116089
amén muchas bendiciones y mi apoyo con ustedes justicia,seguridad,1,,0.6708409190177917
asi deberia de ser todo el año en vez de solo por el mundial dirán que eso requerira mucho dinero pero por eso se pagan impuestos y por eso le subio los impuestos a ciertas cosas,seguridad,3,,0.38106971979141235
y a usa no le van a decir nada,seguridad,2,,0.5204583406448364
que fuerte bendiciones de todo corazón,seguridad,2,,0.5233875513076782
apoyo total y visibilidad a esta problemática,seguridad,1,,0.4936377704143524
una vez acabé el mundial el super plan se va,seguridad,5,,0.3644436001777649
y la seguridad de los cuidados mexicanos,seguridad,2,,0.3527413308620453
me entristece,seguridad,2,,0.6173174977302551
no al mundial,seguridad,1,,0.9196574687957764
así es fuera el mundial,seguridad,3,,0.45117196440696716
una vergüenza que el estado solo invierta en seguridad cuando necesitan aparentar pero a su propia gente deja que la desaparezcan y la maten como si nada,seguridad,1,,0.9626613855361938
si se hacen manifestaciones el día de los partidos yo creo que muchos jaliscienses los apoyamos,seguridad,1,,0.5606984496116638
botón para que cancelen el mundial méxico no lo merece,seguridad,1,,0.9006601572036743
todo el país debe manifestarse,seguridad,1,,0.8880833387374878
todo eso nos costará mucho dinero,seguridad,3,,0.4786967933177948
y plan para proteger a los turistas pero no a los mexicanos me da risa mucho,seguridad,2,,0.4017181694507599
que triste es verdad da prioridad al mundial y lo que me imagino es que después del mundial preparan nueva pandemia,seguridad,1,,0.7208704352378845
puedes tener el mejor plan pero si los elementos son c0rrup70s va estar denso,seguridad,4,,0.45708248019218445
esté dispositivo de seguridad debería ser siempre,seguridad,2,,0.42722368240356445
va a ser el peor mundial q se realice,seguridad,1,,0.9189448952674866
que le hacen a la mamada esto no es ni mundial,seguridad,1,,0.701088547706604
great podré viajar a méxico,seguridad,3,,0.33566051721572876
oigan pero es sus fotos muy santitos no se ven,seguridad,2,,0.4228366017341614
ojala nadie vaya es muy peligroso,seguridad,1,,0.9282011985778809
nomas por un mundial suena como perú con los árboles me da risa me entristece,seguridad,2,,0.43543508648872375
en el estadio gritar fuera claudia,seguridad,2,,0.3719552159309387
duermete,seguridad,2,,0.4351279139518738
total apoyo me gusta,seguridad,5,,0.7622728943824768
esperemos que si se cancele el mundial,seguridad,1,,0.7384626865386963
gente y quien protejera a los mexicanos del narcomorena piencen los extranjeros estaran protegidos los mexicanos y mexicanas no,seguridad,1,,0.906122088432312
y porque no dejan ese plan permanente para combatir a los narcos,seguridad,1,,0.7384054660797119
ahora si despliegan seguridad por partidos de fútbol cuando esté plan debió y debe estar siempre activo para nosotros los mexicanos,seguridad,2,,0.35031622648239136
menos ganas me dieron de ir a méxico la neta,seguridad,2,,0.5684650540351868
eso deberían de hacer todo el año y en todo méxico no nomas en esos eventos,seguridad,2,,0.510877788066864
ojalá algún día logren encontrar a sus familiares pero con todo respeto empezó mal tu vídeo pues todos tenemos derecho de vivir y divertirnos y la vida sigue no xq algunos la estemos pasando mal el país se tiene q paralizar dios los ayude y su familiar regrese me gusta,seguridad,1,,0.5031583309173584
no hay peor ciego que el que no quiere ver si pueden dar seguridad pero no quieren me enoja,seguridad,2,,0.4186045825481415
sea como sea esos narcos van a acabar con los turista y dañará el mundia en esa parte acuérdense de mi,seguridad,1,,0.4505161941051483
hagan un go found me o algo para aportar a sus impresiones,seguridad,3,,0.5028195977210999
pero si peña nieto fue el que trajo el mundial a méxico,seguridad,4,,0.4899802505970001
todos tienen fintas licenciados,seguridad,3,,0.4886794686317444
no vaya a ser que desaparecen 20 alumnos de 19 años porque ahi si ni voltean a ver,seguridad,2,,0.41518405079841614
y porque no hacen eso siempre,seguridad,1,,0.5269483923912048
no al mundial,seguridad,1,,0.9196575880050659
claudia chimbaun viendo el video,seguridad,3,,0.4835691750049591
que tristeza que tengan que arreglar la violencia por el mundial y no por el bien de los mexicanos,seguridad,1,,0.9165129065513611
beatrice manguito me da risa ifusión difusión difusión difusión difusión difusión difusión difusión difusión difusión difusión difusión difusión difusión difusión difusión difusión difusión difusión difusión difusión difusión difusión difusión difusión difusión difusión difusión difusión difusión difusión difusión difusión difusión difusión difusión difusión difusión difusión difusión difusión difusión difusión difusión difusión difusión difusión difusión difusión difusión difusión difusión difusión difusión difusión difusión difusión difusión difusión difusión difusión difusión difusión difusión difusión difusión difusión difusión difusión difusión difusión difusión difusión difusión difusión difusión difusión difusión difusión difusión difusión difusión difusión difusión difusión difusión difusión difusión difusión difusión difusión difusión difusión difusión difusión difusión difusión difusión difusión difusión difusión difusión difusión difusión difusión difusión difusión difusión difusión difusión difusión difusión difusión difusión difusión difusión difusión difusión difusión difusión difusión difusión difusión difusión difusión difusión difusión difusión difusión difusión difusión difusión difusión difusión difusión difusión difusión difusión difusión difusión difusión difusión difusión difusión difusión difusión difusión difusiónj difusión difusión,seguridad,1,,0.7978631854057312
que bueno por lo que estan haciendo muestren la realidad que vivimos dios los ayude tanto en lo económico como lo espiritual porque es horrible no saber donde esta tu hijo e o hija me da risa me gusta mucho,seguridad,3,,0.3859425485134125
no queremos mundial queremos seguridad,seguridad,1,,0.9833844900131226
digan no al mundial en méxico no es seguro,seguridad,1,,0.7779539227485657
heeeey turistas no crean todo esto ni aviones tenemos me da risa mucho,seguridad,1,,0.45540931820869446
y por qué no han querido hacer eso desde el sexenio pasado en todo el país para proteger a todos los mexicanos una vez más demuestran que no les importamos harán todo esto porque les urge tener al mundial,seguridad,1,,0.741748034954071
interactuando por empatía espero logren algún día encontrar paz,seguridad,3,,0.34565645456314087
consejo de un mexicano si tienes la oportunidad de venir al mundial por favor desaprovecha lo no es nada seguro,seguridad,1,,0.8021037578582764
eso no tiene nada que ver con el mundial,seguridad,2,,0.45722776651382446
que vergüenza mi méxico,seguridad,1,,0.9744160175323486
ósea que a nuestro gobierno le importan más los gringos y la gente extranjera que su propia gente nacida en méxico chaleee,seguridad,1,,0.7837550044059753
que horror me duele mis hermanos hispanos como los políticos los abandonan por un sueldo y vivir como millonarios,seguridad,1,,0.8538897037506104
fifa debería de sacar a méxico del mundial,seguridad,1,,0.6882768273353577
me gusta mucho el fut pero dada las circunstancias ni me emociona nada el mundial prefiero otro méxico que un mundial,seguridad,4,,0.8691425919532776
justicia para todos los desaparecidos es muy grave lo que están viviendo,seguridad,1,,0.9430354833602905
interactuando me entristece,seguridad,2,,0.6101726293563843
y sin el mundial no lo van a hacer o qué,seguridad,1,,0.5387250185012817
ojo turistas tienen 15 días antes del mundial para entrar y 15 días después del mundial para salir después el gobierno no es responsable de lo que les pase,seguridad,1,,0.5483962297439575
igual que en todos los países que pena,seguridad,1,,0.5151740908622742
osea si hay tecnología y dinero para cuidar a extranjeros pero para proteger en méxico a los mexicanos nadota,seguridad,1,,0.7039921283721924
presidente pon tu denuncia,seguridad,1,,0.793378472328186
quieren tapar lo que no se puede ocultar todo lo que pasa a diario,seguridad,2,,0.4763686954975128
por que no usan ese despliegue para pelear contra los narcos,seguridad,1,,0.7710066437721252
por qué tik tok no nos deja hacer repost,seguridad,3,,0.3404003381729126
y así claudia dice que no vean tv azteca más bien no quiere que vean sus errores cómo líder,seguridad,2,,0.39093804359436035
no me gusta el gobierno gasta millones en un torneo que nisiquiera vamos a ganar me da risa,seguridad,1,,0.8730169534683228
es una burla para las y los mexicanos,seguridad,1,,0.8348067998886108
ojalá así fuera la seguridad y compromiso siempre no cabe duda que a este gobierno el pueblo le malo,seguridad,1,,0.8337243795394897
y estados unidos no se lo van a quitar esta en plena guerra,seguridad,1,,0.593778669834137
nadie deberia comprar esos boletos tan caros no lo valen,seguridad,1,,0.8527852296829224
proteger a méxico durante el mundial chale bro está claro que no merecemos ser una sede del mundial,seguridad,1,,0.6854704022407532
con el estado sinaloa ya se demostró que méxico es un país fallido,seguridad,1,,0.7968165278434753
peña nieto trajo el mundial,seguridad,5,,0.4628191888332367
nos traicionó el sistema,seguridad,1,,0.7171714305877686
y cuando nos van a proteger a nosotros,seguridad,3,,0.49570655822753906
y q podrian hacer decir no al mundial y seguir como siempre,seguridad,1,,0.596710741519928
seguridad gobierno solo seguridad esto está de terror ya no vive uno ya no disfruta uno asus hijos ya solo trae uno temor en que si regresará así balla a la esquina nuestros hijos me entristece muchisimo,seguridad,1,,0.9743066430091858
che gobierno hipócrita,seguridad,1,,0.791113018989563
mejor que se use el dinero para buscar a los desaparecidos,seguridad,1,,0.8493073582649231
bien por uds padres y madres valientes dios los cuide y proteja,seguridad,4,,0.5605135560035706
q selo quiten me da risa,seguridad,3,,0.5446967482566833
mexico vs mexico me da risa,seguridad,3,,0.3595863878726959
espero encuentren pronto a sus seres queridos,seguridad,3,,0.471680223941803
interactuando,seguridad,4,,0.44236844778060913
eso tendria que ser siempre no solo por el mundial,seguridad,3,,0.44620493054389954
el turismo también aporta fortalece la economía es obvio que debe ser seguro porque criticamos todo,seguridad,3,,0.33954760432243347
se me hizo un nudo en la garganta un abrazo a los familiares desde venezuela me gusta,seguridad,3,,0.36678385734558105
solo para el mundial después seguirá la carnicería,seguridad,2,,0.46441149711608887
y por que no han aplicado ese plan para proteger a los mexicanos,seguridad,1,,0.9005376100540161
lemus preocúpate por el pueblo,seguridad,1,,0.6910253763198853
y si mejor nos protegen a nosotros me da risa,seguridad,2,,0.5492357015609741
interactuando para que se haga viral,seguridad,1,,0.5125178694725037
si se puede cambiar esto es un ejemplo vamos méxico ojalá quedo esa vigilancia permanentemente,seguridad,1,,0.41894492506980896
en méxico no existe la delincuencia y menos la desaparición recuerden que es desaparición voluntaria así como dice su presidenta no nos olvidemos de los que nos faltan,seguridad,1,,0.9737971425056458
con ese plan se dan cuenta que si tienen todos los recursos para la seguridad pero no lo hacen,seguridad,2,,0.49850401282310486
por qué los gobiernos de colombia y mexico se parecen tanto,seguridad,3,,0.4700550436973572
combatir el narco nehhh proteger a weyes pateando un balón tráete a x force y hasta batman,seguridad,1,,0.6503078937530518
bienvenidos a la realidad que kukulkán ni que uds son los verdaderos titi capy del crimen organizado son una cofradía de mafiosos y corruptos,seguridad,1,,0.47159895300865173
proteger a los mexicanos proteger a los turistas,seguridad,1,,0.780232846736908
nada que ver una cosa con la otra,seguridad,2,,0.37684759497642517
boicoteen el mundial,seguridad,1,,0.9411758184432983
es algo stpido que gasten más en un juego que en algo que importe,seguridad,2,,0.46956101059913635
este gobierno es una mierda pura mierda,seguridad,1,,0.9858113527297974
manguito me da risa ifusión difusión difusión difusión difusión difusión difusión difusión difusión difusión difusión difusión difusión difusión difusión difusión difusión difusión difusión difusión difusión difusión difusión difusión difusión difusión difusión difusión difusión difusión difusión difusión difusión difusión difusión difusión difusión difusión difusión difusión difusión difusión difusión difusión difusión difusión difusión difusión difusión difusión difusión difusión difusión difusión difusión difusión difusión difusión difusión difusión difusión difusión difusión difusión difusión difusión difusión difusión difusión difusión difusión difusión difusión difusión difusión difusión difusión difusión difusión difusión difusión difusión difusión difusión difusión difusión difusión difusión difusión difusión difusión difusión difusión difusión difusión difusión difusión difusión difusión difusión difusión difusión difusión difusión difusión difusión difusión difusión difusión difusión difusión difusión difusión difusión difusión difusión difusión difusión difusión difusión difusión difusión difusión difusión difusión difusión difusión difusión difusión difusión difusión difusión difusión difusión difusión difusión difusión difusión difusión difusión difusión difusión difusión difusión difusión difusión difusión difusiónj difusión difusión,seguridad,1,,0.6663094758987427
a pero a los mexicanos que pagamos sus sueldos con nuestros impuestos que nos sigan desapareciendo y desviviendo fuera este gobierno corrupto,seguridad,1,,0.8338328003883362
no soy de méxico pero como que hay más enfoque en el mundial que en su gente,seguridad,3,,0.41588547825813293
pongan a kukulkán pero en todo méxico si pueden hacer eso por qué no por los mexicanos me da risa,seguridad,4,,0.42149582505226135
la fifa deberían de suspender el mundial en méxico,seguridad,1,,0.8372548818588257
too late ya se canceló mi viaje a mx y no pienso volver a pasar por la incertidumbre de si habrá balacera o no,seguridad,1,,0.6299830079078674
no queremos mundial queremos que los desaparecidos regresen a casa,seguridad,1,,0.9725292921066284
y los 130 millón es pa cuando a ya me acorde nosotros no dejamos millones de,seguridad,3,,0.5881736874580383
la verdad para que queremos un mundial si la selección mexicana no va a ganar el mundial,seguridad,1,,0.6345865726470947
que se cancele el mundial en mexico detodosmodos nunca ganamos,seguridad,1,,0.9099856615066528
no vean tv azteca,seguridad,3,,0.36499249935150146
protegenbal turista pero no al pueblo,seguridad,1,,0.4475679099559784
pero ellos no tienen la culpa,seguridad,2,,0.41586676239967346
ojalá y esos operativos se hicieran contra el narco,seguridad,1,,0.7530374526977539
superhipo35 prefiero un méxico sin desaparecidos que un mundial espero que puedan encontrarlos y los familiares tengan paz,seguridad,5,,0.36451637744903564
pero protesten,seguridad,3,,0.3320540189743042
entonces la seguridad es cuestión de voluntad,seguridad,2,,0.4625520408153534
de burla,seguridad,1,,0.5997076630592346
si así nos cuidaran a los mexicanos,seguridad,3,,0.43960750102996826
mientras tanto en los lugares que no vamos a recibir mundial vamos a estar bien desprotegidos,seguridad,1,,0.5823565721511841
me dueles mexico me entristece mucho,seguridad,2,,0.5304110646247864
pues chad no,seguridad,2,,0.4158785343170166
para la seguridad durante la copa del mundo osea que los demás dias de año les vale vrg,seguridad,2,,0.6178556084632874
méxico no merece el mundial de fútbol,seguridad,1,,0.9181471467018127
que tristeza que para los desaparecidos no exista el más mínimo interés por parte del gobierno me entristece,seguridad,1,,0.858174204826355
hablando mucho de méxico y un pais vecino esta en guerra,seguridad,2,,0.3718508780002594
pobres papás,seguridad,2,,0.46330520510673523
que guerreros luchadores dios los bendiga y los proteja encuentren a sus desaparecidos amén,seguridad,1,,0.4304654598236084
estamos con ustedes,seguridad,3,,0.5560183525085449
mis oraciones para mexico y todos los padres que buscan a sus seres queridos,seguridad,3,,0.3667849600315094
creo que como ciudadanos deberíamos demostrar indiferencia ante el mundial no participar en los eventos no gastar en absoluto nada con refente al mundial,seguridad,1,,0.9427317380905151
asta los carteles los van a cuidar verdad narco gobierno,seguridad,1,,0.9362993240356445
yo no veo gente levantando la voz pero si preocupados por los artistas,seguridad,2,,0.36668285727500916
entonces sí tiene el gobierno la capacidad para desplegar un plan estratégico para brindar seguridad a las personas pero sólo lo usarán para el mundial,seguridad,2,,0.4482399821281433
esque el gobierno es parte de los desaparecidos,seguridad,1,,0.8801165223121643
y porque no lo han hecho en contra del narco y se hubieran perdido vidas de la guardia nacional,seguridad,1,,0.8254108428955078
díganle a claudia q es la responsable,seguridad,3,,0.46379053592681885
y si hay coches bombas como ya lo han hecho ahí también sabrán que es un coche bomba o como,seguridad,3,,0.5034114718437195
el plan kukulcán decirle a sus amigos la maña que no hagan desmadre mientras está el mundial,seguridad,3,,0.3456743359565735
súper buena idea este país no es perfecto como lo quiere pintar la presidena,seguridad,1,,0.3540981113910675
no puede ni con los que vivimos en méxico menos con millones de turistas me da risa,seguridad,1,,0.8610456585884094
jajajjajajjajs,seguridad,3,,0.5174654722213745
este wey ya me da risa me da risa muchisimo,seguridad,3,,0.45754435658454895
a los gobiernos no les importa ni el fútbol ni los jugadores solo les importa tener una cortina de humo,seguridad,1,,0.7778804898262024
ni que regalen pasajes estadias comidas traslados y las entradas voy a méxico,seguridad,2,,0.4168733060359955
wow y proteger a méxico siempre se les olvida,seguridad,1,,0.4393669366836548
suena muy bonito ojalá así combatieran a la delincuencia organizada,seguridad,1,,0.5194422006607056
justo acabo de escuchar un episodio de pepe y chema donde dicen que las fiscalías no tienen dinero para hojas para imprimir o tinta para los archivos que necesitan o al menos esa es la excusa que dan,seguridad,1,,0.46429261565208435
que se cancele el mundial,seguridad,1,,0.8255173563957214
plan kukulcán cagarla más,seguridad,3,,0.4316849112510681
interactuemos,seguridad,4,,0.36106663942337036
ósea solo pretegen extranjeros pero a nosotros los mexicanos nooooo,seguridad,1,,0.7644892930984497
podría no haber asientos vacíos en el mundial pero sí hay casas familias que tienen una silla de su comedor vacía y un estadio lleno no significa nada a comparación de eso,seguridad,4,,0.396291047334671
méxico ni estados unidos merecen ser sede,seguridad,3,,0.39858704805374146
osea van a cuidar el mundial en méxico y no a sus ciudadanos x estar los cuerpos policíacos muy ocupados,seguridad,1,,0.7820228934288025
nunca olviden a sus hijos,seguridad,1,,0.3188175559043884
entiendo la rabia a todos nos urge esa seguridad a diario pero el plan ese no es un regalo para los turistas es un requisito legal de la fifa si méxico no cumple nos quitan el evento y perdemos la inversión de nuestros impuestos pasó igual en brasil en rusia y en qatar es logística pura no preferencia,seguridad,1,,0.6916766166687012
es sabido que los gobiernos gastan mucho dinero para promocionar su imagen y logros desgraciadamente las personas desaparecidas no son negocio que es lo que ahorita quieren tener por el mundial,seguridad,1,,0.8617474436759949
la gente que se queja del mundial como si el mundial tuviera la culpa la culpa la tiene el gobierno y aparte casi todo el mundial se jugará en usa y canadá,seguridad,1,,0.7500618696212769
deberian cambiar la sede por inseguridad,seguridad,1,,0.9751582741737366
claudia dice que méxico súper bien,seguridad,5,,0.5503008365631104
cancelen el mundial,seguridad,1,,0.9171254634857178
para que no lo quiten el mundial que burla me da risa mucho,seguridad,1,,0.5359283685684204
dios los bendiga e ilumine su camino,seguridad,3,,0.42857638001441956
en la cara del mexicano se burlan los del gobierno morena,seguridad,1,,0.7851263880729675
que peligro ir a méxico este va a ser el peor mundial de todos,seguridad,1,,0.9580499529838562
están diciéndo que para extranjeros si hay seguridad pero para los mexicanos nuncaaa,seguridad,1,,0.4989203214645386
exacto,seguridad,3,,0.38042151927948
recordar que los desaparecidos también son mexicanos me entristece,seguridad,1,,0.8182189464569092
solo la gente entenderá cuando le pase a un familiar tristemente,seguridad,1,,0.7291529774665833
haber el gobierno no destina ya dinero para la realización del mundial eso lo hace la federación de fútbol y los empresarios dos existen fiscalias especializadas en ese tema,seguridad,1,,0.7637311220169067
y eso porque no lo hicieron con carlos manzo,seguridad,3,,0.42180898785591125
esto debe de ser todos los días no solo por el evento,seguridad,2,,0.39674222469329834
cancelen el mundial en méxico,seguridad,1,,0.8936766982078552
no al mundial me enoja muchisimo,seguridad,1,,0.7324790358543396
no pueden proteger a los mexicanos ahora quieren proteger todo un evento con extranjeros el gobierno solo quiere aparentar un bien que no es,seguridad,1,,0.9523468017578125
quieren proteger a gente de fuera para un mundial pero a su gente no,seguridad,1,,0.5085858106613159
dios mío tantas personas desaparecidas que triste de verdad,seguridad,1,,0.7394582629203796
no queremos mundial queremos justicia,seguridad,1,,0.9877957105636597
buen maquillaje para el espectáculo mientras tanto que continúen los juegos del hambre,seguridad,4,,0.518927276134491
que cancelen el mundial,seguridad,1,,0.8918285369873047
y si hacemos el plan kukulkán permanente y no nada más en el mundial,seguridad,2,,0.48032131791114807
soy peruano y ni así pienso ir,seguridad,3,,0.36820200085639954
esos mundiales funcionan x tantos corruptos y x las personas aficionadas eso ya no ayuda en nada,seguridad,1,,0.9569212198257446
oigan una pregunta en mi tierra también ay desaparecidos pero andan con esa propaganda sirve de algo pregunto,seguridad,1,,0.9080821871757507
pq no ponen los letreros tmb en inglés para q los turistas entiendan q hay mucho mas cosas que cosas culturales en méxico,seguridad,1,,0.4142429530620575
y por que no dejan el plan kukulkan de manera permanente para todos los ciudadanos mexicanos,seguridad,1,,0.6422421336174011
que triste esa seguridad la necesita culiacan guanajuato jalisco y sobretodo las madres buscadores es que méxico esta así porque quiere,seguridad,1,,0.7682421803474426
apoyo para los padres y madres que buscan a sus hij s,seguridad,4,,0.5626586675643921
no al mundial,seguridad,1,,0.9196574687957764
no entendí por que lo sacá si no a se nada los papeles ahí,seguridad,1,,0.5478758215904236
la presidenta ya abrió una carpeta de investigación,seguridad,3,,0.30080124735832214
ya no miren tv azteca,seguridad,1,,0.5386672616004944
necesitamos mundiales las 24 horas de por vida en mexico,seguridad,3,,0.3870267868041992
y los padres en casa qué hacemos por educar a nuestros hijos todo se lo queremos dejar a los gobiernos si nosotros no podemos con uno o dos hijos menos el gobierno no va a poder con millones,seguridad,1,,0.42764145135879517
donde seles puede donar para los recursos que necesiten,seguridad,4,,0.4399898052215576
me estás diciendo que se tiene que hacer todo eso para que se pueda jugar en paz un mundial allí,seguridad,1,,0.38184648752212524
manguito me da risa ifusión difusión difusión difusión difusión difusión difusión difusión difusión difusión difusión difusión difusión difusión difusión difusión difusión difusión difusión difusión difusión difusión difusión difusión difusión difusión difusión difusión difusión difusión difusión difusión difusión difusión difusión difusión difusión difusión difusión difusión difusión difusión difusión difusión difusión difusión difusión difusión difusión difusión difusión difusión difusión difusión difusión difusión difusión difusión difusión difusión difusión difusión difusión difusión difusión difusión difusión difusión difusión difusión difusión difusión difusión difusión difusión difusión difusión difusión difusión difusión difusión difusión difusión difusión difusión difusión difusión difusión difusión difusión difusión difusión difusión difusión difusión difusión difusión difusión difusión difusión difusión difusión difusión difusión difusión difusión difusión difusión difusión difusión difusión difusión difusión difusión difusión difusión difusión difusión difusión difusión difusión difusión difusión difusión difusión difusión difusión difusión difusión difusión difusión difusión difusión difusión difusión difusión difusión difusión difusión difusión difusión difusión difusión difusión difusión difusión difusión difusiónj difusión difusión,seguridad,1,,0.6663094758987427
me da risa ifusión difusión difusión difusión difusión difusión difusión difusión difusión difusión difusión difusión difusión difusión difusión difusión difusión difusión difusión difusión difusión difusión difusión difusión difusión difusión difusión difusión difusión difusión difusión difusión difusión difusión difusión difusión difusión difusión difusión difusión difusión difusión difusión difusión difusión difusión difusión difusión difusión difusión difusión difusión difusión difusión difusión difusión difusión difusión difusión difusión difusión difusión difusión difusión difusión difusión difusión difusión difusión difusión difusión difusión difusión difusión difusión difusión difusión difusión difusión difusión difusión difusión difusión difusión difusión difusión difusión difusión difusión difusión difusión difusión difusión difusión difusión difusión difusión difusión difusión difusión difusión difusión difusión difusión difusión difusión difusión difusión difusión difusión difusión difusión difusión difusión difusión difusión difusión difusión difusión difusión difusión difusión difusión difusión difusión difusión difusión difusión difusión difusión difusión difusión difusión difusión difusión difusión difusión difusión difusión difusión difusión difusión difusión difusión difusión difusión difusión difusiónj difusión difusión,seguridad,1,,0.47962331771850586
realidad tan triste que vivimos,seguridad,1,,0.8030820488929749
prefiero un méxico sin desaparecidos que un mundial espero que puedan encontrarlos y los familiares tengan paz,seguridad,1,,0.8849939703941345
la presidente ya pactó tregua con su socio el narco,seguridad,1,,0.677314817905426
y porque toda esa fuerza y seguridad no la usan también para limpiar a cada estado y al país del crimen organizado,seguridad,1,,0.8925315141677856
no queremos mundial me enoja,seguridad,1,,0.960747241973877
híjole va a pasar lo mismo que tlatelolco eh,seguridad,3,,0.5513991117477417
y si exigimos que no sea lo del mundial,seguridad,1,,0.4344000518321991
un abrazo a las familias apoyemos para que se hagan virales y los escuchen me entristece mucho,seguridad,2,,0.6125795245170593
solo durante la copa ah que fregon me enoja,seguridad,2,,0.5280870795249939
dios los cuide y proteja ojalá que pronto encuentren a sus seres queridos,seguridad,4,,0.3909902274608612
si no hay paz para la gente que no haya paz para el gobierno,seguridad,1,,0.8867085576057434
canada en crisis estados unidos en guerra méxico también en guerra pero interna,seguridad,1,,0.5127612352371216
y si lo hacen el plan de seguridad todo el año no llámame loco,seguridad,2,,0.43359148502349854
hoy hablamos de fútbol,seguridad,3,,0.5236415266990662
nadie entiende este dolor hasta que lo vive en carne propia para los que prefieren el mundial y defienden la propaganda deseo que nunca tengan que pasar por una situación de un familiar conocido o amigo desaparecido porque cuando pasa ya no existe la paz ni para dormir,seguridad,1,,0.9311307072639465
no queremos mundial queremos seguridad y paz,seguridad,1,,0.9836418628692627
y le pusieron kukulkan me da risa muchisimo,seguridad,2,,0.5095089673995972
no queremos mundial me enoja,seguridad,1,,0.960747241973877
por qué no dices el contexto quien negoció y firmó el contrato para el mundial fue el prian,seguridad,3,,0.35321399569511414
este mundial está maldito ya verán lo q está x venir,seguridad,1,,0.9273555874824524
alv el mundial queremos seguridad,seguridad,5,,0.46139267086982727
es verdad,seguridad,3,,0.5664628744125366
que ése tipo de seguridad sea para todo el país y permanente,seguridad,1,,0.5285314321517944
se lo ban a quitar a méxico por el narco pero no a usa por literal estar en gerra me da risa,seguridad,1,,0.6564226746559143
es una maldad que hagan este tipo de cosas con las familias que buscan a sus seres queridos,seguridad,1,,0.9667478203773499
ideas caminar el dia del mundial en jalisco,seguridad,3,,0.38695648312568665
estan marcando una diferencia y que tristeza que tantas familias sigan llorando por su desaparecido,seguridad,1,,0.7860043048858643
y se acaba el mundial y todo vuelve a lo mismo,seguridad,3,,0.5178707838058472
fuerza a las familias,seguridad,3,,0.3990711569786072
lo que acabo de llorar con este video,seguridad,2,,0.5270878672599792
hagamos una marcha el día del mundial,seguridad,5,,0.4523577094078064
como dicen solo barres tu casa cuando vienen visitas,seguridad,3,,0.4323522746562958
me dolió en el alma al escuchar para cuidar a los extranjeros asi nuestro país se preocupan por su gente me entristece,seguridad,1,,0.6827463507652283
te odio te odio con todo mi ser gobierno de méxico,seguridad,1,,0.660155177116394
o sea que si se puede acabar la inseguridad en culiacan pero no quieren,seguridad,1,,0.9562715291976929
ojalá no se haga ese mundial,seguridad,1,,0.7171273231506348
me da risa alch qpdo porque solo cuando viene gente externa y no lo dejan para proteger a los mismos mexicanos vlv,seguridad,3,,0.37830284237861633
se hará el mundial duele todo pero esto ya está también hecho,seguridad,3,,0.4578608572483063
no pues ir que no hacen eso no solo durante el mundial,seguridad,1,,0.5088667869567871
no queremos mundial queremos seguridad para el pias y nosotros los mexicanos vivamos en paz me enoja mucho,seguridad,1,,0.9735485315322876
la verdad es admirable el coraje y determinación de todas estas familias,seguridad,5,,0.8900849223136902
yo si estoy en contra del mundial hay temas de seguridad y salud que son mas importantes,seguridad,2,,0.5387147665023804
que horrible realidad,seguridad,1,,0.9613790512084961
poca vergüenza quien pagamos impuestos munde que me sirve,seguridad,1,,0.9024103283882141
deberían de quitarle el mundial a estados unidos loreto,seguridad,1,,0.44859054684638977
una manifestación grande el día del mundial,seguridad,1,,0.7234007716178894
no es verdaaaad no vayaaaaan,seguridad,1,,0.48151934146881104
no queremos el mundial en méxico no queremos el mundial en jalisco,seguridad,1,,0.887193500995636
ah entonces si se puede dar seguridad pero no para nosotros que interesante,seguridad,3,,0.4791725277900696
15 días después que nos lleve la porra a todos méxico igual de inseguro,seguridad,1,,0.9795408844947815
el mundial no trae ningún beneficio al país anfitrión solo hay que investigar el desastre que ocurrió en cada país anfitrión del mundial,seguridad,1,,0.9480748772621155
no hay seguridad para nosotros los mexicanos cómo quieren asegurar a los extranjeros,seguridad,1,,0.8838827610015869
así pongan un millón de agentes de nada sirve si todos son corruptos,seguridad,1,,0.9070322513580322
me da risa se pasan es mejor proteger a los turistas no,seguridad,2,,0.5662645697593689
camila te seguimos buscando,seguridad,3,,0.483595609664917
lamentablemente así es gastan en cosas que ni al caso y nosotros que tenemos un desaparecido ni nos voltean a ver me entristece,seguridad,1,,0.7632033824920654
mas de 23000 millones gastados y mal gastados,seguridad,1,,0.6509154438972473
tampoco estados unidos es seguro con sus guerras,seguridad,1,,0.519066572189331
justicia,seguridad,1,,0.8792099356651306
alcemos la voz,seguridad,3,,0.43400517106056213
ojalá todos pudieran regresar con bien a su casa,seguridad,2,,0.5206767320632935
espero puedan encontrar cada una de las familias a sus desaparecidos y el apoyo total,seguridad,1,,0.6841000318527222
esto es importante que escuchen todos los gobiernos y los pueblos las personas son importantes,seguridad,3,,0.4259378910064697
presiento que algo muy malo pasara yo no iría a ningún estadio a andaría en las calles en esas fechas,seguridad,1,,0.5024973154067993
pero la presidenta dice que todo esta excelente y nada de esto pasa,seguridad,4,,0.47961562871932983
este problema tiene años y el gobierno no muestra acciones por colaborar de manera efectiva en la búsqueda de personas desaparecidas miran hacia otro lado y con el mundial encima menos atenderán esta necesidad que debe ser prioritaria mis mejores deseos para que encuentren a sus familiares desaparecidos,seguridad,1,,0.881328284740448
pan y circo control me entristece,seguridad,2,,0.5814168453216553
plan kukulkán es todo el año no solo en mundial,seguridad,3,,0.4925708770751953
justicia,seguridad,1,,0.8792099356651306
no estamos en contra del mundia,seguridad,1,,0.49287062883377075
yo si quiero el mundial pero creo que no se debió a ver aceptado el torneo ya que ahorita hay demasiados desaparecidos,seguridad,3,,0.388276606798172
eso significa después del mundial seguiremos igual o peor me gusta,seguridad,3,,0.5311707854270935
y aparte el gobierno gastando millones para los 2 3 partidos pedorros que van a tener,seguridad,1,,0.5324710607528687
señor porque no decían nada antes porque haora me enoja mucho,seguridad,1,,0.33410370349884033
muy cierto no se dan de cuenta que hay realmente prioridades me entristece mucho,seguridad,2,,0.49762624502182007
el bicho campeón,seguridad,5,,0.4405537247657776
pues no es culpa de los que traen los mundiales si no de la gente que asiste a los partidos sin ellos no habría mundial,seguridad,1,,0.5520496368408203
superhipo35 prefiero un méxico sin desaparecidos que un mundial espero que puedan encontrarlos y los familiares tengan paz,seguridad,5,,0.36451613903045654
el sipisapo de seguridad,seguridad,3,,0.3642786145210266
brkn void me da risa ifusión difusión difusión difusión difusión difusión difusión difusión difusión difusión difusión difusión difusión difusión difusión difusión difusión difusión difusión difusión difusión difusión difusión difusión difusión difusión difusión difusión difusión difusión difusión difusión difusión difusión difusión difusión difusión difusión difusión difusión difusión difusión difusión difusión difusión difusión difusión difusión difusión difusión difusión difusión difusión difusión difusión difusión difusión difusión difusión difusión difusión difusión difusión difusión difusión difusión difusión difusión difusión difusión difusión difusión difusión difusión difusión difusión difusión difusión difusión difusión difusión difusión difusión difusión difusión difusión difusión difusión difusión difusión difusión difusión difusión difusión difusión difusión difusión difusión difusión difusión difusión difusión difusión difusión difusión difusión difusión difusión difusión difusión difusión difusión difusión difusión difusión difusión difusión difusión difusión difusión difusión difusión difusión difusión difusión difusión difusión difusión difusión difusión difusión difusión difusión difusión difusión difusión difusión difusión difusión difusión difusión difusión difusión difusión difusión difusión difusión difusiónj difusión difusión,seguridad,1,,0.6475622653961182
mucho activismo en los comentarios pero la mayoría compraron los álbumes qué es una ganancia para ellos y van hasta endeudarse alguno para ir al mundial,seguridad,2,,0.3417239487171173
no pueden protegernos a nosotros ah pero que tal a los visitantes es una burla más me da risa mucho,seguridad,1,,0.5599263310432434
entonces solo habrá seguridad por el mundial me entristece,seguridad,2,,0.47051212191581726
que triste que solo por presión extranjera este gobierno mediocre haga lo que tiene que hacer,seguridad,1,,0.9038536548614502
aquí en méxico se preocupa más por pendejadas como el mundial que por las cosas que verdaderamente importa a si es méxico,seguridad,1,,0.7822848558425903
es ridículo que solo por el mundial desplieguen tanta seguridad así eso debió haber sido hace años y siempre,seguridad,1,,0.6807199120521545
no pues entonces que nunca se vayan los turistas caray para estar más protegidos,seguridad,1,,0.4742567539215088
wey y porque no ablas de eeuu de nada,seguridad,2,,0.38256505131721497
se dan cuenta que eso lo podrían hacer sin el mundial y no lo hacen,seguridad,1,,0.559098482131958
a la muy malo el mundial,seguridad,1,,0.9046502113342285
dos puntos el primero hagan una manifestación durante los partidos del mundial afuera de los estadios en las zonas donde habrá pantallas para ver los partidos y etc habrá medios de todo el mundo y gente de muchos países que posiblemente lleguen a grabar y se haga noticia mundial cierren también algunas calles para hacer más tardado el acceso a los partidos asi podrán ser más escuchados y tendrán la ayuda que necesitan segundo punto la mayoría del dinero invertido para remodelaciones decoraciones etc es por parte de la fifa el gobierno solo pone una pequeña parte realmente el gobierno si quisiera ayudar ya hubiera destinado más fondos a eso pero simplemente no quiere amo el fútbol y estoy a favor del mundial pero sinceramente no sería lo mismo si mi madre me gusta hermana o amigos no estuvieran para verlo a mi lado ojalá que encuentren a sus familiares y que vivan en paz esperemos que sean escuchados y que el gobierno haga algo,seguridad,2,,0.7445322871208191
es más importante el mundial,seguridad,3,,0.5431745648384094
y mas de 200 mdp en remodelacion en jalisco que tristeza,seguridad,1,,0.8196539282798767
que hagan su trabajo no mundial tantas carencias necesidades para el mundial deberían plantarse en los estadios lo familiares de desaparecidos en protesta para que el mundo se de cuenta de lo que se vive,seguridad,1,,0.8239057660102844
los que vallan a mexico,seguridad,1,,0.41641196608543396
pues que no se pierdan y ya,seguridad,3,,0.4036095440387726
se nota el dolor en sus palabras perder un familiar debe ser terrible espero algún día aparezcan me gusta me entristece,seguridad,1,,0.5648155808448792
como me dueles méxico me entristece mucho,seguridad,2,,0.5033059120178223
difusión difusión difusión difusión difusión difusión difusión difusión difusión difusión difusión difusión difusión difusión difusión difusión difusión difusión difusión difusión difusión difusión difusión difusión difusión difusión difusión difusión difusión difusión difusión difusión difusión difusión difusión difusión difusión difusión difusión difusión difusión difusión difusión difusión difusión difusión difusión difusión difusión difusión difusión difusión difusión difusión difusión difusión difusión difusión difusión difusión difusión difusión difusión difusión difusión difusión difusión difusión difusión difusión difusión difusión difusión difusión difusión difusión difusión difusión difusión difusión difusión difusión difusión difusión difusión difusión difusión difusión difusión difusión difusión difusión difusión difusión difusión difusión difusión difusión difusión difusión difusión difusión difusión difusión difusión difusión difusión difusión difusión difusión difusión difusión difusión difusión difusión difusión difusión difusión difusión difusión difusión difusión difusión difusión difusión difusión difusión difusión difusión difusión difusión difusión difusión difusión difusión difusión difusión difusión difusión difusión difusión difusión difusión difusión difusión difusión difusión difusiónj difusión difusión,seguridad,4,,0.2965998649597168
en estos momentos el mundial es importante,seguridad,5,,0.6102294921875
se me apachurra el corazón me entristece,seguridad,2,,0.599939227104187
si debemos estar en contra del mundial es un gasto innecesario para el mundo mientras hay temas como este que realmente si importan,seguridad,1,,0.4978041350841522
que dios me gusta les bendiga y logren encontrar a sus hijos,seguridad,5,,0.49604547023773193
no bueno el pan naranja fue lo mismo q fox anunciando un cambio real pero realmente dió atole con el dedo fuerza hermanos jaliscienses,seguridad,1,,0.6768003106117249
que triste saber que el gobierno no le interesa su país,seguridad,1,,0.9141713380813599
cómo romperme el corazón en segundos nuestros desaparecidos muchos jugaban fútbol,seguridad,1,,0.7850605845451355
queeeee,seguridad,2,,0.6173701286315918
la gran mayoría de investigación es privada el gobierno solo gasta en remodelasion pública pero ese es su trabajo,seguridad,2,,0.3245241641998291
o sea pero por qué todo lo quieren hacer el mero día del mundial ay no dios mío con esta gente deje en el mundial en paz déjenos disfrutar el fútbol déjenos disfrutar algo que nos gusta,seguridad,3,,0.37250927090644836
ahhh o sea que si pueden fortalecer la seguridad pero no quieren,seguridad,2,,0.576219916343689
y solo para el mundial,seguridad,3,,0.43399128317832947
sigan votando por morena mexico no importa el mundial si,seguridad,1,,0.9167054891586304
falta cumplirle a los campesinos si no van a cancelar el mundial,seguridad,1,,0.8000068068504333
es que no lo entenderías son cosas diferentes,seguridad,2,,0.42286354303359985
a mí me contestaron muchos que ellos si quieren mundial es decepcionante,seguridad,2,,0.4809533655643463
pueden proteger a todos menos a los mexicanos,seguridad,1,,0.5852642059326172
esto deberían de hacer todos los días sin mundial para proteger a su país,seguridad,1,,0.8525381684303284
se necesitan al menos 9 palabras una coma y un punto para que tu comentario cuente así que copia y pega,seguridad,2,,0.4540615975856781
que impotencia me entristece,seguridad,1,,0.6666135787963867
a quien le importa el mundial ahorita,seguridad,3,,0.4110521376132965
difusión difusión difusión difusión difusión difusión difusión difusión difusión difusión difusión difusión difusión difusión difusión difusión difusión difusión difusión difusión difusión difusión difusión difusión difusión difusión difusión difusión difusión difusión difusión difusión difusión difusión difusión difusión difusión difusión difusión difusión difusión difusión difusión difusión difusión difusión difusión difusión difusión difusión difusión difusión difusión difusión difusión difusión difusión difusión difusión difusión difusión difusión difusión difusión difusión difusión difusión difusión difusión difusión difusión difusión difusión difusión difusión difusión difusión difusión difusión difusión difusión difusión difusión difusión difusión difusión difusión difusión difusión difusión difusión difusión difusión difusión difusión difusión difusión difusión difusión difusión difusión difusión difusión difusión difusión difusión difusión difusión difusión difusión difusión difusión difusión difusión difusión difusión difusión difusión difusión difusión difusión difusión difusión difusión difusión difusión difusión difusión difusión difusión difusión difusión difusión difusión difusión difusión difusión difusión difusión difusión difusión difusión difusión difusión difusión difusión difusión difusiónj difusión difusión,seguridad,4,,0.296599805355072
dios nos bendiga,seguridad,3,,0.5426656007766724
manguito me da risa ifusión difusión difusión difusión difusión difusión difusión difusión difusión difusión difusión difusión difusión difusión difusión difusión difusión difusión difusión difusión difusión difusión difusión difusión difusión difusión difusión difusión difusión difusión difusión difusión difusión difusión difusión difusión difusión difusión difusión difusión difusión difusión difusión difusión difusión difusión difusión difusión difusión difusión difusión difusión difusión difusión difusión difusión difusión difusión difusión difusión difusión difusión difusión difusión difusión difusión difusión difusión difusión difusión difusión difusión difusión difusión difusión difusión difusión difusión difusión difusión difusión difusión difusión difusión difusión difusión difusión difusión difusión difusión difusión difusión difusión difusión difusión difusión difusión difusión difusión difusión difusión difusión difusión difusión difusión difusión difusión difusión difusión difusión difusión difusión difusión difusión difusión difusión difusión difusión difusión difusión difusión difusión difusión difusión difusión difusión difusión difusión difusión difusión difusión difusión difusión difusión difusión difusión difusión difusión difusión difusión difusión difusión difusión difusión difusión difusión difusión difusiónj difusión difusión,seguridad,1,,0.6663094758987427
que triste me entristece mucho,seguridad,2,,0.6068993806838989
osea que si hay seguridad pero no para el mexicano,seguridad,2,,0.4213404059410095
el gobierno protegiendo el mundial a toda costa pero no a los propios mexicanos me da risa,seguridad,1,,0.5951846241950989
interactuando,seguridad,4,,0.44236835837364197
no necesitamos un mundial necesitamos justicia y seguridad,seguridad,1,,0.9552184343338013
méxico no necesita un mundial necesitamos un mejor país,seguridad,1,,0.7017773389816284
deberia existir una plataforma de fácil acceso que diera nombre del desaparecido y estatus oficial emitido por el organismo que atiende este delito,seguridad,1,,0.9383548498153687
sugar coffee gaby s gf valex beatrice manguito me da risa ifusión difusión difusión difusión difusión difusión difusión difusión difusión difusión difusión difusión difusión difusión difusión difusión difusión difusión difusión difusión difusión difusión difusión difusión difusión difusión difusión difusión difusión difusión difusión difusión difusión difusión difusión difusión difusión difusión difusión difusión difusión difusión difusión difusión difusión difusión difusión difusión difusión difusión difusión difusión difusión difusión difusión difusión difusión difusión difusión difusión difusión difusión difusión difusión difusión difusión difusión difusión difusión difusión difusión difusión difusión difusión difusión difusión difusión difusión difusión difusión difusión difusión difusión difusión difusión difusión difusión difusión difusión difusión difusión difusión difusión difusión difusión difusión difusión difusión difusión difusión difusión difusión difusión difusión difusión difusión difusión difusión difusión difusión difusión difusión difusión difusión difusión difusión difusión difusión difusión difusión difusión difusión difusión difusión difusión difusión difusión difusión difusión difusión difusión difusión difusión difusión difusión difusión difusión difusión difusión difusión difusión difusión difusión difusión difusión difusión difusión difusiónj difusión difusión,seguridad,1,,0.3541834354400635
asi nos deberían de proteger a todos los mexicanos que vistamos a nuestro país,seguridad,1,,0.5211767554283142
solo por el mundial los demás días los mexicanos pueden buscar su propia seguridad y aún así hay gente que piensa que la 4t es lo mejor,seguridad,2,,0.3726670444011688
que lo quiten que lo quiten,seguridad,2,,0.45029985904693604
proteger a los extranjeros proteger a los mexicanos,seguridad,1,,0.7904980778694153
hay que reforzar esas pegas los días de mundial,seguridad,2,,0.5283030271530151
bueno y ahora con la guerra de eeuu vs iran apoco no hay miedo en ir a ver el mundial ahi tambien,seguridad,5,,0.3158618211746216
todo sea por los extranjeros y que a los mexicanos nos cargue la chingasa,seguridad,2,,0.3720499873161316
aun asi mexico no es seguro mundial cancelado,seguridad,1,,0.9428730010986328
no están solos papás,seguridad,2,,0.527459979057312
no queremos mundial,seguridad,1,,0.9701710343360901
sigan alzando la voz,seguridad,3,,0.5463531017303467
ya cancelen el mundial,seguridad,1,,0.8947885632514954
y porque no hacen eso a diario en méxico osea solo por qué será el mundial,seguridad,1,,0.4830566346645355
me encanta el futbol y espero con ansias que empiece el mundial pero deseo que los mexicanos se hagan muuuy presentes el día de la inauguración afuera del azteca es la oportunidad perfecta para que el mundo sepa lo que vivimos,seguridad,5,,0.6525979042053223
noalmundial me enoja muchisimo,seguridad,2,,0.6136677265167236
dijo el ciego lla beremos si la misma corrumcion esta en la misma ley,seguridad,1,,0.8795719742774963
y por qué no asen un plan para la seguridad de los mexicanos que burla de este gobierno con sus ciudadanos,seguridad,1,,0.920637845993042
0,seguridad,1,,0.764837384223938
estamos con ustedes,seguridad,3,,0.5560182332992554
entnsses los mexicanos no importan k rraros estos goviernos,seguridad,1,,0.7843387722969055
justicia me gusta,seguridad,5,,0.4091688394546509
si que el mundial se suspenda en mexico,seguridad,3,,0.3344869613647461
todavía se pueden hacer escuchar cerrar las vialidades los días que habrá juego en la ciudad tanto para jugadores como en general sería un foco de exposición global para ejercer algo de presión,seguridad,2,,0.5850092768669128
más gusto me dará cuando méxico haga el ridículo en el mundial me encanta el fútbol pero jamás será más importante que situaciones como esta,seguridad,2,,0.465603768825531
mi profundo respeto empatía que puedan dar con sus familiares y puedan dar fin a su pesar,seguridad,5,,0.7059603929519653
osea si hay seguridad pero solo para lo q les conviene,seguridad,2,,0.6018749475479126
y para cuándo él plan para proteger a los mexicanos,seguridad,2,,0.39172759652137756
por qué no hay empatía,seguridad,1,,0.461813360452652
no queremos mundial primero lo primero,seguridad,1,,0.8527488112449646
reforzar la seguridad porque es tu trabajo que el país sea seguro reforzar la seguridad para que no te quiten el mundial que solo beneficia a millonarios,seguridad,1,,0.5917133092880249
lamentable vivimos en un mundo capitalista no todo puede ser bonito y correcto y aun más con la corrupción son cosas que la única forma de corregir es revivir como una sociedad mejor,seguridad,1,,0.9275482296943665
paz primero y luego mundial,seguridad,3,,0.31223538517951965
si el gobierno quisiera combatir a los cárteles si podría hacerlo con este despliegue lo están demostrando lo que pasa es que no quieren combatirlos,seguridad,1,,0.8748221397399902
no queremos mundial queremos justicia,seguridad,1,,0.9877957105636597
hoooorale señor omar y porque no nos hace un plan kukulkan para los mexicanos también porfis me da risa,seguridad,1,,0.5075943470001221
yo voto porque kukulcán se quede después del mundial en jalisco hasta que jalisco sea seguro y libre,seguridad,1,,0.3252834677696228
interacturando,seguridad,3,,0.3970171809196472
pero que gobierno tan descarado no tienen un plan para proteger a su propia gente y si prometen proteger a los extranjeros por dios,seguridad,1,,0.9014042019844055
ósea que si protegen a los extranjeros y a los mexicanos ni los quieren apoyar,seguridad,1,,0.7775063514709473
y por qué no hacen ese plan para limpiar méxico no solo por un show,seguridad,1,,0.8415225148200989
que se cancele,seguridad,1,,0.7154181599617004
no quieren perder el circo me da risa muchisimo,seguridad,1,,0.7557461857795715
interactuando,seguridad,4,,0.44236838817596436
interactuando,seguridad,4,,0.44236838817596436
eso está muy tarde debieron haber iniciado hace 7 años pero no eran abrazos y no balazos,seguridad,4,,0.33674243092536926
ósea que siempre pudieron dar seguridad como en el salvador pero no querían,seguridad,1,,0.6726893782615662
no sé vale que le pongas más atención ahora que no está que cuando lo tenías a tu lado,seguridad,2,,0.623473584651947
y por qué no despliegan eso permanentemente,seguridad,2,,0.5538491606712341
necesitamos seguridad y a todos los mexicanos que se unan y digan no al mundial me enoja mucho,seguridad,1,,0.7795785069465637
osea que nos mienten si pueden defender extranjeros pero no nos pueden defender a los mexicanos,seguridad,1,,0.7442435026168823
si supieran que el estadio es un panteón mexico es una fosa gigante,seguridad,3,,0.3825538158416748
los apoyo y espero tengan una esperanza de encontrar a sus seres queridos de corazón espero los encuentren y el mundial que se valla alv,seguridad,3,,0.40222111344337463
osea que el gobierno de méxico solo puede aplicar un plan como este cuando le van a quitar del torneo de la copa del mundo y no en el ámbito diario,seguridad,1,,0.7027764320373535
sarai bautista acost brkn void me da risa ifusión difusión difusión difusión difusión difusión difusión difusión difusión difusión difusión difusión difusión difusión difusión difusión difusión difusión difusión difusión difusión difusión difusión difusión difusión difusión difusión difusión difusión difusión difusión difusión difusión difusión difusión difusión difusión difusión difusión difusión difusión difusión difusión difusión difusión difusión difusión difusión difusión difusión difusión difusión difusión difusión difusión difusión difusión difusión difusión difusión difusión difusión difusión difusión difusión difusión difusión difusión difusión difusión difusión difusión difusión difusión difusión difusión difusión difusión difusión difusión difusión difusión difusión difusión difusión difusión difusión difusión difusión difusión difusión difusión difusión difusión difusión difusión difusión difusión difusión difusión difusión difusión difusión difusión difusión difusión difusión difusión difusión difusión difusión difusión difusión difusión difusión difusión difusión difusión difusión difusión difusión difusión difusión difusión difusión difusión difusión difusión difusión difusión difusión difusión difusión difusión difusión difusión difusión difusión difusión difusión difusión difusión difusión difusión difusión difusión difusión difusiónj difusión difusión,seguridad,3,,0.3193579912185669
tiene tiempo para planear proteger extranjeros pero no pueden combatir el narco,seguridad,1,,0.8299726247787476
o sea que si es posible vivir en un méxico seguro solo que tienen que quedar bien con todo el mundo menos con su pueblo órale,seguridad,2,,0.37615010142326355
ojalá cancelen el mundial,seguridad,1,,0.8652821183204651
ajá los extranjeros bien protegidos y bien asustados,seguridad,2,,0.5020389556884766
pablo lemus con mucho coraje para ti,seguridad,5,,0.7502550482749939
y después del mundial que nos lleve la vrg,seguridad,3,,0.4453103244304657
el prian firmó los acuerdos del mundial y movimiento ciudadno es lo mismo,seguridad,1,,0.35294678807258606
y si contratan mejor a nayib bukele,seguridad,2,,0.5064959526062012
ósea que si podían y no querían,seguridad,1,,0.5269594788551331
no pos ojalá todos los días haya mundial porque solo así hacen algo,seguridad,1,,0.8071714639663696
gracias sheinbaum,seguridad,5,,0.5887390971183777
se ven bien piratas nuestros aviones la vdd,seguridad,1,,0.8686692118644714
nos queda claro que a este gobierno no le interesa protegernos,seguridad,1,,0.8244598507881165
pero la presidenta dice que no pasa nada,seguridad,1,,0.635413408279419
que vergüenza para los mexicanos y porq no degan esa seguridad por siempre ósea q si se puede pero no quieren invertir en su pueblo,seguridad,1,,0.9702525734901428
pero el responsable del mundial el la presidencia no las gobernaturas,seguridad,1,,0.5240886211395264
y porque no aplican ese plan de manera permanente,seguridad,1,,0.6420722603797913
protegen a otros y no a su propia gente wow,seguridad,1,,0.7097564935684204
no queremos mundial queremos seguridad,seguridad,1,,0.9833844900131226
esto solo se dará por el mundial y por que esta actividad de seguridad no tenemos seguridad garantizada a mexico y los mexicanos,seguridad,1,,0.8709927797317505
y porque no protegen al país así normalmente osea si se puede pero solo para este evento y todo lo de más del año nos fre mos todos,seguridad,1,,0.528766930103302
no pueden evitar los asaltos afuera del foro sol estadio gnp y así quieren cuidar a los turistas y asistentes al mundial por dios,seguridad,1,,0.574379563331604
que le quiten la sede,seguridad,2,,0.5468395352363586
interactuando,seguridad,4,,0.44236838817596436
pero si lemus dice que no hay suficiente personal policial por eso vallarta terminó así pero para los turistas si va a haber personal,seguridad,4,,0.7162492871284485
30 días de seguridad en méxico hay de disfrutarla porque no lo volveremos a ver hasta que tengamos otro mundial,seguridad,2,,0.3206067681312561
y por qué no despliega esa seguridad todos los días,seguridad,2,,0.4604925215244293
nada grita seguridad como estar constante rodeado de policías militares y guardia nacional no es una imagen muy acogedora y reconfortante,seguridad,1,,0.575088381767273
que no se pierda esta publicación que de vuelta al mundo,seguridad,1,,0.6125950217247009
y si hacemos un mundial cada mes y así estamos protegidos todo el año,seguridad,5,,0.5557881593704224
lo que gastaron en traer el concierto de shakira y de los bts,seguridad,2,,0.4881933033466339
valex beatrice manguito me da risa ifusión difusión difusión difusión difusión difusión difusión difusión difusión difusión difusión difusión difusión difusión difusión difusión difusión difusión difusión difusión difusión difusión difusión difusión difusión difusión difusión difusión difusión difusión difusión difusión difusión difusión difusión difusión difusión difusión difusión difusión difusión difusión difusión difusión difusión difusión difusión difusión difusión difusión difusión difusión difusión difusión difusión difusión difusión difusión difusión difusión difusión difusión difusión difusión difusión difusión difusión difusión difusión difusión difusión difusión difusión difusión difusión difusión difusión difusión difusión difusión difusión difusión difusión difusión difusión difusión difusión difusión difusión difusión difusión difusión difusión difusión difusión difusión difusión difusión difusión difusión difusión difusión difusión difusión difusión difusión difusión difusión difusión difusión difusión difusión difusión difusión difusión difusión difusión difusión difusión difusión difusión difusión difusión difusión difusión difusión difusión difusión difusión difusión difusión difusión difusión difusión difusión difusión difusión difusión difusión difusión difusión difusión difusión difusión difusión difusión difusión difusiónj difusión difusión,seguridad,1,,0.5208061933517456
no al mundial,seguridad,1,,0.9196575880050659
y a nosotros cuando,seguridad,3,,0.6112313866615295
cuidan más alos extranjeros que asu propia gente gobierno hambriado y corrupto,seguridad,1,,0.9798745512962341
seguridad durante y porque no siempre,seguridad,2,,0.4771016240119934
haber cuantos turistas desaparecen durante el mundial,seguridad,1,,0.5582314133644104
pero la presidenta prefiere decir que no veamos tv azteca,seguridad,1,,0.32665377855300903
que triste así nos deberían cuidar a nosotros 15 días después volvemos a la realidad,seguridad,1,,0.5376256704330444
movimiento naranja nanana,seguridad,3,,0.49762487411499023
protegiendo a los de afuera y a las mujeres de mexico y los desaparecid s nada,seguridad,1,,0.4777068495750427
hagan estos videos con subtítulos en ingles para que otros paises se enteren,seguridad,3,,0.4382307529449463
no queremos un mundial queremos visibilidad y soluciones a cosas que realmente importan,seguridad,1,,0.9110541939735413
kukulkan van a llamar a namor,seguridad,3,,0.5374191403388977
plan khe,seguridad,4,,0.40782487392425537
pues lamento decirles que jamás los van a encontrar me da risa,seguridad,2,,0.3967779576778412
con esto demuestra que el gobierno si puede vs el narco solo qué no quieren,seguridad,1,,0.8793745636940002
ósea que si pueden pero no quieren,seguridad,1,,0.6008516550064087
o sea que si se puede proteger a los mexicanos solo que no lo quieren hacer,seguridad,1,,0.8373813033103943
no queremos mundial queremos 0 violencia 0 políticos corruptos,seguridad,1,,0.9912665486335754
mexicanos unidos jamás serán vencidos,seguridad,1,,0.8924303650856018
apollemos a estos padres y madres buscadoras dios los bendiga y los proteja,seguridad,2,,0.3997547924518585
interactuando,seguridad,4,,0.4423684775829315
ayúdenme a compartir,seguridad,5,,0.5016898512840271
seguridad para los extranjeros y a los ciudadanos mexicanos nada,seguridad,1,,0.7872692346572876
jordy q el mundial no trae ningún beneficio al país anfitrión solo hay que investigar el desastre que ocurrió en cada país anfitrión del mundial,seguridad,1,,0.9407349824905396
si ni con los suyos le importa ahora con turistas,seguridad,3,,0.3982648551464081
bueno siempre en un sistema capitalista el capital va a estar por arriba que los seres humanos y hoy la fifa soborna a gobiernos y gana millones exitos y esperemos que tengan buenos resultados,seguridad,5,,0.37031736969947815
nmmz llevan pidiendo más de 90 años seguridad nunca se va acabar la delincuencia me entristece,seguridad,1,,0.9728407263755798
así nos deberían de cuidar todos los días alos mexicanos,seguridad,2,,0.5085710287094116
espero que pueden encontrar finalmente a sus familiares o saber saber su destino fuerzas a las familias que están en la busca de encontrar respuestas mis condolencias y espero que pronto la gente pueda dar más visibilidad a toda está problemática que es hasta el día de hoy es difícil de mantener oculto ya que el sufrimiento no se olvida ni mucho menos de ve como algo vergonzoso de l país todos son importantes de igual manera que tiene personas que les importa tanto como mujeres y hombre esperopronto puedan ser ayudados con buena fé,seguridad,1,,0.6050692200660706
donde puedo donar para sus impresiones,seguridad,3,,0.4293058216571808
hay otros que nacen en méjico,seguridad,2,,0.5627889037132263
le pido a dios que todos ustedes encuentren a sus seres queridos,seguridad,3,,0.44545504450798035
la cosa debe estar grabe para invocar a kukulkán,seguridad,3,,0.3447495400905609
entonces siempre han podido,seguridad,3,,0.48010897636413574
osea están reconociendo que si pueden dar seguridad a méxico pero han escogido en no hacerlo todo este tiempo este régimen es una burla,seguridad,1,,0.9471471905708313
siga alzando la voz,seguridad,3,,0.5253052115440369
la vrda si me da vergüenza decir que soy de méxico we,seguridad,1,,0.8657420873641968
que así cuidaran a los mexicanos todos los días otra historia sería,seguridad,3,,0.39028400182724
no ma si podían hacen eso porque no lo hicieron con nosotros,seguridad,3,,0.4279250502586365
todo eso deben usar para acabar con los carteles y cuidar a la ciudadanía siempre,seguridad,1,,0.6435186266899109
dios mio no puedo imaginar ese dolor me entristece mucho,seguridad,2,,0.4570304751396179
ya pactaron con el narco que no haga desmadre en las sedes,seguridad,1,,0.8011221289634705
osea tienen dinero para movilizar a tantos elementos de fuerzas de seguridad para un mundial y no para luchar contra el narco me da risa,seguridad,1,,0.9427505135536194
jaliscomajico,seguridad,3,,0.41981059312820435
botón de deseo que méxico no participe como sede del mundial,seguridad,1,,0.7599643468856812
3 mil millones en 3 focos esteticos en el metro no me gusta,seguridad,2,,0.5845839977264404
y la seguridad para la demás gente que,seguridad,2,,0.44239774346351624
creo que este mundial no va a ir mucha gente solo a canadá me da risa mucho,seguridad,1,,0.5088790655136108
ósea que si pueden brindar seguridad pero no les da la gana,seguridad,2,,0.5278180837631226
los mexicanos,seguridad,3,,0.4797312319278717
ojala el mundial durará para siempre,seguridad,3,,0.5580025911331177
yo soy de méxico y no vengan no le den dinero a este marco gobierno,seguridad,1,,0.9744521975517273
y quien pidió el mundial peña nieto xq las cedes se eligen con 8 años de anticipación,seguridad,1,,0.4275401830673218
mi total admiración y respeto hacía con ustedes por su persistencia y fuerza que dios les permita reunirse nuevamente con sus familiares,seguridad,5,,0.44316092133522034
no queremos mundial queremos paz,seguridad,1,,0.9801883697509766
que así se movieran pra acabar con la delincuencia en méxico y no nada más para un evento deportivo,seguridad,1,,0.9325267672538757
y por que lo tienen que hacer cuando va a estar un evento de talla mundial y no diariamente para los mexicanos,seguridad,2,,0.5337406396865845
seguridad para el turista y abrazos para los mexicanos,seguridad,2,,0.40673261880874634
así debería ser todos los días,seguridad,3,,0.6166564226150513
quieren hacer en meses lo que no han podido en años me da risa,seguridad,2,,0.43266162276268005
espero encuentren a sus hijos nadie debiera pasar por eso,seguridad,3,,0.4482775926589966
ojalá así nos cuidaran todo el tiempo para combatir,seguridad,3,,0.4973737299442291
no les va a funcionar nunca les funciona,seguridad,1,,0.9473059177398682
un aplauso para ustedes,seguridad,5,,0.27021345496177673
triste la situación de méxico,seguridad,1,,0.787752091884613
no estamos encontra del mundial estamos encontra del olvido,seguridad,1,,0.8996531367301941
muy bien vergüenza es lo que no tiene el gobierno,seguridad,1,,0.985602080821991
que ese día no haya clases porque el futbol es tan importante,turismo,3,2.0,0.41781583428382874
ni vengan es peligrosisimo,turismo,1,2.0,0.9309951663017273
que miedo,turismo,1,1.0,0.9651874303817749
como se atreve si esta viendo el pais como esta,turismo,1,1.0,0.49823126196861267
le faltó el aeropuerto de toluca y el tren de toluca a la cdmx y viceversa,turismo,2,2.0,0.652847170829773
pues si se escucha muy bonito pero hablando ya la verdad sin seguridad quien fregado quiere andar sabiendo que de un rato a otro te ponen el cuete,turismo,2,2.0,0.37138134241104126
me da risa,turismo,3,1.0,0.5177322626113892
demasiada delincuencia y ella no ase nada no sirbe para presidenta,turismo,1,1.0,0.9812426567077637
ya no doña,turismo,3,3.0,0.34417030215263367
vieja rata y de seguro va a subir el impuesto por atender al turismo,turismo,1,1.0,0.8678297996520996
y con las calles llenas de hoyos socavones ladrones delincuentes tlalpan con dos carriles menos etc etc,turismo,1,1.0,0.9389573335647583
nooooo creoooo,turismo,2,2.0,0.4850200414657593
ya no se va hacer cambiaron de opinión no hay mal que por bien no venga,turismo,1,2.0,0.784820556640625
ojalá no valla nadie,turismo,2,2.0,0.36962687969207764
los que opinan son de país que nunca han tenido un mundial,turismo,1,2.0,0.6020184755325317
va pero me van a pagar lo de mi trabajo y me van a llevar la despensa a mi casa mas una compensación jalo,turismo,4,4.0,0.8865872025489807
eres grande precidentes,turismo,3,5.0,0.4530329406261444
el país más inseguro del mundo eso deberías de aser con la seguridad de mexico acuérdate que por tu culpa ay millones de desaparecidos,turismo,1,1.0,0.9798333644866943
k dijo,turismo,3,3.0,0.6043957471847534
pues igual ni salgo pero del puro coraje esos días voy a salir,turismo,3,2.0,0.4453573226928711
y si mandamos una petición a la fifa para que no haya mundial en méxico cómo protesta digo,turismo,1,1.0,0.9185922145843506
yo voy a salir con mi familia y amigos aunque no tenga a que salír,turismo,2,2.0,0.5043128132820129
pero porqué si la movilidad está al 100,turismo,4,3.0,0.5757750272750854
todo por eso hay que salir jajaj,turismo,3,3.0,0.4297901391983032
y van a ver todo el desmadre que hay en el país,turismo,1,1.0,0.9522337317466736
el peor pais para ir de turistas no se arriesgen gente,turismo,1,1.0,0.9484221339225769
home office todo el año,turismo,5,3.0,0.439287930727005
y no les quedarán ganas de regresar con tanto policía corrupto y tanta inseguridad siento vergüenza,turismo,1,1.0,0.9851390719413757
ni mi ex se avergüenzo tanto de mi,turismo,2,2.0,0.5263655185699463
no creo vengan muchos después del sorteo pues puro relleno y ninguna selección importante vendrá,turismo,1,1.0,0.7356312274932861
cosas que literalmente nunca dijo,turismo,1,3.0,0.9189501404762268
a cuántos vas a desaparecer,turismo,1,1.0,0.5518534183502197
pues si me pagan y vacaciones pagadas ni salgo,turismo,4,4.0,0.38220784068107605
todo el mundial en méxico fue un grave error desde el comienzo y con cada declaración de claudia la cosa se pone peor,turismo,1,1.0,0.8011912107467651
que salgamos dice,turismo,3,3.0,0.6084809899330139
que vengan no sean negativos,turismo,3,5.0,0.46626490354537964
eso 5 5 millones de turistas q presumen mucho se van a quedar a vivir sin documentos,turismo,2,2.0,0.36293357610702515
si pero hay mucha gente estorcion y delincuentes as al para detener la delincuentes primero,turismo,1,1.0,0.902580738067627
valió venga eso,turismo,3,2.0,0.47032949328422546
les dije ya se les olvidó el gobernador que renunciaron y todo,turismo,1,3.0,0.520189106464386
en el aeropuerto de felipe angeles esperé mi vuelo nos más por 28 hs,turismo,3,3.0,0.5605295896530151
ivan,turismo,3,3.0,0.44249388575553894
méxico es inseguro no vallan se arrepentiran,turismo,1,1.0,0.9837587475776672
lo del home office esta bien para evitar el embotellamiento pero de igual forma porque prohibir salir solo para que los turistas no se incomoden,turismo,2,2.0,0.46459856629371643
ya no habrá mundial por la inseguridad que hay en méxico,turismo,1,1.0,0.9861720204353333
el tren que menciona que está por el aifa es tren que viene de pachuca,turismo,3,3.0,0.4336360692977905
con más razón voy a salir,turismo,2,2.0,0.6163871884346008
no gracias esta dura la delinquencia,turismo,1,1.0,0.9753343462944031
que te parece si previo al mundial optimizan los sistemas de trasporte para que la ciudadanía y los turistas no sufran por tráfico y otras averías constantes del trasporte público y vialidades absurda,turismo,1,1.0,0.7344381213188171
ya están pensando cuánto va irse a los bolsillos de cada uno de ellos mentira que va hacer para mejorar en todo el país o ustedes que opinan,turismo,1,1.0,0.8324631452560425
fifa va cancelar el mundial mexico 2026 por la inseguridad narkos homicidios,turismo,1,1.0,0.9710701704025269
me da risa y luego,turismo,3,3.0,0.44640475511550903
no mija ya es diciembre el bono y pues no marcame enenero,turismo,2,3.0,0.3626762330532074
y todas las ganancias que habrá en jalisco adivinen quien se las va a robar boicot en jalisco por los desaparecidos,turismo,1,1.0,0.9301669001579285
a pero no sé habla de la demanda,turismo,4,3.0,0.4875209927558899
también van a detener las construcciones que están sobre paseo de la reforma,turismo,2,2.0,0.5530522465705872
que salgamos todos dice,turismo,3,3.0,0.5905040502548218
mi presidentaaa,turismo,3,3.0,0.48335379362106323
ella nos pagará cubrirá todo nuestros gastos sencillo hagan que sea seguro salir listo,turismo,3,4.0,0.4607715606689453
que hagamos manifestaciones enfrente de los estadios a la hora de los partidos dice,turismo,1,1.0,0.5713368058204651
ojalá lo cancelen aqui,turismo,1,1.0,0.6863769292831421
a ver como le va mucha inseguridad,turismo,1,1.0,0.9833048582077026
hola gente me gustaría saber qué tan seguro es méxico ahora mismo soy de españa y quiero ir al mundial en guadalajara,turismo,3,3.0,0.5950312614440918
que nos manifestemos dice,turismo,1,1.0,0.4618861973285675
como verg quiere que don chuy que trabaja en la obra haga home office,turismo,1,2.0,0.8462084531784058
lo que le debería preocupar es la mala imagen e ineptitud de su gobierno tanta inseguridad y desaparecidos x eso los turistas ni de locos usarán el metro saben q no es confiable y x eso están contratando autos blindados y seguridad,turismo,1,1.0,0.9476039409637451
yo cuando dijo eso no ni mergas yo cuando vi que decía suspensión de clases tiene mi boto,turismo,4,3.0,0.371280312538147
hiban a venir,turismo,3,3.0,0.5456092953681946
ojalá no se arme aquí,turismo,1,1.0,0.6353161931037903
se van a rayar los policías con tanta mordida q van a pedir,turismo,1,2.0,0.7151405811309814
y a esos si los va a cuidar o como a los mexicanos,turismo,3,3.0,0.5509568452835083
es como decirle a un niño que lo haga,turismo,3,3.0,0.44052499532699585
women,turismo,3,3.0,0.386280357837677
esto sonó como un reto de salir más,turismo,3,3.0,0.5074934363365173
y si mejor reparan las calles mejoran el transporte público y todos los aspectos de movilidad en la ciudad para que no solo los turistas lo disfruten digo es una opción que mejor forma de aparentar ser una ciudad de primera que siendo una ciudad de primera,turismo,2,2.0,0.6554198861122131
que no salga ella va a espantar a los turistas,turismo,2,3.0,0.516043484210968
jajjajaja wue no mameeee,turismo,3,2.0,0.5050275325775146
no mas eso faltaba,turismo,2,2.0,0.4917607307434082
espero que sea fake,turismo,3,3.0,0.640948474407196
pelusokun,turismo,3,3.0,0.5147600173950195
es hora de comenzar el juego,turismo,5,5.0,0.7413520812988281
seguramente voy a vender jamón por home ofice,turismo,2,3.0,0.40451616048812866
pues mientras me paguen mis días de trabajo yo con gusto me quedo a descansar a mi casa,turismo,4,4.0,0.582095742225647
acoso que como turista quiero ver una ciudad vacía si viajo es por la cultura,turismo,1,3.0,0.46012115478515625
que salga bueno,turismo,3,3.0,0.6285802721977234
me alegra y verán en lo que convertiste méxico,turismo,1,3.0,0.3392055630683899
no gracias,turismo,1,2.0,0.7065194845199585
si por eso quiero salir para ver gente diferente,turismo,4,4.0,0.5227110385894775
ya se hubiera remodelado el aicm desde hace años si no fuera por el capricho de construir el aifa,turismo,2,1.0,0.39738959074020386
nos pagarán por eso yo me apunto si me van a pagar bien,turismo,4,5.0,0.4508308172225952
no se quien las invento,turismo,1,3.0,0.345234751701355
ahora resulta que estar vivo en méxico es ilegal 5 5millones me va conocer que maravilla,turismo,1,3.0,0.4502136707305908
cuántos dices que vendrán dime,turismo,1,3.0,0.3785375654697418
creo q porfin habla algo inteligente,turismo,5,5.0,0.6600744724273682
sorprendente presidenta y como los vaz a mandar a cuidar mejor q sea en otro lado mi méxico es hermoso y ahora está en tinieblas,turismo,1,1.0,0.8701349496841431
ahora si los policías se van hacer ricos los weyes,turismo,3,3.0,0.4343990385532379
excelente presidenta gracias,turismo,5,5.0,0.9878302216529846
ni a palos,turismo,2,1.0,0.4045020043849945
si no hay maíz no hay mundial,turismo,1,1.0,0.8950937986373901
en guadalajara también se le ocurrió la misma ide otez a lemus,turismo,1,1.0,0.7086543440818787
por mi esta bien pero que me aga un deposito de retiro sin tarjeta de unos 1 000 000 000 000 000 000 000 000 000 000 000 000 000 000 y ya veremos,turismo,4,3.0,0.7752325534820557
que estamos muy pinches feos,turismo,2,3.0,0.5152696967124939
usted tampoco querida,turismo,1,3.0,0.5174560546875
todos a salir de casa en junio,turismo,3,2.0,0.47067442536354065
ni mi ex me escondía tanto,turismo,2,3.0,0.45114925503730774
queremos seguridad y medicinas al pueblo no le interesa,turismo,1,1.0,0.8625850081443787
cuando pensó que era buena idea,turismo,3,3.0,0.44068241119384766
alguien dijo que protestemos contra las desapariciones para que los turistas conozcan la realidad de méxico,turismo,1,1.0,0.859896183013916
me da risa solo tonteras de este gobierno,turismo,1,1.0,0.9245923161506653
están viendo como esta méxico usted cree que vengan,turismo,3,2.0,0.39645856618881226
esa mujer piensa que puede controlar y jugar como juguete a las personas,turismo,3,3.0,0.4054510295391083
y la mentira me da risa,turismo,2,3.0,0.35557878017425537
que hagamos manifestación dice,turismo,1,3.0,0.8672705292701721
con la inseguridad quien va querer ir a mexico,turismo,1,1.0,0.9857221841812134
disculpa soy mexicana que no me quedé en casa yo así entendí,turismo,1,3.0,0.4745858609676361
va ser el mundial más aburrido sí es que no pasa algo canónico,turismo,4,4.0,0.4880869686603546
ok pero díganselo a mi jefecito porque me obliga a venir a la oficina,turismo,4,2.0,0.7565827369689941
que ese diga hagan una manifestación dice,turismo,1,1.0,0.9085353016853333
yo aún me preguntó que tiene de importante el mundial de fútbol que da o en qué beneficia esa madre,turismo,3,2.0,0.49308785796165466
los carteles se van a dar vida con los turistas a quien se le ocurrió darle el mundial a méxico,turismo,4,4.0,0.5744748711585999
y regresando ya no están completo,turismo,2,2.0,0.6632967591285706
que acaso la fifa no lo cancelo y va hacer ahora en eu,turismo,1,3.0,0.4659528136253357
solo les recuerdo que una mujer perdió la vida solo por salir en busca de empleo un enfermo desvivio a varias personas desde una pirámide de teotihuacan y el metro de la ciudad está en su peor momento razones para manifestarnos durante el mundial si tenemos,turismo,1,1.0,0.7738234400749207
como si fuera a venir medio mundo para la miseria de partidos que se jugarán en méxico,turismo,1,3.0,0.6833361387252808
cuántos secuestrados va haber,turismo,1,1.0,0.8290069103240967
si we dame dinero pa quedarme todo ese tiempo en mi ksa y paga netflix pa entretenerme erra,turismo,3,3.0,0.4230973720550537
eso me sono a reto,turismo,3,3.0,0.5690624713897705
no creo que vayan con el desmadre que trae doña limones,turismo,1,2.0,0.4611373841762543
y con ese recurso recabado aumentara la seguridad para los mexicanos,turismo,2,1.0,0.41523993015289307
porque siento como que abra millones de personas muy pronto en las calles,turismo,3,3.0,0.4537142813205719
chale apenas q aprendí a comer con cubiertos y decir buenas tardes,turismo,2,3.0,0.3647785484790802
si me paga mis 50 que ganó en el trabajo por ir 6 horas al día me quedo todo el año me da risa,turismo,4,3.0,0.37832510471343994
cómo ven si les podemos su mundial,turismo,5,5.0,0.9096987843513489
ya les diría que es mui inseguro,turismo,1,1.0,0.9427675604820251
claudianoestassola,turismo,5,5.0,0.489304780960083
pero primero seguridad porque si no va a valer madre,turismo,1,2.0,0.46099358797073364
que salgamos dice,turismo,3,2.0,0.6084809303283691
no lo creo q cuánto sinismo,turismo,1,1.0,0.9683278799057007
no loco voy a méxico menos con la falta de seguridad méxico necesita a lilly téllez,turismo,1,1.0,0.754991888999939
los que trabajamos en plazas autoservicios transportes públicos etc no hay que ir a trabajar para que no haya personal y haci estén cerrados y que que lo sugirió la clara brugada,turismo,1,3.0,0.40909790992736816
que miedo atención turistas méxico no puede ni con su gente menos con turistas,turismo,1,1.0,0.9724957346916199
se salen de contexto pero siempre tirando tierra sus propuestas,turismo,4,5.0,0.4495547115802765
shiembaum diciéndole adiós a esos visitantes me da risa,turismo,2,2.0,0.46210429072380066
soy mexicano no vengan a méxico la presidenta se está pasando de lanza la inseguridad está canija,turismo,1,1.0,0.987619161605835
chsm,turismo,3,1.0,0.44942528009414673
que hagamos una manifestación dice,turismo,1,1.0,0.9177036285400391
que salgamos dice,turismo,3,3.0,0.6084809899330139
q hagamos manifestación dice,turismo,1,1.0,0.8868566751480103
creo que esos días le voy a pedir a mi jefa que no sea home office a ver a donde salgo,turismo,2,2.0,0.3866535425186157
normal mente ando en mi cueva pero esos días estaré en la calle todo el prro día,turismo,3,2.0,0.4644779860973358
no venga por esta presidenta vale pa pura verg por favor ni vayan,turismo,1,1.0,0.961931049823761
esta feliz porque van andar ocupados sus patrones del cartel ahora si llenaran las fozaz,turismo,4,3.0,0.5419065952301025
en conclusión tendré más dinero y como es obvio no lo compartiré con el pueblo,turismo,2,3.0,0.5382176637649536
oigan esa mmda es neta que lo dijo,turismo,3,3.0,0.5633885860443115
con las ganas sequedaron ya esta confirmado no habrá mundial en méxico la culpa la tiene la presidenta por la inseguridad que se vive,turismo,1,1.0,0.9817686080932617
y con tanto campo de exterminio señora,turismo,1,1.0,0.9220893383026123
presidenta,turismo,5,5.0,0.9725053906440735
no puedes con los mexicanos,turismo,1,1.0,0.9227755069732666
urge la revocación de mandato,turismo,1,1.0,0.8816858530044556
mujer tenía que ser,turismo,2,3.0,0.37499070167541504
parece perfecta idea para desviar la atención,turismo,1,1.0,0.7867465615272522
no iba a salir pero ahora como que me están dando unas ganas de ir al ángel de la independencia varios dias seguidos,turismo,2,3.0,0.31888630986213684
se van a dar cuenta k estamos de la ve rga y k su gobierno es de la mierda,turismo,1,1.0,0.9330278635025024
me da risa cierren negocios para disfruten el mundial,turismo,3,3.0,0.41561901569366455
cd juarez ya no existe el turismo como antes que ivan gringos de texas new mexico denver pero no le inporta cd juarez chihuahua,turismo,1,1.0,0.6829413175582886
seria glorioso que la fifa anunciará que no habrá mundial por la inseguridad para ver qué dice la incompetente de claudia y sus solovinos del bienestar,turismo,1,2.0,0.9721234440803528
claro vamos a salir más esos días porque así somos los mexicanos,turismo,3,3.0,0.5824527740478516
fijate que no estaría mal yo trabajo de didi podré aaer home office desde mi casa,turismo,4,3.0,0.561450719833374
de eso si tiene información y hasta con detalle la señora pero qué tal de la inseguridad,turismo,1,2.0,0.9287317395210266
sigan esperando,turismo,3,,0.6147961616516113
el punto medio lo entendí pero fue muy mal planteado me da risa,turismo,2,,0.5805219411849976
ya escucho jefe que no voy a poder salir,turismo,1,,0.8426463007926941
uff monterrey tendrá turistas me da risa humor llorones,turismo,3,,0.49091193079948425
no creo así como está la delincuencia y tú no quieres hacer nada más que abrazarnos,turismo,1,,0.9684669375419617
que que quiere manifestaciones,turismo,1,,0.9108880162239075
quien se le antocaja de plantón esos días traemos carnitas asadas,turismo,3,,0.430413156747818
mejora la seguridad primero,turismo,2,,0.5236974358558655
que nos paguen y así no salimos ni a tocar la luz del poco jajaajjajaja,turismo,2,,0.45576757192611694
y si mejor van y limpian los ríos arreglan las calles remodelan parques abandonados en vez de un mundial que solo traerá contaminación y gente ya somos muchos,turismo,2,,0.7381510138511658
no que la gentrificacion,turismo,1,,0.6135739684104919
con el peligro k los secuestren,turismo,1,,0.5339048504829407
y cuántos van a regresar con vida a sus ciudades,turismo,3,,0.4341427981853485
ya me ví en el oxxo bailando con las de brasil,turismo,3,,0.5798550248146057
sale entonces me muero de hambre,turismo,2,,0.48504674434661865
yo a méxico no voy ni aunque me paguen el viaje todo pagado,turismo,1,,0.847683310508728
y como tienes esos datos si aún no pasa y apoko va estar como los tuburios esperando clientes pa poder ganar todos me da risa si me entiendes no,turismo,2,,0.47288012504577637
las soluciones del bienestar,turismo,4,,0.3603697717189789
que nos manifestamos,turismo,3,,0.39001381397247314
manifestación ya yeaaaaaa,turismo,1,,0.7333963513374329
nunca salgo pero ahora saldré nadamás para jod3r jajajajajajaa,turismo,4,,0.4180322587490082
que le pasa iba a aprovechar para salir más me da risa,turismo,3,,0.43245959281921387
que gusto me va a dar que en pleno mundial le cierren avenidas que protesten que vean que el país se está cayendo,turismo,2,,0.3647473156452179
como cuidara a esos visitantes,turismo,5,,0.5009976029396057
jajsja lo q dijo erick gerardo es comp decir q no es agua es h2o me da risa es lo mismo pero mas fino,turismo,3,,0.4467414915561676
tanto se la pasaban criticando a díaz ordaz de la masacre en tlatelolco y a si le valió y se efectuaron las olimpiadas del 68 ahora que otra vez hacen lo mismo sabiendo que estamos viviendo días de violencia,turismo,1,,0.5123727321624756
donde esta el sticker de que se vaya a la,turismo,3,,0.5172687768936157
si mataron al alcalde de méxico ella no dijo nada imaginarse a los turista pasa nada,turismo,1,,0.9542779326438904
q salgamos dice,turismo,3,,0.5767678022384644
que miedo ir a méxico,turismo,1,1.0,0.9736810326576233
mejor más hospitales en vez de gastar en tonterías,turismo,2,,0.6211768388748169
y pur culpa de la disque presidente ya no se va hacer,turismo,1,,0.7158664464950562
abajo el mundial,turismo,3,,0.5559554100036621
y tiktok inundando de turistas diciendo y aconsejando que no vayan a méxico por el tema de la inseguridad y por qué todo está carísimo,turismo,1,,0.9749772548675537
ojalá y dios quiera que nada malo les pase a esos visitantes digo por como está la inseguridad no valla hacer que terminen o desaparecidos o secuestrados,turismo,1,,0.9321250319480896
creo que quiere manifestaciones,turismo,1,,0.7910335659980774
que no compren el var,turismo,1,,0.6481534838676453
eso antes debieron de preveer,turismo,2,,0.4025246202945709
hay que hacer una tendencia para que fifa se lleve el mundial d3 méxico,turismo,1,1.0,0.37108689546585083
les damos vergüenza,turismo,1,,0.7484147548675537
y va a ir a tulam,turismo,3,,0.4313028156757355
uuy ya saben como nos encontramos los mexicanos con esta mal dita inseguridad mexico se desangra ahora la corrupcion nise diga,turismo,1,,0.9722180962562561
gracias presidenta tienes todo nuestro apoyo,turismo,5,,0.8669344186782837
ese nivel de inteligencia siempre eh pensado que tienen los políticos,turismo,3,,0.3303902745246887
yo por molestar si no salgo saldría por decirme que hacer,turismo,2,,0.3933510184288025
ahorita no estamos para esas cosas que se cancele,turismo,1,,0.8601426482200623
keeeeeeeeee,turismo,2,,0.5189076662063599
yo no quería trabajar esos días pero creo que hasta caminando me voy a ir,turismo,1,,0.427063524723053
méxico no lo quieres tu,turismo,1,,0.9353519678115845
deme 40000 a la semana mientras dure el mundial y tenemos trato,turismo,2,,0.3376094102859497
lo que dice es que ese día los niños no tengan clases y que la gente trabaje en home office para que puedan disfrutar del mundial,turismo,2,,0.34492427110671997
que salgamos dice,turismo,3,,0.6084809303283691
ya se le olvidó lo de cambiar los manzo,turismo,3,,0.43437182903289795
mis amigos y familiares que viajan s méxico desde estados unidos regresan sin ninguna novedad sanos y sin razguños y con mucha mercancía mexicana,turismo,2,,0.3948315382003784
lastima que en méxico es un país muy inseguro para los turistas,turismo,1,,0.9049760103225708
pues uno de los atractivo turístico de mexico es la gente por que somos cotorros amables divertidos si no no van a tener la experiencia completa,turismo,2,,0.42663851380348206
como cuando te llevan de comer al sótano para que no salgas y avergüences a la familia,turismo,1,,0.530218780040741
el peso de la copa,turismo,3,,0.46471038460731506
déjame adivinar es otra frase sacada de contexto verdad,turismo,1,,0.5373023748397827
solo entendí que quiere ptzs,turismo,1,,0.55986088514328
ps tiene un punto si todos salen imagínate el desastre que causaría la hora pico,turismo,1,,0.5374795794487
quién dijo eso que chsm,turismo,3,,0.4045875668525696
no me agrada mucho salir pero nomas por eso me voy a ir a dar la vuelta,turismo,2,,0.41855573654174805
no debe haber,turismo,1,,0.4006575644016266
que miedo ir a méxico y eso que soy de méxico,turismo,1,,0.9492830038070679
ora si yo voy a disfrutar de ellos,turismo,3,,0.5121517777442932
que salgamos dice,turismo,3,,0.6084809899330139
ana gomez,turismo,3,,0.3943443298339844
ojalá que todos lleguen bien de regreso a su país xq aquí en méxico hay magia se desaparece la gente,turismo,2,,0.36157533526420593
que no es por eso sí no para no tener un impacto ambiental peorr,turismo,2,,0.37767061591148376
concuerdo con ella,turismo,5,,0.5339870452880859
y cuantos regresarán salvos a su casas,turismo,1,,0.4222528636455536
y mi me darán home office esos dias asi por mi bien,turismo,4,,0.4586285948753357
cancelar clases cuando lo mejor es perder clase viendo el partido con amigos al menos yo no lo veía yo me ponía a platicar con mis amigas me da risa,turismo,1,,0.6739303469657898
la barredora se está frotando las manos,turismo,2,,0.5552766919136047
es como si te dijera no salgas de tu cuarto para que la visita se sienta agusto bro aquí vivimos,turismo,3,,0.5571383833885193
hay paises donde suele ser al revez,turismo,3,,0.48838135600090027
que salgamos a las calles a manifestarnos dice,turismo,1,,0.6360719203948975
sólo me parece bien lo de las escuelas por temas de seguridad a los niños,turismo,2,,0.5966627597808838
es encerio es mas importante el mundial,turismo,3,,0.5669877529144287
qué manera de dejar de un lado todo lo que estamos pasando,turismo,2,,0.4309166967868805
van a ir 5 5 millones y como están las cosas van a regresar 2 7 millones me da risa,turismo,2,,0.43461474776268005
perdón cómo esta eso,turismo,1,,0.5962206721305847
manifestaciones manifestaciones,turismo,1,,0.7375764846801758
entendido que salgamos todos,turismo,3,,0.6165947914123535
queeeeee,turismo,2,,0.5864447951316833
ya no me parece que cancelaron por la inseguridad y solo será en usa y canadá,turismo,1,,0.9119633436203003
okey a hacer marchas entendí perfectamente,turismo,5,,0.4597857594490051
y la inseguridad,turismo,1,,0.9681633710861206
no no y no,turismo,1,,0.8187357187271118
o creo con tanto desorden que hay,turismo,1,,0.6248878240585327
me gusta la idea pero solo si se pagan esos dias en los trabajos como dias de vacaciones,turismo,4,,0.8974764943122864
a cerrar estadios aunque nos cueste que en méxico nunca haya mundiales,turismo,1,,0.5095533132553101
que hagamos fiesta en las calles dice,turismo,3,,0.5079169273376465
entonces no van a ir a trabajar todo estará cerrado,turismo,1,,0.5082765221595764
yo entendí que durante ese tiempo salga todo el día,turismo,3,,0.6927412152290344
para que los roben ya sea los policías o los mismos delicuentes,turismo,2,,0.43790197372436523
pon el video o la nota un foto con un escrito como prueba,turismo,3,,0.46476230025291443
dice que todos salgamos a manifestarnos,turismo,1,,0.5763165950775146
se han dado cuenta que cómo quieres sabotear el pri y el pan los eventos y así todavía creen que alguien va a quererlos tener en la presidencia,turismo,1,,0.9498487114906311
a cuántos de ellos los van a por la inseguridad de méxico,turismo,1,,0.9567937850952148
los que vayan cuidence mucho por la casa inseguridad,turismo,1,,0.9717181921005249
y para cuando lo de carlos manzo,turismo,3,,0.5972231030464172
me han dado ganas de turistear mi ciudad con todos mis amigos y familia,turismo,5,,0.5677908658981323
mujer,turismo,5,,0.3761659860610962
cómo ella pensó que reaccionaríamos todos los mexicanos,turismo,1,,0.7300551533699036
y tú regandola,turismo,2,,0.4453696310520172
todo aquel que quiera venir nuestro bello méxico todos sean bienvenidos dejen de ver noticias amarillistas y tik tok en todos los países hay inseguridad,turismo,1,,0.9814283847808838
que dice helen,turismo,3,,0.645838737487793
me da risa viva morena me da risa me da risa,turismo,2,,0.4766237735748291
le preocupa mas el mundial la señora que el país esta mal,turismo,1,,0.6727949976921082
nuestra oportunidad para manifestarnos,turismo,5,,0.5404090881347656
cuánta lana tubo que soltar o acaso es otra cortina de humo para no aser la marcha el 14 o 15 de noviembre,turismo,2,,0.5258551239967346
ps ahora salgo más y con pancartas en mano,turismo,3,,0.5887290835380554
cuantos muertos pueden haber,turismo,1,,0.8471837043762207
yo solo escuche que salgan,turismo,3,,0.5039782524108887
dios quiera y los otros paise se unan y mo vayan muy muy peligroso mexico muchos cuidado,turismo,1,,0.8686585426330566
no olvidemos a carlos manzo,turismo,1,,0.37613368034362793
pobre de ellos ojalá no los maten,turismo,2,,0.6174851655960083
bueno empiece por cancelar las citas en imss,turismo,1,,0.5296722650527954
que salgan todos y muestren el hermoso tráfico de la vida diaria,turismo,1,,0.714902937412262
y de que sirve si los impuestos del mundial van a correr por cuenta del pueblo,turismo,3,,0.4175598919391632
y ciudad de méxico sin aeropuerto con capacidad para el mundial,turismo,2,,0.4198906123638153
que hagamos de las nuestras dice,turismo,3,,0.4910571873188019
méxico,turismo,3,,0.3899948298931122
me da risa suerte con las empresas que hacen producción,turismo,3,,0.48333853483200073
jajajja me sentí como bebé paloma escondido por que le avergüenzo a mis padres jsjsjsjs,turismo,2,,0.33797651529312134
nunca le digas a una persona que hacer porque siempre hará lo contrario y peor,turismo,1,,0.6563167572021484
que muero ir a méxico,turismo,1,,0.7916311621665955
sorry nosotros no iremos,turismo,1,,0.8819974660873413
visitantes se escribe con m de mujer,turismo,3,,0.4759504795074463
y el aero puerto de san miguel allende,turismo,3,,0.321027547121048
por 3 pinches partidos,turismo,2,,0.4579485356807709
a bueno si ellos nos van un cheque de 100 000 pues no salgo para que no vallamos a trabajar y nos paguen las renta el agua la luz comida,turismo,3,,0.40338632464408875
si no salgo de mi casa como crees que le voy hacer para probar el producto extranjero,turismo,1,,0.4528447389602661
y la seguridad dónde quedó,turismo,3,,0.4086931645870209
habló el experto,turismo,3,,0.3424972891807556
y cuantos de esos volverán ah sus hogares,turismo,2,,0.45587357878685
es que no van a terminar los arreglos del transporte a tiempo y no vamos a caber en los rtp metro ni mexibús,turismo,2,,0.6436865329742432
ya cancelaron el mundial para mexico ya esta confirmado los partidos seran en estados unidos y canada en mexico no ay seguridad,turismo,1,,0.8790313005447388
que miedo ir a mexico es uno de los países mas peligrosos de latinoamerica,turismo,1,,0.981189489364624
ara eso si ahí dinero pero para proteger al pueblo ni madre dice,turismo,3,,0.3706244230270386
suban la información bien si lo dijo por escrito suban las capturas si lo dijo en un en vivo suban la parte del en vivo si van a informar informen bien,turismo,2,,0.4290570616722107
yo no iba a salir pero ahora me veo en la necesidad de salir esos días,turismo,3,,0.3820725083351135
no hay que ser groseros me dice mi mamá que cuando haya visita tengo que salir a saludar,turismo,3,,0.43123653531074524
si no te cancelan el mundial,turismo,1,,0.8274871706962585
como tal no digo eso pero lo peor es que si lo da a entender,turismo,4,,0.6709860563278198
cómo e dicho no porque sean de morena quiere decir que son buenos políticos eso hubiera pesando antes de el mundial como solucionar ese problema,turismo,1,,0.7415869235992432
awuiwi quiero ver manifestantes es la más perfecta ocación,turismo,5,,0.3991682231426239
así hubiera invertido en los hospitales,turismo,2,,0.5006647706031799
jajajkaja neta no es rage bait,turismo,3,,0.49895137548446655
revocación de mandato,turismo,1,,0.8313332200050354
y que tal si mejor renuncia,turismo,3,,0.46111541986465454
que una manifestación dice,turismo,1,,0.9359365105628967
no me gusta me da risa,turismo,1,,0.5075139999389648
todo por eso tlaloc hará lo suyo lluviaaaa,turismo,3,,0.48235273361206055
fifa ojooo méxico está super insegurooo,turismo,1,,0.9793790578842163
ablan de todo menos de carlos manzo,turismo,2,,0.525861382484436
no ma no que iban a suspender neta que vergüenza,turismo,1,,0.8459559082984924
primero méxico y después el dinero ya no tenemos medicamentos y la delincuencia el dia de hoy no me deja trabajar no necesito un mundial necesito un mexico seguro para recibir ingresos hoy,turismo,1,1.0,0.9656867384910583
tenía que ser,turismo,2,,0.5201387405395508
la policía se frota las manos de imaginarse,turismo,1,,0.7827620506286621
que quiere que agamos manifestaciones,turismo,1,,0.8449776768684387
me da risa qué mmada me da risa,turismo,3,,0.5425255298614502
la cancion de la carencia de panteón rococo fue lo único que se me vino a la cabeza al leer esto,turismo,2,,0.3535279333591461
manifestación,turismo,1,,0.7514854669570923
en jalisco van a suspender clases para que no haya tanta gente en la calle,turismo,1,,0.494078665971756
y crees claudia que deja mas dinero un mundial que todo inmigrante mandando dinero a mexico y visitando a nuestros pueblos ciudades y ranchos año con año claro si trabajaras en mejorar la seguridad del pais primeramente,turismo,1,,0.661891758441925
turistanovengasamexicoportuseguridad,turismo,5,,0.3419404923915863
que salgamos dice,turismo,3,,0.6084809899330139
oigan tienes razón hay que hacerlo así que los vendedores ambulantes los que venden los tacos los que venden en turismo todo lo que tenga que ver con trabajos sin importar que nos vamos a hacer esos ya sin trabajo así que los turistas pueden explorar pero lástima no se podrán llevar recuerdos porque nadie va a trabajar esos días ni los que venden para los turistas pero qué se les puede hacer hay que respetar porque es buena idea,turismo,2,,0.3356775641441345
cuba,turismo,3,,0.42210257053375244
ojalá cancelen la fifa a menos de que hagan algo con su narco gobierno,turismo,1,,0.9508342742919922
300dlls al día y hablamos,turismo,5,,0.38566887378692627
me da risa,turismo,3,,0.5177317261695862
a webo las nuevas soluciones bienestar,turismo,3,,0.4157096743583679
ya los conto,turismo,3,,0.5962046384811401
mil veces aldita claudia,turismo,5,,0.4337473213672638
y van a trasparentar todo el ingreso o lo repartirán en la nómina de morena,turismo,2,2.0,0.6247739791870117
que dijo que salgamos todos para que nos vean los turistas jajajajaa,turismo,3,,0.4006633162498474
si me dan para ir de vacaciones yo con gusto me largo los días para los que me alcancen,turismo,4,,0.6304539442062378
no gracias,turismo,1,,0.7065195441246033
si tan solo hubiera empezado el aeropuerto de peñas nieto otra casa sería,turismo,3,,0.4024886190891266
que nos manifestamos dice,turismo,1,,0.45442330837249756
como le van a hacer para darle servicios el aeropuerto apenas puede mover a los locales,turismo,3,,0.40665239095687866
y quién va a poner el ambiente,turismo,3,,0.3750151991844177
para todos los que dicen que la inseguridad pues de una vez les informo que ya todo está en carpetas de investigación asi que no se preocupen y para el mundial habrá un chingo de seguridad lo que jamás en años se ha visto ya lo verán para ese día méxico será diferente solo en lo que pasa el mundial ja,turismo,1,,0.980024516582489
cuantos turistas ya no regresarán a sus países así como está la inseguridad en méxico,turismo,1,,0.9755187034606934
km mexicano no me gusta q compartamos mundial con eu y canadá me parece injusto siempre a sido d un solo país los mundiales q poca m,turismo,1,,0.8217061161994934
esta mujer s ve enferma se ve que no ha dormido,turismo,1,,0.5340666770935059
creo que no es la persona indicada para decir eso,turismo,1,,0.5329575538635254
sino nos pueden cuidar a nosotros menos los turistas,turismo,3,,0.39317789673805237
ni de loco voy a méxico,turismo,1,,0.6654563546180725
mi mamá diciéndome que no salga de mi cuarto cuando hay visitas,turismo,3,,0.5073249936103821
lo tomaré pero me ofende muchísimo y por que no dejarlo así después del mundial,turismo,4,,0.7269793152809143
que valor de los turistas,turismo,2,,0.38917630910873413
justanorangecat hake406 gámez u u muffintime,turismo,3,,0.37792038917541504
y con un país lleno de inseguridad como le harán,turismo,1,1.0,0.9709478616714478
me da risa para decir en mi trabajo que me dieron permiso de faltar,turismo,2,,0.4111049175262451
de por sí ya es un caos la cdmx,turismo,1,,0.5343988537788391
todo muy bonito pero ojalá no sean víctimas del crimen organizado no pueden brindarnos a nosotros seguridad menos a los turistas,turismo,4,,0.38561487197875977
que salgamos dice,turismo,3,,0.6084809899330139
cómo que me dan ganas de salir en pijama y despeinada todo el día,turismo,2,,0.4886339604854584
que hagamos fiesta al lado del mundial dice,turismo,3,,0.5272705554962158
más bien salgamos hay que disfrutar de los turistas,turismo,3,,0.523979902267456
yo no quería salir para evitar el tráfico ahora tendré que salir,turismo,1,,0.8095400929450989
no salgan de sus casas para que no asusten a los turistas faltó decir,turismo,2,,0.48471081256866455
ya quiero ver a esos futbolistas,turismo,3,,0.5321646332740784
cómo que suspender clases en mi niñez el maestro nos puso a ver el partido en el salón de clase,turismo,1,,0.6652966141700745
pobr3s turistas que no volverán asus países en un país peligroso que se le ocurrió hacer mundial a fifa,turismo,1,,0.8918716907501221
que salgamos entendí,turismo,3,,0.599213182926178
yo tengo otra idea,turismo,3,,0.5358918905258179
wuuaaaooo excelente,turismo,5,,0.8470836877822876
wey me da risa hace meses estada asiendo burlas de eso con mi familia y ahora resulta que se hizo realidad,turismo,3,,0.46088072657585144
p,turismo,3,,0.3841954469680786
no soy alguien de salir mucho pero ya estuvo que esos días si o si voy a estar en la calle,turismo,3,,0.42752349376678467
soy mexicano y ojalá cancelen el mundial en méxico,turismo,1,,0.8697392344474792
la marina de estados unidos va a visitar a mexico,turismo,3,,0.420634001493454
detesto el futbol y no me gusta salir pero que les parece si esos días nos organizamos y salimos todos solo por molestar,turismo,1,,0.5382753014564514
que quiere una manifestación,turismo,1,,0.9578681588172913
mientras me paguen mi salario no hay pex me quedo en mi casa,turismo,3,,0.32683366537094116
que quiere manifestaciones dice,turismo,1,,0.9326744079589844
se me hace una falta de respeto,turismo,1,,0.4977073669433594
cómo sabe que le pago sus viajes o que de dónde saca ese dato,turismo,3,,0.43098220229148865
por qué se quejan es una sugerencia aceptable va a ser un maldito caos la ciudad,turismo,1,,0.9469521641731262
hay que bendición trabajar desde tu casa bien cómodo,turismo,5,,0.466659814119339
pobres turistas van a venir con un chingo de miedo ya que morena está con la delincuencia,turismo,1,,0.9694010019302368
está horrible viajar en méxico el tráfico está horrible y la inseguridad,turismo,1,,0.9866484999656677
hay que sabotear el mundial,turismo,1,,0.9192937612533569
demasiado peligroso yo jamás viajo a méxico aunque me encanta mucho el paiz pero muy peligroso,turismo,1,,0.5592623353004456
si me dan el día en mi trabajo va,turismo,3,,0.4255838394165039
cómo que me dan ganas de viajar a cdmx ese día,turismo,3,,0.5152794122695923
mi humilde opinión,turismo,1,,0.6131312847137451
clara brugada,turismo,3,,0.4681437015533447
osea vamos a salir,turismo,1,,0.48915669322013855
si me pagan esos días con gusto no salgo ni a tomar la luz del sol,turismo,2,,0.4477752447128296
ahí que salir solo molestar quien está conmigo,turismo,1,,0.5466585159301758
en verdad está sra está de jefa de gobierno,turismo,1,,0.9575602412223816
acuerden va aver secuestros también con esta presidenta,turismo,1,,0.9422472715377808
si me dan 500 000pesos y uno taquitos de pastor lo ago con gusto,turismo,3,,0.5313007235527039
es broma verdad,turismo,3,,0.47222763299942017
entonces los comerciantes guías turísticos restaurantes hoteles y demás no abran y disfrute su día en casita me gusta,turismo,4,,0.5308956503868103
que miedo ir al mundial a méxico,turismo,1,,0.9656133055686951
god bless mexico,turismo,1,,0.9795528054237366
como si estan cerrados los aeropuertos,turismo,2,,0.5060897469520569
ni mi casi nada me ocultó así,turismo,3,,0.47622111439704895
es broma verdad,turismo,3,,0.4722275733947754
pues usted no me manda,turismo,1,,0.47672173380851746
cosas que nunca dijo,turismo,1,,0.8601797819137573
a caray y quién nos va a mantener,turismo,4,,0.4414199888706207
yo creo que ya no vendrá nadie,turismo,1,,0.6326486468315125
soy de guadalajara y me da vergüenza de cómo está de sucia la ciudad sobretodo en zonas como la americana y zona centro quitaron los botes de basura según porque ya no les pagaron la concesión alguien sabe algo de esto,turismo,1,,0.9196568727493286
cuantos vuelos va a recibir el aifa,turismo,3,,0.47422266006469727
oilaaaaaa,turismo,2,,0.5028608441352844
no es mala onda pero va haber un robadero y ahí la gárgola se va hacer la que no sabe como es su costumbre,turismo,4,,0.5524061918258667
hay q salir todos,turismo,3,,0.5456324815750122
será el mejor mundial y el pais muy hermoso,turismo,5,,0.9820446968078613
a ver si no los desviven,turismo,3,,0.4050354063510895
pero hay que salir a ligar,turismo,3,,0.35007432103157043
todos saliendo a las calles,turismo,2,,0.4355599582195282
que smosh en la plaza dice,turismo,2,,0.4735851585865021
oscar ceh,turismo,5,,0.48078805208206177
si y van a mirar el desmadre que tiene méxico y aver si no se los levantan,turismo,1,,0.7944148778915405
que salgamos dice,turismo,3,,0.6084809899330139
a si como está la seguridad no creo,turismo,1,,0.591621994972229
pero si solo habrá 13 paridos y varía de local de méxico dudo mucho con todo respeto que haya más de 1 millón de personas,turismo,3,,0.3696230351924896
y la inseguridad,turismo,1,,0.9681633710861206
habiendo cosas más importantes se pone a hablar de pendejadas fuera morena,turismo,1,,0.6657440662384033
ni mi mamá se avergüenza tanto de mi,turismo,2,,0.5169307589530945
soy de la cdmx pero la verdad que ni vengan esta mujer debería ver mejor la seguridad de mi país antes de todo si es una basura de seguridad,turismo,1,,0.5835247039794922
iban a venir,turismo,3,,0.5456944108009338
ya lo dijo fox cenas y te vas,turismo,3,,0.5368906855583191
y a esos también los va a desaparecer,turismo,2,,0.5824389457702637
que nos manifestamos va,turismo,3,,0.3973817825317383
como que ya me dieron ganas de trabajar e ir a la oficina esos días y lo mejor está a la vuelta del estadio,turismo,3,,0.459725022315979
que salgamos diceee,turismo,3,,0.605191707611084
2 de octubre no se olvida,turismo,3,,0.4193442761898041
y usted cree que la gente va a ir después de todo lo que está pasando en méxico,turismo,2,,0.42354488372802734
dice que hagamos manifestaciones,turismo,1,,0.6477497220039368
ni iba a salir porque que hueva y que oso el fútbol pero adivina qué mi ciela,turismo,2,,0.5186614394187927
de miedo de los narcos yo no iría ni aconsejo que vaya nadie con ese narcogobierno y corruptos,turismo,1,,0.9848614931106567
ya lo canceló fifa se va para canadá oh eeuu,turismo,1,,0.7597628235816956
queeeeee carajos ay que salir más y aser ver al mexicano que somos viva méxico lindo,turismo,2,,0.45826631784439087
televisa he hechara a perder con sus jugadores el evento ya se sabe,turismo,1,,0.7157455682754517
la fifa ya cancelo por mucha inseguridad en méxico,turismo,1,,0.9821372628211975
pues por ahí dicen q la fifa ya no quiere ir a méxico,turismo,1,,0.7905067801475525
con el simple echo de ver esa calaca ninguna noticia es importante puro circo no me arrepiento de no aver votado por ella,turismo,1,,0.8930243253707886
ya saben si vuelven a votar por una mujer,turismo,3,,0.34908559918403625
no sería mejor reparar el metro para que todas las líneas y las unidades estén en funcionamiento,turismo,2,,0.5361325144767761
yo tengo una mejor y si todos los locales se cierran,turismo,2,,0.554558515548706
mate eso nunca pasó,turismo,1,,0.6285578012466431
chin tiene que hacer un fuerte gasto para el mundial ojalá que con eso se pueda recuperar la bolsa,turismo,2,,0.5232683420181274
mejor invertir en las carreteras de los pueblos,turismo,2,,0.5510978698730469
teotihuacán 20 de abril dando una buena imagen a los turistas,turismo,5,,0.5927315950393677
me da risa que los trabajadores tampoco salgan para que los turistas disfruten,turismo,3,,0.4437224268913269
lo más gracioso que dijo qué vara movilizar en transporte público o a los turistas,turismo,1,,0.4047090709209442
claro meto a mi cuarto de servicio en lo que los invitados andan en mi casa,turismo,2,,0.4151502847671509
ahora resulta que ni en mi propio país me quieren,turismo,2,,0.4285803437232971
a cómo está la inseguridad no creo que lleguen,turismo,1,,0.9835410714149475
no lo dijo exactamente con esas palabras pero es lo que dió a entender,turismo,3,,0.4104248285293579
es familiar de la que dice que si no pueden comprar gasolina premium que compren la magna,turismo,3,,0.3815939128398895
y no le da vergüenza tanta inseguridad,turismo,1,,0.9863320589065552
si me pagan con gusto no salgo es más ni abro las ventanas oh pero que no me lo quiten de mis días de descanso oh y que me den mi despensa por qué no como aire,turismo,3,,0.4256270229816437
con la inseguridad no creo,turismo,1,,0.9800642132759094
hoy solo se habla de fudbol,turismo,3,,0.4028880298137665
ya un político habla de eso esas noticias son para canales de noticias,turismo,3,,0.35642996430397034
uuufffff que complicado si en méxico desgraciadamente la inseguridad es el tema más importante,turismo,1,,0.686099648475647
y luego a mty,turismo,3,,0.5594850182533264
soluciones del bienestar,turismo,5,,0.3650504946708679
uyyy los meros estados q goviernan los malillos cuidadooo cuidadooo,turismo,2,,0.509151816368103
deberiamos de evitar que el mundial lo hagan aqui como manifestacion a su asqueroso gobierno a la inseguridad a la corrupción a la falta de medicamentos si no puede cumplirle ni a los mexicanos en materia de seguridad que les espera a los extranjeros,turismo,1,,0.9764654040336609
a vaya en nuestro país ya no vamos a poder salir,turismo,1,,0.9206958413124084
clara brugada,turismo,3,,0.4681437015533447
y para que si la seguridad del país está mal y aparte los policías solo los van a infracciones por cualquier cosa no ai tolerancia de nada ojalá no venga nadie el trafico horrible hoteles caros con toda la reducción de carriles nunca llegarán a los partidos,turismo,1,,0.9491272568702698
es es el problema dar una buena impresión de méxico eso significa que no damos buena impresión la pregunta es que ha hecho el gobierno para cambiar eso,turismo,1,,0.6300837993621826
ya se dijo se suspende el mundial 2026 por ser una pais muy inseguro sera en eeuu el mundial,turismo,1,,0.9432594180107117
la neta nose porque mexico se sigue estando en el top paises mas visitados del mundo y vienen literal de europa y varias partes del mundo segun estatisticas apesar de saber lo inseguro que es siguen yendo,turismo,3,,0.3063793182373047
ahora de puro coraje saldré el día del mundial,turismo,5,,0.8344089984893799
pero si mis papás me obligaban a salir de mi cuarto para saludar a la visita,turismo,4,,0.6194497346878052
creo que no entendieron me da risa aparte es el punto de vista estuve viendo más no investigando se dice que esto se hizo por el impacto ambiental además de que ya está tan bien jodida la cdmx lo quieren aprovechar para visibilizar más lugares del país por lo que sería más un dispersar el turísmo por todo el país e impulsar la economía local si no me equivoco si me equivoqué discúlpenme y los invito a investigar y corregirme,turismo,1,,0.47960105538368225
será una cortina de humo,turismo,2,,0.506583571434021
para los turistas si va ver mucha vigilancia y para los mexicanos que sigue la inseguridad,turismo,1,,0.8957011103630066
mientras me den unos 1500 diarios qué es lo que gano al día no salgo ni a la esquina,turismo,3,,0.4244883358478546
que molestemos a los turistas dice,turismo,1,,0.642803430557251
y por eso es que está viendo de dónde sacar dinero subiendo impuestos poniendo impuestos nuevos dejando a la salud sin medicamentos pero falta que la fifa quiera por la violencia que hay en méxico,turismo,1,,0.4671855866909027
pobres que le piensen para venir uno como quiera,turismo,2,,0.5452892184257507
no creo,turismo,1,,0.744718611240387
naa a ese narcoestado no señor,turismo,3,,0.34270331263542175
méxico no es seguro,turismo,1,,0.8712373971939087
todos hay que salir a manifestarnos de todas las cosas malas que hay en méxico,turismo,1,,0.9643269777297974
y si mejoran la infraestructura de la ciudad y si mejoran los caminos y si mejoran el transporte público y si ponen primero a peatones y ciclistas en vez de los vehículos ahora la culpa es de nosotros,turismo,2,,0.6249134540557861
que lo cancelen no queremos futbol queremos seguridad en todo mexico,turismo,1,,0.9506734013557434
vamos todos a hacer manifestación por todos lados,turismo,1,,0.7221989631652832
y dónde madres los vas a meter si no puedes con el caos del periférico,turismo,2,,0.46544766426086426
que van a cerrar reforma que que,turismo,2,,0.47051748633384705
mexico mejor que nunca solo claudia sheinbaum,turismo,3,,0.37961581349372864
el aifa,turismo,3,,0.4919554591178894
estás segura,turismo,3,,0.5656062960624695
se va a quedar con las ganas de ver eso,turismo,3,,0.46432578563690186
ni mi ex se avergonzó tanto de mí,turismo,2,,0.4800868332386017
uno con gusto la cosa es si mi trabajo lo vea así me da risa,turismo,3,,0.5205235481262207
inversión para quien mejor invierte en la ceguridad y gente te gastas menos,turismo,1,,0.4484994411468506
qué maravilla los locales encerrados para que los turistas tengan la ciudad sola alguien le explica que esto no es un parque temático,turismo,3,,0.3665875196456909
que no salgan todo el año mejor,turismo,2,,0.5889752507209778
que me pague el día en el trabajo y no salgo ni a la esquina,turismo,2,,0.5934523344039917
que saturemos la ciudad como si fuera hora pico,turismo,2,,0.5233094096183777
carlos manzo,turismo,3,,0.4566609561443329
para que los regales a tus chairos,turismo,3,,0.4138714075088501
ocupó 5 personas para agarrar unos 3 árabes salimos de pobres por qué salimos,turismo,2,,0.46499764919281006
ahorita con lo que está pasando lo dudo,turismo,2,,0.40987730026245117
yo escuché que cierren las vías principales,turismo,2,,0.602282702922821
mejor le hubieran puesto aeropuerto maximiliano de habsburgo o aeropuerto emperatriz carlota,turismo,2,,0.4421062171459198
vivo en méxico y tengo miedo de salir me da risa,turismo,1,,0.838201642036438
no comenten nada porqe les abre una,turismo,1,,0.7090584635734558
cortina de humo por lo de carlos manzo,turismo,2,,0.376275897026062
no cabe duda que estos gobernantes son un meme sin sentido,turismo,1,,0.45562347769737244
creo no se hará ya,turismo,1,,0.4628339409828186
buena idea mala explicación de ella,turismo,1,,0.7425545454025269
por eso urge tapar la inseguridad,turismo,1,,0.9690366387367249
no queremos mundial queremos seguridad,turismo,1,1.0,0.9833844900131226
no creo la fifa ya lo cánselo porque que tu gobierno está manchando de sangre claudia,turismo,1,,0.9339560270309448
terror ir a méxico,turismo,1,,0.9751010537147522
jajajajaj,turismo,3,,0.48176223039627075
que,turismo,3,,0.5535731911659241
ya ni mi ex cuando m presumio en cf,turismo,3,,0.5131102800369263
uy sí se ve bien orgullosa para el mundial claro que hay remodelación ahí sí todo es rapidísimo pero para los mexicanos que llevan años pidiendo mejoras nada baches inseguridad policías corruptos y todavía lo presume como si fuera un logro enorme,turismo,3,,0.3463759124279022
yo estoy de acuerdo que los que trabajan en gobierno no salgan de sus casas para que no nos dejen en ridículo y los turistas disfruten,turismo,1,,0.49942994117736816
no creoooooo,turismo,2,,0.36344805359840393
aún país lleno de violencia,turismo,1,,0.9072657227516174
no puede con los del pais podra con visitas,turismo,1,,0.8047987222671509
ojalá y lo cancelen,turismo,1,,0.6332935690879822
como que me dieron ganas de salir de mi casa,turismo,2,,0.41239407658576965
y la ciudad está hecha una cochinada,turismo,2,,0.4821382761001587
noo y todas las cosas que pasan como lo de teotihuacan no dan una mala imagen de como está el país,turismo,1,,0.7962419390678406
para 10 partidos,turismo,3,,0.4236728847026825
si la fifa está considerando quitarle la cede por la inseguridad me da risa que se puso a hablar,turismo,1,,0.9543664455413818
yo no iria mucha insegudad,turismo,1,,0.6580474972724915
mejor lo veo aquí en canadá,turismo,3,,0.4886054992675781
depende si me pagan ni me asomo fuera de mi casa,turismo,3,,0.38183197379112244
no la chinguen ajjsjsjs,turismo,3,,0.4835169017314911
soy de perú,turismo,3,,0.619979977607727
si me dan home por mi bien pero que sea todo el año alv,turismo,4,,0.5934464931488037
ni me gusta el fútbol pero por mis ovarios qué esos días afuera voy a estar,turismo,2,,0.5818140506744385
q me pague y no salgo,turismo,1,,0.3795165717601776
que vergüenza que se descarrile el tren,turismo,1,,0.8881804943084717
que nos espera a todo allá bueno,turismo,3,,0.3325887620449066
cuando no sabes lo que es trabajar y solo estirar la mano,turismo,2,,0.4698631763458252
a quien se le ocurrió esa brillante idea,turismo,3,,0.435527503490448
no por qué se desaparecen me da risa,turismo,1,,0.38648682832717896
nunca voy para la cdmx pero como que se me antojo ir a hacer una protesta justo por esos días del mundial,turismo,1,,0.38230299949645996
ojalá y no se haga de chidos,turismo,2,,0.4131793677806854
ahora con mas razón voy a salir,turismo,2,,0.5961626172065735
pero no abra balazos ose abrirá una investigación,turismo,2,,0.28817859292030334
demuestren su talento chicooos,turismo,3,,0.5597741007804871
si fifa no pago impuestos que no vengan,turismo,1,,0.8831875324249268
pero los vuelos para bajar a cdmx en los dos están muy caros para bajar desde tijuana yo compre a morelia m salio la mitad q iva a pagar de 5000 a 2200,turismo,2,,0.43734627962112427
que salgamos todos dicen,turismo,3,,0.5537223815917969
ya los contó o que,turismo,3,,0.6091089248657227
no creoooooo,turismo,2,,0.36344805359840393
ahora más escándalo habrá y tendrá que soportar,turismo,1,,0.7569671273231506
su aeropuerto isra que ni las pulgas se paran alla,turismo,3,,0.4602058231830597
ni gratis me voy a méxico,turismo,1,,0.4705876410007477
full vergüenza que vengan y vean todo el desmadre que hay en méxico,turismo,1,,0.9809930324554443
iban a ir,turismo,3,,0.4257875382900238
espera qué,turismo,3,,0.4503638744354248
nos van a dar algo por no salir porfirio díaz daba pulque ustedes que ofrecen,turismo,1,,0.7719936370849609
ya dijeron chicos manifestación durante todo el mundial,turismo,1,,0.5212095975875854
paso 5 5 millones de turistas robados se irán ya tanto los policías tránsitos y delincuencia organizada se están preparando más q nadie para recibirlos,turismo,1,,0.9418710470199585
to de por sí no salgo,turismo,3,,0.4518015384674072
hay weyyyyy,turismo,3,,0.43270939588546753
yo ni caso le voy a hacer,turismo,1,,0.47002848982810974
jajajaj que que dijoooo que saliéramos todo el dia va,turismo,3,,0.5221607685089111
haber cuántos regresan a sus casas,turismo,2,,0.4964304268360138
y de los 5 millones a cuantos van a desaparecer,turismo,2,,0.5434443950653076
manifestaciones,turismo,1,,0.7619807720184326
no vengan hagan caso antes de que lo lamenten,turismo,1,,0.8811925649642944
ya escucharon comerciantes y comercios no salgan de sus casas no habrán sus restaurantes no salgan a vender elotes no salgan a dar servicios no hay que molestar para nada a los turistas,turismo,1,,0.8362771272659302
no queremos mundial queremos seguridad y justicia,turismo,1,,0.9873478412628174
que me van a pagar esos días o que,turismo,3,,0.5010282397270203
no pudo brindarle seguridad a 1 y ya va quererle ofrece seguridad a todos ellos me da risa,turismo,1,,0.6843334436416626
no pensaba salir pero ahora me lo tome personal,turismo,4,,0.47346240282058716
a cerrar estadios,turismo,1,,0.4907185137271881
que salgamos todos dice me da risa,turismo,3,,0.48817360401153564
a mi no me gusta salir pero solo por eso voy a salir justo cuando sea el mundial,turismo,2,,0.33569228649139404
lo siento mi distinguida presidenta ya el mundial no se llevará a cabo en méxico todo gracias a la inseguridad me imagino que ya tiene una carpeta de investigación,turismo,1,,0.9253922700881958
es chiste verdad,turismo,1,,0.9069113731384277
y de a cómo estamos hablando,turismo,3,,0.5547879338264465
mejor iré a usa a verlo,turismo,2,,0.4882463812828064
y de que sirve si no pagarán impuestos y nosotros seguimos pagando ojalá y no vengan y se cancelen los partidos de méxico,turismo,1,,0.8763718008995056
ok paguen los días de trabajo que no podemos salir y me quedo en mi casa la vd,turismo,3,,0.5297198295593262
todos a la calle ese día por favor,turismo,3,,0.35722118616104126
no qe la fifa lo había cancelado,turismo,1,,0.8420016169548035
méxico quiere a morena fuera,turismo,1,,0.835519552230835
si señora pero no es gracias a morena el mundial no es gracias a morenaaa,turismo,1,,0.4978262782096863
y le da orgullo tener al pais como lo tiene para que lo vean 5 5 millones me da risa esa ruk no tiene vergüenza,turismo,1,,0.39099791646003723
y si nos manifestamos,turismo,3,,0.4982406497001648
les juro que yo no voté por esa señora sabía que durante los 9 años que gobernó iztapalapa hizo un desastre,turismo,1,,0.831759512424469
simon que depósiten y se cumple,turismo,3,,0.3934168517589569
si tienen la oportunidad de venir a méxico desaprovechenla está bien clera,turismo,1,,0.7822484374046326
ojala se cancele,turismo,1,,0.664946436882019
ni que fuera pandemia,turismo,1,,0.6692278385162354
me dieron ganas de salir mucho en junio,turismo,3,,0.4630974233150482
ya la contajio claudia,turismo,3,,0.5298395752906799
que salgamos todos dicen,turismo,3,,0.5537225008010864
todo el dinero que van a bajarle a los turistas,turismo,2,,0.43320876359939575
me iba a quedar en mi casa pero creo que ahora tengo que hacer planes con mis amigos,turismo,3,,0.42305222153663635
el mismo gobierno se avergüenza de sus ciudadanos pero no del dinero que sale de sus carteras mira nada más cuando el turista vale más que el local,turismo,1,,0.7830079793930054
revocación de mandato presirvienta buena para nada,turismo,1,,0.9332794547080994
siento que decir eso solo va hacer que salgan más me da risa,turismo,3,,0.48370853066444397
manifestación,turismo,1,,0.7514852285385132
conmigo no cuenten,turismo,1,,0.5668231844902039
jamaaaaaaaas,turismo,1,,0.36937788128852844
no es un país ceguro para un evento de esa magnitud,turismo,1,,0.7511134147644043
en mty el samuel tambien dijo algo asi,turismo,3,,0.6490595936775208
primero que aprenda a usar bien los colores,turismo,3,,0.36229878664016724
por q la gente le tienen miedo a méxico las extrangeras teresibimos con a plauso con mariachi y muchos mas,turismo,1,,0.9568913578987122
9mil millones de pesos y que pasa con las calles baches mejor que invierta en las calles remodele bulevares,turismo,2,,0.5984449982643127
que en paz descansen futuros turistas,turismo,3,,0.3127719759941101
por el bien de méxico que 20 de los turistas vean una experiencia narco,turismo,1,,0.8696821331977844
a como está el país deverian de tenerle miedo y más con una presidenta como ella,turismo,1,,0.9686518311500549
que agamos una marcha dicee,turismo,2,,0.34361937642097473
ahora resulta,turismo,3,,0.5995900630950928
nadien va ir a tu porquería fifa se mueve a usa,turismo,1,,0.7642682194709778
nel que se atoren 2h en el tránsito igual que yo,turismo,3,,0.5013238191604614
soy de mexico y la neta no vengan,turismo,1,,0.7129231691360474
remodelando con 9 mil millones de pesos cuanto me dura eso como tres vidas presidenta regáleme un millón que le cuesta,turismo,3,,0.38331133127212524
que me vale y tengo que ir a trabajar dice,turismo,2,,0.42925769090652466
podré negar a mi ex pero jamás le pediría que no salga de su casa,turismo,3,,0.349363774061203
fallen star zzzzzzzz zzzz nox lunaris brandon,turismo,1,,0.9760765433311462
yo cuando salga a ver a los turistas,turismo,3,,0.5175285339355469
si deja te hago caso morra,turismo,3,,0.4133199155330658
por qué no vivo ahí pero por más amante de mi casita que sea salgo,turismo,4,,0.3802899122238159
todos a la calle a socializar con la visita,turismo,4,,0.3595921993255615
ya se estan alistando los representantes de la criminalidad flako 193 ruabogado los garcias irvin garcía suarez para defender a sus nenes a capa y espada,turismo,1,,0.9039016962051392
ok dice que vayamos a la capital a manifestarnos,turismo,1,,0.38676929473876953
1968,turismo,3,,0.39326488971710205
pues y cuántos regresarán porque pues con tanta desaparición de gente ya no se sabe,turismo,1,,0.4870910346508026
que le damos penita dice,turismo,2,,0.4184848666191101
que estupidez,turismo,1,,0.9527102708816528
claro nadie saldrá ese día,turismo,1,,0.8522941470146179
creo que dijo que si hay que salir para disfrutar con los turistas eso dijo,turismo,3,,0.5130661725997925
como cuando los dursley ocultaron a harry me da risa,turismo,3,,0.5137639045715332
quiere un paro laboral y manifestaciones masivas dice,turismo,1,,0.8974432945251465
ni mi papá intentó negarme tanto,turismo,1,,0.3889957368373871
hojala y estén preparados para dar buenservicio,turismo,3,,0.44812631607055664
soy de colombia y fui a méxico y hay mucha inseguridad la verdad,turismo,1,2.0,0.9514484405517578
que me paseé en la troka con el audio de la llorona a las 3 de la mañana ok,turismo,2,,0.42784422636032104
y así como nos dejan cargar en los aeropuertos,turismo,2,,0.5157802700996399
no queremos mundial queremos seguridad queremos revocacion de mandato,turismo,1,,0.9844255447387695
todos salimos en pijama me da risa,turismo,2,,0.4410346448421478
ponte a trabajar las calles de la ciudad de méxico y bueno no se diga el estado de méxico están de la muy malo,turismo,1,,0.7612841725349426
si pero primero esta la seguridad,turismo,4,,0.4770413935184479
ajá,turismo,3,,0.35551735758781433
que hagamos mega salidas dice todos afuera del estadio banorte dice,turismo,1,,0.401076078414917
si nos piden que salgamos pues salimos,turismo,3,,0.5468586087226868
evento para hacer a los ricos más ricos y a los pobres más pobres,turismo,3,,0.3504493534564972
hagan manifestaciones esos dias jajajajajajajaua,turismo,1,,0.8052477240562439
a como están las cosas la vrdd deberían cambiar mejor todos los partidos a eu aunque nos duela a nosotros los mexas la vrdd hay una inseguridad muy grande y los turistas pueden apeligrar entre ellos niños me entristece,turismo,1,,0.8182003498077393
no tengo pedos de hacer home,turismo,3,,0.3835707902908325
eso dijo paola suárez,turismo,3,,0.5100005865097046
ya esta listo messi hay que estar a prevenidos pa cualquier cosa,turismo,2,,0.42144575715065
si eso significa home office por mi fabuloso,turismo,5,,0.3287654221057892
no dijo eso pidió apoyo a los empresarios para que los trabajadores de oficina pudieran trabajar desde casa y disminuir el tráfico en el mundial,turismo,1,,0.786188542842865
atención méxico este 06 de diciembre 9 00 am arranca la gran marcha a favor de claudia sheinbaum del ángel de la independencia al zócalo que todo el país se entere la 4t está más viva que nunca copia pega y comparte vas a estar en la marcha o solo viendo los videos en tiktok,turismo,1,,0.6634742021560669
me da risa y pensar w le pagan por decir esas cosas,turismo,2,,0.45337483286857605
y que secustren a leonel messi o ronaldo se va armar la guerra,turismo,1,,0.8291504383087158
yo quisiera ir mas pero con la inseguridad se piensa dos veces,turismo,1,,0.8034412264823914
no sé quién voto por ella,turismo,1,,0.8766762018203735
ud no salga que los va a espantar,turismo,3,,0.4428688883781433
por qué con ese dinero no arreglaron hospitales que están por caer,turismo,1,,0.581659734249115
de repente me dieron ganas de salir,turismo,2,,0.5382570028305054
hablar de seguridad hablar de fútbol,turismo,1,,0.6068571209907532
no que se cancelaba los de mexico,turismo,1,,0.7848246693611145
otra clara burrada,turismo,2,,0.5223767161369324
fifa noooooo,turismo,1,,0.7445323467254639
ora pues si vamos a salir y hasta más,turismo,3,,0.597353458404541
que hagamos desfile dice,turismo,3,,0.35749685764312744
que nosotros somos el atractivo,turismo,3,,0.44492220878601074
ok que salgamos pues,turismo,3,,0.6792046427726746
y que vas a hacer con todo ese dinero,turismo,3,,0.42763352394104004
y de los baches después hablamos verdad,turismo,2,,0.5133130550384521
con la inseguridad que ahy es un miedo venir a mexico,turismo,1,,0.9834835529327393
pues suena bien que las personas que puedan hacer home office lo hagan y así reducen el tráfico eso no solo beneficiaria a los turistas también a los que trabajan en oficios que no son administrativos,turismo,4,,0.5178165435791016
que nos vayamos a manifestar dice,turismo,1,,0.7867137789726257
pues no tenía ganas hasta que ví esto,turismo,2,,0.3931677043437958
queeee,turismo,2,,0.5916208624839783
y cuanto vas a invertir para la seguridad de uruapan,turismo,3,,0.4046078324317932
jajajajajajajajajajajajajaj,turismo,3,,0.49783581495285034
cancela el mundial o lo vamos a echar a perder,turismo,1,,0.846186637878418
wao que me gusta,turismo,4,,0.5010866522789001
parece buena idea cerrar calles,turismo,1,1.0,0.5178375840187073
siento que la jefa de gobierno fue la cabeza de estás decisiones porque si la presidenta lo decía iba a ser muy obvio y la situacion sería más familiarmente sospechosa,turismo,1,,0.5857724547386169
ojalá no valla nadien,turismo,2,,0.38621148467063904
solo de apariencias se vive cuando se acabe todo triste realidad,turismo,1,,0.6426595449447632
ay bebé que crees me están dando hartas ganas de salir durante el mundial no más para estorbar e incomodar me da risa,turismo,2,,0.5347685813903809
solo al verla,turismo,3,,0.444597452878952
y pues se cancelo que paso presidente,turismo,1,,0.5972685217857361
todo bien y no dijo nada de la inseguridad que tendrán los turistas,turismo,5,,0.4186544716358185
cómo no soy de la ciudad soy turista no,turismo,1,,0.8730884194374084
yahahahaahhaa,turismo,2,,0.48022836446762085
ya claudia con un méxico inseguro es mejor los que nos vienen a visitar que mi venga a méxico es duro la inseguridad,turismo,1,,0.9392571449279785
allá nos vemos clarita,turismo,3,,0.3675788342952728
nadie quedra ir al aifa alch,turismo,3,,0.3438313901424408
que que los turistas vivan lo que es el metro en hora pico,turismo,3,,0.48175522685050964
que quiere manifestaciones riñas y todo eso,turismo,1,,0.9080333113670349
wey yo no soy de la cdmx pero el día del mundial viajaré allá con toda mi familia,turismo,3,,0.4781920909881592
me da risa wtf,turismo,3,,0.5572884678840637
apoyo lo de trabajar en casa para mi trabajo paso por el akron y es un caos cada que hay partidos eventos,turismo,2,,0.4521304666996002
ayora pues si es mi casa,turismo,3,,0.4210144579410553
todos salgan de sus casa,turismo,3,,0.5715326070785522
odio salir pero como soy bien necia esos días me la voy a pasar de vaga,turismo,3,,0.38004574179649353
dicen puras tonterias,turismo,1,,0.58245450258255
vamos todos,turismo,3,,0.41546136140823364
perú y méxico peleando por quién tiene peor gobierno méxico está que se esfuerza mucho,turismo,1,,0.8533739447593689
aver si no los asaltan,turismo,1,,0.481511652469635
y el de felipe angeles,turismo,3,,0.5800729990005493
me da risa nunca dijo eso jajaj,turismo,1,,0.6720417141914368
perdonen cuando es el mundial me entristece,turismo,2,,0.5132322907447815
ahhh claro dejen le aviso a mis profes que no iré porque los turistas quieren visitar,turismo,1,,0.4472649395465851
irala que salgamos como si hubiera tianguis,turismo,3,,0.4421047568321228
es una idea con a de mujer,turismo,3,,0.4853615164756775
claudia eres mucha pieza para méxico te queremos 6 años más reelección porfavor en la próxima votación,turismo,1,,0.472312867641449
la derrama económica es para los politcos y para las lacras qué asaltaran a los visitantes extranjeros por que la violencia está a todo lo que da,turismo,1,,0.9410667419433594
ok ya entendí que busquemos el programa de los eventos en el mundial para asistir a todos,turismo,4,,0.3667830228805542
abersi no los secuestran o los levantan con tanta inseguridad que existe,turismo,1,,0.9768498539924622
que miedo mejor me voy para canadá,turismo,1,,0.913764238357544
wey no iba a salir ahora saldré x mis huevos,turismo,2,,0.4729810357093811
me iba a quedar en mi casa para evitar tumultos pero ahora como que se me antoja sacar plan con mis amigos durante todos los días de la temporada del mundial,turismo,4,,0.42616885900497437
una vergüenza recibir a turistas en éste momento,turismo,1,,0.983860969543457
de huevos me voy a salir,turismo,2,,0.4868409335613251
que salgan dice,turismo,3,,0.5978643298149109
que salgamos ya dijo,turismo,3,,0.609578013420105
que estupidez dijo,turismo,1,,0.9504159688949585
hmmm dinero y le brillan los ojos a la querida presidenta con a,turismo,3,,0.42708051204681396
deja tus jueguitos y ponte las pilas bien sabes que los mexicanos queremos que actúes con los malos,turismo,2,,0.5454109907150269
y ahi que se puede hacer,turismo,3,,0.5004775524139404
tenemos mucha presidenta afortunadamente todavía 5 años más,turismo,5,5.0,0.9892716407775879
me da risa,turismo,3,,0.5177319049835205
a quien le importa el fut boll,turismo,1,,0.4299699068069458
dice que salgamos todos,turismo,3,,0.6290492415428162
i cuando se van,turismo,3,,0.4785240590572357
no le da vergüenza de como tiene al país lleno de ollos y la inseguridad a su máximo,turismo,1,,0.9639228582382202
dice la secretaria que regalar su boleto traducción no quiero ser expuesta a una rechifla monumental miedo le llaman,turismo,1,,0.9673831462860107
mientras ajuste con un salario mínimo se ajuste a las necesidades basicas que no le paguen más,turismo,2,,0.47363120317459106
lo que le importa es el dineto no los turistas,turismo,3,,0.34738337993621826
osea que solo los turistas pueden disfrutar méxico y no los propios mexicanos,turismo,1,,0.653256356716156
y si los narcos van a matar la gentes,turismo,2,,0.4540306329727173
me están dando más ganas de salir ahora no se porque,turismo,2,,0.4375482201576233
tendremos más visitantes que eu y eso es por que la mayoría quiere visitar méxico,turismo,3,,0.5608777403831482
manifestación en los aeropuertos cuando sea el mundial no estamos para festejar ni invertir en esos temas,turismo,1,,0.878367006778717
es mentira ya se canceló,turismo,1,,0.8510645627975464
viva mi presidenta,turismo,5,,0.9783899784088135
qué porqué,turismo,3,,0.49327901005744934
y todos los ingresos los utilizará para abastecer hospitales y personal médico o lo seguirá regalando a los ninis,turismo,3,,0.4567418098449707
no salgan con sus falasias porfaaa no tergiversen la información osea por mí no salgan xq si dan pena pero lo q dijo la señora es q deben hacer home office para evitar el tráfico en horas pico y algún demás q eso pueda provocar,turismo,1,,0.5523685812950134
si ella le va a pagar el salario a mi mdre entonces si,turismo,3,,0.54034423828125
que pongamos música a todo volumen toda la noche entendido,turismo,3,,0.5192041397094727
no haremos caso,turismo,1,,0.5621081590652466
para hacer las marchas más numerosas,turismo,3,,0.5494112968444824
orale que descanses,turismo,2,,0.5369323492050171
con la inseguridad seguro se irán con una muy mala experiencia pobres de esos visitantes,turismo,1,,0.9724463224411011
solo te faltó remarcar que visitarán méxico para ver como funciona la megafarmacia y el mejor sistema de salud del mundo,turismo,4,,0.3019971549510956
por eso suspendieron las clases,turismo,1,,0.4706118404865265
que dice que vayamos y los saludemos,turismo,3,,0.5595576763153076
no van nadien hasta que salgan los corruptos ahora mandamos no mas dinero alos paises corruptos unance people,turismo,1,,0.9749197363853455
con gobierno narcor país,turismo,1,,0.93271404504776
me da risa y con esta inseguridad,turismo,1,,0.9779151678085327
que salgan dice,turismo,3,,0.5978645086288452
no mañana,turismo,1,,0.34916338324546814
wwow viva mexicooooo,turismo,3,,0.4407457411289215
como esperas turista así como tienes el país todo un desastre vergüenza debería de tener,turismo,1,,0.9816964268684387
un pais con esos niveles de delincuencia e inseguridad tendría que tener prohibido celebrar nada,turismo,1,,0.989212155342102
que dice que salgamos a las calles a disfrutar en familia como buenos mexicanos que somos jajajaj,turismo,2,,0.3961947560310364
