"text","diggCount","replyCommentTotal","createTimeISO","uniqueId","videoWebUrl","uid","cid","avatarThumbnail"
"prefiero un México sin desaparecidos, que un mundial, espero que puedan encontrarlos y los familiares tengan paz","34048","51","2026-05-27T02:24:46.000Z","superhipo35","https://www.tiktok.com/@ajplusespanol/video/7644374184180616456","6994936866542158853","7644391856016999169","https://p16-common-sign.tiktokcdn-us.com/tos-maliva-avt-0068/a86173e62948cde924ce6590da8161bd~tplv-tiktokx-cropcenter:100:100.jpg?dr=9640&refresh_token=0e1a8f92&x-expires=1780200000&x-signature=BOv8nMBNn1aocfZDKg%2F%2BMY38D%2FA%3D&t=4d5b0474&ps=13740610&shp=30310797&shcp=ff37627b&idc=useast8"
"una manifestación grande el día del mundial","13605","45","2026-05-27T05:09:56.000Z","franciscoalejand802","https://www.tiktok.com/@ajplusespanol/video/7644374184180616456","7582453164486493191","7644433320939389717","https://p16-common-sign.tiktokcdn-us.com/tos-alisg-avt-0068/c435e39236c41ba28d56291fa6c498aa~tplv-tiktokx-cropcenter:100:100.jpg?dr=9640&refresh_token=ffe5a88a&x-expires=1780200000&x-signature=bCYQIxQlmrTvgjmJFklxX4Vqkms%3D&t=4d5b0474&ps=13740610&shp=30310797&shcp=ff37627b&idc=useast8"
"México no quiere mundial, México quiere seguridad","2685","23","2026-05-27T23:20:53.000Z","nosoychofis","https://www.tiktok.com/@ajplusespanol/video/7644374184180616456","6803425656120050693","7644715536164848391","https://p19-common-sign.tiktokcdn-us.com/tos-alisg-avt-0068/8c8ebde253bec887fe82c5e3b980fbf5~tplv-tiktokx-cropcenter:100:100.jpg?dr=9640&refresh_token=fe9bc0ca&x-expires=1780200000&x-signature=xi2Dd%2FHZopM%2BNsW3ESkASSJAWTc%3D&t=4d5b0474&ps=13740610&shp=30310797&shcp=ff37627b&idc=useast8"
"Para los que no entienden, ojalá nunca les toque buscar un familiar o que sean ellos a los que los tengan que buscar","3555","42","2026-05-27T18:02:21.000Z","aletorresp","https://www.tiktok.com/@ajplusespanol/video/7644374184180616456","6800179671322936325","7644633328021095199","https://p16-common-sign.tiktokcdn-us.com/tos-useast5-avt-0068-tx/532ee528d0f7f705d20094cc6575d868~tplv-tiktokx-cropcenter:100:100.jpg?dr=9640&refresh_token=71062b11&x-expires=1780200000&x-signature=n%2FBKPBrDoB%2FM3lb3UARp%2BvOJ5yU%3D&t=4d5b0474&ps=13740610&shp=30310797&shcp=ff37627b&idc=useast8"
"“Nuestros desaparecidos, muchos, jugaban futbol”","1998","8","2026-05-27T14:06:45.000Z","magicoamigo","https://www.tiktok.com/@ajplusespanol/video/7644374184180616456","6966294427787543558","7644572748862538504","https://p16-common-sign.tiktokcdn-us.com/tos-maliva-avt-0068/111bcea6b791c6fc4ffaf56660b6fc7d~tplv-tiktokx-cropcenter:100:100.jpg?dr=9640&refresh_token=71914a07&x-expires=1780200000&x-signature=4L%2BlRp2%2FOj9o9oyYvp7x4MA8kfw%3D&t=4d5b0474&ps=13740610&shp=30310797&shcp=ff37627b&idc=useast8"
"No queremos mundial !!! Queremos seguridad","1043","11","2026-05-27T19:52:05.000Z","karlabolado0","https://www.tiktok.com/@ajplusespanol/video/7644374184180616456","6833206295747625990","7644661722193101575","https://p16-common-sign.tiktokcdn-us.com/tos-maliva-avt-0068/3b0f0ebf26552dea157947d165163aa9~tplv-tiktokx-cropcenter:100:100.jpg?dr=9640&refresh_token=daa8b524&x-expires=1780200000&x-signature=l84orfy%2FIfb7G9VSNGNDHSYedHU%3D&t=4d5b0474&ps=13740610&shp=30310797&shcp=ff37627b&idc=useast8"
"¿Saben qué da mucha vergüenza? Que hay personas que prefieren que su equipo gane a que encuentren a los desaparecidos...","86","1","2026-05-29T05:00:47.000Z",".vzzll","https://www.tiktok.com/@ajplusespanol/video/7644374184180616456","6925090750750344198","7645174210122351368","https://p16-common-sign.tiktokcdn-us.com/tos-alisg-avt-0068/250cd7666ee39eb73c74986947fef7b5~tplv-tiktokx-cropcenter:100:100.jpg?dr=9640&refresh_token=99afe28d&x-expires=1780200000&x-signature=inmAeUHmBkz58AdF5lzlCJ2k03U%3D&t=4d5b0474&ps=13740610&shp=30310797&shcp=ff37627b&idc=useast8"
"Cancelen el mundial","55","4","2026-05-29T13:44:17.000Z","yesmyreyes191","https://www.tiktok.com/@ajplusespanol/video/7644374184180616456","7159504505532744709","7645309153430242066","https://p19-common-sign.tiktokcdn-us.com/tos-maliva-avt-0068/b1dc89b63a5b7a3c190c3078a93ae2c5~tplv-tiktokx-cropcenter:100:100.jpg?dr=9640&refresh_token=f46e8970&x-expires=1780200000&x-signature=4t6iuHV9vwUKtM63kVmp4R9Zn5s%3D&t=4d5b0474&ps=13740610&shp=30310797&shcp=ff37627b&idc=useast8"
"Me encanta el futbol y espero con ansias que empiece el mundial, pero deseo que los mexicanos se hagan muuuy presentes el día de la inauguración afuera del azteca, es la oportunidad perfecta para que el mundo sepa lo que vivimos.","90","4","2026-05-27T19:56:22.000Z","biond7p","https://www.tiktok.com/@ajplusespanol/video/7644374184180616456","6916330082550531077","7644662815286919956","https://p16-common-sign.tiktokcdn-us.com/tos-alisg-avt-0068/b29ba7ee9b9ff387234700261ff7f424~tplv-tiktokx-cropcenter:100:100.jpg?dr=9640&refresh_token=87f4d8a5&x-expires=1780200000&x-signature=NzZFdYYM6Nvqee2PGE0MXSlr2%2FU%3D&t=4d5b0474&ps=13740610&shp=30310797&shcp=ff37627b&idc=useast8"
"pinche realidad tan triste que vivimos","524","2","2026-05-27T16:05:04.000Z","regquevean","https://www.tiktok.com/@ajplusespanol/video/7644374184180616456","6802046916516447238","7644603238142984967","https://p16-common-sign.tiktokcdn-us.com/tos-maliva-avt-0068/7ab1d9011e7f322cbfad0ce4b6b676f2~tplv-tiktokx-cropcenter:100:100.jpg?dr=9640&refresh_token=682c4afa&x-expires=1780200000&x-signature=cXEVstt%2Bd%2BaqrUtU7kFfs8C9MIo%3D&t=4d5b0474&ps=13740610&shp=30310797&shcp=ff37627b&idc=useast8"
"No hay nada que celebrar. Que el mundo entero conozca lo que se vive aquí en México día con día el miedo a salir y no regresar.","37","6","2026-05-28T04:01:06.000Z","adrianadelavega08","https://www.tiktok.com/@ajplusespanol/video/7644374184180616456","7145592060635071493","7644787654752650004","https://p19-common-sign.tiktokcdn-us.com/tos-maliva-avt-0068/1cb2dc45e7d2a689773765d138d368b8~tplv-tiktokx-cropcenter:100:100.jpg?dr=9640&refresh_token=ff4262b9&x-expires=1780200000&x-signature=mcE60eHO8RwxrZaM8zP9nDhah5g%3D&t=4d5b0474&ps=13740610&shp=30310797&shcp=ff37627b&idc=useast8"
"[Sticker] interactuen, que se difunda lo que si importa","611","33","2026-05-27T15:14:02.000Z","elio._.3","https://www.tiktok.com/@ajplusespanol/video/7644374184180616456","6914826667823907845","7644590099372360455","https://p16-common-sign.tiktokcdn-us.com/tos-alisg-avt-0068/fb97cba0847e971167ce68b378ad2a38~tplv-tiktokx-cropcenter:100:100.jpg?dr=9640&refresh_token=fe5ddb95&x-expires=1780200000&x-signature=RH%2F7DRbPNs8QJS1zsSm7wmVsX6A%3D&t=4d5b0474&ps=13740610&shp=30310797&shcp=ff37627b&idc=useast8"
"no necesitamos un mundial !!! necesitamos justicia y seguridad","36","1","2026-05-29T21:28:34.000Z","ani_solis30","https://www.tiktok.com/@ajplusespanol/video/7644374184180616456","6574524793218088965","7645428647614137109","https://p16-common-sign.tiktokcdn-us.com/tos-maliva-avt-0068/a8a784adff6d3c3015d06d481e2ec1a8~tplv-tiktokx-cropcenter:100:100.jpg?dr=9640&refresh_token=39d28106&x-expires=1780200000&x-signature=NifSWZgXIv8xX8OFsWJVk3QWa9s%3D&t=4d5b0474&ps=13740610&shp=30310797&shcp=ff37627b&idc=useast8"
"[Sticker] pero ella jura que todo está bien","45","0","2026-05-29T20:08:52.000Z","brimanluna","https://www.tiktok.com/@ajplusespanol/video/7644374184180616456","6994320224733103110","7645408218482737941","https://p19-common-sign.tiktokcdn-us.com/tos-maliva-avt-0068/58785664b497523ee2a473f00f9effea~tplv-tiktokx-cropcenter:100:100.jpg?dr=9640&refresh_token=8291947a&x-expires=1780200000&x-signature=Q08K85wLpGfcj8VB2Y%2FUSokhTvM%3D&t=4d5b0474&ps=13740610&shp=30310797&shcp=ff37627b&idc=useast8"
"hagamos una marcha el día del mundial!!!📢📢","23","0","2026-05-29T18:42:42.000Z","ann_sk01","https://www.tiktok.com/@ajplusespanol/video/7644374184180616456","7116692436567639045","7645386017403077397","https://p19-common-sign.tiktokcdn-us.com/tos-maliva-avt-0068/4b32831fdc213a609319c978dade80bb~tplv-tiktokx-cropcenter:100:100.jpg?dr=9640&refresh_token=99f230c5&x-expires=1780200000&x-signature=lIEsiQ4mIdf8A03s4ZVBf4Q9YnI%3D&t=4d5b0474&ps=13740610&shp=30310797&shcp=ff37627b&idc=useast8"
"Por mucho que ame el fútbol, la seguridad de las personas es importante, el mundial no es importante cuando hay una crisis así en el país.
difundan el vídeo para que llegue a mas personas.","25","1","2026-05-28T04:36:32.000Z","jjdjueujddf1224","https://www.tiktok.com/@ajplusespanol/video/7644374184180616456","6788205410605908997","7644796881030415121","https://p19-common-sign.tiktokcdn-us.com/tos-alisg-avt-0068/448479bde9b68929046026263beb06f4~tplv-tiktokx-cropcenter:100:100.jpg?dr=9640&refresh_token=d1457813&x-expires=1780200000&x-signature=%2FzS7YXesiZnLmM%2F0IITgWDVrVQk%3D&t=4d5b0474&ps=13740610&shp=30310797&shcp=ff37627b&idc=useast8"
"""No estamos encontra del mundial, estamos encontra del olvido"".","799","2","2026-05-27T21:41:30.000Z","deniz_cheny","https://www.tiktok.com/@ajplusespanol/video/7644374184180616456","7002367560743257093","7644689930828170014","https://p16-common-sign.tiktokcdn-us.com/tos-useast8-avt-0068-tx2/9e7c34d15b2cfad92c9995d509b52e9d~tplv-tiktokx-cropcenter:100:100.jpg?dr=9640&refresh_token=12e8d5a1&x-expires=1780200000&x-signature=QmVn61XOrXOs8PrJrNiBdKbp2IQ%3D&t=4d5b0474&ps=13740610&shp=30310797&shcp=ff37627b&idc=useast8"
"No queremos mundial, queremos que los desaparecidos regresen a casa!!🥹","39","1","2026-05-28T04:47:16.000Z","gisell81.01.1","https://www.tiktok.com/@ajplusespanol/video/7644374184180616456","7073867126896985134","7644799534040843038","https://p19-common-sign.tiktokcdn-us.com/tos-useast8-avt-0068-tx2/cc4c62d8b87542b2d4441ea8bbe77c67~tplv-tiktokx-cropcenter:100:100.jpg?dr=9640&refresh_token=bff13fd5&x-expires=1780200000&x-signature=0Xcpf8loOsLsq48c7rUfS%2FbnDHQ%3D&t=4d5b0474&ps=13740610&shp=30310797&shcp=ff37627b&idc=useast8"
"[Sticker] A los gobiernos no les importa ni el fútbol ni los jugadores, solo les importa tener una cortina de humo","1883","5","2026-05-27T02:44:55.000Z","asiry_4w5","https://www.tiktok.com/@ajplusespanol/video/7644374184180616456","7373154942813635590","7644397035697603349","https://p16-common-sign.tiktokcdn-us.com/tos-alisg-avt-0068/d540c1c4ba90b779e21a05f8bc78caf9~tplv-tiktokx-cropcenter:100:100.jpg?dr=9640&refresh_token=a1cf2657&x-expires=1780200000&x-signature=6xNrSJOOADsrhHsBmHSUajc%2BZeE%3D&t=4d5b0474&ps=13740610&shp=30310797&shcp=ff37627b&idc=useast8"
"No queremos mundial, queremos justicia","67","3","2026-05-28T22:18:51.000Z","bblanca45","https://www.tiktok.com/@ajplusespanol/video/7644374184180616456","7089217474075739141","7645070600767521557","https://p16-common-sign.tiktokcdn-us.com/tos-maliva-avt-0068/9807b07675c2acaf8771ce7a71c7ca76~tplv-tiktokx-cropcenter:100:100.jpg?dr=9640&refresh_token=986fb6a9&x-expires=1780200000&x-signature=2zIphtPcwIPz6trrCo3BdZ2EClA%3D&t=4d5b0474&ps=13740610&shp=30310797&shcp=ff37627b&idc=useast8"
"No queremos Mundial, queremos un México seguro… 👊🏻","54","1","2026-05-28T13:57:47.000Z","gabymartinez274","https://www.tiktok.com/@ajplusespanol/video/7644374184180616456","6819093083671593990","7644941533234184967","https://p16-common-sign.tiktokcdn-us.com/tos-alisg-avt-0068/cb1d52e25ea17714ca51cdb068906692~tplv-tiktokx-cropcenter:100:100.jpg?dr=9640&refresh_token=0dc304fc&x-expires=1780200000&x-signature=MiitvdV2D43oc8rsE4sY%2BSchjKU%3D&t=4d5b0474&ps=13740610&shp=30310797&shcp=ff37627b&idc=useast8"
"cancelen el mundial","131","10","2026-05-27T13:23:37.000Z","onac.airelav","https://www.tiktok.com/@ajplusespanol/video/7644374184180616456","6972983541454095361","7644561643670438673","https://p19-common-sign.tiktokcdn-us.com/tos-alisg-avt-0068/324a5713273d4fa730dfe89e2a095fe5~tplv-tiktokx-cropcenter:100:100.jpg?dr=9640&refresh_token=96bee97e&x-expires=1780200000&x-signature=bQrK2j8KqqTondEd1BsUyfROAWs%3D&t=4d5b0474&ps=13740610&shp=30310797&shcp=ff37627b&idc=useast8"
"de por sí me cae mal el futbol, ahora mas","1362","24","2026-05-27T13:22:16.000Z","angele_496","https://www.tiktok.com/@ajplusespanol/video/7644374184180616456","7173527683886941189","7644560659895993109","https://p19-common-sign.tiktokcdn-us.com/tos-maliva-avt-0068/7173899094845292549~tplv-tiktokx-cropcenter:100:100.jpg?dr=9640&refresh_token=e90407a5&x-expires=1780200000&x-signature=%2B0wHh%2BC9uujj9IVOtV%2FsB%2BayEEg%3D&t=4d5b0474&ps=13740610&shp=30310797&shcp=ff37627b&idc=useast8"
"no dejen de luchar, queremos regresos no mundiales 🤗","503","11","2026-05-27T22:13:43.000Z","alexiaj.flores","https://www.tiktok.com/@ajplusespanol/video/7644374184180616456","7333050883821814790","7644698127270970132","https://p16-common-sign.tiktokcdn-us.com/tos-alisg-avt-0068/ed933261deb792465d55f17321fc0ebd~tplv-tiktokx-cropcenter:100:100.jpg?dr=9640&refresh_token=2b9b0b7d&x-expires=1780200000&x-signature=lRw%2FbPKVKxGrib9nbMG%2FKsMhcgU%3D&t=4d5b0474&ps=13740610&shp=30310797&shcp=ff37627b&idc=useast8"
"interactuando para que se haga viral","33","3","2026-05-29T02:33:12.000Z","alexvieyra2","https://www.tiktok.com/@ajplusespanol/video/7644374184180616456","6818658178550580229","7645136173963035410","https://p19-common-sign.tiktokcdn-us.com/tos-alisg-avt-0068/cea57634a27e369b252ad14601d2322e~tplv-tiktokx-cropcenter:100:100.jpg?dr=9640&refresh_token=ce988bb1&x-expires=1780200000&x-signature=Q0EVKcQbCB9H0FEPJbxtXqd%2BBEU%3D&t=4d5b0474&ps=13740610&shp=30310797&shcp=ff37627b&idc=useast8"
"Yo no entiendo como no son empaticos ósea soy madre y perder un hijo no tiene nombre y se que no puedo dimensionar lo que sienten pero si puedo hacer algo y si el gobierno tiene recursos es incongruente que para unas cosas si puede gastar y otras no","290","4","2026-05-27T13:57:45.000Z","tofu.25","https://www.tiktok.com/@ajplusespanol/video/7644374184180616456","6975321081608307718","7644570429818258197","https://p16-common-sign.tiktokcdn-us.com/tos-alisg-avt-0068/8203a23aa41fdfdeaecf35a7ff2cea53~tplv-tiktokx-cropcenter:100:100.jpg?dr=9640&refresh_token=944f0f5b&x-expires=1780200000&x-signature=kh70nt20AD3aYnQ8qs9xcFfILmU%3D&t=4d5b0474&ps=13740610&shp=30310797&shcp=ff37627b&idc=useast8"
"[Sticker] ojalá encuentren a los desaparecidos","195","2","2026-05-27T03:25:50.000Z","al_anochecer","https://www.tiktok.com/@ajplusespanol/video/7644374184180616456","6855464403480675333","7644407595109581575","https://p16-common-sign.tiktokcdn-us.com/tos-alisg-avt-0068/f84ab9f44d13989bc96a00cfe9dd2aa3~tplv-tiktokx-cropcenter:100:100.jpg?dr=9640&refresh_token=968dbd4c&x-expires=1780200000&x-signature=%2F0i4s5AHTjU6B1%2BvZzf57dD8V6E%3D&t=4d5b0474&ps=13740610&shp=30310797&shcp=ff37627b&idc=useast8"
"NO AL MUNDIAL","42","2","2026-05-28T17:43:12.000Z","eilsel997","https://www.tiktok.com/@ajplusespanol/video/7644374184180616456","6800544469958034437","7644999565471417108","https://p16-common-sign.tiktokcdn-us.com/tos-maliva-avt-0068/7335643530809114629~tplv-tiktokx-cropcenter:100:100.jpg?dr=9640&refresh_token=2eba3f8b&x-expires=1780200000&x-signature=wKIho5G7Xn8Fj1Fi%2Bz%2FBucV2T%2F0%3D&t=4d5b0474&ps=13740610&shp=30310797&shcp=ff37627b&idc=useast8"
"No queremos mundial, queremos seguridad ✊🏼","36","2","2026-05-28T03:59:56.000Z","alia4lyd","https://www.tiktok.com/@ajplusespanol/video/7644374184180616456","7443547377402102839","7644787476371882770","https://p16-common-sign.tiktokcdn-us.com/tos-maliva-avt-0068/090046a0cb8b6217a8db1ed21270429c~tplv-tiktokx-cropcenter:100:100.jpg?dr=9640&refresh_token=e227b735&x-expires=1780200000&x-signature=voIrVNU46vdCCwu11y%2FaHaTf7Oo%3D&t=4d5b0474&ps=13740610&shp=30310797&shcp=ff37627b&idc=useast8"
"boicoteen el mundial","17","0","2026-05-27T02:53:06.000Z","el.enterteiner","https://www.tiktok.com/@ajplusespanol/video/7644374184180616456","7319402598720504838","7644399131058455316","https://p19-common-sign.tiktokcdn-us.com/tos-alisg-avt-0068/c702f08c15c1d684ee548fd289c2c335~tplv-tiktokx-cropcenter:100:100.jpg?dr=9640&refresh_token=f75d66ad&x-expires=1780200000&x-signature=iqpBoEg6n4TKIHXvKNc4DKz%2Bagg%3D&t=4d5b0474&ps=13740610&shp=30310797&shcp=ff37627b&idc=useast8"
"en estos momentos el mundial es importante","8","36","2026-05-27T12:10:31.000Z","leopoldosolareslopez","https://www.tiktok.com/@ajplusespanol/video/7644374184180616456","7262927139879207942","7644542758166577940","https://p19-common-sign.tiktokcdn-us.com/tos-maliva-avt-0068/5498a5f97e95df7a3a979392ba3297b4~tplv-tiktokx-cropcenter:100:100.jpg?dr=9640&refresh_token=a16cfc8a&x-expires=1780200000&x-signature=5S%2B5JdXIe9z1CU4S1KAxc28Mz0Y%3D&t=4d5b0474&ps=13740610&shp=30310797&shcp=ff37627b&idc=useast8"
"Y q podrian hacer? Decir no al mundial y seguir Como siempre?","8","16","2026-05-27T20:23:57.000Z","ghjkouytescv","https://www.tiktok.com/@ajplusespanol/video/7644374184180616456","6796875021581124614","7644669892808950541","https://p16-common-sign.tiktokcdn-us.com/tos-useast5-avt-0068-tx/7354041910157115438~tplv-tiktokx-cropcenter:100:100.jpg?dr=9640&refresh_token=ea61f93c&x-expires=1780200000&x-signature=kMB5oIpWk5xSGNQdk9i343LH6VA%3D&t=4d5b0474&ps=13740610&shp=30310797&shcp=ff37627b&idc=useast8"
"El PRIAN firmó los acuerdos del mundial y Movimiento Ciudadno es lo mismo","405","44","2026-05-27T02:22:48.000Z","caquecacaqueca","https://www.tiktok.com/@ajplusespanol/video/7644374184180616456","6877526689677984770","7644391231409537809","https://p16-common-sign.tiktokcdn-us.com/tos-maliva-avt-0068/7244640253054484486~tplv-tiktokx-cropcenter:100:100.jpg?dr=9640&refresh_token=d04667ba&x-expires=1780200000&x-signature=LYE2H%2Bhbmk6FngosyihzRpEhHck%3D&t=4d5b0474&ps=13740610&shp=30310797&shcp=ff37627b&idc=useast8"
"Nada que ver una cosa con la otra","21","36","2026-05-27T17:53:22.000Z","c7van","https://www.tiktok.com/@ajplusespanol/video/7644374184180616456","7595088442796131348","7644631171703472914","https://p16-common-sign.tiktokcdn-us.com/tos-alisg-avt-0068/f01dbc819509f992dbe11d98965568a4~tplv-tiktokx-cropcenter:100:100.jpg?dr=9640&refresh_token=0f46ce72&x-expires=1780200000&x-signature=z3vRCDdsve1C2QVBe%2BP%2BAI4TKaA%3D&t=4d5b0474&ps=13740610&shp=30310797&shcp=ff37627b&idc=useast8"
"el mundial no trae ningún beneficio al país anfitrión, solo hay que investigar el desastre que ocurrió en cada país anfitrión del mundial","277","9","2026-05-27T03:35:47.000Z","jordy.q88","https://www.tiktok.com/@ajplusespanol/video/7644374184180616456","7487776038735709200","7644410137633424136","https://p16-common-sign.tiktokcdn-us.com/tos-maliva-avt-0068/4d983dc784b445d710be2fcff9615f78~tplv-tiktokx-cropcenter:100:100.jpg?dr=9640&refresh_token=f86a9216&x-expires=1780200000&x-signature=EPBBI3oUsjWlLgAnMzhZLXA9zJE%3D&t=4d5b0474&ps=13740610&shp=30310797&shcp=ff37627b&idc=useast8"
"[Sticker] igual el mundial mexico no va pasar de cuartos","73","2","2026-05-27T23:13:24.000Z","chagox01","https://www.tiktok.com/@ajplusespanol/video/7644374184180616456","7436591484339684407","7644713590562145032","https://p16-common-sign.tiktokcdn-us.com/tos-alisg-avt-0068/e7251f27f1de86cb95488cd52f9ef271~tplv-tiktokx-cropcenter:100:100.jpg?dr=9640&refresh_token=594156a6&x-expires=1780200000&x-signature=PpukJ6Gzt4qjH4bpCOSsR4%2FLQlg%3D&t=4d5b0474&ps=13740610&shp=30310797&shcp=ff37627b&idc=useast8"
"señor porque no decían nada antes porque haora 😡😡","9","14","2026-05-28T21:17:32.000Z","chaparrita7272","https://www.tiktok.com/@ajplusespanol/video/7644374184180616456","6934805992995947525","7645054811809350431","https://p19-common-sign.tiktokcdn-us.com/musically-maliva-obj/1594805258216454~tplv-tiktokx-cropcenter:100:100.jpg?dr=9640&refresh_token=e340c4d0&x-expires=1780200000&x-signature=y0I6Dncomm86fyA9XjJdWa1HRzE%3D&t=4d5b0474&ps=13740610&shp=30310797&shcp=ff37627b&idc=useast8"
"Es que, el mundo se acaba para unas personas y sigue para otras, los que no tienen problemas si desean el mundial, lo siento en verdad por los que una tristeza o injusticia hará que vean al mundial como un gasto innecesario","9","13","2026-05-27T21:19:24.000Z","davidsinners1","https://www.tiktok.com/@ajplusespanol/video/7644374184180616456","6938583196548875269","7644684221105586961","https://p16-common-sign.tiktokcdn-us.com/tos-maliva-avt-0068/b35234f8c68f4727fb660dc8962409f1~tplv-tiktokx-cropcenter:100:100.jpg?dr=9640&refresh_token=83c7e777&x-expires=1780200000&x-signature=aSIn%2BcLcfdwMuKV1%2FI3H6zHyqaY%3D&t=4d5b0474&ps=13740610&shp=30310797&shcp=ff37627b&idc=useast8"
"pero ellos no tienen la culpa","12","23","2026-05-27T02:55:59.000Z","alex619177","https://www.tiktok.com/@ajplusespanol/video/7644374184180616456","7257234662044206086","7644399840735298324","https://p16-common-sign.tiktokcdn-us.com/tos-alisg-avt-0068/97ee4c4e7be8b11a0f4d0bd40cc27f8c~tplv-tiktokx-cropcenter:100:100.jpg?dr=9640&refresh_token=0254837a&x-expires=1780200000&x-signature=fOvnnlitdWde%2Bj%2BOC6TSZSX%2FTec%3D&t=4d5b0474&ps=13740610&shp=30310797&shcp=ff37627b&idc=useast8"
"proteger a los Mexicanos:❌️proteger a los turistas:✅️","38638","56","2026-03-07T04:13:55.000Z","juanwp07","https://www.tiktok.com/@latinus_us/video/7614352986915163412","6786818025217213445","7614362089657926407","https://p16-common-sign.tiktokcdn-us.com/tos-alisg-avt-0068/c63af5a1603f8108497ec9866135214b~tplv-tiktokx-cropcenter:100:100.jpg?dr=9640&refresh_token=588cfa59&x-expires=1780200000&x-signature=2lzhok0QI9nMxk43qyf%2BQwuAIWw%3D&t=4d5b0474&ps=13740610&shp=30310797&shcp=ff37627b&idc=useast8"
"osea que si pueden proteger 😳 pero no quieren😳😳😳","19538","63","2026-03-07T05:26:59.000Z","felixnietodiaz","https://www.tiktok.com/@latinus_us/video/7614352986915163412","7007547410969232390","7614380894523245319","https://p19-common-sign.tiktokcdn-us.com/tos-maliva-avt-0068/b3dd82cb20ab543452d82d4e68a1dcf7~tplv-tiktokx-cropcenter:100:100.jpg?dr=9640&refresh_token=676fb556&x-expires=1780200000&x-signature=xp6sceSKtfe0mC%2FYX%2Br8MHwDSfY%3D&t=4d5b0474&ps=13740610&shp=30310797&shcp=ff37627b&idc=useast8"
"Messi y Cristina llegando a México","3329","14","2026-03-07T05:31:57.000Z","artus_mores","https://www.tiktok.com/@latinus_us/video/7614352986915163412","6859777576920024069","7614382183163478804","https://p16-common-sign.tiktokcdn-us.com/tos-alisg-avt-0068/525c24469808c36b904191e63f7ab468~tplv-tiktokx-cropcenter:100:100.jpg?dr=9640&refresh_token=c2bf87fd&x-expires=1780200000&x-signature=nX5ZPYlGz8s6kz2tZUptH0zFotk%3D&t=4d5b0474&ps=13740610&shp=30310797&shcp=ff37627b&idc=useast8"
"México protegiendo a todos menos a los mexicanos, ojalá no haya mundial neta","55421","86","2026-03-07T06:15:07.000Z","sweetandy91","https://www.tiktok.com/@latinus_us/video/7614352986915163412","7487065117100852230","7614393271847404306","https://p19-common-sign.tiktokcdn-us.com/tos-maliva-avt-0068/b3907725b529dd981fc67b0236c392cf~tplv-tiktokx-cropcenter:100:100.jpg?dr=9640&refresh_token=957db389&x-expires=1780200000&x-signature=hxo75%2BbCZVGv6Aef6JUHxa5XDa0%3D&t=4d5b0474&ps=13740610&shp=30310797&shcp=ff37627b&idc=useast8"
"Osea están reconociendo que si pueden dar seguridad a México pero han escogido en no hacerlo todo este tiempo? este régimen es una burla","4972","58","2026-03-07T13:30:59.000Z","tony.3388","https://www.tiktok.com/@latinus_us/video/7614352986915163412","6782617432801575941","7614505658095829761","https://p19-common-sign.tiktokcdn-us.com/tos-alisg-avt-0068/bea3ac9de079fc6bec17aeda5636f868~tplv-tiktokx-cropcenter:100:100.jpg?dr=9640&refresh_token=db2a5680&x-expires=1780200000&x-signature=sDxEfrSUnG9Kl9pMVZYj5ccd7No%3D&t=4d5b0474&ps=13740610&shp=30310797&shcp=ff37627b&idc=useast8"
"la FIFA deberían de suspender el mundial en México","3950","56","2026-03-07T04:10:48.000Z","kleyver.torres","https://www.tiktok.com/@latinus_us/video/7614352986915163412","6921429491366822917","7614361201707795217","https://p16-common-sign.tiktokcdn-us.com/tos-alisg-avt-0068/54305949fa9038179f9dfde31f8137fe~tplv-tiktokx-cropcenter:100:100.jpg?dr=9640&refresh_token=90e8452c&x-expires=1780200000&x-signature=blzdJazT4lNoDJnjtkv6%2BLMk3MY%3D&t=4d5b0474&ps=13740610&shp=30310797&shcp=ff37627b&idc=useast8"
"Por qué no hicieron esto cuando Carlos Manzo pidió ayuda?","2374","42","2026-03-07T23:02:46.000Z","tatismafa","https://www.tiktok.com/@latinus_us/video/7614352986915163412","6796530819793617925","7614652976761848594","https://p16-common-sign.tiktokcdn-us.com/tos-maliva-avt-0068/a5722b0f8f12993856c1463cd1bbf0d2~tplv-tiktokx-cropcenter:100:100.jpg?dr=9640&refresh_token=d2a3b453&x-expires=1780200000&x-signature=giCu9Of%2FXK9EQ%2Bom9RYNjYw3wis%3D&t=4d5b0474&ps=13740610&shp=30310797&shcp=ff37627b&idc=useast8"
"Hablando mucho de México y un pais vecino esta en guerra","8946","69","2026-03-07T03:42:16.000Z","antovi13","https://www.tiktok.com/@latinus_us/video/7614352986915163412","6806665314949940229","7614353906841289493","https://p16-common-sign.tiktokcdn-us.com/tos-maliva-avt-0068/7323626900994621446~tplv-tiktokx-cropcenter:100:100.jpg?dr=9640&refresh_token=c7ca67d2&x-expires=1780200000&x-signature=cr8R7NggJQ5NVySg1csE2NqN2i4%3D&t=4d5b0474&ps=13740610&shp=30310797&shcp=ff37627b&idc=useast8"
"Proteger a los extranjeros ✔️, Proteger a los mexicanos ❌️","3608","11","2026-03-07T04:24:30.000Z","skawillu","https://www.tiktok.com/@latinus_us/video/7614352986915163412","6797872215406838789","7614364785551622933","https://p19-common-sign.tiktokcdn-us.com/tos-maliva-avt-0068/7327868701230039046~tplv-tiktokx-cropcenter:100:100.jpg?dr=9640&refresh_token=67d46dbb&x-expires=1780200000&x-signature=CEqq68ML%2FJ9z9zv9pfhDdwlmfPw%3D&t=4d5b0474&ps=13740610&shp=30310797&shcp=ff37627b&idc=useast8"
"Te odio, te odio con todo mi ser gobierno de México","764","37","2026-03-07T15:47:43.000Z","emmahrochas","https://www.tiktok.com/@latinus_us/video/7614352986915163412","93278208493563904","7614540822164505360","https://p19-common-sign.tiktokcdn-us.com/tos-alisg-avt-0068/b1684fe33cb1c7a7f4d8db3bc00415f0~tplv-tiktokx-cropcenter:100:100.jpg?dr=9640&refresh_token=c9a28e9a&x-expires=1780200000&x-signature=%2FHjPzhokqK7mljFnIzIYyA2HBA8%3D&t=4d5b0474&ps=13740610&shp=30310797&shcp=ff37627b&idc=useast8"
"Y los mexicanos desapareciendo cada día 🥀😕","2643","17","2026-03-07T03:47:45.000Z","jcesarxala","https://www.tiktok.com/@latinus_us/video/7614352986915163412","6962749046340076549","7614355206021874462","https://p19-common-sign.tiktokcdn-us.com/tos-useast8-avt-0068-tx2/fccacaa9f593caf2d89c7e069d08d0dc~tplv-tiktokx-cropcenter:100:100.jpg?dr=9640&refresh_token=a867009d&x-expires=1780200000&x-signature=LidXKftfUsITSc2nwxt8QAJIlJc%3D&t=4d5b0474&ps=13740610&shp=30310797&shcp=ff37627b&idc=useast8"
"Y solo durante el mundial, terminando todo regresará a como estaba o peor","4429","16","2026-03-07T03:43:00.000Z","abr_levrone","https://www.tiktok.com/@latinus_us/video/7614352986915163412","6737391703646848005","7614354081839448850","https://p16-common-sign.tiktokcdn-us.com/tos-alisg-avt-0068/b52b8ed1d477f5400c101a636bcd353e~tplv-tiktokx-cropcenter:100:100.jpg?dr=9640&refresh_token=ae4a2c0c&x-expires=1780200000&x-signature=1k3xmvkx6tY5H56D%2F0ZctePTGM4%3D&t=4d5b0474&ps=13740610&shp=30310797&shcp=ff37627b&idc=useast8"
"[Sticker] Por qué siguen insistiendo con el mundial?","3073","33","2026-03-07T03:51:56.000Z","axeeel_170","https://www.tiktok.com/@latinus_us/video/7614352986915163412","6866560619472192514","7614356396448400135","https://p16-common-sign.tiktokcdn-us.com/tos-maliva-avt-0068/1cbd2996288a734f1d80091d23d0e5e2~tplv-tiktokx-cropcenter:100:100.jpg?dr=9640&refresh_token=f814f12c&x-expires=1780200000&x-signature=QUo0UlV%2F2QsA9t4ZoKKF%2BhaDE7I%3D&t=4d5b0474&ps=13740610&shp=30310797&shcp=ff37627b&idc=useast8"
"","1649","10","2026-03-07T03:42:38.000Z","charlycruz087","https://www.tiktok.com/@latinus_us/video/7614352986915163412","7363912657706107910","7614353993448456978","https://p16-common-sign.tiktokcdn-us.com/tos-alisg-avt-0068/42683c4ead4b325ca40bbdba1b2a6ca2~tplv-tiktokx-cropcenter:100:100.jpg?dr=9640&refresh_token=35da6dee&x-expires=1780200000&x-signature=ISc7cMCOSrWZAPj%2FL4uZQ7OiqU0%3D&t=4d5b0474&ps=13740610&shp=30310797&shcp=ff37627b&idc=useast8"
"osea que si se puede, nomás no quieren","1380","6","2026-03-07T05:42:52.000Z","profemxacademy","https://www.tiktok.com/@latinus_us/video/7614352986915163412","7513302716819473426","7614384985231917832","https://p19-common-sign.tiktokcdn-us.com/tos-alisg-avt-0068/36cd10861e2bc9b2084b2740ad32a594~tplv-tiktokx-cropcenter:100:100.jpg?dr=9640&refresh_token=b0481a84&x-expires=1780200000&x-signature=kOa9dF%2BuIEUdjQc9D3As6uLwoPg%3D&t=4d5b0474&ps=13740610&shp=30310797&shcp=ff37627b&idc=useast8"
"que se cancelé el mundial!!! no lo queremos!!!","97","12","2026-03-09T04:08:04.000Z","marvolo02","https://www.tiktok.com/@latinus_us/video/7614352986915163412","6843242433104086021","7615102713017991956","https://p19-common-sign.tiktokcdn-us.com/tos-alisg-avt-0068/52ec16b5951892b01a58944a1e33501a~tplv-tiktokx-cropcenter:100:100.jpg?dr=9640&refresh_token=2d8517f6&x-expires=1780200000&x-signature=9RSSTEniWYBLPKoxh%2FESa6Arl%2F8%3D&t=4d5b0474&ps=13740610&shp=30310797&shcp=ff37627b&idc=useast8"
"Y por qué no hacen eso siempre y no solo para el mundial en lugar de gastar nuestros impuestos en croquetas del bienestar","6967","38","2026-03-07T03:45:58.000Z","charro.furioso","https://www.tiktok.com/@latinus_us/video/7614352986915163412","7485152523579212806","7614354848016941831","https://p19-common-sign.tiktokcdn-us.com/tos-maliva-avt-0068/4abec3882e5d10ea956d0c7fc13126e1~tplv-tiktokx-cropcenter:100:100.jpg?dr=9640&refresh_token=fd38797a&x-expires=1780200000&x-signature=QB2QH6e8EiIyeCT2i1vJWhchQfU%3D&t=4d5b0474&ps=13740610&shp=30310797&shcp=ff37627b&idc=useast8"
"Y si hacemos el plan KUKULKÁN permanente y no nada más en el mundial !!!!","64","5","2026-03-08T03:10:18.000Z","urologopedrodeleon","https://www.tiktok.com/@latinus_us/video/7614352986915163412","7277750970284082181","7614716766309188359","https://p16-common-sign.tiktokcdn-us.com/tos-alisg-avt-0068/e73a67560d9f67047aba0503a34edde6~tplv-tiktokx-cropcenter:100:100.jpg?dr=9640&refresh_token=80fb96b9&x-expires=1780200000&x-signature=BqrWZUeNvQJExFn0Fjj7Rr9kcN8%3D&t=4d5b0474&ps=13740610&shp=30310797&shcp=ff37627b&idc=useast8"
"Canada: En crisis
estados unidos:En guerra
México: También en guerra pero interna","570","1","2026-03-07T04:03:18.000Z","rikoski0","https://www.tiktok.com/@latinus_us/video/7614352986915163412","6816141620635960325","7614359300788224789","https://p16-common-sign.tiktokcdn-us.com/tos-alisg-avt-0068/2bc9f4e619be019055834c89b6b47a35~tplv-tiktokx-cropcenter:100:100.jpg?dr=9640&refresh_token=f99fe678&x-expires=1780200000&x-signature=w4TXzA0l0DruZtphahmmWjIP5Ko%3D&t=4d5b0474&ps=13740610&shp=30310797&shcp=ff37627b&idc=useast8"
"No ma, si podían hacen eso; porque no lo hicieron con nosotros?","603","11","2026-03-07T17:02:54.000Z","lobomelgoza","https://www.tiktok.com/@latinus_us/video/7614352986915163412","6985214564397679622","7614560221504520980","https://p19-common-sign.tiktokcdn-us.com/tos-alisg-avt-0068/c10855a4b2b4c7607ca991f28b346f3f~tplv-tiktokx-cropcenter:100:100.jpg?dr=9640&refresh_token=cb12b966&x-expires=1780200000&x-signature=e0e3osxMK%2BrDfaenEh%2BHNG4VdyU%3D&t=4d5b0474&ps=13740610&shp=30310797&shcp=ff37627b&idc=useast8"
"Y por qué no hacen ese plan para limpiar México no solo por un show😏","523","12","2026-03-08T16:42:08.000Z","cardealsdaily7","https://www.tiktok.com/@latinus_us/video/7614352986915163412","7592308321819460663","7614925857156694815","https://p16-common-sign.tiktokcdn-us.com/tos-useast8-avt-0068-tx2/6041f10e88f6323234f7c3892bfd1f9f~tplv-tiktokx-cropcenter:100:100.jpg?dr=9640&refresh_token=8fe16c20&x-expires=1780200000&x-signature=SSHn6kfMEWst1%2BBblSi6U9eH9oI%3D&t=4d5b0474&ps=13740610&shp=30310797&shcp=ff37627b&idc=useast8"
"¿Cómo podemos registrarnos como turistas aunque seamos locales? Nos urge sentirnos seguros","5","0","2026-03-14T03:54:57.000Z","noe.silva_","https://www.tiktok.com/@latinus_us/video/7614352986915163412","6821937874373362693","7616954733241402130","https://p16-common-sign.tiktokcdn-us.com/tos-alisg-avt-0068/e4fbdb34b8d7e1e6d8e369ef7cc4ded9~tplv-tiktokx-cropcenter:100:100.jpg?dr=9640&refresh_token=e16d8cdb&x-expires=1780200000&x-signature=VVGUNpsUrqXB5E6PMOGsTTDjk5Y%3D&t=4d5b0474&ps=13740610&shp=30310797&shcp=ff37627b&idc=useast8"
"el plan Kukulkán llegó para quedarse o solo será temporal mientras está el mundial 🤔🤔","14","0","2026-03-07T19:14:24.000Z","tololoche776","https://www.tiktok.com/@latinus_us/video/7614352986915163412","7290294254784840709","7614594118442713876","https://p19-common-sign.tiktokcdn-us.com/tos-maliva-avt-0068/1f53d140472c42e72aadd1d53f85ae47~tplv-tiktokx-cropcenter:100:100.jpg?dr=9640&refresh_token=06974f03&x-expires=1780200000&x-signature=dAunIFxYKLcVbOdl5V0g31xy4l8%3D&t=4d5b0474&ps=13740610&shp=30310797&shcp=ff37627b&idc=useast8"
"pues el plan Kukulkán ya se debería quedar 365 días no? diiiigo","13","0","2026-03-07T19:38:58.000Z","johnclimbsthewall","https://www.tiktok.com/@latinus_us/video/7614352986915163412","7159224904343716869","7614600456933704455","https://p19-common-sign.tiktokcdn-us.com/tos-maliva-avt-0068/b118805faaf609e35889b9d603436dac~tplv-tiktokx-cropcenter:100:100.jpg?dr=9640&refresh_token=d30164f2&x-expires=1780200000&x-signature=trx0jpdeMyCKOycIJvecRTziJxA%3D&t=4d5b0474&ps=13740610&shp=30310797&shcp=ff37627b&idc=useast8"
"Es más seguro ir a jugar a Israel o iran que a México 🤣🤣🤣","292","15","2026-03-07T13:11:37.000Z","nunca_te_leere","https://www.tiktok.com/@latinus_us/video/7614352986915163412","6881441924374299653","7614500653738951442","https://p16-common-sign.tiktokcdn-us.com/tos-maliva-avt-0068/a8466f7cfecdd0299e10a0d9a9828ffd~tplv-tiktokx-cropcenter:100:100.jpg?dr=9640&refresh_token=5293870a&x-expires=1780200000&x-signature=3WornH3SzNUqtAWimRTNuOtN2kY%3D&t=4d5b0474&ps=13740610&shp=30310797&shcp=ff37627b&idc=useast8"
"Entonces si había tecnología para acabar con el crimen organizado??? Pero no querían trabajar ???","690","9","2026-03-07T08:36:35.000Z","el_ajustador_","https://www.tiktok.com/@latinus_us/video/7614352986915163412","7371641016854217733","7614429741149422356","https://p19-common-sign.tiktokcdn-us.com/musically-maliva-obj/1594805258216454~tplv-tiktokx-cropcenter:100:100.jpg?dr=9640&refresh_token=e340c4d0&x-expires=1780200000&x-signature=y0I6Dncomm86fyA9XjJdWa1HRzE%3D&t=4d5b0474&ps=13740610&shp=30310797&shcp=ff37627b&idc=useast8"
"We que se cancele","682","18","2026-03-07T03:59:49.000Z","luishermosilloher","https://www.tiktok.com/@latinus_us/video/7614352986915163412","6646222327241654277","7614358452420526856","https://p16-common-sign.tiktokcdn-us.com/tos-alisg-avt-0068/f11cfb2ae7f1e81936bab61c6f9cc69d~tplv-tiktokx-cropcenter:100:100.jpg?dr=9640&refresh_token=99cff036&x-expires=1780200000&x-signature=GV8sH3UR6lYGRBgSVL6mIYSRix0%3D&t=4d5b0474&ps=13740610&shp=30310797&shcp=ff37627b&idc=useast8"
"No soy de México, pero como que hay más enfoque en el mundial que en su gente?","237","8","2026-03-07T17:24:24.000Z","ferdinan.c.a27","https://www.tiktok.com/@latinus_us/video/7614352986915163412","6993055917915325446","7614565797235344136","https://p16-common-sign.tiktokcdn-us.com/tos-alisg-avt-0068/acb28f82ea42eda55e34f80bdd242e9b~tplv-tiktokx-cropcenter:100:100.jpg?dr=9640&refresh_token=39c7a443&x-expires=1780200000&x-signature=w8Ygq2B3tZy9NMsvJF4B1S4Qjmc%3D&t=4d5b0474&ps=13740610&shp=30310797&shcp=ff37627b&idc=useast8"
"México está en guerra no tienen que hacer partidos ahí.","13","19","2026-03-07T14:17:13.000Z","juanchobadindegui","https://www.tiktok.com/@latinus_us/video/7614352986915163412","6986041091708748805","7614517558297789191","https://p16-common-sign.tiktokcdn-us.com/tos-maliva-avt-0068/7335854887642595334~tplv-tiktokx-cropcenter:100:100.jpg?dr=9640&refresh_token=e4e81941&x-expires=1780200000&x-signature=UzDWpuXjceliulpC6HCerox%2FO6g%3D&t=4d5b0474&ps=13740610&shp=30310797&shcp=ff37627b&idc=useast8"
"México ni Estados Unidos merecen ser sede","25","6","2026-03-08T18:28:19.000Z","gutti_morgan","https://www.tiktok.com/@latinus_us/video/7614352986915163412","6822522654790419461","7614953358545126152","https://p19-common-sign.tiktokcdn-us.com/tos-alisg-avt-0068/a1707ce01dda7076a5949e69b4227963~tplv-tiktokx-cropcenter:100:100.jpg?dr=9640&refresh_token=88e98c2d&x-expires=1780200000&x-signature=%2B%2BuFMaXpRgmDqBTzDrlfpN11bec%3D&t=4d5b0474&ps=13740610&shp=30310797&shcp=ff37627b&idc=useast8"
"Porque no entienden que no se trata de partidos políticos ni gobiernos se trata de quien Gobierna cada entidad quien este en la presidencia es lo mismo hará lo que pueda en su gobierno pero los que son los Gobernadores delegados o presidentes de cada entidad son los que hacen lo que quieren","1","0","2026-05-28T11:53:44.000Z","gutierrezjose1978","https://www.tiktok.com/@ajplusespanol/video/7644374184180616456","6875726413405340678","7644909288297317151","https://p16-common-sign.tiktokcdn.com/tos-maliva-avt-0068/8846ab9e3f366874a75ff051603d2466~tplv-tiktokx-cropcenter:100:100.jpg?dr=14579&refresh_token=82cfb8b9&x-expires=1780200000&x-signature=YSHoajv0MDDa%2BvC4RGqIsI3tqBo%3D&t=4d5b0474&ps=13740610&shp=30310797&shcp=ff37627b&idc=my2"
"nadie deberia comprar esos boletos tan caros,,,,no lo valen","32","5","2026-05-28T19:10:07.000Z","betyquiroz711","https://www.tiktok.com/@ajplusespanol/video/7644374184180616456","7042467054461289478","7645021924486365983","https://p16-common-sign.tiktokcdn.com/tos-maliva-avt-0068/1c44271a56098e786fe168f55152f0a5~tplv-tiktokx-cropcenter:100:100.jpg?dr=14579&refresh_token=62590671&x-expires=1780200000&x-signature=UCo9dNGfrnAB0M4riTJyARTE0Lo%3D&t=4d5b0474&ps=13740610&shp=30310797&shcp=ff37627b&idc=my2"
"Oigan una pregunta en mi tierra también ay desaparecidos pero andan con esa propaganda sirve de algo pregunto??","10","16","2026-05-28T13:39:23.000Z","4791collin","https://www.tiktok.com/@ajplusespanol/video/7644374184180616456","7422295159354229806","7644936606340776718","https://p16-common-sign.tiktokcdn.com/tos-maliva-avt-0068/31f2e766d68a990775febdb836bbc5c3~tplv-tiktokx-cropcenter:100:100.jpg?dr=14579&refresh_token=622267c9&x-expires=1780200000&x-signature=hrjCBz4sDru3KqFMGZEls3J2490%3D&t=4d5b0474&ps=13740610&shp=30310797&shcp=ff37627b&idc=my2"
"Llenen este carrito de super , yo empiezo 🛒","95","17","2026-05-27T16:56:43.000Z","angielizmtz","https://www.tiktok.com/@ajplusespanol/video/7644374184180616456","6767397388027823109","7644616553992143636","https://p16-common-sign.tiktokcdn.com/tos-maliva-avt-0068/a21baec02d4dbdb52ac2c1a07bde20be~tplv-tiktokx-cropcenter:100:100.jpg?dr=14579&refresh_token=bbebaeb1&x-expires=1780200000&x-signature=PMkH7ATkAs8KoxhVUQE6%2FiXVpAs%3D&t=4d5b0474&ps=13740610&shp=30310797&shcp=ff37627b&idc=my2"
"el dinero y el football es más importante que las vidas de la gente todo mundo lo sabe","21","17","2026-05-27T06:01:29.000Z","plateado299","https://www.tiktok.com/@ajplusespanol/video/7644374184180616456","7039858069837710342","7644447677800088327","https://p16-common-sign.tiktokcdn.com/tos-maliva-avt-0068/0d44405a052a6dbcae75e3157cb4afd5~tplv-tiktokx-cropcenter:100:100.jpg?dr=14579&refresh_token=f5b38ec0&x-expires=1780200000&x-signature=9%2Bh%2Fx36n5UnpaC%2FLTEVAa4OHQ0o%3D&t=4d5b0474&ps=13740610&shp=30310797&shcp=ff37627b&idc=my2"
"y si exigimos que no sea lo del mundial ?","27","6","2026-05-27T12:47:24.000Z","soylizeth.amadecasa","https://www.tiktok.com/@ajplusespanol/video/7644374184180616456","7548925235053282309","7644552204247220993","https://p16-common-sign.tiktokcdn.com/tos-alisg-avt-0068/4979a4a736860364911b8dbd3a4ca2e1~tplv-tiktokx-cropcenter:100:100.jpg?dr=14579&refresh_token=dea9054e&x-expires=1780200000&x-signature=IfGsx%2FnQJZoz2%2BfbtM4iANxoDn0%3D&t=4d5b0474&ps=13740610&shp=30310797&shcp=ff37627b&idc=my2"
"QUE CANCELEN EL MUNDIAL","110","5","2026-05-27T22:58:17.000Z","nefelibataza","https://www.tiktok.com/@ajplusespanol/video/7644374184180616456","7429847539522978821","7644709673748841236","https://p16-common-sign.tiktokcdn.com/tos-maliva-avt-0068/c1214e22295fa04c198ea32ba5a6f8cf~tplv-tiktokx-cropcenter:100:100.jpg?dr=14579&refresh_token=66494c6e&x-expires=1780200000&x-signature=Px64K1ulEMZ%2FJJAbfsn1wUMsopo%3D&t=4d5b0474&ps=13740610&shp=30310797&shcp=ff37627b&idc=my2"
"Deja tu flor (interactuando) 🌸👇🏻","46","14","2026-05-27T15:59:58.000Z","whosvidales","https://www.tiktok.com/@ajplusespanol/video/7644374184180616456","6861666524994847749","7644601933256508181","https://p16-common-sign.tiktokcdn.com/tos-alisg-avt-0068/51b6e5e45309f2a7aa78e7b7758d50e5~tplv-tiktokx-cropcenter:100:100.jpg?dr=14579&refresh_token=01546e7f&x-expires=1780200000&x-signature=IBL5UpF1dDRva7HdGq2Oj8rh7kA%3D&t=4d5b0474&ps=13740610&shp=30310797&shcp=ff37627b&idc=my2"
"Prefiero un México sin desaparecidos, que un mundial, espero que puedan encontrarlos y los familiares tengan paz","46","1","2026-05-27T13:05:25.000Z","arpaazppe","https://www.tiktok.com/@ajplusespanol/video/7644374184180616456","7153394422310405125","7644556936869004053","https://p16-common-sign.tiktokcdn.com/tos-maliva-avt-0068/e47ccd376758ed0aacddc5fa7d5dab58~tplv-tiktokx-cropcenter:100:100.jpg?dr=14579&refresh_token=9f452afb&x-expires=1780200000&x-signature=xmw1ibcAtLNI%2Bayqs74UefwBWpg%3D&t=4d5b0474&ps=13740610&shp=30310797&shcp=ff37627b&idc=my2"
"[Sticker] interactuando","452","31","2026-05-27T03:57:38.000Z","aalippk","https://www.tiktok.com/@ajplusespanol/video/7644374184180616456","7511439212886934533","7644415753106539280","https://p16-common-sign.tiktokcdn.com/tos-alisg-avt-0068/0ee90ba3913879eba79ceafa5ce0a8c6~tplv-tiktokx-cropcenter:100:100.jpg?dr=14579&refresh_token=6406f881&x-expires=1780200000&x-signature=7cuvTjb3G%2B89kfTpHxYT91fkxb4%3D&t=4d5b0474&ps=13740610&shp=30310797&shcp=ff37627b&idc=my2"
"Pero Dice Tu Tía Claudia Que Cada Vez Estamos Mejor","27","4","2026-05-29T02:57:12.000Z","marco.an2","https://www.tiktok.com/@ajplusespanol/video/7644374184180616456","225826090055897088","7645142381892780818","https://p16-common-sign.tiktokcdn.com/tos-alisg-avt-0068/f31f938253ba54eeeba38d5a4b11072d~tplv-tiktokx-cropcenter:100:100.jpg?dr=14579&refresh_token=9d9800e6&x-expires=1780200000&x-signature=biU84ZeZmcei0bSg7HGd%2FNpbDjQ%3D&t=4d5b0474&ps=13740610&shp=30310797&shcp=ff37627b&idc=my2"
"Pero el responsable del mundial el la presidencia no las gobernaturas !","16","6","2026-05-27T19:46:06.000Z","gerardotorres081","https://www.tiktok.com/@ajplusespanol/video/7644374184180616456","6847919578535085061","7644660190952489735","https://p16-common-sign.tiktokcdn.com/tos-alisg-avt-0068/6cdfb85e7744c6641dcb78a66fc48863~tplv-tiktokx-cropcenter:100:100.jpg?dr=14579&refresh_token=2cec703a&x-expires=1780200000&x-signature=sFJp72okLhrzXN7gFVQvyG5pG3g%3D&t=4d5b0474&ps=13740610&shp=30310797&shcp=ff37627b&idc=my2"
"wey México con aviones F5, ya esos son de museo","31","6","2026-03-07T06:50:16.000Z","joseverduzco1983","https://www.tiktok.com/@latinus_us/video/7614352986915163412","6814573515375657990","7614402345460089621","https://p16-common-sign.tiktokcdn-eu.com/tos-maliva-avt-0068/7328487764691779589~tplv-tiktokx-cropcenter:100:100.jpg?dr=10399&refresh_token=79f6816b&x-expires=1780200000&x-signature=3HD6o1VpDX9JVlK5Kg%2F7nTqGxGM%3D&t=4d5b0474&ps=13740610&shp=30310797&shcp=ff37627b&idc=no1a"
"jajajaja no tenemos ese tipo de aviones 😂😂😂","9","5","2026-03-07T05:32:24.000Z","edgarantoniogar","https://www.tiktok.com/@latinus_us/video/7614352986915163412","6894761612970116097","7614382303791629076","https://p19-common-sign.tiktokcdn-eu.com/tos-alisg-avt-0068/a625d654e7a76cd8143282012bcbff68~tplv-tiktokx-cropcenter:100:100.jpg?dr=10399&refresh_token=206ef4a3&x-expires=1780200000&x-signature=yvj90R2AxPkbz5hAiTWPnBaYtcc%3D&t=4d5b0474&ps=13740610&shp=30310797&shcp=ff37627b&idc=no1a"
"Este wey ya me da risa 😂😂😂😂","43","28","2026-03-07T04:06:01.000Z","negrullit","https://www.tiktok.com/@latinus_us/video/7614352986915163412","7524418080794477584","7614360030885004040","https://p16-common-sign.tiktokcdn-eu.com/tos-alisg-avt-0068/66fc0ca8274b2856715ca0f5ab4cd117~tplv-tiktokx-cropcenter:100:100.jpg?dr=10399&refresh_token=4191d384&x-expires=1780200000&x-signature=nNz2MS0IfJ0jM6UJKoI6g%2BHQzyM%3D&t=4d5b0474&ps=13740610&shp=30310797&shcp=ff37627b&idc=no1a"
"Nos puede des decir de donde sale o que significa KUKULCAN me suena a cucurrucucu hay México","8","4","2026-03-07T13:03:17.000Z","mejserra","https://www.tiktok.com/@latinus_us/video/7614352986915163412","6962542927537439750","7614498499477406484","https://p16-common-sign.tiktokcdn-eu.com/tos-maliva-avt-0068/7334052733982277637~tplv-tiktokx-cropcenter:100:100.jpg?dr=10399&refresh_token=c5984432&x-expires=1780200000&x-signature=O115G8gjPWHqF6a0SYMEzQ02vzA%3D&t=4d5b0474&ps=13740610&shp=30310797&shcp=ff37627b&idc=no1a"
"Menos ganas me dieron de ir a México la neta","20","5","2026-03-08T19:19:35.000Z","giogio2019873","https://www.tiktok.com/@latinus_us/video/7614352986915163412","7557645089817658423","7614966460897149710","https://p16-common-sign.tiktokcdn-eu.com/tos-maliva-avt-0068/63020a4977cffd94e7192e9e99a64752~tplv-tiktokx-cropcenter:100:100.jpg?dr=10399&refresh_token=613541c1&x-expires=1780200000&x-signature=spSa2CMBFxvWQPQB9r%2Bmhndrid0%3D&t=4d5b0474&ps=13740610&shp=30310797&shcp=ff37627b&idc=no1a"
"México es un estado fallido","12","5","2026-03-07T04:08:49.000Z","jeanherrera84","https://www.tiktok.com/@latinus_us/video/7614352986915163412","7521147020750570514","7614360729974620949","https://p16-common-sign.tiktokcdn-eu.com/tos-alisg-avt-0068/f0113492257598060b9f1df39cc1a0ed~tplv-tiktokx-cropcenter:100:100.jpg?dr=10399&refresh_token=2c81746b&x-expires=1780200000&x-signature=pOaj%2FcRjr43QSH4LxeJmUwNr2Rc%3D&t=4d5b0474&ps=13740610&shp=30310797&shcp=ff37627b&idc=no1a"
"Irán atacará en pleno mundial. Acuérdense de este comentario 🥶👀","585","47","2026-03-07T03:46:40.000Z","egodisciplinadoo","https://www.tiktok.com/@latinus_us/video/7614352986915163412","7218359410366727174","7614355020574688021","https://p16-common-sign.tiktokcdn-eu.com/tos-alisg-avt-0068/06e62f0a8b8612eb528009b2ad0045ce~tplv-tiktokx-cropcenter:100:100.jpg?dr=10399&refresh_token=5877a0ae&x-expires=1780200000&x-signature=itWNqFE4mnYUIw7CH8l67qXksyM%3D&t=4d5b0474&ps=13740610&shp=30310797&shcp=ff37627b&idc=no1a"
"Esto del mundial terminará muy mal","58","3","2026-03-08T01:47:24.000Z","josemexa2","https://www.tiktok.com/@latinus_us/video/7614352986915163412","7588836176422388756","7614695391112889095","https://p16-common-sign.tiktokcdn-eu.com/tos-alisg-avt-0068/65419c691be87f2ab1379d02fc853856~tplv-tiktokx-cropcenter:100:100.jpg?dr=10399&refresh_token=ec91cf48&x-expires=1780200000&x-signature=uGhf7w%2Bgnfh%2BjlB%2BJhCAF6SiOUQ%3D&t=4d5b0474&ps=13740610&shp=30310797&shcp=ff37627b&idc=no1a"
"A quien le importa el mundial ahorita 😒","19","4","2026-03-07T06:54:18.000Z","ary02365","https://www.tiktok.com/@latinus_us/video/7614352986915163412","7585222305875002369","7614403378009686805","https://p16-common-sign.tiktokcdn-eu.com/tos-alisg-avt-0068/d921c049cc73ed7694208ce760fdea2e~tplv-tiktokx-cropcenter:100:100.jpg?dr=10399&refresh_token=b77c10c1&x-expires=1780200000&x-signature=7VXq%2FRjFIzXAslJO1POX9sAJ1xU%3D&t=4d5b0474&ps=13740610&shp=30310797&shcp=ff37627b&idc=no1a"
"Y solo para el mundial?","220","3","2026-03-07T13:30:10.000Z","user3467294821560","https://www.tiktok.com/@latinus_us/video/7614352986915163412","7400885239884940294","7614504812169102100","https://p16-common-sign.tiktokcdn-eu.com/tos-maliva-avt-0068/6e15604498ea11c2afb01fc71056ea5c~tplv-tiktokx-cropcenter:100:100.jpg?dr=10399&refresh_token=357adacf&x-expires=1780200000&x-signature=SJb4dRMlr9FKuYczGPl1kzVFziA%3D&t=4d5b0474&ps=13740610&shp=30310797&shcp=ff37627b&idc=no1a"
"El turismo también aporta, fortalece la economía, es obvio que debe ser seguro!! porque criticamos todo!!","25","22","2026-03-07T16:12:35.000Z","marisol.gonzalez24","https://www.tiktok.com/@latinus_us/video/7614352986915163412","7039776503802250246","7614547287557358356","https://p16-common-sign.tiktokcdn-eu.com/tos-maliva-avt-0068/7253248938675798022~tplv-tiktokx-cropcenter:100:100.jpg?dr=10399&refresh_token=abebd84b&x-expires=1780200000&x-signature=gXaH89b7lkqyt537cn496Y6Vw1s%3D&t=4d5b0474&ps=13740610&shp=30310797&shcp=ff37627b&idc=no1a"
"Duda latinus es independiente o pertenece a alguna televisora ?","9","8","2026-03-07T04:49:56.000Z","shanootealdairger","https://www.tiktok.com/@latinus_us/video/7614352986915163412","6656968810980409349","7614371346130469653","https://p16-common-sign.tiktokcdn-eu.com/tos-maliva-avt-0068/7334497561866305541~tplv-tiktokx-cropcenter:100:100.jpg?dr=10399&refresh_token=527484b2&x-expires=1780200000&x-signature=tiloD0vBc4FHPSGzLdw4COLG888%3D&t=4d5b0474&ps=13740610&shp=30310797&shcp=ff37627b&idc=no1a"
"Quien en su sano juicio iría a México solo por el mundial","109","44","2026-03-08T02:22:55.000Z","mmeb61","https://www.tiktok.com/@latinus_us/video/7614352986915163412","7416398005487813637","7614704574502355730","https://p16-common-sign.tiktokcdn-eu.com/tos-maliva-avt-0068/88d9109c102368967e5060f9fb0dc017~tplv-tiktokx-cropcenter:100:100.jpg?dr=10399&refresh_token=63050cf4&x-expires=1780200000&x-signature=2VBdh%2BdNDabc3PJfl2%2Bf%2FwKKyJs%3D&t=4d5b0474&ps=13740610&shp=30310797&shcp=ff37627b&idc=no1a"
"deberían de quitarle el mundial a estados unidos,..... loreto","37","11","2026-03-07T03:57:42.000Z","luisenciso08","https://www.tiktok.com/@latinus_us/video/7614352986915163412","6871802145688863750","7614357901441336065","https://p16-common-sign.tiktokcdn-eu.com/tos-alisg-avt-0068/7328808554716987400~tplv-tiktokx-cropcenter:100:100.jpg?dr=10399&refresh_token=e5234649&x-expires=1780200000&x-signature=WYsjiaVA%2BqgvpCGdNd0l76BijJM%3D&t=4d5b0474&ps=13740610&shp=30310797&shcp=ff37627b&idc=no1a"
"Bienvenidos a la realidad , que KUKULKÁN ni que 💩💩💩 Uds son los verdaderos TITI CAPY del crimen organizado , son una cofradía de mafiosos y corruptos","22","2","2026-03-07T03:44:21.000Z","chefg563","https://www.tiktok.com/@latinus_us/video/7614352986915163412","7611018909051732999","7614354439978402568","https://p16-common-sign.tiktokcdn-eu.com/tos-alisg-avt-0068/9277db8d2301b389ee8254ba774d8bdc~tplv-tiktokx-cropcenter:100:100.jpg?dr=10399&refresh_token=d2d4d73a&x-expires=1780200000&x-signature=yp%2BoYO8A7G9Rx6L%2FwXX6VC%2BYOas%3D&t=4d5b0474&ps=13740610&shp=30310797&shcp=ff37627b&idc=no1a"
"30 días de seguridad en México!! hay de disfrutarla porque no lo volveremos a ver hasta que tengamos otro mundial...🤨","371","8","2026-03-07T18:03:21.000Z","jorgeguerrerof777","https://www.tiktok.com/@latinus_us/video/7614352986915163412","6950049829888771077","7614575831205806849","https://p16-common-sign.tiktokcdn-us.com/tos-maliva-avt-0068/043c541c66b8e1b5078cd512652ad0f3~tplv-tiktokx-cropcenter:100:100.jpg?dr=9640&refresh_token=ed12f531&x-expires=1780200000&x-signature=DyZ49HqNADSP6dGqflxTm7xHs80%3D&t=4d5b0474&ps=13740610&shp=30310797&shcp=ff37627b&idc=useast5"
"imponer el plan Kukulkán en México para que acaben con la violencia ❌
imponer el plan Kukulkán solo para el mundial y atraer extranjeros ✅","68","0","2026-03-07T04:41:09.000Z","ulcl1_","https://www.tiktok.com/@latinus_us/video/7614352986915163412","7175589776023880709","7614369102601274119","https://p19-common-sign.tiktokcdn-us.com/tos-alisg-avt-0068/b176acfab4fb4623df12bd517b3df98d~tplv-tiktokx-cropcenter:100:100.jpg?dr=9640&refresh_token=14bb7852&x-expires=1780200000&x-signature=wDrzX9tLkEKlhDnK5GA%2B3%2FTpqP4%3D&t=4d5b0474&ps=13740610&shp=30310797&shcp=ff37627b&idc=useast5"
"[Sticker] KuKulKan me suena conocido","312","14","2026-03-07T04:48:38.000Z","diivissionzz","https://www.tiktok.com/@latinus_us/video/7614352986915163412","6782214749792633861","7614371039631639314","https://p16-common-sign.tiktokcdn.com/tos-alisg-avt-0068/02139b8cdeca734f50dbae2d280b4015~tplv-tiktokx-cropcenter:100:100.jpg?dr=14579&refresh_token=47af036e&x-expires=1780200000&x-signature=DccBp8G37D%2Fyz77hHg5IBzgWDXs%3D&t=4d5b0474&ps=13740610&shp=30310797&shcp=ff37627b&idc=my3"
"y por qué protegen tanto a los extranjeros y nunca a nosotros los del pueblo que somos los que pagamos impuestos","386","4","2026-03-07T04:12:30.000Z","miguelangelgonzal4623","https://www.tiktok.com/@latinus_us/video/7614352986915163412","7511548417518027794","7614361684686422792","https://p16-common-sign.tiktokcdn.com/tos-alisg-avt-0068/e77af9431103e70e25cc87a98f748ad4~tplv-tiktokx-cropcenter:100:100.jpg?dr=14579&refresh_token=79fea1be&x-expires=1780200000&x-signature=wJZ3N9e8j0K8jxfAu4OkyRywG1o%3D&t=4d5b0474&ps=13740610&shp=30310797&shcp=ff37627b&idc=my3"
"Nada les embona, que si hay seguridad, que si es demasiada seguridad 🤦🏻","42","36","2026-03-07T15:27:52.000Z","joaquinalvarezvan","https://www.tiktok.com/@latinus_us/video/7614352986915163412","7025029717402436614","7614535775770444561","https://p16-common-sign.tiktokcdn.com/tos-maliva-avt-0068/7063992774898974725~tplv-tiktokx-cropcenter:100:100.jpg?dr=14579&refresh_token=c8403e4c&x-expires=1780200000&x-signature=5SjeGvyv5f79PuS7gYMl2SJJzgU%3D&t=4d5b0474&ps=13740610&shp=30310797&shcp=ff37627b&idc=my3"
"Para eso si hay Ejército, Marina, GN, pero aquí en Sinaloa qué siga la violencia 😎","100","2","2026-03-08T03:37:13.000Z","billyjack2613","https://www.tiktok.com/@latinus_us/video/7614352986915163412","7114806472366998534","7614723712058917639","https://p16-common-sign.tiktokcdn.com/tos-alisg-avt-0068/7c01ebde62e2503eb25d8f148fbd058f~tplv-tiktokx-cropcenter:100:100.jpg?dr=14579&refresh_token=0c75147d&x-expires=1780200000&x-signature=zvOyuMEkOu5kuwhBIyYL128%2F2%2B4%3D&t=4d5b0474&ps=13740610&shp=30310797&shcp=ff37627b&idc=my3"
"ni loko iria a México","37","21","2026-03-08T04:22:12.000Z","tiktokpedroalvarez","https://www.tiktok.com/@latinus_us/video/7614352986915163412","7379473118283301894","7614735311356347143","https://p16-common-sign.tiktokcdn.com/tos-maliva-avt-0068/f0b0deb1fb03ea65eb0f1a1594797ded~tplv-tiktokx-cropcenter:100:100.jpg?dr=14579&refresh_token=e54a25a7&x-expires=1780200000&x-signature=orf8QcapLLAlnd3S7a65sa11YVc%3D&t=4d5b0474&ps=13740610&shp=30310797&shcp=ff37627b&idc=my3"
"no queremos mundial, queremos de regreso a nuestros desaparecid@s.","39","0","2026-05-27T20:19:06.000Z","faat_h23","https://www.tiktok.com/@ajplusespanol/video/7644374184180616456","7261132885838742534","7644668685492388615","https://p16-common-sign.tiktokcdn-us.com/tos-alisg-avt-0068/c4d50a120f5cd8d9bbea4f35a524b97b~tplv-tiktokx-cropcenter:100:100.jpg?dr=9640&refresh_token=657347cd&x-expires=1780200000&x-signature=2jOX%2BZ89nyWQQIqjJWTIony6Muo%3D&t=4d5b0474&ps=13740610&shp=30310797&shcp=ff37627b&idc=useast5"
"ideas 💡 caminar el dia del mundial en jalisco","20","0","2026-05-27T17:08:48.000Z","rvrm10","https://www.tiktok.com/@ajplusespanol/video/7644374184180616456","7332735240149386246","7644619681504527112","https://p19-common-sign.tiktokcdn-us.com/tos-alisg-avt-0068/1fea30cd05d0ab21581ed95c287df5d5~tplv-tiktokx-cropcenter:100:100.jpg?dr=9640&refresh_token=cadbab95&x-expires=1780200000&x-signature=wPugQ0HlqAdO37Sug0GG5u%2FyEzU%3D&t=4d5b0474&ps=13740610&shp=30310797&shcp=ff37627b&idc=useast5"
"apollemos a estos padres y madres buscadoras Dios los bendiga y los proteja","13","0","2026-05-27T20:24:51.000Z","user2612803920620","https://www.tiktok.com/@ajplusespanol/video/7644374184180616456","7570993640694105096","7644670160410510087","https://p16-common-sign.tiktokcdn-us.com/tos-alisg-avt-0068/6329fc13146eb6bdc89822f190c03b32~tplv-tiktokx-cropcenter:100:100.jpg?dr=9640&refresh_token=842443d4&x-expires=1780200000&x-signature=SUCm0MU6ruIgc4Np%2FQQ5pOdgCik%3D&t=4d5b0474&ps=13740610&shp=30310797&shcp=ff37627b&idc=useast5"
"no queremos mundial!","20","0","2026-05-27T04:29:48.000Z","makavelasco","https://www.tiktok.com/@ajplusespanol/video/7644374184180616456","6619711074122252294","7644424086265266961","https://p19-common-sign.tiktokcdn-us.com/tos-maliva-avt-0068/2aba5fe9ed29b4242bddd08eadc04fbd~tplv-tiktokx-cropcenter:100:100.jpg?dr=9640&refresh_token=b5f9f468&x-expires=1780200000&x-signature=%2F5s1SxMtV2PyO8RPFD%2BI4dOq2Ng%3D&t=4d5b0474&ps=13740610&shp=30310797&shcp=ff37627b&idc=useast5"
"no queremos mundial","28","0","2026-05-27T19:39:32.000Z","r.bojorquez1","https://www.tiktok.com/@ajplusespanol/video/7644374184180616456","7420208313222693930","7644658477369623326","https://p19-common-sign.tiktokcdn-us.com/tos-useast8-avt-0068-tx2/c775c3d4ad1ba597df011907b7af11a6~tplv-tiktokx-cropcenter:100:100.jpg?dr=9640&refresh_token=216f962f&x-expires=1780200000&x-signature=uh45%2Bmi0RUb%2FBBgQxEs%2BRIRhCaw%3D&t=4d5b0474&ps=13740610&shp=30310797&shcp=ff37627b&idc=useast5"
"Un abrazo a las familias, apoyemos para que se hagan virales y los escuchen ☹️☹️","447","1","2026-05-27T03:38:26.000Z","ale_ela007","https://www.tiktok.com/@ajplusespanol/video/7644374184180616456","6865434550877914117","7644410825427550996","https://p16-common-sign.tiktokcdn-us.com/tos-alisg-avt-0068/470a5862efdc1ae0a29743330b967146~tplv-tiktokx-cropcenter:100:100.jpg?dr=9640&refresh_token=7dc879ba&x-expires=1780200000&x-signature=xINJEmSHjSihmWpb9b5ag6uvZUs%3D&t=4d5b0474&ps=13740610&shp=30310797&shcp=ff37627b&idc=useast5"
"Con todo lo qué pasa en el país, ¿de verdad necesitamos un mundial? Yo no lo creo.","22","0","2026-05-27T13:35:32.000Z","paosa17","https://www.tiktok.com/@ajplusespanol/video/7644374184180616456","270885393888276480","7644564704368214802","https://p16-common-sign.tiktokcdn-us.com/tos-alisg-avt-0068/ede92361cb03919b6d33ec19c0b199cd~tplv-tiktokx-cropcenter:100:100.jpg?dr=9640&refresh_token=b2cb458a&x-expires=1780200000&x-signature=Em87blomJQLWBwXShFrk%2BqPIDv8%3D&t=4d5b0474&ps=13740610&shp=30310797&shcp=ff37627b&idc=useast5"
"Es que entiendan, no están en contra del mundial ni nada, sino que están en contra de que se gasten miles de millones de pesos en remodelaciones innecesarias solo para verse ""bonita"" para menos del mes, mientras no hay dinero para búsquedas de desaparecidos, no hay dinero para medicamentos, no hay dinero para nada","59","0","2026-05-28T13:29:53.000Z","majo.fairycat","https://www.tiktok.com/@ajplusespanol/video/7644374184180616456","310016051449368576","7644934331328676629","https://p16-common-sign.tiktokcdn-us.com/tos-alisg-avt-0068/4639063e5c0e23b500caaa5680c95726~tplv-tiktokx-cropcenter:100:100.jpg?dr=9640&refresh_token=08bf677b&x-expires=1780200000&x-signature=7QE0I0HX0XkvkqbmKEuLssg7Fhg%3D&t=4d5b0474&ps=13740610&shp=30310797&shcp=ff37627b&idc=useast5"
"y así Claudia dice que no vean tv azteca, más bien no quiere que vean sus errores cómo ""líder""","62","7","2026-05-27T07:47:09.000Z","mictlnem570","https://www.tiktok.com/@ajplusespanol/video/7644374184180616456","7551654464488064011","7644474914196685586","https://p19-common-sign.tiktokcdn-us.com/tos-alisg-avt-0068/1f7e8e28cab9395882e42a939729eea0~tplv-tiktokx-cropcenter:100:100.jpg?dr=9640&refresh_token=82e93251&x-expires=1780200000&x-signature=xhU1C6DsNZycaY%2FaHKsmOcZj1Qw%3D&t=4d5b0474&ps=13740610&shp=30310797&shcp=ff37627b&idc=useast5"
"pero si peña nieto fue el que trajo el mundial a México","8","7","2026-05-27T21:57:38.000Z","elbbcit07","https://www.tiktok.com/@ajplusespanol/video/7644374184180616456","7056301332332692485","7644693989966562065","https://p16-common-sign.tiktokcdn-us.com/tos-maliva-avt-0068/7335219179337744390~tplv-tiktokx-cropcenter:100:100.jpg?dr=9640&refresh_token=c0b22d44&x-expires=1780200000&x-signature=xtZDDNW%2FM%2B1LMqU8H96ksFhQbpI%3D&t=4d5b0474&ps=13740610&shp=30310797&shcp=ff37627b&idc=useast5"
"es de terror lo que vivimos en México","44","2","2026-05-28T19:48:59.000Z","mar.gordon3","https://www.tiktok.com/@ajplusespanol/video/7644374184180616456","7480740910221870087","7645031999698846484","https://p19-common-sign.tiktokcdn-us.com/tos-alisg-avt-0068/71993d804fff118ac7d38cf22d941b8e~tplv-tiktokx-cropcenter:100:100.jpg?dr=9640&refresh_token=97952b04&x-expires=1780200000&x-signature=qa%2B04XR0cb62XS7KqJBBz8T5DaE%3D&t=4d5b0474&ps=13740610&shp=30310797&shcp=ff37627b&idc=useast5"
"por qué no hay empatía","193","3","2026-05-27T13:08:27.000Z","yadirabernal6748","https://www.tiktok.com/@ajplusespanol/video/7644374184180616456","6992639310072120326","7644557727070978837","https://p19-common-sign.tiktokcdn-us.com/tos-maliva-avt-0068/a0e33f697af780e61887519596a81e92~tplv-tiktokx-cropcenter:100:100.jpg?dr=9640&refresh_token=5c4f35eb&x-expires=1780200000&x-signature=zxD1mflNgW04SvMVUwbyXwDGg5Y%3D&t=4d5b0474&ps=13740610&shp=30310797&shcp=ff37627b&idc=useast5"
"Una manifestación mega grande el día del mundial que el mundo se entere en carne propia lo que se vive día a día en México","31","4","2026-05-27T17:48:18.000Z","juan.lara8","https://www.tiktok.com/@ajplusespanol/video/7644374184180616456","7029141144043914245","7644629849336791815","https://p16-common-sign.tiktokcdn-us.com/tos-alisg-avt-0068/c1e1b1b2f8877e2ae34a4ce15a0b3b99~tplv-tiktokx-cropcenter:100:100.jpg?dr=9640&refresh_token=3406e414&x-expires=1780200000&x-signature=bQ5iNuGYmVRwA17Nwno6NqcHCtA%3D&t=4d5b0474&ps=13740610&shp=30310797&shcp=ff37627b&idc=useast5"
"NO queremos mundial 😡","57","0","2026-05-27T20:33:37.000Z","blancaanahicazare","https://www.tiktok.com/@ajplusespanol/video/7644374184180616456","6830938615482139653","7644672443189494535","https://p16-common-sign.tiktokcdn-us.com/tos-alisg-avt-0068/04fd3e01f57cbb2800c208cb455fe1d3~tplv-tiktokx-cropcenter:100:100.jpg?dr=9640&refresh_token=3df3057a&x-expires=1780200000&x-signature=0wYYk5sAY%2Byv9ANB783rCJ18KCQ%3D&t=4d5b0474&ps=13740610&shp=30310797&shcp=ff37627b&idc=useast5"
"Que tiene que ver el mundial von el Gobierno","5","10","2026-05-28T05:29:09.000Z","user9673324486561","https://www.tiktok.com/@ajplusespanol/video/7644374184180616456","7416410872806917162","7644810300474180366","https://p19-common-sign.tiktokcdn-us.com/musically-maliva-obj/1594805258216454~tplv-tiktokx-cropcenter:100:100.jpg?dr=9640&refresh_token=e340c4d0&x-expires=1780200000&x-signature=y0I6Dncomm86fyA9XjJdWa1HRzE%3D&t=4d5b0474&ps=13740610&shp=30310797&shcp=ff37627b&idc=useast5"
"Si debemos estar en contra del mundial es un gasto innecesario para el mundo mientras hay temas como este que realmente si importan","42","2","2026-05-27T15:36:02.000Z","speace_08","https://www.tiktok.com/@ajplusespanol/video/7644374184180616456","6855353422562444294","7644595762697274133","https://p16-common-sign.tiktokcdn-us.com/tos-maliva-avt-0068/b361b05dc487c469afd1c6e9a23c2981~tplv-tiktokx-cropcenter:100:100.jpg?dr=9640&refresh_token=bee8e30b&x-expires=1780200000&x-signature=mwXJivAa4p2pP%2FFh%2FJR4hWMPKAM%3D&t=4d5b0474&ps=13740610&shp=30310797&shcp=ff37627b&idc=useast5"
"A mí me ""vale"" el mundial. Hay cosas más importantes","78","0","2026-05-27T11:56:18.000Z","tohuaxca1","https://www.tiktok.com/@ajplusespanol/video/7644374184180616456","7415759796563985414","7644491410163090196","https://p19-common-sign.tiktokcdn-us.com/tos-maliva-avt-0068/13a11d7467f6ca9650043a20842c6773~tplv-tiktokx-cropcenter:100:100.jpg?dr=9640&refresh_token=b7b5fd3c&x-expires=1780200000&x-signature=F3EXOoWgSKnTyCA7w50DYH6cu3Y%3D&t=4d5b0474&ps=13740610&shp=30310797&shcp=ff37627b&idc=useast5"
"[Sticker] No ven TV Azteca","43","0","2026-05-27T16:37:38.000Z","americavillagomez__25","https://www.tiktok.com/@ajplusespanol/video/7644374184180616456","6790394400896828422","7644611653924832017","https://p19-common-sign.tiktokcdn-us.com/tos-alisg-avt-0068/ca843a77d93e21c8e4e9e2c2dfaea20e~tplv-tiktokx-cropcenter:100:100.jpg?dr=9640&refresh_token=3b5047cd&x-expires=1780200000&x-signature=FG1bm5EPddgnOOrLnzx93fjxQ6g%3D&t=4d5b0474&ps=13740610&shp=30310797&shcp=ff37627b&idc=useast5"
"ALV el mundial, queremos seguridad","51","1","2026-05-27T20:24:23.000Z","user5980135600759","https://www.tiktok.com/@ajplusespanol/video/7644374184180616456","7610854276130489365","7644669995796955924","https://p16-common-sign.tiktokcdn-us.com/musically-maliva-obj/1594805258216454~tplv-tiktokx-cropcenter:100:100.jpg?dr=9640&refresh_token=f6d184af&x-expires=1780200000&x-signature=VW8UWPJqAaIplom5IP4ju2xgIsk%3D&t=4d5b0474&ps=13740610&shp=30310797&shcp=ff37627b&idc=useast5"
"ESTE GOBIERNO ES UNA REAL VERGUENZA🤣🤣","77","0","2026-03-07T17:26:46.000Z","repetrio","https://www.tiktok.com/@latinus_us/video/7614352986915163412","7510000993808598036","7614565879099605781","https://p16-common-sign.tiktokcdn-us.com/tos-alisg-avt-0068/d35cf7fbb7c8d58d3f3cb0423b7b687a~tplv-tiktokx-cropcenter:100:100.jpg?dr=9640&refresh_token=2eabb05c&x-expires=1780200000&x-signature=wnSh54lsT7ITQ2v%2Fw4AV7suFStM%3D&t=4d5b0474&ps=13740610&shp=30310797&shcp=ff37627b&idc=useast5"
"Y para cuándo él plan para proteger a los mexicanos ?","159","3","2026-03-07T16:40:34.000Z","andysc02","https://www.tiktok.com/@latinus_us/video/7614352986915163412","6802764657809851397","7614554493708288784","https://p16-common-sign.tiktokcdn-us.com/tos-maliva-avt-0068/3fb86a62b4e3e9fe2616d14cac0cab71~tplv-tiktokx-cropcenter:100:100.jpg?dr=9640&refresh_token=e9d05404&x-expires=1780200000&x-signature=Hi%2B%2BOQEoYZ5Dc3ZSeu%2BXcynKEcM%3D&t=4d5b0474&ps=13740610&shp=30310797&shcp=ff37627b&idc=useast5"
"Pero si en México te asalta hasta la policía","25","0","2026-03-08T15:26:43.000Z","robertheau","https://www.tiktok.com/@latinus_us/video/7614352986915163412","6798348336044590086","7614906554147635988","https://p16-common-sign.tiktokcdn-us.com/tos-maliva-avt-0068/5340918874da70f772609bd3bd8a1fb0~tplv-tiktokx-cropcenter:100:100.jpg?dr=9640&refresh_token=6f094fd5&x-expires=1780200000&x-signature=ycssH2FlRoXPiro4qeRhk2bqRO0%3D&t=4d5b0474&ps=13740610&shp=30310797&shcp=ff37627b&idc=useast5"
"Ósea que si pueden brindar seguridad pero no les da la gana","199","3","2026-03-07T14:34:17.000Z","renzo_alvaro","https://www.tiktok.com/@latinus_us/video/7614352986915163412","6781473453502448645","7614521953038402325","https://p16-common-sign.tiktokcdn-us.com/tos-alisg-avt-0068/c285ce85f113c8e4be494d46e8a72aeb~tplv-tiktokx-cropcenter:100:100.jpg?dr=9640&refresh_token=56b2d688&x-expires=1780200000&x-signature=gMjPtU9AzZOPb28OfQ8yRgacF8g%3D&t=4d5b0474&ps=13740610&shp=30310797&shcp=ff37627b&idc=useast5"
"Eso significa que si pueden implementar seguridad, solo que no les interesa proteger a los mexicanos","66","0","2026-03-07T12:43:11.000Z","juancarlosmartine15","https://www.tiktok.com/@latinus_us/video/7614352986915163412","6628783870609539078","7614493304655102740","https://p16-common-sign.tiktokcdn-us.com/tos-maliva-avt-0068/5147512f761d4a18278342630fd70831~tplv-tiktokx-cropcenter:100:100.jpg?dr=9640&refresh_token=8da967d7&x-expires=1780200000&x-signature=%2FgrhIaRn8BztX5%2FrjQ9%2FB2G2Ek8%3D&t=4d5b0474&ps=13740610&shp=30310797&shcp=ff37627b&idc=useast5"
"Cuidan más alos extranjeros que asu propia gente gobierno hambriado y corrupto","47","0","2026-03-07T04:11:35.000Z","madrigal.rodrigue","https://www.tiktok.com/@latinus_us/video/7614352986915163412","7417666863175664645","7614361479617807120","https://p19-common-sign.tiktokcdn-us.com/tos-alisg-avt-0068/84b366b4449c83c5ef38aca748f32cf5~tplv-tiktokx-cropcenter:100:100.jpg?dr=9640&refresh_token=d40ae7c9&x-expires=1780200000&x-signature=%2BDmdQ%2Blb1TWIsI0WNu5e5OmvnsU%3D&t=4d5b0474&ps=13740610&shp=30310797&shcp=ff37627b&idc=useast5"
"Y la seguridad para la demás gente que","117","0","2026-03-07T03:42:46.000Z","renato.sanchez591","https://www.tiktok.com/@latinus_us/video/7614352986915163412","7291804608543130656","7614353629789881121","https://p19-common-sign.tiktokcdn-us.com/tos-maliva-avt-0068/1ab4b3ca8d5ef2a14af8cd9abc0443b1~tplv-tiktokx-cropcenter:100:100.jpg?dr=9640&refresh_token=0224dd7a&x-expires=1780200000&x-signature=VcqH7%2B4fX8OqKburvRRFb%2B9ZKoI%3D&t=4d5b0474&ps=13740610&shp=30310797&shcp=ff37627b&idc=useast5"
"Que así cuidaran a los mexicanos todos los días, otra historia sería","42","0","2026-03-07T06:51:26.000Z","alonso.yepes06","https://www.tiktok.com/@latinus_us/video/7614352986915163412","7323474306254504965","7614402633550775060","https://p19-common-sign.tiktokcdn-us.com/tos-alisg-avt-0068/832065f0909adfd4e0c47aaabb2914f5~tplv-tiktokx-cropcenter:100:100.jpg?dr=9640&refresh_token=0231589e&x-expires=1780200000&x-signature=I2EmjjkG8pebBO%2B9UCUnl36q6vg%3D&t=4d5b0474&ps=13740610&shp=30310797&shcp=ff37627b&idc=useast5"
"Plan (Kukulcán ) cagarla más","23","0","2026-03-07T04:07:13.000Z","joseulises.12","https://www.tiktok.com/@latinus_us/video/7614352986915163412","6860655518295196678","7614360323223405332","https://p16-common-sign.tiktokcdn-us.com/tos-alisg-avt-0068/7336249647670919176~tplv-tiktokx-cropcenter:100:100.jpg?dr=9640&refresh_token=4d0044ac&x-expires=1780200000&x-signature=rTFyEOyCEOB3WOccwRy8fBGzIS0%3D&t=4d5b0474&ps=13740610&shp=30310797&shcp=ff37627b&idc=useast5"
"ojala cancelen el mundial","79","5","2026-03-07T12:11:26.000Z","ukeuwu101","https://www.tiktok.com/@latinus_us/video/7614352986915163412","7135931100518794245","7614485125590942471","https://p19-common-sign.tiktokcdn-us.com/tos-maliva-avt-0068/7c9cb52062156f99ed9c1532f35988ac~tplv-tiktokx-cropcenter:100:100.jpg?dr=9640&refresh_token=61a6f149&x-expires=1780200000&x-signature=UJbXvgH9UeIWQpGBHiu4EhOLtHY%3D&t=4d5b0474&ps=13740610&shp=30310797&shcp=ff37627b&idc=useast5"
"México no merece el mundial de fútbol ⚽","18","0","2026-03-08T04:01:02.000Z","user3445481093913","https://www.tiktok.com/@latinus_us/video/7614352986915163412","7407252899539633158","7614729818786267912","https://p19-common-sign.tiktokcdn-us.com/tos-alisg-avt-0068/3f7e7f8316ef00cc61f5c042c6aed11e~tplv-tiktokx-cropcenter:100:100.jpg?dr=9640&refresh_token=79fde736&x-expires=1780200000&x-signature=k2sowFy9z44gdqM2%2FqnVb%2BoVL20%3D&t=4d5b0474&ps=13740610&shp=30310797&shcp=ff37627b&idc=useast5"
"Como dicen solo barres tu casa cuando vienen visitas","18","0","2026-03-08T01:22:51.000Z","malw4ree","https://www.tiktok.com/@latinus_us/video/7614352986915163412","7045514980732470277","7614689090583872263","https://p16-common-sign.tiktokcdn-us.com/tos-alisg-avt-0068/cc20f458938472259512900f347a87cb~tplv-tiktokx-cropcenter:100:100.jpg?dr=9640&refresh_token=477bbf77&x-expires=1780200000&x-signature=5GVSyQIheSxtdG3%2FhK0%2FBZc4VQE%3D&t=4d5b0474&ps=13740610&shp=30310797&shcp=ff37627b&idc=useast5"
"necesitamos seguridad no mundial","16","0","2026-03-09T02:44:12.000Z","brayanhosl","https://www.tiktok.com/@latinus_us/video/7614352986915163412","6961955540101121030","7615081077103936277","https://p16-common-sign.tiktokcdn-us.com/tos-alisg-avt-0068/286fe082415bce306cd1109ffc8d49d6~tplv-tiktokx-cropcenter:100:100.jpg?dr=9640&refresh_token=904ea2fb&x-expires=1780200000&x-signature=t4taKVUr1FyEPBo%2BWvZKZqxjHDQ%3D&t=4d5b0474&ps=13740610&shp=30310797&shcp=ff37627b&idc=useast5"
"Ah entonces si se puede dar seguridad
pero no para nosotros
Que interesante","16","0","2026-03-08T03:35:13.000Z","marajaimes576","https://www.tiktok.com/@latinus_us/video/7614352986915163412","6967707382442296325","7614723169916207890","https://p16-common-sign.tiktokcdn-us.com/tos-maliva-avt-0068/7330381368515854342~tplv-tiktokx-cropcenter:100:100.jpg?dr=9640&refresh_token=c4e08d12&x-expires=1780200000&x-signature=tsKoVd4NkK8C6NXIQq%2Bwk5BihO8%3D&t=4d5b0474&ps=13740610&shp=30310797&shcp=ff37627b&idc=useast5"
"hay otros que nacen en Méjico","7","4","2026-03-08T06:52:48.000Z","luc1anogt","https://www.tiktok.com/@latinus_us/video/7614352986915163412","7214232921581503494","7614774098989073169","https://p16-common-sign.tiktokcdn-us.com/tos-alisg-avt-0068/afef556d83db63695075fc1a860400e3~tplv-tiktokx-cropcenter:100:100.jpg?dr=9640&refresh_token=7ed2964c&x-expires=1780200000&x-signature=RzPiAovkG8IUduq0XrKe8IMu6U4%3D&t=4d5b0474&ps=13740610&shp=30310797&shcp=ff37627b&idc=useast5"
"Nos queda claro que a este gobierno no le interesa protegernos","57","0","2026-03-07T15:20:19.000Z","iracar27","https://www.tiktok.com/@latinus_us/video/7614352986915163412","6799108155143455750","7614533830229377800","https://p19-common-sign.tiktokcdn-us.com/tos-maliva-avt-0068/480de8a125f0a049e7e54f5136a9ec36~tplv-tiktokx-cropcenter:100:100.jpg?dr=9640&refresh_token=64293f3a&x-expires=1780200000&x-signature=KQbg2oogCTfYvYdY82msJbZvcOM%3D&t=4d5b0474&ps=13740610&shp=30310797&shcp=ff37627b&idc=useast5"
"para los turistas si hay seguridad y para nosotros los ciudadanos que","43","2","2026-03-08T14:57:36.000Z","un_random_67a","https://www.tiktok.com/@latinus_us/video/7614352986915163412","7476882130267931665","7614899057219306260","https://p19-common-sign.tiktokcdn-us.com/tos-alisg-avt-0068/d167c300004a7654daeae316a23669a6~tplv-tiktokx-cropcenter:100:100.jpg?dr=9640&refresh_token=721e0be5&x-expires=1780200000&x-signature=YRUuFwiCa7LJQXTvubtLvryjjy0%3D&t=4d5b0474&ps=13740610&shp=30310797&shcp=ff37627b&idc=useast5"
"Para defender a los extranjeros y a los mexicanos cuando 🤣","11","0","2026-03-07T19:56:17.000Z","angelfernandomart88","https://www.tiktok.com/@latinus_us/video/7614352986915163412","7164614767465382917","7614604913116726037","https://p16-common-sign.tiktokcdn-us.com/tos-alisg-avt-0068/6b7565f3b08cbdb974d80cca48e9f8da~tplv-tiktokx-cropcenter:100:100.jpg?dr=9640&refresh_token=a622f4b2&x-expires=1780200000&x-signature=Lgby72nneMucp1u7bxjlUs%2FvqXc%3D&t=4d5b0474&ps=13740610&shp=30310797&shcp=ff37627b&idc=useast5"
"y porque no aplican eso a diario?😂","14","0","2026-03-09T03:46:58.000Z","laloreyes777","https://www.tiktok.com/@latinus_us/video/7614352986915163412","7024852494572553222","7615097313094140679","https://p16-common-sign.tiktokcdn-us.com/tos-alisg-avt-0068/535abafdb53735e8b3ec6df40528fecb~tplv-tiktokx-cropcenter:100:100.jpg?dr=9640&refresh_token=6be35d82&x-expires=1780200000&x-signature=IbLqHYkDxk5ptvkcfUhPoNkrPgw%3D&t=4d5b0474&ps=13740610&shp=30310797&shcp=ff37627b&idc=useast5"
"[Sticker] pueden proteger a todos menos a los mexicanos","21","0","2026-03-07T16:24:10.000Z","miki_a_","https://www.tiktok.com/@latinus_us/video/7614352986915163412","7022428237364233221","7614550258300109589","https://p19-common-sign.tiktokcdn-us.com/tos-maliva-avt-0068/28d5fa71a21ef1c65288887ab20fff7c~tplv-tiktokx-cropcenter:100:100.jpg?dr=9640&refresh_token=51c9c4a1&x-expires=1780200000&x-signature=aOHT%2BUWmlyL71MAfZdhALD10cck%3D&t=4d5b0474&ps=13740610&shp=30310797&shcp=ff37627b&idc=useast5"
"Tanta seguridad para extranjeros y para los mexicanos nada.","12","0","2026-03-08T20:31:18.000Z","jesuspatlan369","https://www.tiktok.com/@latinus_us/video/7614352986915163412","6975393392076178437","7614985027180593941","https://p16-common-sign.tiktokcdn-us.com/tos-maliva-avt-0068/7312319291846721542~tplv-tiktokx-cropcenter:100:100.jpg?dr=9640&refresh_token=ef039ab8&x-expires=1780200000&x-signature=OzrRUHj%2BZca8q1F6XD6mbCJsu7w%3D&t=4d5b0474&ps=13740610&shp=30310797&shcp=ff37627b&idc=useast5"
"y plan para proteger a los turistas pero no a los mexicanos 😆🤣","9","1","2026-03-08T22:48:18.000Z","franciscomanuel4171","https://www.tiktok.com/@latinus_us/video/7614352986915163412","7127324836356326405","7615020305912922898","https://p16-common-sign.tiktokcdn-us.com/tos-maliva-avt-0068/0d5e9425f36ac6502ca7e3286d7656e4~tplv-tiktokx-cropcenter:100:100.jpg?dr=9640&refresh_token=8c52cc7e&x-expires=1780200000&x-signature=aRC2GlflIMyC1MvJ9QbFjf0BDYw%3D&t=4d5b0474&ps=13740610&shp=30310797&shcp=ff37627b&idc=useast5"
"nos traicionó el sistema","10","0","2026-03-08T00:12:43.000Z","user4781265421439","https://www.tiktok.com/@latinus_us/video/7614352986915163412","7613156150003827729","7614670952659944193","https://p16-common-sign.tiktokcdn-us.com/musically-maliva-obj/1594805258216454~tplv-tiktokx-cropcenter:100:100.jpg?dr=9640&refresh_token=f6d184af&x-expires=1780200000&x-signature=VW8UWPJqAaIplom5IP4ju2xgIsk%3D&t=4d5b0474&ps=13740610&shp=30310797&shcp=ff37627b&idc=useast5"
"No hay seguridad para nosotros, los mexicanos ¿cómo quieren asegurar a los extranjeros? 😑😑😑","11","0","2026-03-08T01:08:56.000Z","charitoposh","https://www.tiktok.com/@latinus_us/video/7614352986915163412","6886572386574418949","7614685512779006728","https://p16-common-sign.tiktokcdn-us.com/tos-maliva-avt-0068/7181204a654c8db9386b369278ef40d9~tplv-tiktokx-cropcenter:100:100.jpg?dr=9640&refresh_token=212c4e74&x-expires=1780200000&x-signature=qCfJeqqbq9CmZpO4z8GzCKbOiGE%3D&t=4d5b0474&ps=13740610&shp=30310797&shcp=ff37627b&idc=useast5"
"esperemos que si se cancele el mundial.","10","0","2026-03-07T23:26:01.000Z","grifick","https://www.tiktok.com/@latinus_us/video/7614352986915163412","6943106274205123589","7614658938273841940","https://p19-common-sign.tiktokcdn-us.com/tos-alisg-avt-0068/4d0e3eaa121aea919d42a7552c880e1b~tplv-tiktokx-cropcenter:100:100.jpg?dr=9640&refresh_token=ae45d22b&x-expires=1780200000&x-signature=qnxySM9N3BPfPW8%2B0e7MkUnyVmk%3D&t=4d5b0474&ps=13740610&shp=30310797&shcp=ff37627b&idc=useast5"
"[Sticker] Los Mexicanos:","8","0","2026-03-07T22:38:49.000Z","ericksanchezmvl.mx","https://www.tiktok.com/@latinus_us/video/7614352986915163412","6933109460785644550","7614646764985975573","https://p16-common-sign.tiktokcdn-us.com/tos-alisg-avt-0068/fc17869f152e2c97fb9babe9ec4ed8a2~tplv-tiktokx-cropcenter:100:100.jpg?dr=9640&refresh_token=9dc3669d&x-expires=1780200000&x-signature=WLi43eGvXbFKWyBkKuMmSv2Ov34%3D&t=4d5b0474&ps=13740610&shp=30310797&shcp=ff37627b&idc=useast5"
"la neta.... México da miedo, es como ir a palestina y esperar que salgas bien","116","18","2026-03-07T06:17:07.000Z","miguelangelreyeso80","https://www.tiktok.com/@latinus_us/video/7614352986915163412","7199867310088913926","7614393789579723540","https://p16-common-sign.tiktokcdn-us.com/tos-alisg-avt-0068/7c3f2b1ae2319d6f4b062b072f04a455~tplv-tiktokx-cropcenter:100:100.jpg?dr=9640&refresh_token=00e84707&x-expires=1780200000&x-signature=Ynt9bJFLkxENmFh8ylu%2BxaMo%2Fyc%3D&t=4d5b0474&ps=13740610&shp=30310797&shcp=ff37627b&idc=useast5"
"Ya cancelen el mundial","42","1","2026-03-07T04:11:32.000Z","andreaisabelnd","https://www.tiktok.com/@latinus_us/video/7614352986915163412","6992599608400806918","7614361441550517012","https://p19-common-sign.tiktokcdn-us.com/tos-alisg-avt-0068/55e9596ce5aa6246d8251208518002f3~tplv-tiktokx-cropcenter:100:100.jpg?dr=9640&refresh_token=12ffbf2c&x-expires=1780200000&x-signature=oN7MVSokyT5Q8ISIlXgy%2BWgqgwM%3D&t=4d5b0474&ps=13740610&shp=30310797&shcp=ff37627b&idc=useast5"
"y si hacemos un mundial cada mes y así estamos protegidos todo el año!? 🙃","21","0","2026-03-08T04:21:31.000Z","0markano","https://www.tiktok.com/@latinus_us/video/7614352986915163412","6849371429511939077","7614735125863236372","https://p19-common-sign.tiktokcdn-us.com/tos-maliva-avt-0068/6f0bcb74baf97f82126c67ad893d5b4a~tplv-tiktokx-cropcenter:100:100.jpg?dr=9640&refresh_token=c7d2c084&x-expires=1780200000&x-signature=E7B5g2h86O1sZVts8t3qySTrLJk%3D&t=4d5b0474&ps=13740610&shp=30310797&shcp=ff37627b&idc=useast5"
"no queremos mundial, queremos 0 violencia , 0 políticos corruptos","10","0","2026-03-07T07:50:12.000Z","ramonmpiam","https://www.tiktok.com/@latinus_us/video/7614352986915163412","6814676816868721669","7614417794302853906","https://p19-common-sign.tiktokcdn-us.com/tos-maliva-avt-0068/7324129053945495558~tplv-tiktokx-cropcenter:100:100.jpg?dr=9640&refresh_token=184e2c74&x-expires=1780200000&x-signature=wefqOBiY%2B%2B3jUmmHaqR1pzscDCM%3D&t=4d5b0474&ps=13740610&shp=30310797&shcp=ff37627b&idc=useast5"
"Y sin el mundial no lo van a hacer o qué?","4","0","2026-03-09T16:31:12.000Z","slendy222k","https://www.tiktok.com/@latinus_us/video/7614352986915163412","6841414788334781446","7615294238021223186","https://p16-common-sign.tiktokcdn-us.com/tos-alisg-avt-0068/f36c87d87b0ad223adf79f30303db44c~tplv-tiktokx-cropcenter:100:100.jpg?dr=9640&refresh_token=a16c1109&x-expires=1780200000&x-signature=RWO4xt08uBlG6zkl3WxRwzcGf1E%3D&t=4d5b0474&ps=13740610&shp=30310797&shcp=ff37627b&idc=useast5"
"Plan para que el país mejore : ❌
Plan para el mundial solamente: ✅","28","0","2026-03-07T06:35:00.000Z","ess.alx.raws","https://www.tiktok.com/@latinus_us/video/7614352986915163412","257219847376510976","7614398451555549970","https://p19-common-sign.tiktokcdn-us.com/tos-alisg-avt-0068/7cbf277cf8b82404125d8023e54ab83d~tplv-tiktokx-cropcenter:100:100.jpg?dr=9640&refresh_token=7e3155c1&x-expires=1780200000&x-signature=K%2BFDHqGWD0QqA0sNYQDVoZmTGKs%3D&t=4d5b0474&ps=13740610&shp=30310797&shcp=ff37627b&idc=useast5"
"Por qué no hablan de cancelar el mundial en Estados Unidos por riesgo a un ataque 🙄","102","34","2026-03-07T15:12:49.000Z","javiermadera896","https://www.tiktok.com/@latinus_us/video/7614352986915163412","6807873303874143237","7614531874896331527","https://p19-common-sign.tiktokcdn-us.com/tos-alisg-avt-0068/f971cd911d46710b5a8205573f09cf4e~tplv-tiktokx-cropcenter:100:100.jpg?dr=9640&refresh_token=5763f0fc&x-expires=1780200000&x-signature=mYSk6AMO0hjnpfNi52gko9k%2Fmvs%3D&t=4d5b0474&ps=13740610&shp=30310797&shcp=ff37627b&idc=useast5"
"ya no miren TV Azteca","27","0","2026-05-28T06:41:45.000Z","libravenus40","https://www.tiktok.com/@ajplusespanol/video/7644374184180616456","7406873827885466670","7644828963705684749","https://p16-common-sign.tiktokcdn-us.com/tos-useast5-avt-0068-tx/fc12a12a7562c61d683492a42afd1fea~tplv-tiktokx-cropcenter:100:100.jpg?dr=9640&refresh_token=b6b295d7&x-expires=1780200000&x-signature=ZBuvnWHefLdcRGf2VqaysW9dEV0%3D&t=4d5b0474&ps=13740610&shp=30310797&shcp=ff37627b&idc=useast5"
"[Sticker] NO QUEREMOS MUNDIAL","63","0","2026-05-27T12:51:01.000Z","sunyy_yyy","https://www.tiktok.com/@ajplusespanol/video/7644374184180616456","6863657662103684102","7644553228369593108","https://p19-common-sign.tiktokcdn-us.com/tos-alisg-avt-0068/686136820205cc7720898d4dd0f774df~tplv-tiktokx-cropcenter:100:100.jpg?dr=9640&refresh_token=650c92ee&x-expires=1780200000&x-signature=qg10bdWJUPaH2Mq3e2t2nBmaj4E%3D&t=4d5b0474&ps=13740610&shp=30310797&shcp=ff37627b&idc=useast5"
"no al mundial","53","0","2026-05-27T02:51:43.000Z","itsbere77","https://www.tiktok.com/@ajplusespanol/video/7644374184180616456","7125455125192164358","7644398769890951956","https://p19-common-sign.tiktokcdn-us.com/tos-alisg-avt-0068/006e3d9caaeb28b7e8e81f858a7fd0c5~tplv-tiktokx-cropcenter:100:100.jpg?dr=9640&refresh_token=2ee50b95&x-expires=1780200000&x-signature=7eIorHHNsMqUtohkSwqnBgbpYxA%3D&t=4d5b0474&ps=13740610&shp=30310797&shcp=ff37627b&idc=useast5"
"Mucho activismo en los comentarios, pero la mayoría compraron los álbumes (qué es una ganancia para ellos) y van hasta endeudarse alguno para ir al mundial.","64","0","2026-05-27T03:46:18.000Z","andrea_161200","https://www.tiktok.com/@ajplusespanol/video/7644374184180616456","6737188016877552645","7644412867487744786","https://p16-common-sign.tiktokcdn-us.com/tos-alisg-avt-0068/1fc694c9a1cc79504f4709532eb3b78f~tplv-tiktokx-cropcenter:100:100.jpg?dr=9640&refresh_token=c759ab70&x-expires=1780200000&x-signature=vEwKJSLUbKv9XUoZmHZaLignnOc%3D&t=4d5b0474&ps=13740610&shp=30310797&shcp=ff37627b&idc=useast5"
"no necesitamos un mundial , necesitamos apoyo para las madres buscadoras !!","60","0","2026-05-27T11:31:43.000Z","park.x1m7","https://www.tiktok.com/@ajplusespanol/video/7644374184180616456","7193399832353833990","7644532822019015442","https://p19-common-sign.tiktokcdn-us.com/tos-alisg-avt-0068/6a5db937efc9a97e7fdaa41cc16c4417~tplv-tiktokx-cropcenter:100:100.jpg?dr=9640&refresh_token=27b95965&x-expires=1780200000&x-signature=IK8bOMgEjCgRklqEl56HBRCjdTo%3D&t=4d5b0474&ps=13740610&shp=30310797&shcp=ff37627b&idc=useast5"
"no queremos mundial queremos seguridad","25","0","2026-05-27T14:57:55.000Z","malayerbadargelos","https://www.tiktok.com/@ajplusespanol/video/7644374184180616456","7108496037853217797","7644585937708270357","https://p19-common-sign.tiktokcdn-us.com/tos-maliva-avt-0068/7321481778794954758~tplv-tiktokx-cropcenter:100:100.jpg?dr=9640&refresh_token=17edb57f&x-expires=1780200000&x-signature=%2FLcz0Ir%2Fug9PNSowYatYJeFyWYc%3D&t=4d5b0474&ps=13740610&shp=30310797&shcp=ff37627b&idc=useast5"
"Me encanta el futbol y me llena de mucha alegría que los mexas sabemos que aquí lo importante son nuestros desaparecidos la exigencia de seguridad y una vida digna para todos mis compatriotas","25","0","2026-05-27T14:15:28.000Z","errepe.92","https://www.tiktok.com/@ajplusespanol/video/7644374184180616456","7237565237666776069","7644575004445606674","https://p16-common-sign.tiktokcdn-us.com/tos-alisg-avt-0068/2ae703b74cc64b8d182dde527f813ed1~tplv-tiktokx-cropcenter:100:100.jpg?dr=9640&refresh_token=0b591261&x-expires=1780200000&x-signature=KLU9zWuZJvVQr93504gIfrmLtiA%3D&t=4d5b0474&ps=13740610&shp=30310797&shcp=ff37627b&idc=useast5"
"mis oraciones para Mexico y todos los padres que buscan a sus seres queridos","54","0","2026-05-27T02:28:39.000Z","gigi102315","https://www.tiktok.com/@ajplusespanol/video/7644374184180616456","7195332234177741829","7644392816438133522","https://p19-common-sign.tiktokcdn-us.com/tos-maliva-avt-0068/340b9b3918e78284b4850f13ac568591~tplv-tiktokx-cropcenter:100:100.jpg?dr=9640&refresh_token=8db6a4f0&x-expires=1780200000&x-signature=iqmgtbW3S2UiqvnxcK0xm8I1Mo4%3D&t=4d5b0474&ps=13740610&shp=30310797&shcp=ff37627b&idc=useast5"
"no queremos mundial","21","0","2026-05-27T21:12:23.000Z","daniel.maldonado9782","https://www.tiktok.com/@ajplusespanol/video/7644374184180616456","7587960143800452112","7644682421790917383","https://p19-common-sign.tiktokcdn-us.com/tos-maliva-avt-0068/e92b1fe4370bbdce38b9e4b3754532ed~tplv-tiktokx-cropcenter:100:100.jpg?dr=9640&refresh_token=cd09c7bc&x-expires=1780200000&x-signature=t55x%2Bh9XL1CCpuTjaYwmgfzjwvs%3D&t=4d5b0474&ps=13740610&shp=30310797&shcp=ff37627b&idc=useast5"
"no queremos mundial gobierno mediocre queremos seguridad de nuestro país queremos nuestros ecosistemas limpios queremos que no destruyan nuestros ecosistemas y acaben con la naturaleza queremos un país con soberanía","20","0","2026-05-27T21:32:45.000Z","user1795258758547","https://www.tiktok.com/@ajplusespanol/video/7644374184180616456","6889546560087294981","7644687584052839188","https://p19-common-sign.tiktokcdn-us.com/tos-alisg-avt-0068/7329225787024883730~tplv-tiktokx-cropcenter:100:100.jpg?dr=9640&refresh_token=6ba9a4f8&x-expires=1780200000&x-signature=ZtRX9iop0X89fVnU79B5untZqhc%3D&t=4d5b0474&ps=13740610&shp=30310797&shcp=ff37627b&idc=useast5"
"Interactuemos","101","9","2026-05-27T03:46:00.000Z","sweeahhy","https://www.tiktok.com/@ajplusespanol/video/7644374184180616456","6857857206303228934","7644412772427825940","https://p16-common-sign.tiktokcdn-us.com/tos-alisg-avt-0068/49702415d3f98a0b8aef6553271c8883~tplv-tiktokx-cropcenter:100:100.jpg?dr=9640&refresh_token=1e4eace8&x-expires=1780200000&x-signature=Bdx%2FsuEBwEFhnxkEQI%2Bc7drtqLI%3D&t=4d5b0474&ps=13740610&shp=30310797&shcp=ff37627b&idc=useast5"
"PAZ PRIMERO Y LUEGO MUNDIAL","24","2","2026-05-28T01:09:56.000Z","abel.cardenas38","https://www.tiktok.com/@ajplusespanol/video/7644374184180616456","7319249880564892718","7644743595237147406","https://p16-common-sign.tiktokcdn-us.com/tos-useast5-avt-0068-tx/7319270030947352619~tplv-tiktokx-cropcenter:100:100.jpg?dr=9640&refresh_token=ec4f28e9&x-expires=1780200000&x-signature=E3Jaeoo3fzrSsuH3fB%2BHajaxDJ8%3D&t=4d5b0474&ps=13740610&shp=30310797&shcp=ff37627b&idc=useast5"
"No vean TV Azteca","20","0","2026-05-29T02:22:05.000Z","ulisesarmenta17","https://www.tiktok.com/@ajplusespanol/video/7644374184180616456","7069267199781684230","7645133302832382728","https://p16-common-sign.tiktokcdn-us.com/tos-alisg-avt-0068/5041c1b96127f2b133056e0235ef4d05~tplv-tiktokx-cropcenter:100:100.jpg?dr=9640&refresh_token=7db96815&x-expires=1780200000&x-signature=gboA7lOpc2cZwWudfMVkwGRqiEw%3D&t=4d5b0474&ps=13740610&shp=30310797&shcp=ff37627b&idc=useast5"
"A quien le gustaría a un mundial al cuál no podrá ir un hijo, un hermano o padre","20","0","2026-05-27T06:22:46.000Z","shoya_001_3","https://www.tiktok.com/@ajplusespanol/video/7644374184180616456","7507366044467659777","7644453081313673985","https://p16-common-sign.tiktokcdn-us.com/tos-alisg-avt-0068/9bde48c4f51237e0f7ef2dd63d580f56~tplv-tiktokx-cropcenter:100:100.jpg?dr=9640&refresh_token=78843eff&x-expires=1780200000&x-signature=aMj43OW6uSBzdV5rmwVGx9NOvbA%3D&t=4d5b0474&ps=13740610&shp=30310797&shcp=ff37627b&idc=useast5"
"@__carolom__: Lo ideal sería boicotear el mundial y no acudir al estadio, no consumir de las marcas patrocinadoras ... pero seguiré soñando, porque en mi México mágico eso jamás sucedería","13","1","2026-05-27T15:56:20.000Z","gabrielasanchezju","https://www.tiktok.com/@ajplusespanol/video/7644374184180616456","6749195674170213382","7644601000233665301","https://p19-common-sign.tiktokcdn-us.com/tos-maliva-avt-0068/7331158958574403589~tplv-tiktokx-cropcenter:100:100.jpg?dr=9640&refresh_token=494680c2&x-expires=1780200000&x-signature=MUUh%2FYoVRWIsfbRvSaOepJTYOoM%3D&t=4d5b0474&ps=13740610&shp=30310797&shcp=ff37627b&idc=useast5"
"🥹 Las madres buscadoras requieren todo el apoyo","21","0","2026-05-27T20:34:01.000Z","user1_2_29","https://www.tiktok.com/@ajplusespanol/video/7644374184180616456","6811611450143065094","7644672512018006805","https://p16-common-sign.tiktokcdn-us.com/tos-maliva-avt-0068/30e26c987850c4e7da1d264990ee7691~tplv-tiktokx-cropcenter:100:100.jpg?dr=9640&refresh_token=dd32fd7b&x-expires=1780200000&x-signature=uImndbwR8bIeyZF59u0Lq8E7WCI%3D&t=4d5b0474&ps=13740610&shp=30310797&shcp=ff37627b&idc=useast5"
"No estamos en contra del mundial, estamos en contra de que se le dé prioridad a algo que NO lo es. 😩","16","0","2026-05-27T16:14:51.000Z","emmaarell_","https://www.tiktok.com/@ajplusespanol/video/7644374184180616456","133453550419927040","7644605672957854495","https://p16-common-sign.tiktokcdn-us.com/tos-useast8-avt-0068-tx2/166f0f6efa4ccec23340472e3137f13e~tplv-tiktokx-cropcenter:100:100.jpg?dr=9640&refresh_token=bb94b9a1&x-expires=1780200000&x-signature=7daLQQIa%2FaLli34fIGp99oPZ%2FCI%3D&t=4d5b0474&ps=13740610&shp=30310797&shcp=ff37627b&idc=useast5"
"la verdad para que queremos un mundial si la selección mexicana no va a ganar el mundial","34","4","2026-05-28T04:57:26.000Z","ennternalroses27","https://www.tiktok.com/@ajplusespanol/video/7644374184180616456","7215800789314241542","7644802274967667474","https://p16-common-sign.tiktokcdn-us.com/tos-maliva-avt-0068/7278076280540594181~tplv-tiktokx-cropcenter:100:100.jpg?dr=9640&refresh_token=92252651&x-expires=1780200000&x-signature=A%2F%2Fy8%2BDEf4oKOQX2%2FNCcdSghSAs%3D&t=4d5b0474&ps=13740610&shp=30310797&shcp=ff37627b&idc=useast5"
"Hay que cancelar el mundial eso no es importante lo importante es tratar los problemas del país","48","5","2026-05-28T00:23:25.000Z","gustavojuaresgarces","https://www.tiktok.com/@ajplusespanol/video/7644374184180616456","6915120657584702469","7644731486201873169","https://p19-common-sign.tiktokcdn-us.com/tos-maliva-avt-0068/6739b7c135eee137ad050aaa5a64e742~tplv-tiktokx-cropcenter:100:100.jpg?dr=9640&refresh_token=53cea9d1&x-expires=1780200000&x-signature=ouWnbrqXcyHTWfwLvb4e4DfXXTA%3D&t=4d5b0474&ps=13740610&shp=30310797&shcp=ff37627b&idc=useast5"
"Ya que cancelen el mundial por fsvooooor","14","2","2026-05-27T13:54:03.000Z","lizzettecastillo0","https://www.tiktok.com/@ajplusespanol/video/7644374184180616456","6814317007640560645","7644569499437564680","https://p16-common-sign.tiktokcdn-us.com/tos-maliva-avt-0068/681401a14286b1fb9646e88156a7611e~tplv-tiktokx-cropcenter:100:100.jpg?dr=9640&refresh_token=0124b15d&x-expires=1780200000&x-signature=fhfbtihbQyHZ0T0zbExacbSQbAM%3D&t=4d5b0474&ps=13740610&shp=30310797&shcp=ff37627b&idc=useast5"
"DIFUSIÓN 🙏🏻 DIFUSIÓN 🙏🏻 DIFUSIÓN 🙏🏻 DIFUSIÓN 🙏🏻 DIFUSIÓN 🙏🏻 DIFUSIÓN 🙏🏻 DIFUSIÓN 🙏🏻 DIFUSIÓN 🙏🏻 DIFUSIÓN 🙏🏻 DIFUSIÓN 🙏🏻 DIFUSIÓN 🙏🏻 DIFUSIÓN 🙏🏻 DIFUSIÓN 🙏🏻 DIFUSIÓN 🙏🏻 DIFUSIÓN 🙏🏻 DIFUSIÓN 🙏🏻 DIFUSIÓN 🙏🏻 DIFUSIÓN 🙏🏻 DIFUSIÓN 🙏🏻 DIFUSIÓN 🙏🏻 DIFUSIÓN 🙏🏻 DIFUSIÓN 🙏🏻 DIFUSIÓN 🙏🏻 DIFUSIÓN 🙏🏻 DIFUSIÓN 🙏🏻 DIFUSIÓN 🙏🏻 DIFUSIÓN 🙏🏻 DIFUSIÓN 🙏🏻 DIFUSIÓN 🙏🏻 DIFUSIÓN 🙏🏻 DIFUSIÓN 🙏🏻 DIFUSIÓN 🙏🏻 DIFUSIÓN 🙏🏻 DIFUSIÓN 🙏🏻 DIFUSIÓN 🙏🏻 DIFUSIÓN 🙏🏻 DIFUSIÓN 🙏🏻 DIFUSIÓN 🙏🏻 DIFUSIÓN 🙏🏻 DIFUSIÓN 🙏🏻 DIFUSIÓN 🙏🏻 DIFUSIÓN 🙏🏻 DIFUSIÓN 🙏🏻 DIFUSIÓN 🙏🏻 DIFUSIÓN 🙏🏻 DIFUSIÓN 🙏🏻 DIFUSIÓN 🙏🏻 DIFUSIÓN 🙏🏻 DIFUSIÓN 🙏🏻 DIFUSIÓN 🙏🏻 DIFUSIÓN 🙏🏻 DIFUSIÓN 🙏🏻 DIFUSIÓN 🙏🏻 DIFUSIÓN 🙏🏻DIFUSIÓN 🙏🏻 DIFUSIÓN 🙏🏻 DIFUSIÓN 🙏🏻 DIFUSIÓN 🙏🏻 DIFUSIÓN 🙏🏻 DIFUSIÓN 🙏🏻 DIFUSIÓN 🙏🏻 DIFUSIÓN 🙏🏻 DIFUSIÓN 🙏🏻 DIFUSIÓN 🙏🏻 DIFUSIÓN 🙏🏻 DIFUSIÓN 🙏🏻 DIFUSIÓN 🙏🏻 DIFUSIÓN 🙏🏻 DIFUSIÓN 🙏🏻 DIFUSIÓN 🙏🏻 DIFUSIÓN 🙏🏻 DIFUSIÓN 🙏🏻 DIFUSIÓN 🙏🏻 DIFUSIÓN 🙏🏻 DIFUSIÓN 🙏🏻 DIFUSIÓN 🙏🏻 DIFUSIÓN 🙏🏻 DIFUSIÓN 🙏🏻 DIFUSIÓN 🙏🏻 DIFUSIÓN 🙏🏻 DIFUSIÓN 🙏🏻 DIFUSIÓN 🙏🏻 DIFUSIÓN 🙏🏻 DIFUSIÓN 🙏🏻 DIFUSIÓN 🙏🏻 DIFUSIÓN 🙏🏻 DIFUSIÓN 🙏🏻 DIFUSIÓN 🙏🏻 DIFUSIÓN 🙏🏻 DIFUSIÓN 🙏🏻 DIFUSIÓN 🙏🏻 DIFUSIÓN 🙏🏻 DIFUSIÓN 🙏🏻 DIFUSIÓN 🙏🏻 DIFUSIÓN 🙏🏻 DIFUSIÓN 🙏🏻 DIFUSIÓN 🙏🏻 DIFUSIÓN 🙏🏻 DIFUSIÓN 🙏🏻 DIFUSIÓN 🙏🏻 DIFUSIÓN 🙏🏻 DIFUSIÓN 🙏🏻 DIFUSIÓN 🙏🏻 DIFUSIÓN 🙏🏻 DIFUSIÓN 🙏🏻 DIFUSIÓN 🙏🏻 DIFUSIÓN 🙏🏻 DIFUSIÓN 🙏🏻DIFUSIÓN 🙏🏻 DIFUSIÓN 🙏🏻 DIFUSIÓN 🙏🏻 DIFUSIÓN 🙏🏻 DIFUSIÓN 🙏🏻 DIFUSIÓN 🙏🏻 DIFUSIÓN 🙏🏻 DIFUSIÓN 🙏🏻 DIFUSIÓN 🙏🏻 DIFUSIÓN 🙏🏻 DIFUSIÓN 🙏🏻 DIFUSIÓN 🙏🏻 DIFUSIÓN 🙏🏻 DIFUSIÓN 🙏🏻 DIFUSIÓN 🙏🏻 DIFUSIÓN 🙏🏻 DIFUSIÓN 🙏🏻 DIFUSIÓN 🙏🏻 DIFUSIÓN 🙏🏻 DIFUSIÓN 🙏🏻 DIFUSIÓN 🙏🏻 DIFUSIÓN 🙏🏻 DIFUSIÓN 🙏🏻 DIFUSIÓN 🙏🏻 DIFUSIÓN 🙏🏻 DIFUSIÓN 🙏🏻 DIFUSIÓN 🙏🏻 DIFUSIÓN 🙏🏻 DIFUSIÓN 🙏🏻 DIFUSIÓN 🙏🏻 DIFUSIÓN 🙏🏻 DIFUSIÓN 🙏🏻 DIFUSIÓN 🙏🏻 DIFUSIÓN 🙏🏻 DIFUSIÓN 🙏🏻 DIFUSIÓN 🙏🏻 DIFUSIÓN 🙏🏻 DIFUSIÓN 🙏🏻 DIFUSIÓN 🙏🏻 DIFUSIÓNj🙏🏻 DIFUSIÓN 🙏🏻 DIFUSIÓN 🙏🏻","34","3","2026-05-27T03:46:45.000Z","_dommo38","https://www.tiktok.com/@ajplusespanol/video/7644374184180616456","6679810815858721798","7644412961561445141","https://p16-common-sign.tiktokcdn-eu.com/tos-alisg-avt-0068/8f6e330a7aad1e99537043d0b06c2234~tplv-tiktokx-cropcenter:100:100.jpg?dr=10399&refresh_token=61a1b9ff&x-expires=1780200000&x-signature=h%2BfcTapsM0EWNhEivCd7kBswKJI%3D&t=4d5b0474&ps=13740610&shp=30310797&shcp=ff37627b&idc=no1a"
"DIFUSIÓN 🙏🏻 DIFUSIÓN 🙏🏻 DIFUSIÓN 🙏🏻 DIFUSIÓN 🙏🏻 DIFUSIÓN 🙏🏻 DIFUSIÓN 🙏🏻 DIFUSIÓN 🙏🏻 DIFUSIÓN 🙏🏻 DIFUSIÓN 🙏🏻 DIFUSIÓN 🙏🏻 DIFUSIÓN 🙏🏻 DIFUSIÓN 🙏🏻 DIFUSIÓN 🙏🏻 DIFUSIÓN 🙏🏻 DIFUSIÓN 🙏🏻 DIFUSIÓN 🙏🏻 DIFUSIÓN 🙏🏻 DIFUSIÓN 🙏🏻 DIFUSIÓN 🙏🏻 DIFUSIÓN 🙏🏻 DIFUSIÓN 🙏🏻 DIFUSIÓN 🙏🏻 DIFUSIÓN 🙏🏻 DIFUSIÓN 🙏🏻 DIFUSIÓN 🙏🏻 DIFUSIÓN 🙏🏻 DIFUSIÓN 🙏🏻 DIFUSIÓN 🙏🏻 DIFUSIÓN 🙏🏻 DIFUSIÓN 🙏🏻 DIFUSIÓN 🙏🏻 DIFUSIÓN 🙏🏻 DIFUSIÓN 🙏🏻 DIFUSIÓN 🙏🏻 DIFUSIÓN 🙏🏻 DIFUSIÓN 🙏🏻 DIFUSIÓN 🙏🏻 DIFUSIÓN 🙏🏻 DIFUSIÓN 🙏🏻 DIFUSIÓN 🙏🏻 DIFUSIÓN 🙏🏻 DIFUSIÓN 🙏🏻 DIFUSIÓN 🙏🏻 DIFUSIÓN 🙏🏻 DIFUSIÓN 🙏🏻 DIFUSIÓN 🙏🏻 DIFUSIÓN 🙏🏻 DIFUSIÓN 🙏🏻 DIFUSIÓN 🙏🏻 DIFUSIÓN 🙏🏻 DIFUSIÓN 🙏🏻 DIFUSIÓN 🙏🏻 DIFUSIÓN 🙏🏻 DIFUSIÓN 🙏🏻DIFUSIÓN 🙏🏻 DIFUSIÓN 🙏🏻 DIFUSIÓN 🙏🏻 DIFUSIÓN 🙏🏻 DIFUSIÓN 🙏🏻 DIFUSIÓN 🙏🏻 DIFUSIÓN 🙏🏻 DIFUSIÓN 🙏🏻 DIFUSIÓN 🙏🏻 DIFUSIÓN 🙏🏻 DIFUSIÓN 🙏🏻 DIFUSIÓN 🙏🏻 DIFUSIÓN 🙏🏻 DIFUSIÓN 🙏🏻 DIFUSIÓN 🙏🏻 DIFUSIÓN 🙏🏻 DIFUSIÓN 🙏🏻 DIFUSIÓN 🙏🏻 DIFUSIÓN 🙏🏻 DIFUSIÓN 🙏🏻 DIFUSIÓN 🙏🏻 DIFUSIÓN 🙏🏻 DIFUSIÓN 🙏🏻 DIFUSIÓN 🙏🏻 DIFUSIÓN 🙏🏻 DIFUSIÓN 🙏🏻 DIFUSIÓN 🙏🏻 DIFUSIÓN 🙏🏻 DIFUSIÓN 🙏🏻 DIFUSIÓN 🙏🏻 DIFUSIÓN 🙏🏻 DIFUSIÓN 🙏🏻 DIFUSIÓN 🙏🏻 DIFUSIÓN 🙏🏻 DIFUSIÓN 🙏🏻 DIFUSIÓN 🙏🏻 DIFUSIÓN 🙏🏻 DIFUSIÓN 🙏🏻 DIFUSIÓN 🙏🏻 DIFUSIÓN 🙏🏻 DIFUSIÓN 🙏🏻 DIFUSIÓN 🙏🏻 DIFUSIÓN 🙏🏻 DIFUSIÓN 🙏🏻 DIFUSIÓN 🙏🏻 DIFUSIÓN 🙏🏻 DIFUSIÓN 🙏🏻 DIFUSIÓN 🙏🏻 DIFUSIÓN 🙏🏻 DIFUSIÓN 🙏🏻 DIFUSIÓN 🙏🏻 DIFUSIÓN 🙏🏻 DIFUSIÓN 🙏🏻 DIFUSIÓN 🙏🏻DIFUSIÓN 🙏🏻 DIFUSIÓN 🙏🏻 DIFUSIÓN 🙏🏻 DIFUSIÓN 🙏🏻 DIFUSIÓN 🙏🏻 DIFUSIÓN 🙏🏻 DIFUSIÓN 🙏🏻 DIFUSIÓN 🙏🏻 DIFUSIÓN 🙏🏻 DIFUSIÓN 🙏🏻 DIFUSIÓN 🙏🏻 DIFUSIÓN 🙏🏻 DIFUSIÓN 🙏🏻 DIFUSIÓN 🙏🏻 DIFUSIÓN 🙏🏻 DIFUSIÓN 🙏🏻 DIFUSIÓN 🙏🏻 DIFUSIÓN 🙏🏻 DIFUSIÓN 🙏🏻 DIFUSIÓN 🙏🏻 DIFUSIÓN 🙏🏻 DIFUSIÓN 🙏🏻 DIFUSIÓN 🙏🏻 DIFUSIÓN 🙏🏻 DIFUSIÓN 🙏🏻 DIFUSIÓN 🙏🏻 DIFUSIÓN 🙏🏻 DIFUSIÓN 🙏🏻 DIFUSIÓN 🙏🏻 DIFUSIÓN 🙏🏻 DIFUSIÓN 🙏🏻 DIFUSIÓN 🙏🏻 DIFUSIÓN 🙏🏻 DIFUSIÓN 🙏🏻 DIFUSIÓN 🙏🏻 DIFUSIÓN 🙏🏻 DIFUSIÓN 🙏🏻 DIFUSIÓN 🙏🏻 DIFUSIÓN 🙏🏻 DIFUSIÓNj🙏🏻 DIFUSIÓN 🙏🏻 DIFUSIÓN 🙏🏻","32","5","2026-05-27T13:15:36.000Z","user9442254396","https://www.tiktok.com/@ajplusespanol/video/7644374184180616456","7540517792589104135","7644559561911255829","https://p19-common-sign.tiktokcdn-eu.com/tos-alisg-avt-0068/5c91097f1675fd90071c89669ee9df42~tplv-tiktokx-cropcenter:100:100.jpg?dr=10399&refresh_token=b8573ff8&x-expires=1780200000&x-signature=4ULRzOoXo4zJ5kndi%2B2%2BeMJJ7zI%3D&t=4d5b0474&ps=13740610&shp=30310797&shcp=ff37627b&idc=no1a"
"A mí me contestaron muchos que ellos si quieren mundial, es decepcionante!","12","1","2026-05-28T22:53:30.000Z","emily_198.5","https://www.tiktok.com/@ajplusespanol/video/7644374184180616456","7586958116886823952","7645077909652587285","https://p16-common-sign.tiktokcdn-eu.com/tos-alisg-avt-0068/fcb402098a296c09f6b61d9472d91c80~tplv-tiktokx-cropcenter:100:100.jpg?dr=10399&refresh_token=a020c8b3&x-expires=1780200000&x-signature=J1Xyo3P7dAIGVS9c9jRRlp4%2BfXY%3D&t=4d5b0474&ps=13740610&shp=30310797&shcp=ff37627b&idc=no1a"
"Le pido a Dios que todos ustedes encuentren a sus seres queridos","1","0","2026-05-28T22:31:03.000Z","jaimeurteaga240","https://www.tiktok.com/@ajplusespanol/video/7644374184180616456","7127486170225935402","7645073762798338847","https://p16-common-sign.tiktokcdn-eu.com/tos-maliva-avt-0068/7346000423771668522~tplv-tiktokx-cropcenter:100:100.jpg?dr=10399&refresh_token=86996246&x-expires=1780200000&x-signature=q9C9i4Of5VkHMK0oVj3Ya8EfbSE%3D&t=4d5b0474&ps=13740610&shp=30310797&shcp=ff37627b&idc=no1a"
"Se necesitan al menos 9 palabras, una coma y un punto para que tu comentario cuente, así que copia y pega.","64","9","2026-05-27T14:57:11.000Z","alo99p","https://www.tiktok.com/@ajplusespanol/video/7644374184180616456","7064414394718045190","7644585758799725319","https://p19-common-sign.tiktokcdn-eu.com/tos-maliva-avt-0068/fb9a5062144bae649c909d14f21ecb0b~tplv-tiktokx-cropcenter:100:100.jpg?dr=10399&refresh_token=3f96e8ad&x-expires=1780200000&x-signature=7utygBxvI%2F3Ebk4pH2mKKa%2B%2B79E%3D&t=4d5b0474&ps=13740610&shp=30310797&shcp=ff37627b&idc=no1a"
"Dios bendiga 🙏 a todas las personas que siguen buscando a sus hijos e hijas, de todo corazón esperamos que puedan encontrar a sus jóvenes, millones estamos con ustedes, si podemos apoyar con algo, cuentan con nosotros.","18","1","2026-05-28T02:40:15.000Z","lalito.lalo.cura","https://www.tiktok.com/@ajplusespanol/video/7644374184180616456","7485913658813514773","7644766912853869320","https://p16-common-sign.tiktokcdn-eu.com/tos-alisg-avt-0068/8215cc0908bc50cea069978433b1cd08~tplv-tiktokx-cropcenter:100:100.jpg?dr=10399&refresh_token=87f2535a&x-expires=1780200000&x-signature=Bxpi%2BXjEppla1Ya%2B7eAThvPOVdI%3D&t=4d5b0474&ps=13740610&shp=30310797&shcp=ff37627b&idc=no1a"
"Claudia dice que México súper bien 😳","87","4","2026-05-27T06:15:55.000Z","lucianaaguileraaa","https://www.tiktok.com/@ajplusespanol/video/7644374184180616456","6737063496654308357","7644451407928673042","https://p16-common-sign.tiktokcdn-eu.com/musically-maliva-obj/1594805258216454~tplv-tiktokx-cropcenter:100:100.jpg?dr=10399&refresh_token=4e4254cb&x-expires=1780200000&x-signature=ZwQE3W%2FYdO0RcGX4cEf22EDYdus%3D&t=4d5b0474&ps=13740610&shp=30310797&shcp=ff37627b&idc=no1a"
"QUE HORRIBLE REALIDAD 🙏","2","0","2026-05-29T05:06:29.000Z","sirena1178","https://www.tiktok.com/@ajplusespanol/video/7644374184180616456","7402404911054980138","7645175459450176269","https://p16-common-sign.tiktokcdn-eu.com/tos-maliva-avt-0068/8ef3faa98b17620f6de1c1505495c775~tplv-tiktokx-cropcenter:100:100.jpg?dr=10399&refresh_token=326eebe5&x-expires=1780200000&x-signature=GH3ZSSIsZfixYjnmMn2q2uCKwJY%3D&t=4d5b0474&ps=13740610&shp=30310797&shcp=ff37627b&idc=no1a"
"Interactuando ✨","144","1","2026-05-27T01:53:53.000Z","panchajustpancha","https://www.tiktok.com/@ajplusespanol/video/7644374184180616456","7186863964533851141","7644383814635160340","https://p19-common-sign.tiktokcdn-eu.com/tos-alisg-avt-0068/0d6f3ad8542404d709a2ee4307f98335~tplv-tiktokx-cropcenter:100:100.jpg?dr=10399&refresh_token=448f5822&x-expires=1780200000&x-signature=g2UP%2FzCtJR8n5J6lbkKrn10kodk%3D&t=4d5b0474&ps=13740610&shp=30310797&shcp=ff37627b&idc=no1a"
"Que triste pero es la realidad que vivimos 🙏🙏🙏","1","0","2026-05-28T16:47:18.000Z","user4408398780227","https://www.tiktok.com/@ajplusespanol/video/7644374184180616456","7242036482617213998","7644985140925891342","https://p16-common-sign.tiktokcdn-eu.com/musically-maliva-obj/1594805258216454~tplv-tiktokx-cropcenter:100:100.jpg?dr=10399&refresh_token=4e4254cb&x-expires=1780200000&x-signature=ZwQE3W%2FYdO0RcGX4cEf22EDYdus%3D&t=4d5b0474&ps=13740610&shp=30310797&shcp=ff37627b&idc=no1a"
":DIFUSIÓN 🙏🏻 DIFUSIÓN 🙏🏻 DIFUSIÓN 🙏🏻 DIFUSIÓN 🙏🏻 DIFUSIÓN 🙏🏻 DIFUSIÓN 🙏🏻 DIFUSIÓN 🙏🏻 DIFUSIÓN 🙏🏻 DIFUSIÓN 🙏🏻 DIFUSIÓN 🙏🏻 DIFUSIÓN 🙏🏻 DIFUSIÓN 🙏🏻 DIFUSIÓN 🙏🏻 DIFUSIÓN 🙏🏻 DIFUSIÓN 🙏🏻 DIFUSIÓN 🙏🏻 DIFUSIÓN 🙏🏻 DIFUSIÓN 🙏🏻 DIFUSIÓN 🙏🏻 DIFUSIÓN 🙏🏻 DIFUSIÓN 🙏🏻 DIFUSIÓN 🙏🏻 DIFUSIÓN 🙏🏻 DIFUSIÓN 🙏🏻 DIFUSIÓN 🙏🏻 DIFUSIÓN 🙏🏻 DIFUSIÓN 🙏🏻 DIFUSIÓN 🙏🏻 DIFUSIÓN 🙏🏻 DIFUSIÓN 🙏🏻 DIFUSIÓN 🙏🏻 DIFUSIÓN 🙏🏻 DIFUSIÓN 🙏🏻 DIFUSIÓN 🙏🏻 DIFUSIÓN 🙏🏻 DIFUSIÓN 🙏🏻 DIFUSIÓN 🙏🏻 DIFUSIÓN 🙏🏻 DIFUSIÓN 🙏🏻 DIFUSIÓN 🙏🏻 DIFUSIÓN 🙏🏻 DIFUSIÓN 🙏🏻 DIFUSIÓN 🙏🏻 DIFUSIÓN 🙏🏻 DIFUSIÓN 🙏🏻 DIFUSIÓN 🙏🏻 DIFUSIÓN 🙏🏻 DIFUSIÓN 🙏🏻 DIFUSIÓN 🙏🏻 DIFUSIÓN 🙏🏻 DIFUSIÓN 🙏🏻 DIFUSIÓN 🙏🏻 DIFUSIÓN 🙏🏻 DIFUSIÓN 🙏🏻DIFUSIÓN 🙏🏻 DIFUSIÓN 🙏🏻 DIFUSIÓN 🙏🏻 DIFUSIÓN 🙏🏻 DIFUSIÓN 🙏🏻 DIFUSIÓN 🙏🏻 DIFUSIÓN 🙏🏻 DIFUSIÓN 🙏🏻 DIFUSIÓN 🙏🏻 DIFUSIÓN 🙏🏻 DIFUSIÓN 🙏🏻 DIFUSIÓN 🙏🏻 DIFUSIÓN 🙏🏻 DIFUSIÓN 🙏🏻 DIFUSIÓN 🙏🏻 DIFUSIÓN 🙏🏻 DIFUSIÓN 🙏🏻 DIFUSIÓN 🙏🏻 DIFUSIÓN 🙏🏻 DIFUSIÓN 🙏🏻 DIFUSIÓN 🙏🏻 DIFUSIÓN 🙏🏻 DIFUSIÓN 🙏🏻 DIFUSIÓN 🙏🏻 DIFUSIÓN 🙏🏻 DIFUSIÓN 🙏🏻 DIFUSIÓN 🙏🏻 DIFUSIÓN 🙏🏻 DIFUSIÓN 🙏🏻 DIFUSIÓN 🙏🏻 DIFUSIÓN 🙏🏻 DIFUSIÓN 🙏🏻 DIFUSIÓN 🙏🏻 DIFUSIÓN 🙏🏻 DIFUSIÓN 🙏🏻 DIFUSIÓN 🙏🏻 DIFUSIÓN 🙏🏻 DIFUSIÓN 🙏🏻 DIFUSIÓN 🙏🏻 DIFUSIÓN 🙏🏻 DIFUSIÓN 🙏🏻 DIFUSIÓN 🙏🏻 DIFUSIÓN 🙏🏻 DIFUSIÓN 🙏🏻 DIFUSIÓN 🙏🏻 DIFUSIÓN 🙏🏻 DIFUSIÓN 🙏🏻 DIFUSIÓN 🙏🏻 DIFUSIÓN 🙏🏻 DIFUSIÓN 🙏🏻 DIFUSIÓN 🙏🏻 DIFUSIÓN 🙏🏻 DIFUSIÓN 🙏🏻 DIFUSIÓN 🙏🏻DIFUSIÓN 🙏🏻 DIFUSIÓN 🙏🏻 DIFUSIÓN 🙏🏻 DIFUSIÓN 🙏🏻 DIFUSIÓN 🙏🏻 DIFUSIÓN 🙏🏻 DIFUSIÓN 🙏🏻 DIFUSIÓN 🙏🏻 DIFUSIÓN 🙏🏻 DIFUSIÓN 🙏🏻 DIFUSIÓN 🙏🏻 DIFUSIÓN 🙏🏻 DIFUSIÓN 🙏🏻 DIFUSIÓN 🙏🏻 DIFUSIÓN 🙏🏻 DIFUSIÓN 🙏🏻 DIFUSIÓN 🙏🏻 DIFUSIÓN 🙏🏻 DIFUSIÓN 🙏🏻 DIFUSIÓN 🙏🏻 DIFUSIÓN 🙏🏻 DIFUSIÓN 🙏🏻 DIFUSIÓN 🙏🏻 DIFUSIÓN 🙏🏻 DIFUSIÓN 🙏🏻 DIFUSIÓN 🙏🏻 DIFUSIÓN 🙏🏻 DIFUSIÓN 🙏🏻 DIFUSIÓN 🙏🏻 DIFUSIÓN 🙏🏻 DIFUSIÓN 🙏🏻 DIFUSIÓN 🙏🏻 DIFUSIÓN 🙏🏻 DIFUSIÓN 🙏🏻 DIFUSIÓN 🙏🏻 DIFUSIÓN 🙏🏻 DIFUSIÓN 🙏🏻 DIFUSIÓN 🙏🏻 DIFUSIÓN 🙏🏻 DIFUSIÓNj🙏🏻 DIFUSIÓN 🙏🏻 DIFUSIÓN 🙏🏻","22","3","2026-05-27T03:10:53.000Z","jaerim.kim","https://www.tiktok.com/@ajplusespanol/video/7644374184180616456","7357209739502240773","7644403735984751378","https://p16-common-sign.tiktokcdn-eu.com/tos-alisg-avt-0068/cf358afbd14690fbf0ef5fb0bd620dc1~tplv-tiktokx-cropcenter:100:100.jpg?dr=10399&refresh_token=5d3fe803&x-expires=1780200000&x-signature=80IVG07uWd6B3Pqj3ssULhmBtEY%3D&t=4d5b0474&ps=13740610&shp=30310797&shcp=ff37627b&idc=no1a"
"Por qué Tik Tok no nos deja hacer REPOST ???????","14","1","2026-05-28T17:39:34.000Z","chiooo_nunez","https://www.tiktok.com/@ajplusespanol/video/7644374184180616456","6784994406656590853","7644998590552998670","https://p16-common-sign.tiktokcdn-eu.com/tos-maliva-avt-0068/5ff1d291eb834f70d7f9a3f8a647e0aa~tplv-tiktokx-cropcenter:100:100.jpg?dr=10399&refresh_token=4b307d81&x-expires=1780200000&x-signature=b0muZYg6S4CLpnqpLBnyZXW5fww%3D&t=4d5b0474&ps=13740610&shp=30310797&shcp=ff37627b&idc=no1a"
"Siguen adelante en El Poderoso Nombre de Jesús . Sigan y pídanle a Dios que El Sea su. Guardador","2","0","2026-05-28T05:59:03.000Z","odet.peralta1","https://www.tiktok.com/@ajplusespanol/video/7644374184180616456","7458739225112708142","7644818021328503566","https://p16-common-sign.tiktokcdn-eu.com/tos-maliva-avt-0068/a9d0a2d09602294036d81b4ee1227f3c~tplv-tiktokx-cropcenter:100:100.jpg?dr=10399&refresh_token=3da53aab&x-expires=1780200000&x-signature=tTDfwZ70gMqRKrT%2B8Ont9XXSJGo%3D&t=4d5b0474&ps=13740610&shp=30310797&shcp=ff37627b&idc=no1a"
"NO AL MUNDIAL 😡😡😡😡","0","0","2026-05-29T14:52:50.000Z","guanajuato150","https://www.tiktok.com/@ajplusespanol/video/7644374184180616456","6993539684794860550","7645326652129772301","https://p16-common-sign.tiktokcdn-eu.com/tos-maliva-avt-0068/7351875946237919274~tplv-tiktokx-cropcenter:100:100.jpg?dr=10399&refresh_token=6e4e1d5e&x-expires=1780200000&x-signature=QmvduK28ieoSlGSzUKE7jSt69%2F4%3D&t=4d5b0474&ps=13740610&shp=30310797&shcp=ff37627b&idc=no1a"
"🥹💔💔me dueles Mexico","1","0","2026-05-28T18:38:31.000Z","jskaaa3","https://www.tiktok.com/@ajplusespanol/video/7644374184180616456","6824353720886412294","7645013800697594637","https://p16-common-sign.tiktokcdn-eu.com/tos-maliva-avt-0068/9744848f57d6f1a9d8b6310f61ddaa08~tplv-tiktokx-cropcenter:100:100.jpg?dr=10399&refresh_token=ca122848&x-expires=1780200000&x-signature=Hkh9g0UKAHccOokHMxJJpwpdSzc%3D&t=4d5b0474&ps=13740610&shp=30310797&shcp=ff37627b&idc=no1a"
"Dios los bendiga salmos92:10-12 y salmos94:1-23","2","0","2026-05-28T05:23:27.000Z","miguell0672","https://www.tiktok.com/@ajplusespanol/video/7644374184180616456","6913048997096408069","7644808741313184526","https://p16-common-sign.tiktokcdn-eu.com/tos-maliva-avt-0068/aee47899f7c3abe54f86eb139377acf6~tplv-tiktokx-cropcenter:100:100.jpg?dr=10399&refresh_token=15743126&x-expires=1780200000&x-signature=%2Fn5ASFCmuu8QDBTD49%2B44Wcf%2Brw%3D&t=4d5b0474&ps=13740610&shp=30310797&shcp=ff37627b&idc=no1a"
"Welcome to Jalisco","0","0","2026-05-29T17:38:56.000Z","serath___","https://www.tiktok.com/@ajplusespanol/video/7644374184180616456","7356759080507393029","7645369615073559314","https://p16-common-sign.tiktokcdn-eu.com/tos-alisg-avt-0068/7ed9993088275ec56d13c3667dfa140a~tplv-tiktokx-cropcenter:100:100.jpg?dr=10399&refresh_token=b1ace80d&x-expires=1780200000&x-signature=35gGxvMAZzcQfn%2FUeryLEBMUyyE%3D&t=4d5b0474&ps=13740610&shp=30310797&shcp=ff37627b&idc=no1a"
"cuanto dolor dios mio cuanto sufrimiento","3","0","2026-05-28T14:42:45.000Z","isaura.ramos11","https://www.tiktok.com/@ajplusespanol/video/7644374184180616456","7287054919486686250","7644953059814376223","https://p16-common-sign.tiktokcdn-eu.com/tos-maliva-avt-0068/f2fb6d454885ad0c3d2469b608170cd1~tplv-tiktokx-cropcenter:100:100.jpg?dr=10399&refresh_token=cac4a628&x-expires=1780200000&x-signature=Dz%2Fso%2FJrPFdMnv2mcrBEO2ZpnIA%3D&t=4d5b0474&ps=13740610&shp=30310797&shcp=ff37627b&idc=no1a"
"pero ya están vendidos todos los boletos y la venta de playeras no para y no se diga del álbum que es todo un fenómeno nacional más de 1500 albums vendidos diariamente y 10 mil sobres con las cartitas, también","10","2","2026-05-28T02:41:20.000Z","josedeanda02","https://www.tiktok.com/@ajplusespanol/video/7644374184180616456","6807503839827117062","7644767189857534738","https://p16-common-sign.tiktokcdn-eu.com/tos-alisg-avt-0068/fa903e8b1cc77262c5e3777fdee02a07~tplv-tiktokx-cropcenter:100:100.jpg?dr=10399&refresh_token=26ee2e71&x-expires=1780200000&x-signature=4XJ%2B%2Bg56vi1%2Br6b6zbkwo6KDL2k%3D&t=4d5b0474&ps=13740610&shp=30310797&shcp=ff37627b&idc=no1a"
"Que triste saber que el gobierno no le interesa su país.","0","0","2026-05-29T19:25:14.000Z","lizar2020","https://www.tiktok.com/@ajplusespanol/video/7644374184180616456","6874202350408500229","7645396948136297230","https://p16-common-sign.tiktokcdn-eu.com/tos-maliva-avt-0068/b62ea0741ad6829702725f83dccc4f4f~tplv-tiktokx-cropcenter:100:100.jpg?dr=10399&refresh_token=1ec7c07a&x-expires=1780200000&x-signature=S2Ya6V4vyyVCOD4Du4NB5HNbHgM%3D&t=4d5b0474&ps=13740610&shp=30310797&shcp=ff37627b&idc=no1a"
"Yo soy de México
y no vengan, no le den dinero a este marco gobierno","53","0","2026-03-07T06:25:28.000Z","lord_dumorth","https://www.tiktok.com/@latinus_us/video/7614352986915163412","6911526464258376710","7614395965173564161","https://p16-common-sign.tiktokcdn-us.com/tos-alisg-avt-0068/2266a96c030cbebb444704305c4272f6~tplv-tiktokx-cropcenter:100:100.jpg?dr=9640&refresh_token=1c34ba98&x-expires=1780200000&x-signature=hrGJzVGhfnliQDZSEdFnzhLS2gA%3D&t=4d5b0474&ps=13740610&shp=30310797&shcp=ff37627b&idc=useast5"
"y porque no hacen eso siempre pero para todos los mexicanos???😏😏😏","17","0","2026-03-07T14:20:58.000Z","elmenjungers","https://www.tiktok.com/@latinus_us/video/7614352986915163412","6950298844236661765","7614518527463998228","https://p19-common-sign.tiktokcdn-us.com/tos-maliva-avt-0068/d73c271700da45470827accec25bda5c~tplv-tiktokx-cropcenter:100:100.jpg?dr=9640&refresh_token=33104610&x-expires=1780200000&x-signature=U3nF%2BrVqFUYGOM5hZpTiX7C47lI%3D&t=4d5b0474&ps=13740610&shp=30310797&shcp=ff37627b&idc=useast5"
"Y no podría ser todos los días para protegernos ??? no sé,se me ocurre.","17","0","2026-03-08T03:34:30.000Z","elena.villaseor8","https://www.tiktok.com/@latinus_us/video/7614352986915163412","7271052360725677062","7614723008394167058","https://p19-common-sign.tiktokcdn-us.com/tos-maliva-avt-0068/7271068671782191110~tplv-tiktokx-cropcenter:100:100.jpg?dr=9640&refresh_token=4bc912da&x-expires=1780200000&x-signature=AITNbilz5PPIBUwhgggBU9inCg4%3D&t=4d5b0474&ps=13740610&shp=30310797&shcp=ff37627b&idc=useast5"
"Los mexicanos también tenemos miedo de salir en México 😐","15","0","2026-03-07T18:21:21.000Z","crisezqui","https://www.tiktok.com/@latinus_us/video/7614352986915163412","7325966423522755589","7614580409938821905","https://p19-common-sign.tiktokcdn-us.com/tos-alisg-avt-0068/e856a42b162677d0db7032f102b48c19~tplv-tiktokx-cropcenter:100:100.jpg?dr=9640&refresh_token=c88e1233&x-expires=1780200000&x-signature=15%2FG10uJFkXvBKQzFbmX5njLakk%3D&t=4d5b0474&ps=13740610&shp=30310797&shcp=ff37627b&idc=useast5"
"el chiste se cuenta Solo este gobierno parece una burla","5","0","2026-03-10T13:55:04.000Z","danieltristan76","https://www.tiktok.com/@latinus_us/video/7614352986915163412","6805863974199247877","7615625109407793938","https://p19-common-sign.tiktokcdn-us.com/tos-alisg-avt-0068/e28098a82c59a645fbbe1461e839f724~tplv-tiktokx-cropcenter:100:100.jpg?dr=9640&refresh_token=a82c5c2a&x-expires=1780200000&x-signature=2xXgBtFrH1B3m0wXrLqWqdOHeDA%3D&t=4d5b0474&ps=13740610&shp=30310797&shcp=ff37627b&idc=useast5"
"Porque la FIFA no le hace lo mismo a EEUU así como le hizo contra Rusia cuando empezaron la guerra?","26","1","2026-03-07T03:48:43.000Z","arnold.zadu","https://www.tiktok.com/@latinus_us/video/7614352986915163412","7584309040365863948","7614355560524235538","https://p19-common-sign.tiktokcdn-us.com/tos-alisg-avt-0068/333dd087cafe1e260401ef03e4fb2359~tplv-tiktokx-cropcenter:100:100.jpg?dr=9640&refresh_token=85e0546a&x-expires=1780200000&x-signature=kpod4VsbkgqS6QicPOUUWzdBYYM%3D&t=4d5b0474&ps=13740610&shp=30310797&shcp=ff37627b&idc=useast5"
"Morena preocupándose por otra gente menos por los mexicanos","15","0","2026-03-07T22:19:24.000Z","denysdejesus2","https://www.tiktok.com/@latinus_us/video/7614352986915163412","6877994531377529857","7614641767300285205","https://p16-common-sign.tiktokcdn-us.com/tos-alisg-avt-0068/bc7c3254f24477ef1e4b16119013621c~tplv-tiktokx-cropcenter:100:100.jpg?dr=9640&refresh_token=288e732a&x-expires=1780200000&x-signature=Qh6iECtzKEmuNWbLSh7DAkMmzUE%3D&t=4d5b0474&ps=13740610&shp=30310797&shcp=ff37627b&idc=useast5"
"Que triste que solo por presión extranjera, este gobierno mediocre haga lo que tiene que hacer","15","0","2026-03-08T00:57:15.000Z","jackkrauzer999","https://www.tiktok.com/@latinus_us/video/7614352986915163412","6896522285483852801","7614682470797837063","https://p16-common-sign.tiktokcdn-us.com/tos-maliva-avt-0068/f0e1b627de8fbcd2855e3a3265cf04c1~tplv-tiktokx-cropcenter:100:100.jpg?dr=9640&refresh_token=63895777&x-expires=1780200000&x-signature=q3hWEn4TFv%2B322Rl5QhUSgVDx6Y%3D&t=4d5b0474&ps=13740610&shp=30310797&shcp=ff37627b&idc=useast5"
"Seguridad para extranjeros y no para los mexicanos 😂","15","0","2026-03-08T17:33:22.000Z","suleira196","https://www.tiktok.com/@latinus_us/video/7614352986915163412","6540034841419715599","7614939192166613767","https://p16-common-sign.tiktokcdn-us.com/tos-alisg-avt-0068/fbc9d491e95be650a340cadf2ad23711~tplv-tiktokx-cropcenter:100:100.jpg?dr=9640&refresh_token=5dcde0d5&x-expires=1780200000&x-signature=5lZhTiwJC1nOmzsRFP5%2BwOUZ8pA%3D&t=4d5b0474&ps=13740610&shp=30310797&shcp=ff37627b&idc=useast5"
"¿ Y por que no han aplicado ese plan, para proteger a los mexicanos? 🇲🇽","20","0","2026-03-07T16:20:51.000Z","user5375497014146","https://www.tiktok.com/@latinus_us/video/7614352986915163412","7324749721607259141","7614549401814942484","https://p16-common-sign.tiktokcdn-us.com/musically-maliva-obj/1594805258216454~tplv-tiktokx-cropcenter:100:100.jpg?dr=9640&refresh_token=f6d184af&x-expires=1780200000&x-signature=VW8UWPJqAaIplom5IP4ju2xgIsk%3D&t=4d5b0474&ps=13740610&shp=30310797&shcp=ff37627b&idc=useast5"
"tampoco estados unidos es seguro, con sus guerras","7","2","2026-03-07T22:38:30.000Z","gabriel528791","https://www.tiktok.com/@latinus_us/video/7614352986915163412","7205693322533749765","7614646682648085249","https://p16-common-sign.tiktokcdn-us.com/tos-alisg-avt-0068/0d1151354e0d446450dee95fbb6e32b8~tplv-tiktokx-cropcenter:100:100.jpg?dr=9640&refresh_token=0304f010&x-expires=1780200000&x-signature=EKLrgV9K1aWiFueLswbbhxP6AHQ%3D&t=4d5b0474&ps=13740610&shp=30310797&shcp=ff37627b&idc=useast5"
"no pueden proteger a los.mexicanos , ahora quieren proteger todo un evento con extranjeros el gobierno solo quiere aparentar un bien que no es .","21","0","2026-03-07T04:54:44.000Z","helenbernardo20","https://www.tiktok.com/@latinus_us/video/7614352986915163412","7568239871351309324","7614372571299922708","https://p16-common-sign.tiktokcdn-us.com/tos-alisg-avt-0068/a5cac6026bb359230b2e63f94b0c1984~tplv-tiktokx-cropcenter:100:100.jpg?dr=9640&refresh_token=1e8d976c&x-expires=1780200000&x-signature=fCQHFogsKfgt0Rf%2BAe8kImcBEUk%3D&t=4d5b0474&ps=13740610&shp=30310797&shcp=ff37627b&idc=useast5"
"Ojalá así nos protegieran a nosotros los mexicanos ✊🏻","6","0","2026-03-08T11:48:13.000Z","user7926631503172","https://www.tiktok.com/@latinus_us/video/7614352986915163412","7141579268202595334","7614850213015225109","https://p16-common-sign.tiktokcdn-us.com/tos-alisg-avt-0068/951aa404544a59420dd8f8e4e3e7e944~tplv-tiktokx-cropcenter:100:100.jpg?dr=9640&refresh_token=9614469f&x-expires=1780200000&x-signature=kWe%2BDrX4hXtN%2FUd6xLyxaM36e4g%3D&t=4d5b0474&ps=13740610&shp=30310797&shcp=ff37627b&idc=useast5"
"Y los 130 millón es pa cuando ????????????? A ya me acorde….. nosotros no dejamos millones de $","8","0","2026-03-08T03:18:26.000Z","mara.guadalupe.vi756","https://www.tiktok.com/@latinus_us/video/7614352986915163412","7460624626583487494","7614718863968518920","https://p16-common-sign.tiktokcdn-us.com/tos-alisg-avt-0068/deb50d130f79d3f04eccefd22cad9d08~tplv-tiktokx-cropcenter:100:100.jpg?dr=9640&refresh_token=642f55fc&x-expires=1780200000&x-signature=2NPfq0hZ%2FWFdzX9jIGIdK3sef5w%3D&t=4d5b0474&ps=13740610&shp=30310797&shcp=ff37627b&idc=useast5"
"JAJAJJA Vaya manera de decir: ""Si podemos hacer las cosas bien y mejorar el país, pero no queremos""","10","0","2026-03-08T17:35:58.000Z","luiselsobrino","https://www.tiktok.com/@latinus_us/video/7614352986915163412","7066462092879299589","7614939837633053461","https://p16-common-sign.tiktokcdn-us.com/tos-maliva-avt-0068/4f8454617a68db951949b0aac9aed4c3~tplv-tiktokx-cropcenter:100:100.jpg?dr=9640&refresh_token=ee2f2dbd&x-expires=1780200000&x-signature=Pd4W2G8lHoUMulJE0OD8HsM1Bhg%3D&t=4d5b0474&ps=13740610&shp=30310797&shcp=ff37627b&idc=useast5"
"Digan NO AL MUNDIAL EN MÉXICO, no es seguro!!","13","0","2026-03-08T07:17:13.000Z","acostle338","https://www.tiktok.com/@latinus_us/video/7614352986915163412","6898161975143695366","7614780051469632286","https://p16-common-sign.tiktokcdn-us.com/tos-useast8-avt-0068-tx2/43f94d3519ce546bd75cf5b8e7f3a3cd~tplv-tiktokx-cropcenter:100:100.jpg?dr=9640&refresh_token=ff915e75&x-expires=1780200000&x-signature=QHiBpTyl%2BNUdFCR3eNMLd6XdUeo%3D&t=4d5b0474&ps=13740610&shp=30310797&shcp=ff37627b&idc=useast5"
"Que triste que les importen más los turistas que su propia gente","13","0","2026-03-07T18:29:53.000Z","shooterz97","https://www.tiktok.com/@latinus_us/video/7614352986915163412","7279544991751406597","7614582652050817808","https://p16-common-sign.tiktokcdn-us.com/tos-alisg-avt-0068/e900894fda30d5101c9f191e240633dc~tplv-tiktokx-cropcenter:100:100.jpg?dr=9640&refresh_token=d69b4b2b&x-expires=1780200000&x-signature=EkJhda2t1dZpArcUczMqd5ghoJE%3D&t=4d5b0474&ps=13740610&shp=30310797&shcp=ff37627b&idc=useast5"
"con esto demuestra que el gobierno si puede vs el narco solo qué no quieren","13","0","2026-03-07T19:18:01.000Z","e1.v3ta","https://www.tiktok.com/@latinus_us/video/7614352986915163412","7268010316825576454","7614595049633514260","https://p19-common-sign.tiktokcdn-us.com/tos-maliva-avt-0068/645a1f34fae59d8719989d6bfeec44ef~tplv-tiktokx-cropcenter:100:100.jpg?dr=9640&refresh_token=b1b6e088&x-expires=1780200000&x-signature=a0f9DUeyoDW2%2BJVB1p9aPJbLIbk%3D&t=4d5b0474&ps=13740610&shp=30310797&shcp=ff37627b&idc=useast5"
"che gobierno hipócrita","13","0","2026-03-07T06:44:45.000Z","sebasanvil","https://www.tiktok.com/@latinus_us/video/7614352986915163412","177369745137106944","7614400931728114452","https://p16-common-sign.tiktokcdn-us.com/tos-maliva-avt-0068/b48b6ca31696c74e156fd89008efb326~tplv-tiktokx-cropcenter:100:100.jpg?dr=9640&refresh_token=04afcc03&x-expires=1780200000&x-signature=rcJS4evKKvmIkhBJXjlKOcyirW8%3D&t=4d5b0474&ps=13740610&shp=30310797&shcp=ff37627b&idc=useast5"
"Cuando tendremos un buen gobierno, cada vez lo veo más imposible 🥲","11","3","2026-05-27T05:48:50.000Z","irma.crz_","https://www.tiktok.com/@ajplusespanol/video/7644374184180616456","6565592633933381638","7644444401474192146","https://p16-common-sign.tiktokcdn.com/tos-maliva-avt-0068/723fd49c3ec3f24bd31aedb56ad8f748~tplv-tiktokx-cropcenter:100:100.jpg?dr=14579&refresh_token=8665a156&x-expires=1780200000&x-signature=ttNwZSV%2B3rL9rNFIsXRGsAt%2BVqo%3D&t=4d5b0474&ps=13740610&shp=30310797&shcp=ff37627b&idc=my2"
"Pues no es culpa de los que traen los mundiales, si no de la gente que asiste a los partidos…sin ellos, no habría mundial.","7","2","2026-05-28T00:12:12.000Z","love.banuet","https://www.tiktok.com/@ajplusespanol/video/7644374184180616456","6784098150745113605","7644728755181830942","https://p16-common-sign.tiktokcdn.com/tos-maliva-avt-0068/7348240425657843758~tplv-tiktokx-cropcenter:100:100.jpg?dr=14579&refresh_token=90275fa3&x-expires=1780200000&x-signature=waRrYtEfL6xJ%2FByWlxJffbHng%2Fw%3D&t=4d5b0474&ps=13740610&shp=30310797&shcp=ff37627b&idc=my2"
"Me duele tener que vivir en esta realidad","31","1","2026-05-27T05:43:34.000Z","angelbotdafuq","https://www.tiktok.com/@ajplusespanol/video/7644374184180616456","7626261770102146065","7644443062974350100","https://p19-common-sign.tiktokcdn.com/tos-alisg-avt-0068/fa036bae9c40f3d8c2fca7b4ea045681~tplv-tiktokx-cropcenter:100:100.jpg?dr=14579&refresh_token=888118b3&x-expires=1780200000&x-signature=Gi6KVIapjMzcSS46JWlvLBc8XW0%3D&t=4d5b0474&ps=13740610&shp=30310797&shcp=ff37627b&idc=my2"
"Que dolor caray","82","1","2026-05-27T01:58:34.000Z","elcarnerob","https://www.tiktok.com/@ajplusespanol/video/7644374184180616456","6702769044037026822","7644385040356803348","https://p16-common-sign.tiktokcdn.com/tos-maliva-avt-0068/ceb34d9fc8d4defa95c8134cd0eb7360~tplv-tiktokx-cropcenter:100:100.jpg?dr=14579&refresh_token=c4872b0f&x-expires=1780200000&x-signature=SkxfCFuZlCzxKs29ihNcJJGW0N8%3D&t=4d5b0474&ps=13740610&shp=30310797&shcp=ff37627b&idc=my2"
"en día de mundial hay que hacer una marcha por los desaparecidos 😔","22","2","2026-05-27T16:16:01.000Z","sof61357","https://www.tiktok.com/@ajplusespanol/video/7644374184180616456","7406727269639832582","7644606059021533972","https://p16-common-sign.tiktokcdn.com/tos-maliva-avt-0068/803d3aedb25e997ed2dca91700b62fb9~tplv-tiktokx-cropcenter:100:100.jpg?dr=14579&refresh_token=d3c1b458&x-expires=1780200000&x-signature=lvZ5zIVCda7Zch9EpCuMKsXmgIA%3D&t=4d5b0474&ps=13740610&shp=30310797&shcp=ff37627b&idc=my2"
"Muyyy triste de verdad, me dueles México 🥺","28","2","2026-05-27T15:17:43.000Z","dykz915inu1u","https://www.tiktok.com/@ajplusespanol/video/7644374184180616456","6986525879891903494","7644591058753700626","https://p16-common-sign.tiktokcdn.com/tos-maliva-avt-0068/7327632956557901830~tplv-tiktokx-cropcenter:100:100.jpg?dr=14579&refresh_token=6d08e817&x-expires=1780200000&x-signature=iYjA8DYnaBw3k8EuYV0l3QREvt8%3D&t=4d5b0474&ps=13740610&shp=30310797&shcp=ff37627b&idc=my2"
"Todos tienen fintas licenciados 😳","17","12","2026-05-28T00:42:52.000Z","chinoer1995","https://www.tiktok.com/@ajplusespanol/video/7644374184180616456","6823562867883836422","7644736617523020564","https://p16-common-sign.tiktokcdn.com/tos-alisg-avt-0068/708ba40d6b70eda82a65397d13469563~tplv-tiktokx-cropcenter:100:100.jpg?dr=14579&refresh_token=3acc13b1&x-expires=1780200000&x-signature=VOvwW%2Bg7Fp%2Fx6O6OwkAWhtE%2Fsgc%3D&t=4d5b0474&ps=13740610&shp=30310797&shcp=ff37627b&idc=my2"
"Que tristeza 😢 que para los desaparecidos no exista el más mínimo interés por parte del gobierno.","26","1","2026-05-27T15:50:18.000Z","sarmientica","https://www.tiktok.com/@ajplusespanol/video/7644374184180616456","6936009278340236293","7644599442420843272","https://p16-common-sign.tiktokcdn.com/musically-maliva-obj/1594805258216454~tplv-tiktokx-cropcenter:100:100.jpg?dr=14579&refresh_token=fa307169&x-expires=1780200000&x-signature=mehcPq0GqZUJprcMKOYk31VuyvU%3D&t=4d5b0474&ps=13740610&shp=30310797&shcp=ff37627b&idc=my2"
"muy cierto, no se dan de cuenta que hay realmente prioridades 😞😞😞","21","1","2026-05-29T03:02:23.000Z","pamela020290","https://www.tiktok.com/@ajplusespanol/video/7644374184180616456","7049542341908792326","7645143699698041607","https://p16-common-sign.tiktokcdn.com/musically-maliva-obj/1594805258216454~tplv-tiktokx-cropcenter:100:100.jpg?dr=14579&refresh_token=fa307169&x-expires=1780200000&x-signature=mehcPq0GqZUJprcMKOYk31VuyvU%3D&t=4d5b0474&ps=13740610&shp=30310797&shcp=ff37627b&idc=my2"
"NO QUEREMOS MUNDIAL ❌⚽🚫
QUEREMOS SEGURIDAD🇲🇽!!","6","1","2026-05-28T07:22:11.000Z","prometeus31","https://www.tiktok.com/@ajplusespanol/video/7644374184180616456","6746946912601703429","7644839596773475089","https://p16-common-sign.tiktokcdn.com/tos-maliva-avt-0068/7321804522560192518~tplv-tiktokx-cropcenter:100:100.jpg?dr=14579&refresh_token=a5715b2c&x-expires=1780200000&x-signature=RExPBq7Wi7t02gl9XQlwGzi5MRU%3D&t=4d5b0474&ps=13740610&shp=30310797&shcp=ff37627b&idc=my2"
"Que todo el mundo vea lo que vivimos en México","60","4","2026-05-28T02:38:30.000Z","fridaarroyomal","https://www.tiktok.com/@ajplusespanol/video/7644374184180616456","7079293541129978886","7644766468664115975","https://p16-common-sign.tiktokcdn.com/tos-maliva-avt-0068/cbcd24a560b7a72910178c283429714c~tplv-tiktokx-cropcenter:100:100.jpg?dr=14579&refresh_token=8adf30bd&x-expires=1780200000&x-signature=8wxV5v8CJpgOdT%2By8C4OeRYAMq0%3D&t=4d5b0474&ps=13740610&shp=30310797&shcp=ff37627b&idc=my2"
"Que guerreros, luchadores. Dios los bendiga y los proteja. Encuentren a sus desaparecidos, amén.","20","1","2026-05-27T13:29:55.000Z","danixbayona1","https://www.tiktok.com/@ajplusespanol/video/7644374184180616456","6958850650709672965","7644563263716672264","https://p16-common-sign.tiktokcdn.com/tos-alisg-avt-0068/6e0d429d64ba2b4d52d3983a81e1cd4f~tplv-tiktokx-cropcenter:100:100.jpg?dr=14579&refresh_token=d6ce9dbf&x-expires=1780200000&x-signature=xX5%2BVfSbcos1Z4FY1X%2FdCNj6L58%3D&t=4d5b0474&ps=13740610&shp=30310797&shcp=ff37627b&idc=my2"
"Queremos seguridad no Mundial.","6","1","2026-05-27T23:48:29.000Z","clara.herrera11","https://www.tiktok.com/@ajplusespanol/video/7644374184180616456","7478166771385877520","7644722577462805269","https://p19-common-sign.tiktokcdn.com/tos-maliva-avt-0068/c97d6560ac6d2d55827865dc87446a80~tplv-tiktokx-cropcenter:100:100.jpg?dr=14579&refresh_token=5d65eb4e&x-expires=1780200000&x-signature=ze5T57b380pfQGQjBTgNqn94jUQ%3D&t=4d5b0474&ps=13740610&shp=30310797&shcp=ff37627b&idc=my2"
"nos hace falta unirnos como sociedad y cuidarnos entre todos.","19","2","2026-05-27T05:12:23.000Z","carlalvst","https://www.tiktok.com/@ajplusespanol/video/7644374184180616456","7446960775586186246","7644435047386759937","https://p16-common-sign.tiktokcdn.com/tos-alisg-avt-0068/c1447f666e7c0e59bd06734d0bd9144a~tplv-tiktokx-cropcenter:100:100.jpg?dr=14579&refresh_token=b7e87ce7&x-expires=1780200000&x-signature=beXj689zbwpfh5dGxd%2FmtBibQ8Q%3D&t=4d5b0474&ps=13740610&shp=30310797&shcp=ff37627b&idc=my2"
"Soy de España y se me encoje el corazon con vosotros,no visito mexico por estas cosas no me trae seguridad pero mira que si e un sitio muy prometedor 🥺🥲 ojala os ayude alguien aunque sea Trump ya que Claudia....","9","1","2026-05-29T08:07:00.000Z","kotittaaoki","https://www.tiktok.com/@ajplusespanol/video/7644374184180616456","6725204398694630405","7645222144033800963","https://p16-common-sign.tiktokcdn.com/tos-maliva-avt-0068/7329536726799106054~tplv-tiktokx-cropcenter:100:100.jpg?dr=14579&refresh_token=0535feac&x-expires=1780200000&x-signature=MesCBKTvwiL%2BJ6h9cjUKPnd8UwI%3D&t=4d5b0474&ps=13740610&shp=30310797&shcp=ff37627b&idc=my2"
"Para los 4 partidos del mundial que va haber como que invirtieron de más no??","9","1","2026-05-28T19:33:25.000Z","luxepahtgdl","https://www.tiktok.com/@ajplusespanol/video/7644374184180616456","7613571008209175569","7645028016040805127","https://p16-common-sign.tiktokcdn.com/tos-alisg-avt-0068/5e9c7d9b0fbd7bf7ccccc4b7d138d1d8~tplv-tiktokx-cropcenter:100:100.jpg?dr=14579&refresh_token=3e19b81e&x-expires=1780200000&x-signature=6ahXBQBDKeboFwuI9k0MOrYicms%3D&t=4d5b0474&ps=13740610&shp=30310797&shcp=ff37627b&idc=my2"
"Solo durante la copa ? Ah que fregon. 😡","12","0","2026-03-07T22:10:58.000Z","ggg_galan","https://www.tiktok.com/@latinus_us/video/7614352986915163412","7132296397450429446","7614639581049488148","https://p16-common-sign.tiktokcdn-us.com/tos-maliva-avt-0068/8966ab8f1e2520da392aee58f0760951~tplv-tiktokx-cropcenter:100:100.jpg?dr=9640&refresh_token=67860b5e&x-expires=1780200000&x-signature=AZUXk%2B1cbiwVfQ%2BEcYPhqqExy9g%3D&t=4d5b0474&ps=13740610&shp=30310797&shcp=ff37627b&idc=useast8"
"Entonces si pueden proteger al país pero solo cuando les conviene… 😒","6","0","2026-03-08T22:52:35.000Z","eloy_hernandez","https://www.tiktok.com/@latinus_us/video/7614352986915163412","6802801677554320389","7615021438193533717","https://p19-common-sign.tiktokcdn-us.com/tos-alisg-avt-0068/22238bd46f5622e8342d6b087ee9c420~tplv-tiktokx-cropcenter:100:100.jpg?dr=9640&refresh_token=587908e4&x-expires=1780200000&x-signature=mWnDOppqP%2FEq7NNV9eQVay7JAyA%3D&t=4d5b0474&ps=13740610&shp=30310797&shcp=ff37627b&idc=useast8"
"no sería más fácil hacer los juegos en otro pais?","51","7","2026-03-08T12:22:33.000Z","pedro_e_property","https://www.tiktok.com/@latinus_us/video/7614352986915163412","7033500348631467014","7614859093391803144","https://p19-common-sign.tiktokcdn-us.com/tos-maliva-avt-0068/4e55bbb4b5dc9f009144046db31d14a4~tplv-tiktokx-cropcenter:100:100.jpg?dr=9640&refresh_token=79c7e716&x-expires=1780200000&x-signature=hyLcFUtQNrmmrZXhxckOl%2F21LR4%3D&t=4d5b0474&ps=13740610&shp=30310797&shcp=ff37627b&idc=useast8"
"jajaja se pasan. es mejor proteger a los turistas no?","6","0","2026-03-07T23:35:04.000Z","n.ortegon","https://www.tiktok.com/@latinus_us/video/7614352986915163412","7613374101923202062","7614661137708008206","https://p16-common-sign.tiktokcdn-us.com/tos-useast5-avt-0068-tx/0d61192f9c065c5a005b96874d780abc~tplv-tiktokx-cropcenter:100:100.jpg?dr=9640&refresh_token=54a383bd&x-expires=1780200000&x-signature=dShuea7lfS%2Foh3mfG%2FtC8NufYW0%3D&t=4d5b0474&ps=13740610&shp=30310797&shcp=ff37627b&idc=useast8"
"tiene tiempo para planear proteger extranjeros. pero no pueden combatir el Narco. 👁","16","0","2026-03-07T08:22:41.000Z","jess.daz47","https://www.tiktok.com/@latinus_us/video/7614352986915163412","7192780266657219590","7614426164338230034","https://p19-common-sign.tiktokcdn-us.com/tos-alisg-avt-0068/49d1168403988b89947f480d4d72f756~tplv-tiktokx-cropcenter:100:100.jpg?dr=9640&refresh_token=b8384208&x-expires=1780200000&x-signature=zayiRQbq9Ow75cWivn7FeRPwYuQ%3D&t=4d5b0474&ps=13740610&shp=30310797&shcp=ff37627b&idc=useast8"
"Y si cooperamos para que impriman más ?","47","1","2026-05-27T12:51:13.000Z","elogomez839","https://www.tiktok.com/@ajplusespanol/video/7644374184180616456","6952510076788573189","7644553212045607697","https://p16-common-sign.tiktokcdn.com/tos-maliva-avt-0068/7326181595919220741~tplv-tiktokx-cropcenter:100:100.jpg?dr=14579&refresh_token=bbce5db5&x-expires=1780200000&x-signature=EglLxPbZi%2B3oyXrRx7fOKlkLr2c%3D&t=4d5b0474&ps=13740610&shp=30310797&shcp=ff37627b&idc=my"
"México mundial","2","0","2026-05-28T18:11:38.000Z","edgarcastelan14","https://www.tiktok.com/@ajplusespanol/video/7644374184180616456","6806741780342031366","7645006864569008909","https://p16-common-sign.tiktokcdn.com/tos-maliva-avt-0068/7328193600209518597~tplv-tiktokx-cropcenter:100:100.jpg?dr=14579&refresh_token=715d5b09&x-expires=1780200000&x-signature=NAbUJhf8aqqlkhYuyC%2BB6ztbuAU%3D&t=4d5b0474&ps=13740610&shp=30310797&shcp=ff37627b&idc=my"
"[Sticker] Interactuando","35","6","2026-05-27T14:31:14.000Z","ge_raldine_2","https://www.tiktok.com/@ajplusespanol/video/7644374184180616456","7321191840559612934","7644579077613929223","https://p16-common-sign.tiktokcdn.com/tos-alisg-avt-0068/b3347612edecd846f1bd25a909f63506~tplv-tiktokx-cropcenter:100:100.jpg?dr=14579&refresh_token=34b325a4&x-expires=1780200000&x-signature=WJZJmv1ps2TADvdKIgX7jh7d%2BgY%3D&t=4d5b0474&ps=13740610&shp=30310797&shcp=ff37627b&idc=my"
"Hagan estos videos con subtítulos en ingles! Para que otros paises se enteren 🥺","66","1","2026-05-28T06:05:14.000Z","nina_spook","https://www.tiktok.com/@ajplusespanol/video/7644374184180616456","6781907171204482054","7644819608018862851","https://p19-common-sign.tiktokcdn.com/tos-useast2a-avt-0068-euttp/8519242a89c56bb8aa2228098f57d0f4~tplv-tiktokx-cropcenter:100:100.jpg?dr=14579&refresh_token=88b4ab2f&x-expires=1780200000&x-signature=hYfgFA0ed6L2R8UQyf%2F7CSnsO8Q%3D&t=4d5b0474&ps=13740610&shp=30310797&shcp=ff37627b&idc=my"
"Pobres papás 🥺","31","0","2026-05-27T11:05:41.000Z","alondracarrillo233","https://www.tiktok.com/@ajplusespanol/video/7644374184180616456","6810500881403134981","7644526105101157138","https://p19-common-sign.tiktokcdn.com/tos-maliva-avt-0068/c877bd8e590c916126a1548841d1766d~tplv-tiktokx-cropcenter:100:100.jpg?dr=14579&refresh_token=3d138cfc&x-expires=1780200000&x-signature=HmFGKfRDAF9OHdBnHbfbz4C%2FPTc%3D&t=4d5b0474&ps=13740610&shp=30310797&shcp=ff37627b&idc=my"
"por que no usan ese despliegue para pelear contra los narcos?????","11","0","2026-03-08T03:20:54.000Z","dvdmrtnz94","https://www.tiktok.com/@latinus_us/video/7614352986915163412","6801603476047021061","7614719452325135124","https://p19-common-sign.tiktokcdn-us.com/tos-maliva-avt-0068/331bfbbb728f8854a1e1e63403907ed1~tplv-tiktokx-cropcenter:100:100.jpg?dr=9640&refresh_token=07db2ae7&x-expires=1780200000&x-signature=Lb2BCHZwlWKZwmQq7XkIINsITwY%3D&t=4d5b0474&ps=13740610&shp=30310797&shcp=ff37627b&idc=useast5"
"Ku-Kul-Kan, suena conocido de algo.... 🤔🤔🤔","11","0","2026-03-07T18:40:17.000Z","patomejia1","https://www.tiktok.com/@latinus_us/video/7614352986915163412","6827977752878105605","7614584826712802069","https://p19-common-sign.tiktokcdn-us.com/tos-maliva-avt-0068/d6fedc0168f54dddaf80920e85a76ed9~tplv-tiktokx-cropcenter:100:100.jpg?dr=9640&refresh_token=04486874&x-expires=1780200000&x-signature=qxIarpkNgQ2ApdZVnvp4eMF98fQ%3D&t=4d5b0474&ps=13740610&shp=30310797&shcp=ff37627b&idc=useast5"
"Ahora resulta que si se puede cuidar las ciudades 😳","11","0","2026-03-08T03:45:06.000Z","mtromickemorales","https://www.tiktok.com/@latinus_us/video/7614352986915163412","6924786393748227077","7614725718572008193","https://p19-common-sign.tiktokcdn-us.com/tos-maliva-avt-0068/7326539415458283526~tplv-tiktokx-cropcenter:100:100.jpg?dr=9640&refresh_token=564bd0b0&x-expires=1780200000&x-signature=S0ReUoaAdFJfKGw%2BbICV1FXsh6o%3D&t=4d5b0474&ps=13740610&shp=30310797&shcp=ff37627b&idc=useast5"
"Que vergüenza para los mexicanos y porq no degan esa seguridad por siempre ósea q si se puede pero no quieren invertir en su pueblo","11","0","2026-03-08T04:13:41.000Z","frankkk_06","https://www.tiktok.com/@latinus_us/video/7614352986915163412","7131109435682604075","7614733071904015135","https://p19-common-sign.tiktokcdn-us.com/tos-useast8-avt-0068-tx2/efea53de9beba59e56b5d12f3ce9b162~tplv-tiktokx-cropcenter:100:100.jpg?dr=9640&refresh_token=535fbba6&x-expires=1780200000&x-signature=XfITimdUSY7SFdeg3rza2U8yWgY%3D&t=4d5b0474&ps=13740610&shp=30310797&shcp=ff37627b&idc=useast5"
"[Sticker] Ósea que si protegen a los extranjeros y a los mexicanos ni los quieren apoyar","23","0","2026-03-07T07:02:28.000Z","5x2x4xlxl.l","https://www.tiktok.com/@latinus_us/video/7614352986915163412","6882246270946231298","7614405525240972040","https://p16-common-sign.tiktokcdn-us.com/tos-maliva-avt-0068/206a090d7072dc4b6a69e9f08ed4698a~tplv-tiktokx-cropcenter:100:100.jpg?dr=9640&refresh_token=2e547b8c&x-expires=1780200000&x-signature=4X7PAFjF%2BZcZhw1EcQ5uSah7%2B60%3D&t=4d5b0474&ps=13740610&shp=30310797&shcp=ff37627b&idc=useast5"
"Por Que no implementan un plan para todo Mexico ?","11","0","2026-03-08T23:25:03.000Z","ozzy856","https://www.tiktok.com/@latinus_us/video/7614352986915163412","6819143017602204678","7615029646875345678","https://p19-common-sign.tiktokcdn-us.com/musically-maliva-obj/1594805258216454~tplv-tiktokx-cropcenter:100:100.jpg?dr=9640&refresh_token=e340c4d0&x-expires=1780200000&x-signature=y0I6Dncomm86fyA9XjJdWa1HRzE%3D&t=4d5b0474&ps=13740610&shp=30310797&shcp=ff37627b&idc=useast5"
"si, que el mundial se suspenda en Mexico","11","0","2026-03-07T17:58:25.000Z","marcosuliseszarat","https://www.tiktok.com/@latinus_us/video/7614352986915163412","317647182340313088","7614574534843466503","https://p19-common-sign.tiktokcdn-us.com/tos-alisg-avt-0068/23a6e879491ed6561d078e1e729051f4~tplv-tiktokx-cropcenter:100:100.jpg?dr=9640&refresh_token=9a788982&x-expires=1780200000&x-signature=BXw1swHfBP%2FO7WfpL0CZsOGaQ50%3D&t=4d5b0474&ps=13740610&shp=30310797&shcp=ff37627b&idc=useast5"
"osea los mexicanos no tenemos ningún valor para este gobierno?
solo PUEDEN y QUIEREN proteger a extranjeros??","11","0","2026-03-07T22:45:28.000Z","chibigon23","https://www.tiktok.com/@latinus_us/video/7614352986915163412","7579848593876911112","7614648504158536455","https://p16-common-sign.tiktokcdn-us.com/musically-maliva-obj/1594805258216454~tplv-tiktokx-cropcenter:100:100.jpg?dr=9640&refresh_token=f6d184af&x-expires=1780200000&x-signature=VW8UWPJqAaIplom5IP4ju2xgIsk%3D&t=4d5b0474&ps=13740610&shp=30310797&shcp=ff37627b&idc=useast5"
"DEBERIAN CAMBIAR LA SEDE POR INSEGURIDAD","8","0","2026-03-07T21:08:51.000Z","consuelocantu13","https://www.tiktok.com/@latinus_us/video/7614352986915163412","7454307507692799018","7614623493875893023","https://p16-common-sign.tiktokcdn-us.com/musically-maliva-obj/1594805258216454~tplv-tiktokx-cropcenter:100:100.jpg?dr=9640&refresh_token=f6d184af&x-expires=1780200000&x-signature=VW8UWPJqAaIplom5IP4ju2xgIsk%3D&t=4d5b0474&ps=13740610&shp=30310797&shcp=ff37627b&idc=useast5"
"y por qué no despliega esa seguridad todos los días 🤔","18","0","2026-03-07T15:17:55.000Z","artu.e23_23","https://www.tiktok.com/@latinus_us/video/7614352986915163412","6928901181444555781","7614533208306975506","https://p19-common-sign.tiktokcdn-us.com/tos-alisg-avt-0068/d107ef9dd6dbf88d9bf33460fe1b67d5~tplv-tiktokx-cropcenter:100:100.jpg?dr=9640&refresh_token=a2bd2268&x-expires=1780200000&x-signature=E3OYVImhqijkF8hQk610NGedb70%3D&t=4d5b0474&ps=13740610&shp=30310797&shcp=ff37627b&idc=useast5"
"Seguridad para el turista y abrazos para los mexicanos 🤗🤗🤗","49","0","2026-03-07T04:00:25.000Z","usuario098798","https://www.tiktok.com/@latinus_us/video/7614352986915163412","6821979946434249734","7614358577906713362","https://p16-common-sign.tiktokcdn-us.com/tos-maliva-avt-0068/e4907ca98c3b28681de3709e3e9f9ed6~tplv-tiktokx-cropcenter:100:100.jpg?dr=9640&refresh_token=c7ca390d&x-expires=1780200000&x-signature=D8Du9RzSdH7gVHhVnqfA2BX6bRA%3D&t=4d5b0474&ps=13740610&shp=30310797&shcp=ff37627b&idc=useast5"
"y porque no dejan ese plan permanente para combatir a los narcos.","5","0","2026-03-08T06:57:12.000Z","user2815505419771","https://www.tiktok.com/@latinus_us/video/7614352986915163412","7210924219919631365","7614775207648379669","https://p16-common-sign.tiktokcdn-us.com/musically-maliva-obj/1594805258216454~tplv-tiktokx-cropcenter:100:100.jpg?dr=9640&refresh_token=f6d184af&x-expires=1780200000&x-signature=VW8UWPJqAaIplom5IP4ju2xgIsk%3D&t=4d5b0474&ps=13740610&shp=30310797&shcp=ff37627b&idc=useast5"
"proteger a los Mexicanos:❌️proteger a los turistas:✅️😳","9","5","2026-03-08T03:51:51.000Z","mondragon_551","https://www.tiktok.com/@latinus_us/video/7614352986915163412","6770730059588338690","7614727474106827527","https://p19-common-sign.tiktokcdn-us.com/tos-alisg-avt-0068/998ffee35dfcf1e46f604f6a537a05ad~tplv-tiktokx-cropcenter:100:100.jpg?dr=9640&refresh_token=dfd47bc9&x-expires=1780200000&x-signature=SjIBsauaCR%2FN1vljVvkZJfMBjxw%3D&t=4d5b0474&ps=13740610&shp=30310797&shcp=ff37627b&idc=useast5"
"No me interesa el mundial aquí, me interesa la seguridad de mi pueblo, el hambre de mi país","10","0","2026-03-09T04:40:47.000Z","ivonelizabethrami","https://www.tiktok.com/@latinus_us/video/7614352986915163412","6881305842449826821","7615111188602651399","https://p16-common-sign.tiktokcdn-us.com/tos-maliva-avt-0068/7321428992165658630~tplv-tiktokx-cropcenter:100:100.jpg?dr=9640&refresh_token=46836136&x-expires=1780200000&x-signature=i3xt6FOHSAKpFaGeGikBbTjKebE%3D&t=4d5b0474&ps=13740610&shp=30310797&shcp=ff37627b&idc=useast5"
"están diciéndo que para extranjeros si hay seguridad, pero para los mexicanos nuncaaa","14","0","2026-03-08T02:53:23.000Z","sergiopelcastre4","https://www.tiktok.com/@latinus_us/video/7614352986915163412","6804068002771780614","7614712405008925458","https://p19-common-sign.tiktokcdn-us.com/tos-maliva-avt-0068/3ee96a43f81033bf685dad896dbc8237~tplv-tiktokx-cropcenter:100:100.jpg?dr=9640&refresh_token=79c9c3ca&x-expires=1780200000&x-signature=BQ0i9f0Ev2L38lld1vMsxcWCclg%3D&t=4d5b0474&ps=13740610&shp=30310797&shcp=ff37627b&idc=useast5"
"[Sticker] que lo quiten que lo quiten","14","0","2026-03-07T14:10:05.000Z","kiro_ff04","https://www.tiktok.com/@latinus_us/video/7614352986915163412","7606796438261335048","7614515708811395847","https://p16-common-sign.tiktokcdn-us.com/tos-alisg-avt-0068/020eef8668d08c8c2add5fae41ca9f46~tplv-tiktokx-cropcenter:100:100.jpg?dr=9640&refresh_token=77e20f80&x-expires=1780200000&x-signature=N0xbM%2FSdjnXIa5h%2FHbdcrrdppBk%3D&t=4d5b0474&ps=13740610&shp=30310797&shcp=ff37627b&idc=useast5"
"Que tristeza que tengan que arreglar la violencia por el mundial y no por el bien de los mexicanos","14","0","2026-03-08T02:38:44.000Z","platanito6953","https://www.tiktok.com/@latinus_us/video/7614352986915163412","7320480493714539526","7614708616382530322","https://p19-common-sign.tiktokcdn-us.com/tos-alisg-avt-0068/8f9868800230aa008202dd997a65234c~tplv-tiktokx-cropcenter:100:100.jpg?dr=9640&refresh_token=4edf3eb8&x-expires=1780200000&x-signature=sMVqC8nzsUuczekKB8W7DabAxos%3D&t=4d5b0474&ps=13740610&shp=30310797&shcp=ff37627b&idc=useast5"
"Ósea que si tienen el armamento para combatir el narco solo no les importa lo mexicanos","16","0","2026-03-07T14:17:44.000Z","itsvale286","https://www.tiktok.com/@latinus_us/video/7614352986915163412","6773460332612600838","7614517698965684999","https://p16-common-sign.tiktokcdn-us.com/tos-alisg-avt-0068/ce228b8e990f4e29f6ed4ada611a0152~tplv-tiktokx-cropcenter:100:100.jpg?dr=9640&refresh_token=a7073092&x-expires=1780200000&x-signature=TVC8St6276%2F1pxSc0jnc3q1qLbk%3D&t=4d5b0474&ps=13740610&shp=30310797&shcp=ff37627b&idc=useast5"
"Ósea que si pueden pero no quieren","9","0","2026-03-08T03:55:49.000Z","llamilethuesca","https://www.tiktok.com/@latinus_us/video/7614352986915163412","7328228621046449157","7614728491862786836","https://p19-common-sign.tiktokcdn-us.com/tos-alisg-avt-0068/dd0e3ce622f9dc829c86b1ac7290b215~tplv-tiktokx-cropcenter:100:100.jpg?dr=9640&refresh_token=4835fcec&x-expires=1780200000&x-signature=sT93O8I295M1y2a7BjbPtqb9ep4%3D&t=4d5b0474&ps=13740610&shp=30310797&shcp=ff37627b&idc=useast5"
"No vengan ,no les crean","9","0","2026-03-08T03:43:17.000Z","marialuna2989","https://www.tiktok.com/@latinus_us/video/7614352986915163412","7145118525191308293","7614725256956609298","https://p19-common-sign.tiktokcdn-us.com/tos-maliva-avt-0068/7169368905553543174~tplv-tiktokx-cropcenter:100:100.jpg?dr=9640&refresh_token=43d357de&x-expires=1780200000&x-signature=NelBNZLraMgQqyGIoumz5zPeM3M%3D&t=4d5b0474&ps=13740610&shp=30310797&shcp=ff37627b&idc=useast5"
"Y porque no protegen de esa misma forma a los mexicanos? 🤬🤬🤬 este gobierno es lo PEOR !!!!!!","11","0","2026-03-07T17:51:46.000Z","mybabieschihuahuas","https://www.tiktok.com/@latinus_us/video/7614352986915163412","6532004537874513921","7614572853652161298","https://p16-common-sign.tiktokcdn-us.com/tos-maliva-avt-0068/7320802231161700357~tplv-tiktokx-cropcenter:100:100.jpg?dr=9640&refresh_token=4b8e0404&x-expires=1780200000&x-signature=Q%2B4aWtV0AsvAE3%2FeDY%2FX0X%2FIBmw%3D&t=4d5b0474&ps=13740610&shp=30310797&shcp=ff37627b&idc=useast5"
"que triste,esa seguridad la necesita culiacan,guanajuato,jalisco y sobretodo las madres buscadores,es que México esta así porque quiere","9","0","2026-03-08T00:31:18.000Z","luispz_","https://www.tiktok.com/@latinus_us/video/7614352986915163412","7480339794849956881","7614675793620894472","https://p16-common-sign.tiktokcdn-us.com/tos-alisg-avt-0068/ab1c63082c129d1716d0375ae62478a8~tplv-tiktokx-cropcenter:100:100.jpg?dr=9640&refresh_token=2d867ff9&x-expires=1780200000&x-signature=UzinL%2BJ8lRU86soMY8o7loYTePo%3D&t=4d5b0474&ps=13740610&shp=30310797&shcp=ff37627b&idc=useast5"
"Todo para aparentar que este es un país seguro 😒","9","0","2026-03-08T03:45:36.000Z","dronconironia","https://www.tiktok.com/@latinus_us/video/7614352986915163412","7496690949886542855","7614725861195907858","https://p16-common-sign.tiktokcdn-us.com/tos-maliva-avt-0068/35f8796e2285bbdd5a1842a04b1bbe52~tplv-tiktokx-cropcenter:100:100.jpg?dr=9640&refresh_token=fdf186f4&x-expires=1780200000&x-signature=za6phSDGcgOJrYLgBuIyqribrqc%3D&t=4d5b0474&ps=13740610&shp=30310797&shcp=ff37627b&idc=useast5"
"Todos dicen lo que pasó en Méx pero EU está en una guerra jajajaj la vida diplomática es un chiste .","9","0","2026-03-07T18:20:07.000Z","azielalvarez","https://www.tiktok.com/@latinus_us/video/7614352986915163412","6809049529695732741","7614580145483596562","https://p16-common-sign.tiktokcdn-us.com/tos-alisg-avt-0068/92d2b1776ea48caef55b72a9ca002d0f~tplv-tiktokx-cropcenter:100:100.jpg?dr=9640&refresh_token=c8cdad2e&x-expires=1780200000&x-signature=Ilxw6nCedJ7NDLRLLwjQL9KCsQg%3D&t=4d5b0474&ps=13740610&shp=30310797&shcp=ff37627b&idc=useast5"
"Se jactan, presumen de tanta seguridad y saben perfectamente que nada esta bien en éste país, ojalá no hubiera mundial.","9","0","2026-03-08T00:02:59.000Z","leo19027fp8","https://www.tiktok.com/@latinus_us/video/7614352986915163412","7491447722387964948","7614668510085612296","https://p16-common-sign.tiktokcdn-us.com/tos-alisg-avt-0068/49536d36f3524346efb4ee10376c6394~tplv-tiktokx-cropcenter:100:100.jpg?dr=9640&refresh_token=691e7299&x-expires=1780200000&x-signature=92xEraAEYq0vZEPwF45ZuI7Je3w%3D&t=4d5b0474&ps=13740610&shp=30310797&shcp=ff37627b&idc=useast5"
"y porque no aplican ese plan de manera permanente?","9","0","2026-03-08T03:42:12.000Z","ram.vargas64","https://www.tiktok.com/@latinus_us/video/7614352986915163412","7451098780843901957","7614724995088515857","https://p16-common-sign.tiktokcdn-us.com/tos-alisg-avt-0068/d8b7055e7c5e11b3ab46b4e2a6880e88~tplv-tiktokx-cropcenter:100:100.jpg?dr=9640&refresh_token=66d1926e&x-expires=1780200000&x-signature=80J2TVMbVtxqFI%2F%2F%2B8sCzqqTQSM%3D&t=4d5b0474&ps=13740610&shp=30310797&shcp=ff37627b&idc=useast5"
"ojalá así nos cuidaran todo el tiempo para combatir","9","0","2026-03-07T08:47:03.000Z","pipesantiago26","https://www.tiktok.com/@latinus_us/video/7614352986915163412","6915529200838444038","7614432469458174738","https://p16-common-sign.tiktokcdn-us.com/tos-alisg-avt-0068/8bc1fd39b178ffa3f7989ee00d8cc4bc~tplv-tiktokx-cropcenter:100:100.jpg?dr=9640&refresh_token=fb9efe22&x-expires=1780200000&x-signature=embqmvn6DGSAZPpNIm1tU9XoOLY%3D&t=4d5b0474&ps=13740610&shp=30310797&shcp=ff37627b&idc=useast5"
"¿Entonces solo habrá seguridad por el mundial? 😢","9","0","2026-03-07T10:09:26.000Z","4doorsmorewhoresss2","https://www.tiktok.com/@latinus_us/video/7614352986915163412","6811628934171952134","7614453701641601810","https://p19-common-sign.tiktokcdn-us.com/tos-alisg-avt-0068/fb2b4cd4743e99ac4d7ec413c6a8064c~tplv-tiktokx-cropcenter:100:100.jpg?dr=9640&refresh_token=695ea279&x-expires=1780200000&x-signature=r3RPwX2fznY9cbEJ6KD8C%2FbycFA%3D&t=4d5b0474&ps=13740610&shp=30310797&shcp=ff37627b&idc=useast5"
"Ojalá en VERDAD CANCELEN EL #MUNDIAL","9","0","2026-03-09T02:19:03.000Z","yaa_ye01","https://www.tiktok.com/@latinus_us/video/7614352986915163412","7313639492773299206","7615074630856508168","https://p16-common-sign.tiktokcdn-us.com/tos-alisg-avt-0068/3a896fcb9eb0fb6d46f55aee883f2e37~tplv-tiktokx-cropcenter:100:100.jpg?dr=9640&refresh_token=f22425a7&x-expires=1780200000&x-signature=NLIIHatfd%2B09AUaDch49KcwhwIU%3D&t=4d5b0474&ps=13740610&shp=30310797&shcp=ff37627b&idc=useast5"
"en el estadio gritar fuera claudia","34","0","2026-03-07T04:09:00.000Z","oor17gto","https://www.tiktok.com/@latinus_us/video/7614352986915163412","6862700153339954181","7614360804233626389","https://p16-common-sign.tiktokcdn-us.com/tos-alisg-avt-0068/082bc66705500b07b877a07581f60863~tplv-tiktokx-cropcenter:100:100.jpg?dr=9640&refresh_token=c8c95350&x-expires=1780200000&x-signature=lVLsJQn5AKnAi7PTNn1V8YTbpDE%3D&t=4d5b0474&ps=13740610&shp=30310797&shcp=ff37627b&idc=useast5"
"[Sticker] Cómo se notan las prioridades, no se dejen que vean lo que realmente importa!","153","0","2026-05-27T02:59:03.000Z","yurimikaakerman","https://www.tiktok.com/@ajplusespanol/video/7644374184180616456","7203988451640886278","7644400681230533396","https://p16-common-sign.tiktokcdn-us.com/tos-alisg-avt-0068/5b78bc7d7c63f7b697ad897209a1a961~tplv-tiktokx-cropcenter:100:100.jpg?dr=9640&refresh_token=a909ae70&x-expires=1780200000&x-signature=RSU0FuHNE%2FMtrL%2B8JEckSMv2q3g%3D&t=4d5b0474&ps=13740610&shp=30310797&shcp=ff37627b&idc=useast8"
"pero la presidenta dice que todo esta excelente y nada de esto pasa 🥺","27","0","2026-05-27T12:03:59.000Z","padillagrac","https://www.tiktok.com/@ajplusespanol/video/7644374184180616456","6812972107313005573","7644541116465808136","https://p16-common-sign.tiktokcdn-us.com/tos-maliva-avt-0068/9b80dbf65903a62307e04001550cd55f~tplv-tiktokx-cropcenter:100:100.jpg?dr=9640&refresh_token=67710e99&x-expires=1780200000&x-signature=V8cBkIV7kqUI1shgEG7OcfUnOIY%3D&t=4d5b0474&ps=13740610&shp=30310797&shcp=ff37627b&idc=useast8"
"esto es importante, que escuchen todos los gobiernos y los pueblos. Las personas son importantes","28","1","2026-05-27T12:21:46.000Z","serendld","https://www.tiktok.com/@ajplusespanol/video/7644374184180616456","7166752205067240453","7644545706514727687","https://p16-common-sign.tiktokcdn-us.com/tos-maliva-avt-0068/a771149f543ab6c7f693e7eb094c659d~tplv-tiktokx-cropcenter:100:100.jpg?dr=9640&refresh_token=7f701ea7&x-expires=1780200000&x-signature=aG9LPIwzIzAwCtwFJ3XU87cQUKo%3D&t=4d5b0474&ps=13740610&shp=30310797&shcp=ff37627b&idc=useast8"
"Apoyo para los padres y madres que buscan a sus hij@s","13","0","2026-05-29T13:45:02.000Z","yesmyreyes191","https://www.tiktok.com/@ajplusespanol/video/7644374184180616456","7159504505532744709","7645309347794420487","https://p16-common-sign.tiktokcdn-us.com/tos-maliva-avt-0068/b1dc89b63a5b7a3c190c3078a93ae2c5~tplv-tiktokx-cropcenter:100:100.jpg?dr=9640&refresh_token=bc234749&x-expires=1780200000&x-signature=yewKGGcjH11mbPX9M3Xz91Gkgd4%3D&t=4d5b0474&ps=13740610&shp=30310797&shcp=ff37627b&idc=useast8"
"[Sticker] Aquí apoyamos a los papás y mamás buscadores","39","0","2026-05-27T13:34:19.000Z","maitasuneaneuskera","https://www.tiktok.com/@ajplusespanol/video/7644374184180616456","6819653307448558598","7644564346451034901","https://p19-common-sign.tiktokcdn-us.com/tos-maliva-avt-0068/7324747512772984838~tplv-tiktokx-cropcenter:100:100.jpg?dr=9640&refresh_token=ee5ba4c4&x-expires=1780200000&x-signature=sVxyw06ipQiGEgJnv%2F2cE65dojE%3D&t=4d5b0474&ps=13740610&shp=30310797&shcp=ff37627b&idc=useast8"
"No queremos mundial!!! Queremos seguridad, acceso a la educación digna, salud digna y a la justicia","11","0","2026-05-27T05:43:35.000Z","mirna_iriss","https://www.tiktok.com/@ajplusespanol/video/7644374184180616456","6804321672067302406","7644443075615507220","https://p19-common-sign.tiktokcdn-us.com/tos-maliva-avt-0068/33d58f1746333c9d05623af667e97ba2~tplv-tiktokx-cropcenter:100:100.jpg?dr=9640&refresh_token=ec4f662c&x-expires=1780200000&x-signature=pwybCggWvgebwALz8hiQ48Pz2u0%3D&t=4d5b0474&ps=13740610&shp=30310797&shcp=ff37627b&idc=useast8"
"@Jordy Q: el mundial no trae ningún beneficio al país anfitrión, solo hay que investigar el desastre que ocurrió en cada país anfitrión del mundial","10","0","2026-05-27T15:56:54.000Z","gabrielasanchezju","https://www.tiktok.com/@ajplusespanol/video/7644374184180616456","6749195674170213382","7644601116369552149","https://p19-common-sign.tiktokcdn-us.com/tos-maliva-avt-0068/7331158958574403589~tplv-tiktokx-cropcenter:100:100.jpg?dr=9640&refresh_token=494680c2&x-expires=1780200000&x-signature=MUUh%2FYoVRWIsfbRvSaOepJTYOoM%3D&t=4d5b0474&ps=13740610&shp=30310797&shcp=ff37627b&idc=useast8"
"camila te seguimos buscando","27","0","2026-05-27T03:25:12.000Z","silkstone94","https://www.tiktok.com/@ajplusespanol/video/7644374184180616456","7125985566264509445","7644407423302861584","https://p19-common-sign.tiktokcdn-us.com/tos-alisg-avt-0068/bc2b6c9680ebb665ba98c37a64ccf444~tplv-tiktokx-cropcenter:100:100.jpg?dr=9640&refresh_token=a8a4823b&x-expires=1780200000&x-signature=H7fZUhpEpQycManhb5k%2BM5jWqHo%3D&t=4d5b0474&ps=13740610&shp=30310797&shcp=ff37627b&idc=useast8"
"No sé vale que le pongas más atención ahora que no está que cuando lo tenías a tu lado","8","18","2026-05-27T04:22:49.000Z","ceroimpunidad0","https://www.tiktok.com/@ajplusespanol/video/7644374184180616456","7499584387978232837","7644422264327144193","https://p19-common-sign.tiktokcdn-us.com/tos-maliva-avt-0068/d80796a2a4ad7a489eba0d45ba0f6301~tplv-tiktokx-cropcenter:100:100.jpg?dr=9640&refresh_token=d10cbf59&x-expires=1780200000&x-signature=XgxzZa4lUxWcdtlQJMF%2FJAnae2I%3D&t=4d5b0474&ps=13740610&shp=30310797&shcp=ff37627b&idc=useast8"
"NO QUEREMOS UN MUNDIAL!! QUEREMOS VISIBILIDAD Y SOLUCIONES A COSAS QUE REALMENTE IMPORTAN","9","0","2026-05-29T17:07:58.000Z","michhsg_","https://www.tiktok.com/@ajplusespanol/video/7644374184180616456","7147916012716377094","7645361610916446992","https://p19-common-sign.tiktokcdn-us.com/tos-alisg-avt-0068/b18641f401f3e091543cf503efef8bc3~tplv-tiktokx-cropcenter:100:100.jpg?dr=9640&refresh_token=8e2b1736&x-expires=1780200000&x-signature=2h%2FPy5KVnxwXd8sBfp%2FYhk8sVfs%3D&t=4d5b0474&ps=13740610&shp=30310797&shcp=ff37627b&idc=useast8"
"#noalmundial 😡😡😡😡","31","0","2026-05-27T04:59:04.000Z","jorjeouz","https://www.tiktok.com/@ajplusespanol/video/7644374184180616456","6842087586937340933","7644431606987965202","https://p16-common-sign.tiktokcdn-us.com/tos-maliva-avt-0068/0c602dc745b6a373cde8b3b142cd7eda~tplv-tiktokx-cropcenter:100:100.jpg?dr=9640&refresh_token=1413b71a&x-expires=1780200000&x-signature=baviafTArKCT8mwX6DZl1Ti3uLk%3D&t=4d5b0474&ps=13740610&shp=30310797&shcp=ff37627b&idc=useast5"
"q sean encontrados 🙏","32","0","2026-05-27T02:33:50.000Z","white.rabbit.tiendadenim","https://www.tiktok.com/@ajplusespanol/video/7644374184180616456","7341749225019491333","7644394172598584082","https://p16-common-sign.tiktokcdn-us.com/tos-maliva-avt-0068/25babd0da50c0c52d73f069380a1fdd8~tplv-tiktokx-cropcenter:100:100.jpg?dr=9640&refresh_token=091e64e0&x-expires=1780200000&x-signature=IjPx0KvHIpM6neuzwcEWxLlYxyg%3D&t=4d5b0474&ps=13740610&shp=30310797&shcp=ff37627b&idc=useast5"
"Que hermosa campaña, no se dejen, estamos con ustedes. 🥺😭","63","0","2026-05-27T05:18:36.000Z","eliijs","https://www.tiktok.com/@ajplusespanol/video/7644374184180616456","6596442017759313926","7644436640543408914","https://p19-common-sign.tiktokcdn-us.com/tos-alisg-avt-0068/9338ee45c27b2b9ac745dbbe7baa215e~tplv-tiktokx-cropcenter:100:100.jpg?dr=9640&refresh_token=ea17cf95&x-expires=1780200000&x-signature=PBYWqG06gcjUVuRS2dN0LdQ4S8A%3D&t=4d5b0474&ps=13740610&shp=30310797&shcp=ff37627b&idc=useast5"
"ojalá algún día logren encontrar a sus familiares 🥺
pero con todo respeto, empezó mal tu vídeo, pues todos tenemos derecho de vivir y divertirnos, y la vida sigue, no xq algunos la estemos pasando mal, el país se tiene q paralizar, Dios los ayude y su familiar regrese🙏🏼💜","5","8","2026-05-28T01:17:53.000Z","sikis467","https://www.tiktok.com/@ajplusespanol/video/7644374184180616456","6942621544603649030","7644745570251490065","https://p19-common-sign.tiktokcdn-us.com/tos-alisg-avt-0068/e669d4d94e8f82ee1c097562be2bc52d~tplv-tiktokx-cropcenter:100:100.jpg?dr=9640&refresh_token=cf6c980b&x-expires=1780200000&x-signature=v8uWM9caAt5AWcx6KPz%2B2%2BVW5iI%3D&t=4d5b0474&ps=13740610&shp=30310797&shcp=ff37627b&idc=useast5"
"[Sticker] Ellos no deben ser invisibles en el Mundia, ellos deben ser los mas presentes en el Mundial, que el mundo vea rosotros de gente que puede ser encontrada gracias a la difusion","15","0","2026-05-27T06:43:39.000Z","kylvo85","https://www.tiktok.com/@ajplusespanol/video/7644374184180616456","6599025712970465286","7644458570238853904","https://p19-common-sign.tiktokcdn-us.com/tos-alisg-avt-0068/7d8b8b0d622840f03f927442b0e7ddab~tplv-tiktokx-cropcenter:100:100.jpg?dr=9640&refresh_token=ce00e04f&x-expires=1780200000&x-signature=NTwEicgbdlflYOr1NgzUceP7Q%2Fo%3D&t=4d5b0474&ps=13740610&shp=30310797&shcp=ff37627b&idc=useast5"
"pero les apuesto que muchos vieron la final verán su mundial así quie hoy no joven gracias","6","7","2026-05-27T22:44:02.000Z","padampadam048","https://www.tiktok.com/@ajplusespanol/video/7644374184180616456","7289165601394099205","7644704385943929621","https://p19-common-sign.tiktokcdn-us.com/tos-alisg-avt-0068/aa17be1a2204a81f5d42558938fd1697~tplv-tiktokx-cropcenter:100:100.jpg?dr=9640&refresh_token=205cca5a&x-expires=1780200000&x-signature=%2BgQzbk%2FNhognFYfUlH5WG2KVk50%3D&t=4d5b0474&ps=13740610&shp=30310797&shcp=ff37627b&idc=useast5"
"Listo para la inaguración junto a mi familia 😎😎","8","7","2026-05-28T01:28:54.000Z","aadrian1908","https://www.tiktok.com/@ajplusespanol/video/7644374184180616456","6858091879209698309","7644748523607376647","https://p16-common-sign.tiktokcdn-us.com/tos-maliva-avt-0068/7327238199342792710~tplv-tiktokx-cropcenter:100:100.jpg?dr=9640&refresh_token=7e2d8180&x-expires=1780200000&x-signature=iTovnbwWGebax9%2Fk2EG60P5INHg%3D&t=4d5b0474&ps=13740610&shp=30310797&shcp=ff37627b&idc=useast5"
"una manifestación en todo el país el día del mundial","26","0","2026-05-27T06:37:10.000Z","nay.larra","https://www.tiktok.com/@ajplusespanol/video/7644374184180616456","6889700459289248773","7644456885122581268","https://p16-common-sign.tiktokcdn-us.com/tos-alisg-avt-0068/b9f0d493ac320d1e125f4a378a09bd73~tplv-tiktokx-cropcenter:100:100.jpg?dr=9640&refresh_token=e79962ea&x-expires=1780200000&x-signature=ZR%2B1m0gf%2FFUr6D%2FCicNJ4xx8Ckk%3D&t=4d5b0474&ps=13740610&shp=30310797&shcp=ff37627b&idc=useast5"
"yo si estoy en contra del mundial!, hay temas de seguridad y salud que son mas importantes...","26","0","2026-05-27T17:44:21.000Z","comandantecarbajal","https://www.tiktok.com/@ajplusespanol/video/7644374184180616456","7201729182362764293","7644628796679996181","https://p16-common-sign.tiktokcdn-us.com/tos-alisg-avt-0068/5ead7eba6a4c7f5442cd7380057a6e3a~tplv-tiktokx-cropcenter:100:100.jpg?dr=9640&refresh_token=c7424586&x-expires=1780200000&x-signature=T%2F1ueQtDPEx3TCQ0kVkFKigi4gA%3D&t=4d5b0474&ps=13740610&shp=30310797&shcp=ff37627b&idc=useast5"
"que dolor, que impotencia. es una burla el despilfarro.","67","0","2026-05-27T03:02:28.000Z","ale.leal7","https://www.tiktok.com/@ajplusespanol/video/7644374184180616456","6821643398743639045","7644401538782348049","https://p19-common-sign.tiktokcdn-us.com/tos-maliva-avt-0068/7330286764224151558~tplv-tiktokx-cropcenter:100:100.jpg?dr=9640&refresh_token=335c9cee&x-expires=1780200000&x-signature=GIeiQo4asd1qlSmANOV%2BY5juy24%3D&t=4d5b0474&ps=13740610&shp=30310797&shcp=ff37627b&idc=useast5"
"bien hecho yo soy aficionado al fútbol pero antes que eso soy papá de tres y no quisiera pensar que algo les pasara sigan adelante apoyo total 👌👍🙏","33","0","2026-05-27T22:34:10.000Z","jaimetrujillo736","https://www.tiktok.com/@ajplusespanol/video/7644374184180616456","6995654090484466693","7644703424265175828","https://p19-common-sign.tiktokcdn-us.com/tos-maliva-avt-0068/566142daecd23fa2ce95bb25826768d4~tplv-tiktokx-cropcenter:100:100.jpg?dr=9640&refresh_token=cf7d7836&x-expires=1780200000&x-signature=xXfqke%2FXsSn8gJ0K5szGYtflD%2B4%3D&t=4d5b0474&ps=13740610&shp=30310797&shcp=ff37627b&idc=useast5"
"Si hablamos de Mexico no confío ni en la policía","12","0","2026-03-07T13:10:07.000Z","gabri3ltn","https://www.tiktok.com/@latinus_us/video/7614352986915163412","7310060569410765830","7614500258278228744","https://p19-common-sign.tiktokcdn-us.com/tos-alisg-avt-0068/5082597ba41d95edc39e9120aa2f263b~tplv-tiktokx-cropcenter:100:100.jpg?dr=9640&refresh_token=1d9adb8f&x-expires=1780200000&x-signature=%2FjtgdKz8OH%2FrQaJ9FSD3nAa9OGA%3D&t=4d5b0474&ps=13740610&shp=30310797&shcp=ff37627b&idc=useast5"
"Entonces siempre han podido?🤨","11","0","2026-03-07T18:03:38.000Z","alfonsozz50","https://www.tiktok.com/@latinus_us/video/7614352986915163412","7138589400506762246","7614575875070477064","https://p16-common-sign.tiktokcdn-us.com/tos-maliva-avt-0068/7138590219708104709~tplv-tiktokx-cropcenter:100:100.jpg?dr=9640&refresh_token=a07aa1ec&x-expires=1780200000&x-signature=KhtCbOQmn4%2BLGkdbkcZUIs8bXr4%3D&t=4d5b0474&ps=13740610&shp=30310797&shcp=ff37627b&idc=useast5"
"Se dan cuenta que eso lo podrían hacer sin el mundial y no lo hacen 💀💀💀","30","0","2026-03-07T11:49:37.000Z","rewritei","https://www.tiktok.com/@latinus_us/video/7614352986915163412","6861112567529456646","7614479517335257877","https://p19-common-sign.tiktokcdn-us.com/tos-maliva-avt-0068/229d5b56dba7ea9cd563564253c4aae9~tplv-tiktokx-cropcenter:100:100.jpg?dr=9640&refresh_token=95560fc9&x-expires=1780200000&x-signature=PPil5sVYRHmUJKXpujepq3wBS8Y%3D&t=4d5b0474&ps=13740610&shp=30310797&shcp=ff37627b&idc=useast5"
"Y después del mundial que nos lleve la vrg","19","0","2026-03-07T05:29:52.000Z","erickbayram","https://www.tiktok.com/@latinus_us/video/7614352986915163412","6797480324814947333","7614381633568129800","https://p16-common-sign.tiktokcdn-us.com/tos-maliva-avt-0068/7330254134656532485~tplv-tiktokx-cropcenter:100:100.jpg?dr=9640&refresh_token=4bb9bee7&x-expires=1780200000&x-signature=Bxx37xpZuAG8Hm9KOPDySdb3JF4%3D&t=4d5b0474&ps=13740610&shp=30310797&shcp=ff37627b&idc=useast5"
"Qué cosas y por el pueblo mexicano no mueven un dedo😡😡😡","8","0","2026-03-07T14:40:20.000Z","alexandra02880","https://www.tiktok.com/@latinus_us/video/7614352986915163412","7084096172410913798","7614523504096772884","https://p19-common-sign.tiktokcdn-us.com/tos-alisg-avt-0068/08872ec695d61f5e44e1d985dac4443e~tplv-tiktokx-cropcenter:100:100.jpg?dr=9640&refresh_token=1d36e672&x-expires=1780200000&x-signature=Zve68ZUEO%2BH3L2X3vGKk%2BdcBEOc%3D&t=4d5b0474&ps=13740610&shp=30310797&shcp=ff37627b&idc=useast5"
"no protege ni a los ciudadanos,que va proteger a los turistas","63","4","2026-03-07T05:21:38.000Z","sbkrsjhm","https://www.tiktok.com/@latinus_us/video/7614352986915163412","6557928481044611077","7614379500269191956","https://p19-common-sign.tiktokcdn-us.com/tos-maliva-avt-0068/10f604bfad15ec1435df731c91a29571~tplv-tiktokx-cropcenter:100:100.jpg?dr=9640&refresh_token=0ff9f871&x-expires=1780200000&x-signature=B%2F2F14SsEdrUYcS8SKFQHZj0p%2Bs%3D&t=4d5b0474&ps=13740610&shp=30310797&shcp=ff37627b&idc=useast5"
"❌seguridad en el país
✅seguridad por un partido de fútbol","12","0","2026-03-07T21:00:09.000Z","apoloniolopez3","https://www.tiktok.com/@latinus_us/video/7614352986915163412","6576276460104843270","7614621346555921170","https://p19-common-sign.tiktokcdn-us.com/tos-alisg-avt-0068/47ca1bc08eaa671923dd31c52172496c~tplv-tiktokx-cropcenter:100:100.jpg?dr=9640&refresh_token=448dbce5&x-expires=1780200000&x-signature=iP%2Fo0b%2FMTrDzPnEld3NuWSCwL7I%3D&t=4d5b0474&ps=13740610&shp=30310797&shcp=ff37627b&idc=useast5"
"Ven que si tienen con que detener el narco pero no lo hacen","12","0","2026-03-07T17:39:01.000Z","antoniorivera3101","https://www.tiktok.com/@latinus_us/video/7614352986915163412","6785676036317201413","7614569554296193800","https://p19-common-sign.tiktokcdn-us.com/tos-maliva-avt-0068/7320869435810856966~tplv-tiktokx-cropcenter:100:100.jpg?dr=9640&refresh_token=0474913c&x-expires=1780200000&x-signature=cFvx9v1Eh1uBsDpbxHjXYlNsTkg%3D&t=4d5b0474&ps=13740610&shp=30310797&shcp=ff37627b&idc=useast5"
"Asi nos deberían de proteger a todos los mexicanos que vistamos a nuestro país","12","0","2026-03-08T03:48:47.000Z","jgm0046","https://www.tiktok.com/@latinus_us/video/7614352986915163412","7279995114410214443","7614726624596116238","https://p19-common-sign.tiktokcdn-us.com/tos-useast5-avt-0068-tx/2f963100d83b77de0609290d70dee751~tplv-tiktokx-cropcenter:100:100.jpg?dr=9640&refresh_token=07786e29&x-expires=1780200000&x-signature=y7YW94XFmN2MxihPFn9IESSMlAM%3D&t=4d5b0474&ps=13740610&shp=30310797&shcp=ff37627b&idc=useast5"
"Ósea solo PRETEGEN EXTRANJEROS pero a nosotros los MEXICANOS NOOOOO?","12","0","2026-03-08T02:40:26.000Z","luuz__m","https://www.tiktok.com/@latinus_us/video/7614352986915163412","6900999331525510150","7614709065721545490","https://p19-common-sign.tiktokcdn-us.com/tos-alisg-avt-0068/599962439a20eca5a087caddf4952ac9~tplv-tiktokx-cropcenter:100:100.jpg?dr=9640&refresh_token=3de1ea15&x-expires=1780200000&x-signature=9OGrhyxxeEW4NSOhTOlOHlZGTKg%3D&t=4d5b0474&ps=13740610&shp=30310797&shcp=ff37627b&idc=useast5"
"Y eso porque no lo hicieron con Carlos Manzo ?","15","0","2026-03-09T02:58:47.000Z","enriquegutierrezcamargo","https://www.tiktok.com/@latinus_us/video/7614352986915163412","6816525197873857541","7615084885753447175","https://p19-common-sign.tiktokcdn-us.com/tos-maliva-avt-0068/7334121361306189830~tplv-tiktokx-cropcenter:100:100.jpg?dr=9640&refresh_token=47052ee5&x-expires=1780200000&x-signature=SkCKIG2V0tgIE%2FI1o6tDSbUX%2BKc%3D&t=4d5b0474&ps=13740610&shp=30310797&shcp=ff37627b&idc=useast5"
"Seguridad durante? Y porque no siempre?","12","0","2026-03-07T10:35:25.000Z","ramirezz_alfonzzo","https://www.tiktok.com/@latinus_us/video/7614352986915163412","7292339808411583494","7614460384402014994","https://p16-common-sign.tiktokcdn-us.com/tos-maliva-avt-0068/72c4e6bd8714e82c0a5319fd0fe01f70~tplv-tiktokx-cropcenter:100:100.jpg?dr=9640&refresh_token=1ccf4356&x-expires=1780200000&x-signature=HgIwY7O7p1T9pKmTuu46DVuBTvw%3D&t=4d5b0474&ps=13740610&shp=30310797&shcp=ff37627b&idc=useast5"
"jajaja entonces gastarán más que lo que ingresara","12","0","2026-03-07T23:29:23.000Z","velazquez.velazqu361","https://www.tiktok.com/@latinus_us/video/7614352986915163412","7290759543054435333","7614659839725880065","https://p16-common-sign.tiktokcdn-us.com/tos-maliva-avt-0068/b5c2b9b158151c04c2ecfdf5a1c980b4~tplv-tiktokx-cropcenter:100:100.jpg?dr=9640&refresh_token=6d273b8c&x-expires=1780200000&x-signature=ALwLE%2B7J9RNUOJSn4nExLrfdEmY%3D&t=4d5b0474&ps=13740610&shp=30310797&shcp=ff37627b&idc=useast5"
"Necesitamos mundiales las 24 horas de por vida en mexico 🥴","9","0","2026-03-08T20:31:13.000Z","talibanammp0","https://www.tiktok.com/@latinus_us/video/7614352986915163412","7038767363663922182","7614984812001166111","https://p19-common-sign.tiktokcdn-us.com/tos-useast8-avt-0068-tx2/2beec3d1d19b0c5eae1ca28530ec199a~tplv-tiktokx-cropcenter:100:100.jpg?dr=9640&refresh_token=87a80aa1&x-expires=1780200000&x-signature=BuCHpN1W4YVDzVNf48eaqsQGIUk%3D&t=4d5b0474&ps=13740610&shp=30310797&shcp=ff37627b&idc=useast5"
"ojalá cancelen el mundial","7","0","2026-03-08T07:25:10.000Z","user85767209349841","https://www.tiktok.com/@latinus_us/video/7614352986915163412","7576739174398166024","7614782434282734344","https://p19-common-sign.tiktokcdn-us.com/musically-maliva-obj/1594805258216454~tplv-tiktokx-cropcenter:100:100.jpg?dr=9640&refresh_token=e340c4d0&x-expires=1780200000&x-signature=y0I6Dncomm86fyA9XjJdWa1HRzE%3D&t=4d5b0474&ps=13740610&shp=30310797&shcp=ff37627b&idc=useast5"
"No se que da más miedo que México puede 💀 o que México no quiere 💀","7","0","2026-03-08T03:50:46.000Z","tony310825","https://www.tiktok.com/@latinus_us/video/7614352986915163412","7189416143306802181","7614727172465296149","https://p16-common-sign.tiktokcdn-us.com/musically-maliva-obj/1594805258216454~tplv-tiktokx-cropcenter:100:100.jpg?dr=9640&refresh_token=f6d184af&x-expires=1780200000&x-signature=VW8UWPJqAaIplom5IP4ju2xgIsk%3D&t=4d5b0474&ps=13740610&shp=30310797&shcp=ff37627b&idc=useast5"
"¿y por qué no despliegan eso permanentemente?","7","0","2026-03-08T05:49:19.000Z","dorianvivian","https://www.tiktok.com/@latinus_us/video/7614352986915163412","7207311636834485253","7614757751042212626","https://p19-common-sign.tiktokcdn-us.com/tos-alisg-avt-0068/187a842633e458506438d80088e6acba~tplv-tiktokx-cropcenter:100:100.jpg?dr=9640&refresh_token=c64e9311&x-expires=1780200000&x-signature=XtOoeHSnaxutobYv7DjrXEp%2B2Fg%3D&t=4d5b0474&ps=13740610&shp=30310797&shcp=ff37627b&idc=useast5"
"No es verdaaaad no vayaaaaan","17","2","2026-03-08T01:27:03.000Z","frederick_robertsson","https://www.tiktok.com/@latinus_us/video/7614352986915163412","6997116767315444741","7614690045592617760","https://p16-common-sign.tiktokcdn-us.com/tos-maliva-avt-0068/4af96e7fcbb85fbb522a78fe9d1eac19~tplv-tiktokx-cropcenter:100:100.jpg?dr=9640&refresh_token=875ff024&x-expires=1780200000&x-signature=ZIrjKEMNmqYTVDdHAlBeZaGC4xU%3D&t=4d5b0474&ps=13740610&shp=30310797&shcp=ff37627b&idc=useast5"
"Que peligro ir a México este va a ser el peor mundial de todos","6","0","2026-03-08T02:53:21.000Z","inficalipa11","https://www.tiktok.com/@latinus_us/video/7614352986915163412","6924653771676206085","7614712394082403090","https://p16-common-sign.tiktokcdn-us.com/tos-maliva-avt-0068/ba088e58a02fef21d587967f445e031f~tplv-tiktokx-cropcenter:100:100.jpg?dr=9640&refresh_token=babe1098&x-expires=1780200000&x-signature=G9PRKMm7r3frh7sbKOYvpQUVYEk%3D&t=4d5b0474&ps=13740610&shp=30310797&shcp=ff37627b&idc=useast5"
"esto debe de ser todos los días, no solo por el evento 🙄","7","0","2026-03-08T19:29:58.000Z","emmali913","https://www.tiktok.com/@latinus_us/video/7614352986915163412","7505948538677937159","7614969197873988373","https://p19-common-sign.tiktokcdn-us.com/tos-alisg-avt-0068/43e67e5a0f7c7293569b6ec56b379251~tplv-tiktokx-cropcenter:100:100.jpg?dr=9640&refresh_token=6bfb7a00&x-expires=1780200000&x-signature=rwUB2fHfviufcaRz44Ys2worcl4%3D&t=4d5b0474&ps=13740610&shp=30310797&shcp=ff37627b&idc=useast5"
"solo por el mundial,, ya después vuelve lo normal , inseguridad, robo, y lo mismo de siempre 😂😂😂","12","0","2026-03-07T23:59:39.000Z","huero.antonio","https://www.tiktok.com/@latinus_us/video/7614352986915163412","7569813813080622087","7614667609191711509","https://p16-common-sign.tiktokcdn-us.com/tos-alisg-avt-0068/cde3c34ffb49a875b6c7cfb5295435e7~tplv-tiktokx-cropcenter:100:100.jpg?dr=9640&refresh_token=03e4cc29&x-expires=1780200000&x-signature=joPXdRvO807m59pxWp8PxaVuEaY%3D&t=4d5b0474&ps=13740610&shp=30310797&shcp=ff37627b&idc=useast5"
"[Sticker] ay que padre saber que si hay seguridad","7","0","2026-03-09T18:55:05.000Z","lupiitaaguilarmar","https://www.tiktok.com/@latinus_us/video/7614352986915163412","292287817450323968","7615331316801192705","https://p16-common-sign.tiktokcdn-us.com/tos-maliva-avt-0068/bc02337118f2a1fd84a54a3034639172~tplv-tiktokx-cropcenter:100:100.jpg?dr=9640&refresh_token=257ae76e&x-expires=1780200000&x-signature=YnxBfPejo5CXvM2bO4h%2FXLZFSsA%3D&t=4d5b0474&ps=13740610&shp=30310797&shcp=ff37627b&idc=useast5"
"Así hubieran protegido al Presidente Municipal de Uruapan El Señor Carlos Manzo","12","0","2026-03-07T23:57:02.000Z","miguelxperium_","https://www.tiktok.com/@latinus_us/video/7614352986915163412","7472529369006474295","7614666941140124424","https://p19-common-sign.tiktokcdn-us.com/tos-alisg-avt-0068/f175bcaa1fbc6aa5b6849e0852a7c985~tplv-tiktokx-cropcenter:100:100.jpg?dr=9640&refresh_token=b468fe91&x-expires=1780200000&x-signature=j0fu%2FYPz1HovBnpGqQpNUZXAPco%3D&t=4d5b0474&ps=13740610&shp=30310797&shcp=ff37627b&idc=useast5"
"Protegen a otros y no a su propia gente wow!","9","0","2026-03-07T22:15:03.000Z","westernlandscapellc","https://www.tiktok.com/@latinus_us/video/7614352986915163412","7033996937797239814","7614640629997470477","https://p16-common-sign.tiktokcdn-us.com/tos-useast5-avt-0068-tx/71c5c85ad017ab58cdf9925d7e81b4e8~tplv-tiktokx-cropcenter:100:100.jpg?dr=9640&refresh_token=e038005b&x-expires=1780200000&x-signature=%2FyOgIVmcXPQfgGGXLKJDLfcaYpw%3D&t=4d5b0474&ps=13740610&shp=30310797&shcp=ff37627b&idc=useast5"
"así pongan un millón de agentes de nada sirve si todos son corruptos","7","0","2026-03-08T08:15:00.000Z","ruben.aldaco6","https://www.tiktok.com/@latinus_us/video/7614352986915163412","7386846001757815851","7614795038854152973","https://p16-common-sign.tiktokcdn-us.com/tos-useast5-avt-0068-tx/7386875969207959595~tplv-tiktokx-cropcenter:100:100.jpg?dr=9640&refresh_token=6435a2ed&x-expires=1780200000&x-signature=eleJEQrLmXxs0%2BUy98gxSobGjCk%3D&t=4d5b0474&ps=13740610&shp=30310797&shcp=ff37627b&idc=useast5"
"si no ubiera mundial no hacen eso","110","3","2026-03-07T06:39:43.000Z","aldairrodriguez49","https://www.tiktok.com/@latinus_us/video/7614352986915163412","6784112252380562437","7614399649696219924","https://p16-common-sign.tiktokcdn-us.com/tos-maliva-avt-0068/bed5b08f6da951bcccb192f4b6666984~tplv-tiktokx-cropcenter:100:100.jpg?dr=9640&refresh_token=ac35ba46&x-expires=1780200000&x-signature=j00n3%2ByjM1FsA%2FnJfIugvhTht00%3D&t=4d5b0474&ps=13740610&shp=30310797&shcp=ff37627b&idc=useast5"
"Ósea que mexico mágico si puede tener seguridad, pero no quiere su gobierno?","15","0","2026-03-07T15:47:02.000Z","user0000o00000001","https://www.tiktok.com/@latinus_us/video/7614352986915163412","6778784079233532933","7614540713522955016","https://p19-common-sign.tiktokcdn-us.com/tos-maliva-avt-0068/029c75b63f53ee0c0415d235c6c693e0~tplv-tiktokx-cropcenter:100:100.jpg?dr=9640&refresh_token=5bcb9650&x-expires=1780200000&x-signature=9BBphxxLb%2FZ5GOvm10jpjm7IBZk%3D&t=4d5b0474&ps=13740610&shp=30310797&shcp=ff37627b&idc=useast5"
"Solo por el mundial jajajaa y el resto del año nada 💔","10","0","2026-03-07T20:23:36.000Z","huntersmusicmx","https://www.tiktok.com/@latinus_us/video/7614352986915163412","7049571747687252997","7614611966724670215","https://p16-common-sign.tiktokcdn-us.com/tos-alisg-avt-0068/5f8227f105ef721b7e22d3e9191536c4~tplv-tiktokx-cropcenter:100:100.jpg?dr=9640&refresh_token=d2eb2c53&x-expires=1780200000&x-signature=v39sWGau2E9NtJWN100u6HO6OwQ%3D&t=4d5b0474&ps=13740610&shp=30310797&shcp=ff37627b&idc=useast5"
"[Sticker] Donde se puede donar para que impriman más?","45","0","2026-05-28T14:42:24.000Z","dayanaruiz343","https://www.tiktok.com/@ajplusespanol/video/7644374184180616456","6814225019532755973","7644953017468748565","https://p19-common-sign.tiktokcdn-us.com/tos-alisg-avt-0068/6c1ec3bb7b7761e93f389060c2354d49~tplv-tiktokx-cropcenter:100:100.jpg?dr=9640&refresh_token=2aaf14c5&x-expires=1780200000&x-signature=MmNUHihNb5neqNOXLW2kVHlEnk8%3D&t=4d5b0474&ps=13740610&shp=30310797&shcp=ff37627b&idc=useast5"
"pero la presidenta prefiere decir que no veamos TV Azteca","53","0","2026-05-27T18:03:10.000Z","meltellez98","https://www.tiktok.com/@ajplusespanol/video/7644374184180616456","7127029164063261742","7644633629888414478","https://p16-common-sign.tiktokcdn-us.com/tos-useast5-avt-0068-tx/aedbaec5267c595c3de223d4c993822b~tplv-tiktokx-cropcenter:100:100.jpg?dr=9640&refresh_token=cfb58a9e&x-expires=1780200000&x-signature=3LyHbJxQvnv7attpbjpTcggnWuw%3D&t=4d5b0474&ps=13740610&shp=30310797&shcp=ff37627b&idc=useast5"
"q va mexico, es una sentencia ir.","15","2","2026-03-08T02:27:02.000Z","gabygamer2287","https://www.tiktok.com/@latinus_us/video/7614352986915163412","6899545674782753793","7614705612657197832","https://p16-common-sign.tiktokcdn-eu.com/tos-maliva-avt-0068/a0f8248e996caae287f700b26604651d~tplv-tiktokx-cropcenter:100:100.jpg?dr=10399&refresh_token=aa4be47e&x-expires=1780200000&x-signature=qnkeocFdq9Hp97b%2FbKfq7GnTtrA%3D&t=4d5b0474&ps=13740610&shp=30310797&shcp=ff37627b&idc=no1a"
"con el estado Sinaloa ya se demostró que México es un país fallido","24","3","2026-03-07T04:09:47.000Z","bartoladiaz631","https://www.tiktok.com/@latinus_us/video/7614352986915163412","7524811967816221703","7614361007858909970","https://p16-common-sign.tiktokcdn-eu.com/tos-alisg-avt-0068/98461f5dfd82c5b223a79053643baa06~tplv-tiktokx-cropcenter:100:100.jpg?dr=10399&refresh_token=1b0823a7&x-expires=1780200000&x-signature=1DBK3vYOEKpXkI7Pq58kE0DwPA8%3D&t=4d5b0474&ps=13740610&shp=30310797&shcp=ff37627b&idc=no1a"
"aun asi mexico no es seguro. mundial cancelado.","21","1","2026-03-07T16:15:12.000Z","user114088239328","https://www.tiktok.com/@latinus_us/video/7614352986915163412","6914016573040821253","7614547883351671583","https://p16-common-sign.tiktokcdn-eu.com/tos-maliva-avt-0068/7327498596755079173~tplv-tiktokx-cropcenter:100:100.jpg?dr=10399&refresh_token=d62fee9d&x-expires=1780200000&x-signature=H3zchMDMXscfIMX0kELhCq%2BSWlw%3D&t=4d5b0474&ps=13740610&shp=30310797&shcp=ff37627b&idc=no1a"
"Si buscan la ruleta rusa con su seguridad, México es la opción","11","1","2026-03-08T01:46:22.000Z","edwinluissamanieg","https://www.tiktok.com/@latinus_us/video/7614352986915163412","7225300426097771525","7614695103035474706","https://p16-common-sign.tiktokcdn-eu.com/tos-maliva-avt-0068/7225300530189828101~tplv-tiktokx-cropcenter:100:100.jpg?dr=10399&refresh_token=3756783f&x-expires=1780200000&x-signature=z2zEhfH3khzPecMjhbliTOXv41E%3D&t=4d5b0474&ps=13740610&shp=30310797&shcp=ff37627b&idc=no1a"
"¿Me estás diciendo que se tiene que hacer todo eso para que se pueda jugar en paz un mundial allí?","13","2","2026-03-07T11:35:11.000Z","fspf17","https://www.tiktok.com/@latinus_us/video/7614352986915163412","6982724192907117573","7614475716898571025","https://p16-common-sign.tiktokcdn-eu.com/tos-alisg-avt-0068/650f21af5acd3fd4b6200f3cbb71e8da~tplv-tiktokx-cropcenter:100:100.jpg?dr=10399&refresh_token=28b62d8e&x-expires=1780200000&x-signature=QjlcOrkIoYVPQ4NAv5uHMK7yuzI%3D&t=4d5b0474&ps=13740610&shp=30310797&shcp=ff37627b&idc=no1a"
"a México le iban a quitar ser sede ?
y a EEUU porque no si se metió en un lío con irán y a él no?","14","6","2026-03-07T16:07:00.000Z","mexa_croozx","https://www.tiktok.com/@latinus_us/video/7614352986915163412","7320448392563213318","7614545855961940754","https://p19-common-sign.tiktokcdn-eu.com/tos-maliva-avt-0068/cd4421ff379964739858468bb15b4eb5~tplv-tiktokx-cropcenter:100:100.jpg?dr=10399&refresh_token=a604188f&x-expires=1780200000&x-signature=Q3%2B%2BQjln5pF7%2FKOTp8zYuWFBdvk%3D&t=4d5b0474&ps=13740610&shp=30310797&shcp=ff37627b&idc=no1a"
"al chile México no merece nada","7","0","2026-03-07T08:24:55.000Z","sepauwu6","https://www.tiktok.com/@latinus_us/video/7614352986915163412","7148342036532773894","7614426731303125768","https://p16-common-sign.tiktokcdn-eu.com/tos-alisg-avt-0068/2593fb968774fa2148009c2394610adb~tplv-tiktokx-cropcenter:100:100.jpg?dr=10399&refresh_token=22dedae9&x-expires=1780200000&x-signature=DnAR8kUQY%2Bju8nUYfMwZiHqjWYk%3D&t=4d5b0474&ps=13740610&shp=30310797&shcp=ff37627b&idc=no1a"
"estan queriendo desir que si se puede garantisar seguridad pero solo cuando le conviene al gobierno ?","18","1","2026-03-08T15:55:56.000Z","brodyaventuras","https://www.tiktok.com/@latinus_us/video/7614352986915163412","6891877101626393605","7614913976472503054","https://p16-common-sign.tiktokcdn-eu.com/tos-maliva-avt-0068/5fb136c9dbf85177cf54bae2905f5bd4~tplv-tiktokx-cropcenter:100:100.jpg?dr=10399&refresh_token=863a5b4a&x-expires=1780200000&x-signature=Ozygc%2Bocg0kEp771ph6fjIwvkFE%3D&t=4d5b0474&ps=13740610&shp=30310797&shcp=ff37627b&idc=no1a"
"15 días después que nos lleve la porra a todos 🤦🏻‍♀️México igual de inseguro","95","4","2026-03-07T03:46:17.000Z","anny.lpez85","https://www.tiktok.com/@latinus_us/video/7614352986915163412","7511205098699277330","7614354949669536530","https://p16-common-sign.tiktokcdn-eu.com/tos-alisg-avt-0068/7f77b5559e490f59d4fce56e9ec060b5~tplv-tiktokx-cropcenter:100:100.jpg?dr=10399&refresh_token=c57735d0&x-expires=1780200000&x-signature=NJ8WVVplO6IemZKUbmOZ7EBsvxM%3D&t=4d5b0474&ps=13740610&shp=30310797&shcp=ff37627b&idc=no1a"
"no al mundial","11","0","2026-05-27T13:44:50.000Z","user8713710654801","https://www.tiktok.com/@ajplusespanol/video/7644374184180616456","7579726620396471307","7644567091701875477","https://p16-common-sign.tiktokcdn-us.com/musically-maliva-obj/1594805258216454~tplv-tiktokx-cropcenter:100:100.jpg?dr=9640&refresh_token=f6d184af&x-expires=1780200000&x-signature=VW8UWPJqAaIplom5IP4ju2xgIsk%3D&t=4d5b0474&ps=13740610&shp=30310797&shcp=ff37627b&idc=useast8"
"[Sticker] pablo Lemus con mucho coraje para ti","17","0","2026-05-27T15:02:09.000Z","margo.alaska","https://www.tiktok.com/@ajplusespanol/video/7644374184180616456","173386659399495680","7644587041778713352","https://p16-common-sign.tiktokcdn-us.com/tos-alisg-avt-0068/e40d100caff73f143d1660ed9a134adc~tplv-tiktokx-cropcenter:100:100.jpg?dr=9640&refresh_token=e9cdb9f6&x-expires=1780200000&x-signature=XId56DHJ%2FXp9z0bzGHTtWbRsmXY%3D&t=4d5b0474&ps=13740610&shp=30310797&shcp=ff37627b&idc=useast8"
"interacturando 🙏","19","0","2026-05-27T14:21:27.000Z","sisucosmetics","https://www.tiktok.com/@ajplusespanol/video/7644374184180616456","6763412238352761862","7644576527979627284","https://p19-common-sign.tiktokcdn-us.com/tos-maliva-avt-0068/6d88b219e893e64225b5f4bd5acb461d~tplv-tiktokx-cropcenter:100:100.jpg?dr=9640&refresh_token=6cf067cf&x-expires=1780200000&x-signature=1N0oPiyLJrq2kaSsCwqkOfA%2BoVw%3D&t=4d5b0474&ps=13740610&shp=30310797&shcp=ff37627b&idc=useast8"
"Espero puedan encontrar cada una de las familias a sus desaparecidos ,y el apoyo total ...","10","0","2026-05-27T06:38:13.000Z","viridianamenengue4","https://www.tiktok.com/@ajplusespanol/video/7644374184180616456","7234796568732779525","7644457104846488341","https://p19-common-sign.tiktokcdn-us.com/tos-maliva-avt-0068/26c24e68d3668df1dac3c95332b3b43f~tplv-tiktokx-cropcenter:100:100.jpg?dr=9640&refresh_token=34554508&x-expires=1780200000&x-signature=Lb1BPVRiTiq8lrd%2F%2FASw3IrdkBs%3D&t=4d5b0474&ps=13740610&shp=30310797&shcp=ff37627b&idc=useast8"
"Interactuando por empatía espero logren algún día encontrar paz 🫂","17","0","2026-05-27T18:55:15.000Z","northmin92","https://www.tiktok.com/@ajplusespanol/video/7644374184180616456","6834219649187644422","7644647081211560722","https://p19-common-sign.tiktokcdn-us.com/tos-maliva-avt-0068/0f7db379fcf75b01498b82a1281d21a9~tplv-tiktokx-cropcenter:100:100.jpg?dr=9640&refresh_token=9ab1208e&x-expires=1780200000&x-signature=ZM72iwUCZbU5aUufrRPlynuW5Co%3D&t=4d5b0474&ps=13740610&shp=30310797&shcp=ff37627b&idc=useast8"
"Justicia y apoyo para todas las familias que tienen un familiar desaparecido...😭","15","0","2026-05-27T17:33:13.000Z","magadi_tikito","https://www.tiktok.com/@ajplusespanol/video/7644374184180616456","6944513458181768197","7644625957140300545","https://p16-common-sign.tiktokcdn-us.com/tos-maliva-avt-0068/7322992235196121094~tplv-tiktokx-cropcenter:100:100.jpg?dr=9640&refresh_token=1c89a37d&x-expires=1780200000&x-signature=wIu6bjhMDkbAvSKQoi8h34o9pCs%3D&t=4d5b0474&ps=13740610&shp=30310797&shcp=ff37627b&idc=useast8"
"Ejemplo de fortaleza todas esas familias 🥹","19","0","2026-05-27T05:52:56.000Z","danmed_30","https://www.tiktok.com/@ajplusespanol/video/7644374184180616456","7156013746140349446","7644445471548736277","https://p16-common-sign.tiktokcdn-us.com/tos-alisg-avt-0068/1812954cfe6340e45328418f15f9a97b~tplv-tiktokx-cropcenter:100:100.jpg?dr=9640&refresh_token=6c90385c&x-expires=1780200000&x-signature=hgkGll9HUK0cvBOgeY%2FPsRi5Sfg%3D&t=4d5b0474&ps=13740610&shp=30310797&shcp=ff37627b&idc=useast8"
"‼️‼️‼️""SOMOS LA VOZ DE NUESTROS DESAPARECIDOS"" ‼️‼️‼️","22","0","2026-05-28T00:08:42.000Z","tatis313","https://www.tiktok.com/@ajplusespanol/video/7644374184180616456","7046618351816737797","7644727793134535432","https://p16-common-sign.tiktokcdn-us.com/tos-alisg-avt-0068/03e79b36a7ef895bf368263fcf76456b~tplv-tiktokx-cropcenter:100:100.jpg?dr=9640&refresh_token=8d44b7fd&x-expires=1780200000&x-signature=EV0cB0F4cdd4RwNz5bwnaMHmSEw%3D&t=4d5b0474&ps=13740610&shp=30310797&shcp=ff37627b&idc=useast8"
"Prefiero sentirme segura en mi país que un mundial o cualquier otra cosa 100%!!!","14","0","2026-05-28T17:18:21.000Z","sofiiawallace","https://www.tiktok.com/@ajplusespanol/video/7644374184180616456","6715104238840775686","7644993039476507406","https://p16-common-sign.tiktokcdn-us.com/tos-useast5-avt-0068-tx/c5a58d77d7e0de03e2ae07e437fafaaa~tplv-tiktokx-cropcenter:100:100.jpg?dr=9640&refresh_token=e65d88ff&x-expires=1780200000&x-signature=PFD6DlgINwU1bOpEuz03QAPE1nA%3D&t=4d5b0474&ps=13740610&shp=30310797&shcp=ff37627b&idc=useast8"
"[Sticker] espero que algún día tenga respuesta de donde esta sus ijos","14","0","2026-05-27T04:34:11.000Z","angelpeka","https://www.tiktok.com/@ajplusespanol/video/7644374184180616456","7198741787828093957","7644425204755940116","https://p16-common-sign.tiktokcdn-us.com/tos-alisg-avt-0068/a25173da77eb069695476674ed2a688c~tplv-tiktokx-cropcenter:100:100.jpg?dr=9640&refresh_token=e94d637c&x-expires=1780200000&x-signature=yLJD2lw7fwyHDy%2FKL8ktpxaS1nI%3D&t=4d5b0474&ps=13740610&shp=30310797&shcp=ff37627b&idc=useast8"
"Justo acabo de escuchar un episodio de Pepe y Chema donde dicen que las fiscalías no tienen dinero para hojas para imprimir o tinta para los archivos que necesitan, o al menos esa es la excusa que dan.","20","1","2026-05-27T07:15:24.000Z","kiimaguilar1","https://www.tiktok.com/@ajplusespanol/video/7644374184180616456","6981258827207869445","7644466376086782733","https://p16-common-sign.tiktokcdn-us.com/tos-useast5-avt-0068-tx/1cad8ce965ea7f938022f0a52bcd7a95~tplv-tiktokx-cropcenter:100:100.jpg?dr=9640&refresh_token=5f467002&x-expires=1780200000&x-signature=pzCf7sunkubIhpqAHBsLT1xu8RA%3D&t=4d5b0474&ps=13740610&shp=30310797&shcp=ff37627b&idc=useast8"
"Me gusta mucho el fútbol, pero ha llegado el momento de que miles de voces sean escuchadas, de que todos nos unamos.","15","0","2026-05-27T07:01:20.000Z","nathorttao","https://www.tiktok.com/@ajplusespanol/video/7644374184180616456","6963344732974728197","7644463130005160712","https://p16-common-sign.tiktokcdn-us.com/tos-maliva-avt-0068/8ee9d441969fb93e554f77d57caa2e4b~tplv-tiktokx-cropcenter:100:100.jpg?dr=9640&refresh_token=26734328&x-expires=1780200000&x-signature=LFyf33pOyN1wfvcJ16sf0Ca8UWg%3D&t=4d5b0474&ps=13740610&shp=30310797&shcp=ff37627b&idc=useast8"
"Que lamentable! Apoyos a las familias afectadas! 🙏🙏","18","0","2026-05-27T06:10:59.000Z","meztlibglez","https://www.tiktok.com/@ajplusespanol/video/7644374184180616456","6807249631867061253","7644449942367847199","https://p16-common-sign.tiktokcdn-us.com/tos-useast5-avt-0068-tx/ed611c834c02355f8d43411768b9b914~tplv-tiktokx-cropcenter:100:100.jpg?dr=9640&refresh_token=d845ad88&x-expires=1780200000&x-signature=OOmdlojXNNiEtopVlgJu7e1YPeE%3D&t=4d5b0474&ps=13740610&shp=30310797&shcp=ff37627b&idc=useast8"
"💀No queremos mundial 😤","10","0","2026-05-27T21:18:39.000Z","isaac.hj3","https://www.tiktok.com/@ajplusespanol/video/7644374184180616456","7607579284140491794","7644684034848670482","https://p16-common-sign.tiktokcdn-us.com/tos-alisg-avt-0068/dff9cb626a3bf56182f01e6dfec1cf19~tplv-tiktokx-cropcenter:100:100.jpg?dr=9640&refresh_token=ccc37e6a&x-expires=1780200000&x-signature=wams1nowNtz5I1zlOkirA%2FOplho%3D&t=4d5b0474&ps=13740610&shp=30310797&shcp=ff37627b&idc=useast8"
"¿Con quién nos comunicamos para apoyar con la impresión y el pegado de fichas?","12","0","2026-05-27T03:44:51.000Z","yesymar25","https://www.tiktok.com/@ajplusespanol/video/7644374184180616456","6921875073318487046","7644412480734757653","https://p16-common-sign.tiktokcdn-us.com/tos-maliva-avt-0068/a02a6fdcb19de418264ed1d740d3417f~tplv-tiktokx-cropcenter:100:100.jpg?dr=9640&refresh_token=45383c2e&x-expires=1780200000&x-signature=QyOzuGMRS10gjXjWndT029Mf%2B3Q%3D&t=4d5b0474&ps=13740610&shp=30310797&shcp=ff37627b&idc=useast8"
"Por los gobiernos no les interesa alas personas","14","0","2026-05-27T15:30:28.000Z","jos.limon2","https://www.tiktok.com/@ajplusespanol/video/7644374184180616456","7467007546382943278","7644594203591623437","https://p19-common-sign.tiktokcdn-us.com/tos-useast5-avt-0068-tx/97fe501d1cb09618edc15fad0e48783c~tplv-tiktokx-cropcenter:100:100.jpg?dr=9640&refresh_token=6a535c13&x-expires=1780200000&x-signature=VDRIUGq4b%2B5ImqmrqsvVboZjMac%3D&t=4d5b0474&ps=13740610&shp=30310797&shcp=ff37627b&idc=useast8"
"Que todos esos desaparecidos sean encontrados! 💜","12","1","2026-05-28T04:19:37.000Z","eliz_abetha1980","https://www.tiktok.com/@ajplusespanol/video/7644374184180616456","6862153258816046085","7644792517736661781","https://p16-common-sign.tiktokcdn-us.com/tos-maliva-avt-0068/e8010564ce585301bc685834955e2d92~tplv-tiktokx-cropcenter:100:100.jpg?dr=9640&refresh_token=9d411d15&x-expires=1780200000&x-signature=lwSCL9gO3te66WUSn6E3iiOoC%2FM%3D&t=4d5b0474&ps=13740610&shp=30310797&shcp=ff37627b&idc=useast8"
"pues chad no?","19","0","2026-05-27T01:24:37.000Z","lobotomiaaaaaaaaaa","https://www.tiktok.com/@ajplusespanol/video/7644374184180616456","7528675671128966151","7644376332537479957","https://p19-common-sign.tiktokcdn-us.com/tos-alisg-avt-0068/75a8e2ef2d3941dac1c2b84ef1b08c04~tplv-tiktokx-cropcenter:100:100.jpg?dr=9640&refresh_token=c8376c05&x-expires=1780200000&x-signature=Sr49ywopI%2B8pzboREaagdbVZ8IM%3D&t=4d5b0474&ps=13740610&shp=30310797&shcp=ff37627b&idc=useast8"
"el futbol es de lo mejor desde siempre, la FIFA la peor basura al menos estos tiempos","35","1","2026-05-27T03:18:27.000Z","decimonnico0","https://www.tiktok.com/@ajplusespanol/video/7644374184180616456","7393085882922255366","7644405646963999509","https://p16-common-sign.tiktokcdn-us.com/musically-maliva-obj/1594805258216454~tplv-tiktokx-cropcenter:100:100.jpg?dr=9640&refresh_token=f6d184af&x-expires=1780200000&x-signature=VW8UWPJqAaIplom5IP4ju2xgIsk%3D&t=4d5b0474&ps=13740610&shp=30310797&shcp=ff37627b&idc=useast8"
"lo bueno es que México está en paz, si no para que meter tanta seguridad","15","0","2026-03-07T04:32:02.000Z","mikegupm","https://www.tiktok.com/@latinus_us/video/7614352986915163412","6903317308548498433","7614366705725670162","https://p16-common-sign.tiktokcdn-eu.com/tos-maliva-avt-0068/95595800af18992a43430331d35a5dd1~tplv-tiktokx-cropcenter:100:100.jpg?dr=10399&refresh_token=a47dfd1f&x-expires=1780200000&x-signature=YpVmIjlpFWvxvW2op3loHwwz9Hk%3D&t=4d5b0474&ps=13740610&shp=30310797&shcp=ff37627b&idc=no1a"
"Deberían cancelar el mundial en México, por seguridad no deberían hacerlo acá","14","0","2026-03-07T17:19:02.000Z","ivanmunoz727","https://www.tiktok.com/@latinus_us/video/7614352986915163412","6627258980241424390","7614564396405130004","https://p19-common-sign.tiktokcdn-eu.com/tos-alisg-avt-0068/7742bdcada8ba7c76ce66277da5bc29d~tplv-tiktokx-cropcenter:100:100.jpg?dr=10399&refresh_token=dde6831c&x-expires=1780200000&x-signature=g5PY4qj974YgiHKy6BCGlGWfqNk%3D&t=4d5b0474&ps=13740610&shp=30310797&shcp=ff37627b&idc=no1a"
"ojo dijo que protege a extranjeros los que vivimos en el país pues no la pelamos que nos cuidemos nosotros solos dicen","13","0","2026-03-07T15:09:22.000Z","ihoripoolofficial","https://www.tiktok.com/@latinus_us/video/7614352986915163412","7036225875071288326","7614530989000262420","https://p16-common-sign.tiktokcdn-eu.com/tos-maliva-avt-0068/ff59a665219fcf8dedd896eba30d6a3a~tplv-tiktokx-cropcenter:100:100.jpg?dr=10399&refresh_token=cf78bd78&x-expires=1780200000&x-signature=e%2B%2BkOnDPySRdQApLtYa%2BMD1u8kc%3D&t=4d5b0474&ps=13740610&shp=30310797&shcp=ff37627b&idc=no1a"
"osea que nos mienten si pueden defender extranjeros pero no nos pueden defender a los mexicanos","14","0","2026-03-07T14:03:47.000Z","gabrielamurillo88","https://www.tiktok.com/@latinus_us/video/7614352986915163412","6829168338486248454","7614514093635011329","https://p16-common-sign.tiktokcdn-eu.com/tos-alisg-avt-0068/96a7748496005c2e3e766e655f418944~tplv-tiktokx-cropcenter:100:100.jpg?dr=10399&refresh_token=95c742c7&x-expires=1780200000&x-signature=C5BAvcEnVs3gSFG9LQOEnoaS0HM%3D&t=4d5b0474&ps=13740610&shp=30310797&shcp=ff37627b&idc=no1a"
"que se cancele el mundial en mexico detodosmodos nunca ganamos","14","0","2026-03-07T13:13:46.000Z","d1vct34","https://www.tiktok.com/@latinus_us/video/7614352986915163412","7491866364391916562","7614501156988289793","https://p16-common-sign.tiktokcdn-eu.com/tos-alisg-avt-0068/b346b97e1750286f147dd5b4f2cd266d~tplv-tiktokx-cropcenter:100:100.jpg?dr=10399&refresh_token=8ca1314a&x-expires=1780200000&x-signature=FQZS54lKpByEo7zqMRs3tMHG88Y%3D&t=4d5b0474&ps=13740610&shp=30310797&shcp=ff37627b&idc=no1a"
"¿Por qué no hacen eso siempre?
Yo desde los 15 años salgo de mi casa con más miedo de la policía que de los delincuentes.","13","0","2026-03-08T15:44:33.000Z","axel.langle","https://www.tiktok.com/@latinus_us/video/7614352986915163412","7437204210977244216","7614911132697068309","https://p16-common-sign.tiktokcdn-eu.com/tos-maliva-avt-0068/e4b41fa3059855206abb782bf1e0d186~tplv-tiktokx-cropcenter:100:100.jpg?dr=10399&refresh_token=3aaec825&x-expires=1780200000&x-signature=yKdZrDgmw5Ez20JyHx8u8Ufz8%2Bk%3D&t=4d5b0474&ps=13740610&shp=30310797&shcp=ff37627b&idc=no1a"
"proteger a México *DURANTE* el mundial? chale bro, está claro que no merecemos ser una sede del mundial","13","0","2026-03-07T16:11:00.000Z","diegochabolla1","https://www.tiktok.com/@latinus_us/video/7614352986915163412","6570795031546871814","7614546896413344530","https://p16-common-sign.tiktokcdn-eu.com/tos-alisg-avt-0068/334238bb711ee8096f9f9060c81b5bc6~tplv-tiktokx-cropcenter:100:100.jpg?dr=10399&refresh_token=5a994d03&x-expires=1780200000&x-signature=%2FJMzpa72eZ92t8BeiSpB%2BeiYJLc%3D&t=4d5b0474&ps=13740610&shp=30310797&shcp=ff37627b&idc=no1a"
"Ojalá cancelen el mundial","13","0","2026-03-07T15:10:10.000Z","miadleon01","https://www.tiktok.com/@latinus_us/video/7614352986915163412","6808620519177978886","7614531200560546567","https://p16-common-sign.tiktokcdn-eu.com/tos-alisg-avt-0068/18aae661f1b776766b5f8cbb035efba9~tplv-tiktokx-cropcenter:100:100.jpg?dr=10399&refresh_token=48045e23&x-expires=1780200000&x-signature=oKsqZs7gwG81dGoypQazZnWRjP4%3D&t=4d5b0474&ps=13740610&shp=30310797&shcp=ff37627b&idc=no1a"
"No mms 🤣 es un chiste el gobierno mexicano! 🙄","14","0","2026-03-07T14:02:03.000Z","aleexmaximoff","https://www.tiktok.com/@latinus_us/video/7614352986915163412","6920806453071774726","7614513646056407816","https://p16-common-sign.tiktokcdn-eu.com/tos-alisg-avt-0068/f223c716e672f29122b10ebb88eab7dd~tplv-tiktokx-cropcenter:100:100.jpg?dr=10399&refresh_token=02dd9888&x-expires=1780200000&x-signature=Qeh21tvq3hGDulQ4YMcdwITCIKY%3D&t=4d5b0474&ps=13740610&shp=30310797&shcp=ff37627b&idc=no1a"
"Mexicanos hay que tumbar el mundial✅","12","0","2026-03-08T15:13:19.000Z","eduardotapia132","https://www.tiktok.com/@latinus_us/video/7614352986915163412","288945831120965632","7614902948837491486","https://p16-common-sign.tiktokcdn-eu.com/tos-maliva-avt-0068/6d11ba326baf89c11535298402e0696b~tplv-tiktokx-cropcenter:100:100.jpg?dr=10399&refresh_token=2ab580f8&x-expires=1780200000&x-signature=lU7u5LUKvFmRpvORagl9sxFM92A%3D&t=4d5b0474&ps=13740610&shp=30310797&shcp=ff37627b&idc=no1a"
"Consejo de un mexicano… Si tienes la oportunidad de venir al mundial por favor desaprovecha lo no es nada seguro 😏","12","0","2026-03-08T02:24:09.000Z","quiri259","https://www.tiktok.com/@latinus_us/video/7614352986915163412","7084784150405874694","7614704858374112008","https://p16-common-sign.tiktokcdn-eu.com/tos-alisg-avt-0068/bbbbfa83f3fbc0308408a0da10887c66~tplv-tiktokx-cropcenter:100:100.jpg?dr=10399&refresh_token=32f29a3a&x-expires=1780200000&x-signature=7LEskkxqeNGZiRrPpoOOeOqqC1g%3D&t=4d5b0474&ps=13740610&shp=30310797&shcp=ff37627b&idc=no1a"
"En la cara del mexicano se burlan los del gobierno morena 🤦‍♀️","11","0","2026-03-08T04:22:23.000Z","moralit.1","https://www.tiktok.com/@latinus_us/video/7614352986915163412","6989443982712308742","7614735196575417118","https://p19-common-sign.tiktokcdn-us.com/tos-maliva-avt-0068/7332922322498551813~tplv-tiktokx-cropcenter:100:100.jpg?dr=9640&refresh_token=22809a6b&x-expires=1780200000&x-signature=V9TEn7rKCGgf3kWkb0xmEdCWY1Q%3D&t=4d5b0474&ps=13740610&shp=30310797&shcp=ff37627b&idc=useast5"
"El gobierno haciendo esto en mundial pero no lo hace a diario por que .?
por que el gobierno esta al mando del narco","11","0","2026-03-07T21:30:44.000Z","inquisidor710","https://www.tiktok.com/@latinus_us/video/7614352986915163412","6977529545588179973","7614628617372812052","https://p16-common-sign.tiktokcdn-us.com/tos-alisg-avt-0068/deb1d3d68c4d63f04c8a42d4c04bd440~tplv-tiktokx-cropcenter:100:100.jpg?dr=9640&refresh_token=ec2e2fb1&x-expires=1780200000&x-signature=lKMLLjMBHZNgQDFCvqi00UifLD4%3D&t=4d5b0474&ps=13740610&shp=30310797&shcp=ff37627b&idc=useast5"
"En serio que Cancelen el mundial aquí","12","0","2026-03-08T04:07:35.000Z","pedrocruzflores0","https://www.tiktok.com/@latinus_us/video/7614352986915163412","6805041314931409926","7614731530032448264","https://p19-common-sign.tiktokcdn-us.com/tos-maliva-avt-0068/b8c85807e006c3b9e01b707ea94b3c5a~tplv-tiktokx-cropcenter:100:100.jpg?dr=9640&refresh_token=04f1197b&x-expires=1780200000&x-signature=O4QK040skFg0rnBDK8Ew96z%2B%2BAE%3D&t=4d5b0474&ps=13740610&shp=30310797&shcp=ff37627b&idc=useast5"
"Y por que no dejan el plan Kukulkan de manera permanente para todos los ciudadanos mexicanos???","15","0","2026-03-08T03:54:45.000Z","misu_2022","https://www.tiktok.com/@latinus_us/video/7614352986915163412","6935046945833665542","7614728213142946580","https://p16-common-sign.tiktokcdn-us.com/tos-alisg-avt-0068/6623773311c7878373f36492e3521b94~tplv-tiktokx-cropcenter:100:100.jpg?dr=9640&refresh_token=b277d8bb&x-expires=1780200000&x-signature=BFbcV%2Fr%2BQVe7%2FXTQiemgottAmA8%3D&t=4d5b0474&ps=13740610&shp=30310797&shcp=ff37627b&idc=useast5"
"cancelen el mundial en México","8","0","2026-03-07T17:34:12.000Z","el.oso5359","https://www.tiktok.com/@latinus_us/video/7614352986915163412","7422074667970675717","7614568325787501330","https://p16-common-sign.tiktokcdn-us.com/tos-maliva-avt-0068/81347b0a17818bd5bafde21e4978b238~tplv-tiktokx-cropcenter:100:100.jpg?dr=9640&refresh_token=7d90e17b&x-expires=1780200000&x-signature=c1Fq%2B4BSNbkP%2F18NwlRadKmi7%2Fg%3D&t=4d5b0474&ps=13740610&shp=30310797&shcp=ff37627b&idc=useast5"
"Por que no usan esa tecnología y elementos contra el crimen organizado? Que verguenza que el futbol tenga más importancia que la seguridad nacional","8","0","2026-03-07T08:08:48.000Z","ivanpasquel777","https://www.tiktok.com/@latinus_us/video/7614352986915163412","6974090657824818181","7614422553336464149","https://p16-common-sign.tiktokcdn-us.com/tos-maliva-avt-0068/05a656b946cd5b0d25439c29e5a408af~tplv-tiktokx-cropcenter:100:100.jpg?dr=9640&refresh_token=95483b25&x-expires=1780200000&x-signature=5atMcEtEpSdrqj80MRGBAs0K0I8%3D&t=4d5b0474&ps=13740610&shp=30310797&shcp=ff37627b&idc=useast5"
"Ya vimos que si no le beneficia al gobierno no hace nada respecto a la seguridad 🤷🏽‍♂️, mientras después que pase la FIFA otra ves a números rojos","8","0","2026-03-08T07:39:56.000Z","salazar__83","https://www.tiktok.com/@latinus_us/video/7614352986915163412","7306535132776743942","7614786241691812616","https://p19-common-sign.tiktokcdn-us.com/tos-maliva-avt-0068/fd0757231206c691047cfb160ebd9157~tplv-tiktokx-cropcenter:100:100.jpg?dr=9640&refresh_token=1ddf6e5e&x-expires=1780200000&x-signature=3Bmj%2FJjDOxRwGYqxTHLpr84cPOY%3D&t=4d5b0474&ps=13740610&shp=30310797&shcp=ff37627b&idc=useast5"
"ESA ""SEGURIDAD"" DEBE DE SER PERMANENTE, ACASO VALE MAS LA VIDA DE EXTRANJEROS QUE LOS MEXICANOS?","8","0","2026-03-08T19:30:05.000Z","rutila2018","https://www.tiktok.com/@latinus_us/video/7614352986915163412","6845308053672707078","7614969253602968338","https://p16-common-sign.tiktokcdn-us.com/tos-maliva-avt-0068/f82bad7e5021dc55a7677796d7588741~tplv-tiktokx-cropcenter:100:100.jpg?dr=9640&refresh_token=19d1e384&x-expires=1780200000&x-signature=wFFiz%2B%2BXxOiwOTUqawhY81rBtZs%3D&t=4d5b0474&ps=13740610&shp=30310797&shcp=ff37627b&idc=useast5"
"Ojalá no se haga ese mundial 🙏🏻","8","0","2026-03-09T03:49:31.000Z","siempresere261","https://www.tiktok.com/@latinus_us/video/7614352986915163412","7180790380304974894","7615097904382149389","https://p16-common-sign.tiktokcdn-us.com/tos-useast5-avt-0068-tx/e6dfb03e920e7d322b8cb96b9922551f~tplv-tiktokx-cropcenter:100:100.jpg?dr=9640&refresh_token=6ec0d318&x-expires=1780200000&x-signature=ffa1EoA%2BQBFqKEGUrl4gZ2W%2FN9A%3D&t=4d5b0474&ps=13740610&shp=30310797&shcp=ff37627b&idc=useast5"
"ojalá suspendan ese mundial","8","0","2026-03-08T03:47:59.000Z","isaac.morales.val","https://www.tiktok.com/@latinus_us/video/7614352986915163412","7255776458021536773","7614726496103482119","https://p19-common-sign.tiktokcdn-us.com/tos-alisg-avt-0068/022d8100ed87f81e1aa39436923bc3a0~tplv-tiktokx-cropcenter:100:100.jpg?dr=9640&refresh_token=eab4b515&x-expires=1780200000&x-signature=%2BfRNvizrwRK%2Fs2UxByi1fyBiUPo%3D&t=4d5b0474&ps=13740610&shp=30310797&shcp=ff37627b&idc=useast5"
"SE APLAUDE Y LA PREGUNTA ES ..y porque no hacerlo Permanente para cuidarnos a los Mexicanos que vivimos aqui?","8","0","2026-03-07T19:55:21.000Z","kayo77146","https://www.tiktok.com/@latinus_us/video/7614352986915163412","7420539077428315141","7614604676902224660","https://p19-common-sign.tiktokcdn-us.com/tos-alisg-avt-0068/39ab71ec35e2ab3a53b6398db48299c2~tplv-tiktokx-cropcenter:100:100.jpg?dr=9640&refresh_token=1b56e84c&x-expires=1780200000&x-signature=oMHWEmVoxqGCJ2BtJ2n9sTrnmfs%3D&t=4d5b0474&ps=13740610&shp=30310797&shcp=ff37627b&idc=useast5"
"Es una burla para las y los mexicanos.","8","0","2026-03-08T12:24:19.000Z","96dianags","https://www.tiktok.com/@latinus_us/video/7614352986915163412","6818682767498462209","7614859543244374792","https://p16-common-sign.tiktokcdn-us.com/tos-maliva-avt-0068/fdc39c19ad147faa0254f4241e2e6034~tplv-tiktokx-cropcenter:100:100.jpg?dr=9640&refresh_token=f1edba5c&x-expires=1780200000&x-signature=cmX4IhFv8A1LzlSbX1meOWmiCM0%3D&t=4d5b0474&ps=13740610&shp=30310797&shcp=ff37627b&idc=useast5"
"Jajajjaja se parecen a los anillos de seguridad que hacen los narcos!!!! Raro no !!!! 😁","8","0","2026-03-08T03:51:37.000Z","mt7552","https://www.tiktok.com/@latinus_us/video/7614352986915163412","7330670366219797550","7614727385329861389","https://p19-common-sign.tiktokcdn-us.com/tos-useast5-avt-0068-tx/7330671112205910062~tplv-tiktokx-cropcenter:100:100.jpg?dr=9640&refresh_token=03bddc4d&x-expires=1780200000&x-signature=3hJ1X44voEvueAt5be4eBrmQpww%3D&t=4d5b0474&ps=13740610&shp=30310797&shcp=ff37627b&idc=useast5"
"osea que si se puede hacer , el gobierno y sus mentiras, nada nuevo...","8","0","2026-03-08T03:28:35.000Z","maglitt_dc","https://www.tiktok.com/@latinus_us/video/7614352986915163412","7270320908434621445","7614721439191909140","https://p16-common-sign.tiktokcdn-us.com/tos-alisg-avt-0068/1bb148c3115640648a014a4afa13b508~tplv-tiktokx-cropcenter:100:100.jpg?dr=9640&refresh_token=f7e55c79&x-expires=1780200000&x-signature=E%2BGIkI%2FaDCoiETQMBoVzsQhReD8%3D&t=4d5b0474&ps=13740610&shp=30310797&shcp=ff37627b&idc=useast5"
"que ése tipo de seguridad sea para todo el país y permanente","7","0","2026-03-07T22:52:37.000Z","mtz.pea3","https://www.tiktok.com/@latinus_us/video/7614352986915163412","7108051181351748614","7614650338029060884","https://p16-common-sign.tiktokcdn-us.com/tos-alisg-avt-0068/1c757baac010a4876e420774112dabcb~tplv-tiktokx-cropcenter:100:100.jpg?dr=9640&refresh_token=6d46e57d&x-expires=1780200000&x-signature=NPltKIpRyTaWfd6RmDQknIKfUBo%3D&t=4d5b0474&ps=13740610&shp=30310797&shcp=ff37627b&idc=useast5"
"y despues del mundial, q nos lleve la chingada a todos los demas","6","0","2026-03-08T06:53:48.000Z","esmeralda.atondo","https://www.tiktok.com/@latinus_us/video/7614352986915163412","7246449365034861574","7614774383785345809","https://p19-common-sign.tiktokcdn-us.com/tos-alisg-avt-0068/e2a10a860f349f8718bafb441aa16f3a~tplv-tiktokx-cropcenter:100:100.jpg?dr=9640&refresh_token=309ef311&x-expires=1780200000&x-signature=VMWSmxgbIsi9ADUIqnsd0toYObI%3D&t=4d5b0474&ps=13740610&shp=30310797&shcp=ff37627b&idc=useast5"
"no pueden protegernos a nosotros ah!!!... pero que tal a los visitantes es una burla más 🤣🤣🤣","20","0","2026-03-07T15:04:47.000Z","sandraguadalupero4","https://www.tiktok.com/@latinus_us/video/7614352986915163412","6806885014493185030","7614529821917741842","https://p19-common-sign.tiktokcdn-us.com/tos-alisg-avt-0068/7941a12d7f815b682867f97d87702cf8~tplv-tiktokx-cropcenter:100:100.jpg?dr=9640&refresh_token=58f1d383&x-expires=1780200000&x-signature=SsbVhIdnlU%2B6T3pC48kPdXIv%2BQM%3D&t=4d5b0474&ps=13740610&shp=30310797&shcp=ff37627b&idc=useast5"
"Pero que gobierno tan descarado, 😳 no tienen un plan para proteger a su propia gente y si prometen proteger a los extranjeros? Por Dios","5","0","2026-03-08T10:50:17.000Z","julymar53","https://www.tiktok.com/@latinus_us/video/7614352986915163412","6905846786125284358","7614835297800962834","https://p19-common-sign.tiktokcdn-us.com/tos-maliva-avt-0068/696436562043fca74247230c83460fd3~tplv-tiktokx-cropcenter:100:100.jpg?dr=9640&refresh_token=9a3d8eb9&x-expires=1780200000&x-signature=5XJS4nVjqlIuxQHRZO1Reu6D6IY%3D&t=4d5b0474&ps=13740610&shp=30310797&shcp=ff37627b&idc=useast5"
"sigan votando por morena mexico no importa el mundial si","6","2","2026-03-07T20:10:37.000Z","probert08","https://www.tiktok.com/@latinus_us/video/7614352986915163412","6934417240281400326","7614608617165144839","https://p16-common-sign.tiktokcdn-us.com/tos-maliva-avt-0068/7323219060920877062~tplv-tiktokx-cropcenter:100:100.jpg?dr=9640&refresh_token=6bd2a067&x-expires=1780200000&x-signature=Q1GSEX8c0p6SThQ3WjchrNdHhlY%3D&t=4d5b0474&ps=13740610&shp=30310797&shcp=ff37627b&idc=useast5"
"que triste , así nos deberían cuidar a nosotros, 15 días después volvemos a la realidad","7","0","2026-03-08T14:25:19.000Z","davidpuga3174","https://www.tiktok.com/@latinus_us/video/7614352986915163412","254531608664252416","7614890727898120980","https://p19-common-sign.tiktokcdn-us.com/tos-maliva-avt-0068/d1860542202effdf492a3058c3173eb4~tplv-tiktokx-cropcenter:100:100.jpg?dr=9640&refresh_token=2334795d&x-expires=1780200000&x-signature=URyLwcZyet%2FqVeyRIzeF09JiI4w%3D&t=4d5b0474&ps=13740610&shp=30310797&shcp=ff37627b&idc=useast5"
"Osea si hay seguridad pero solo para lo q les conviene .","6","0","2026-03-08T20:54:03.000Z","roxiomtz","https://www.tiktok.com/@latinus_us/video/7614352986915163412","6859019145981756422","7614990869472920340","https://p16-common-sign.tiktokcdn-us.com/tos-maliva-avt-0068/7323630911543934981~tplv-tiktokx-cropcenter:100:100.jpg?dr=9640&refresh_token=5b9ff425&x-expires=1780200000&x-signature=qvvWYKtKmYUfC6i%2BX3OBw0tDd1g%3D&t=4d5b0474&ps=13740610&shp=30310797&shcp=ff37627b&idc=useast5"
"Que así se movieran pra acabar con la delincuencia en México y no nada más para un evento deportivo","33","0","2026-03-07T06:04:51.000Z","gama14050","https://www.tiktok.com/@latinus_us/video/7614352986915163412","7379493902975403014","7614390675244909319","https://p19-common-sign.tiktokcdn-us.com/musically-maliva-obj/1594805258216454~tplv-tiktokx-cropcenter:100:100.jpg?dr=9640&refresh_token=e340c4d0&x-expires=1780200000&x-signature=y0I6Dncomm86fyA9XjJdWa1HRzE%3D&t=4d5b0474&ps=13740610&shp=30310797&shcp=ff37627b&idc=useast5"
"que dejen ese plan para el resto del sexenio qué les cuesta","12","0","2026-03-07T04:43:23.000Z","rafael.reyes783","https://www.tiktok.com/@latinus_us/video/7614352986915163412","7226923613525869574","7614369675975885585","https://p19-common-sign.tiktokcdn-us.com/tos-maliva-avt-0068/7298102308835016709~tplv-tiktokx-cropcenter:100:100.jpg?dr=9640&refresh_token=f797f681&x-expires=1780200000&x-signature=I68Z6wjsxemt8eWBl1gWStuJ7LM%3D&t=4d5b0474&ps=13740610&shp=30310797&shcp=ff37627b&idc=useast5"
"[Sticker] Kukulkán 😆","5","0","2026-03-08T21:25:07.000Z","xcrz_444.x","https://www.tiktok.com/@latinus_us/video/7614352986915163412","7029444794757940229","7614998729796813582","https://p16-common-sign.tiktokcdn-us.com/tos-useast5-avt-0068-tx/2b46b6362af22cf68b517a2c346fb6fc~tplv-tiktokx-cropcenter:100:100.jpg?dr=9640&refresh_token=beaab4cf&x-expires=1780200000&x-signature=XbtfRm5ia61puya7b07BPctVMuU%3D&t=4d5b0474&ps=13740610&shp=30310797&shcp=ff37627b&idc=useast5"
"Será el plan kukusklan 🤣🤣🤣🤣","9","0","2026-03-07T14:57:57.000Z","jean.paul0311","https://www.tiktok.com/@latinus_us/video/7614352986915163412","7291890769933042693","7614528061736846097","https://p19-common-sign.tiktokcdn-us.com/tos-maliva-avt-0068/443d6340f5d88c30677ca8e207ca7298~tplv-tiktokx-cropcenter:100:100.jpg?dr=9640&refresh_token=23df9dfe&x-expires=1780200000&x-signature=oUI8OJIoADiw9LvQozJcWyOzLns%3D&t=4d5b0474&ps=13740610&shp=30310797&shcp=ff37627b&idc=useast5"
"entnsses los mexicanos no importan k rraros estos goviernos","7","0","2026-03-09T01:57:35.000Z","1995mcjj","https://www.tiktok.com/@latinus_us/video/7614352986915163412","7186369133736395822","7615068962666349342","https://p19-common-sign.tiktokcdn-us.com/tos-useast5-avt-0068-tx/7346481720218091562~tplv-tiktokx-cropcenter:100:100.jpg?dr=9640&refresh_token=ce3982c0&x-expires=1780200000&x-signature=dyVpSgjD%2FsSB2jj%2Bli3XXbCAzCA%3D&t=4d5b0474&ps=13740610&shp=30310797&shcp=ff37627b&idc=useast5"
"Plan para defender a los ciudadanos? NAH AQUI NO HACEMOS ESO","8","0","2026-03-08T18:00:18.000Z","pozolitx","https://www.tiktok.com/@latinus_us/video/7614352986915163412","6957322120833778693","7614946117558010645","https://p19-common-sign.tiktokcdn-us.com/tos-maliva-avt-0068/57a50933461cf6a85dde526587ad95db~tplv-tiktokx-cropcenter:100:100.jpg?dr=9640&refresh_token=f650cadb&x-expires=1780200000&x-signature=trmyCwhPzycspxChm6sQidHZR80%3D&t=4d5b0474&ps=13740610&shp=30310797&shcp=ff37627b&idc=useast5"
"Interactuando 🙏🙏🙏","12","0","2026-05-27T04:40:23.000Z","irma.marin","https://www.tiktok.com/@ajplusespanol/video/7644374184180616456","6915174775888217093","7644426775406445330","https://p16-common-sign.tiktokcdn-us.com/tos-alisg-avt-0068/b7d611287136a8904ebf8373ed26978f~tplv-tiktokx-cropcenter:100:100.jpg?dr=9640&refresh_token=5d14976f&x-expires=1780200000&x-signature=UFq7dIqduGEatBEZm%2BXyVDtcNgY%3D&t=4d5b0474&ps=13740610&shp=30310797&shcp=ff37627b&idc=useast5"
"NO QUEREMOS MUNDIAL!!! QUEREMOS PAZ!!","5","1","2026-05-27T13:11:02.000Z","hamlet2679","https://www.tiktok.com/@ajplusespanol/video/7644374184180616456","7391347621963154438","7644558383484027668","https://p16-common-sign.tiktokcdn-us.com/tos-maliva-avt-0068/7392120363818418182~tplv-tiktokx-cropcenter:100:100.jpg?dr=9640&refresh_token=062660d0&x-expires=1780200000&x-signature=nRdJ4NZqK5c1WQezLMUTYcGFIc4%3D&t=4d5b0474&ps=13740610&shp=30310797&shcp=ff37627b&idc=useast5"
"la gran mayoría de investigación es privada. el gobierno solo gasta en remodelasion pública pero ese es su trabajo","10","0","2026-05-27T02:50:32.000Z","alejandro_jf93","https://www.tiktok.com/@ajplusespanol/video/7644374184180616456","6799774795015455749","7644398380567298832","https://p19-common-sign.tiktokcdn-us.com/tos-alisg-avt-0068/072eec9c64be8bc315873df77f293368~tplv-tiktokx-cropcenter:100:100.jpg?dr=9640&refresh_token=ee7a9555&x-expires=1780200000&x-signature=MK1eDwggOt%2FLbT1RXNMUgnppiWk%3D&t=4d5b0474&ps=13740610&shp=30310797&shcp=ff37627b&idc=useast5"
"@Katt ✨:@.: DIFUSIÓN 🙏🏻 DIFUSIÓN 🙏🏻 DIFUSIÓN 🙏🏻 DIFUSIÓN 🙏🏻 DIFUSIÓN 🙏🏻 DIFUSIÓN 🙏🏻 DIFUSIÓN 🙏🏻 DIFUSIÓN 🙏🏻 DIFUSIÓN 🙏🏻 DIFUSIÓN 🙏🏻 DIFUSIÓN 🙏🏻 DIFUSIÓN 🙏🏻 DIFUSIÓN 🙏🏻 DIFUSIÓN 🙏🏻 DIFUSIÓN 🙏🏻 DIFUSIÓN 🙏🏻 DIFUSIÓN 🙏🏻 DIFUSIÓN 🙏🏻 DIFUSIÓN 🙏🏻 DIFUSIÓN 🙏🏻 DIFUSIÓN 🙏🏻 DIFUSIÓN 🙏🏻 DIFUSIÓN 🙏🏻 DIFUSIÓN 🙏🏻 DIFUSIÓN 🙏🏻 DIFUSIÓN 🙏🏻 DIFUSIÓN 🙏🏻 DIFUSIÓN 🙏🏻 DIFUSIÓN 🙏🏻 DIFUSIÓN 🙏🏻 DIFUSIÓN 🙏🏻 DIFUSIÓN 🙏🏻 DIFUSIÓN 🙏🏻 DIFUSIÓN 🙏🏻 DIFUSIÓN 🙏🏻 DIFUSIÓN 🙏🏻 DIFUSIÓN 🙏🏻 DIFUSIÓN 🙏🏻 DIFUSIÓN 🙏🏻 DIFUSIÓN 🙏🏻 DIFUSIÓN 🙏🏻 DIFUSIÓN 🙏🏻 DIFUSIÓN 🙏🏻 DIFUSIÓN 🙏🏻 DIFUSIÓN 🙏🏻 DIFUSIÓN 🙏🏻 DIFUSIÓN 🙏🏻 DIFUSIÓN 🙏🏻 DIFUSIÓN 🙏🏻 DIFUSIÓN 🙏🏻 DIFUSIÓN 🙏🏻 DIFUSIÓN 🙏🏻 DIFUSIÓN 🙏🏻 DIFUSIÓN 🙏🏻DIFUSIÓN 🙏🏻 DIFUSIÓN 🙏🏻 DIFUSIÓN 🙏🏻 DIFUSIÓN 🙏🏻 DIFUSIÓN 🙏🏻 DIFUSIÓN 🙏🏻 DIFUSIÓN 🙏🏻 DIFUSIÓN 🙏🏻 DIFUSIÓN 🙏🏻 DIFUSIÓN 🙏🏻 DIFUSIÓN 🙏🏻 DIFUSIÓN 🙏🏻 DIFUSIÓN 🙏🏻 DIFUSIÓN 🙏🏻 DIFUSIÓN 🙏🏻 DIFUSIÓN 🙏🏻 DIFUSIÓN 🙏🏻 DIFUSIÓN 🙏🏻 DIFUSIÓN 🙏🏻 DIFUSIÓN 🙏🏻 DIFUSIÓN 🙏🏻 DIFUSIÓN 🙏🏻 DIFUSIÓN 🙏🏻 DIFUSIÓN 🙏🏻 DIFUSIÓN 🙏🏻 DIFUSIÓN 🙏🏻 DIFUSIÓN 🙏🏻 DIFUSIÓN 🙏🏻 DIFUSIÓN 🙏🏻 DIFUSIÓN 🙏🏻 DIFUSIÓN 🙏🏻 DIFUSIÓN 🙏🏻 DIFUSIÓN 🙏🏻 DIFUSIÓN 🙏🏻 DIFUSIÓN 🙏🏻 DIFUSIÓN 🙏🏻 DIFUSIÓN 🙏🏻 DIFUSIÓN 🙏🏻 DIFUSIÓN 🙏🏻 DIFUSIÓN 🙏🏻 DIFUSIÓN 🙏🏻 DIFUSIÓN 🙏🏻 DIFUSIÓN 🙏🏻 DIFUSIÓN 🙏🏻 DIFUSIÓN 🙏🏻 DIFUSIÓN 🙏🏻 DIFUSIÓN 🙏🏻 DIFUSIÓN 🙏🏻 DIFUSIÓN 🙏🏻 DIFUSIÓN 🙏🏻 DIFUSIÓN 🙏🏻 DIFUSIÓN 🙏🏻 DIFUSIÓN 🙏🏻 DIFUSIÓN 🙏🏻DIFUSIÓN 🙏🏻 DIFUSIÓN 🙏🏻 DIFUSIÓN 🙏🏻 DIFUSIÓN 🙏🏻 DIFUSIÓN 🙏🏻 DIFUSIÓN 🙏🏻 DIFUSIÓN 🙏🏻 DIFUSIÓN 🙏🏻 DIFUSIÓN 🙏🏻 DIFUSIÓN 🙏🏻 DIFUSIÓN 🙏🏻 DIFUSIÓN 🙏🏻 DIFUSIÓN 🙏🏻 DIFUSIÓN 🙏🏻 DIFUSIÓN 🙏🏻 DIFUSIÓN 🙏🏻 DIFUSIÓN 🙏🏻 DIFUSIÓN 🙏🏻 DIFUSIÓN 🙏🏻 DIFUSIÓN 🙏🏻 DIFUSIÓN 🙏🏻 DIFUSIÓN 🙏🏻 DIFUSIÓN 🙏🏻 DIFUSIÓN 🙏🏻 DIFUSIÓN 🙏🏻 DIFUSIÓN 🙏🏻 DIFUSIÓN 🙏🏻 DIFUSIÓN 🙏🏻 DIFUSIÓN 🙏🏻 DIFUSIÓN 🙏🏻 DIFUSIÓN 🙏🏻 DIFUSIÓN 🙏🏻 DIFUSIÓN 🙏🏻 DIFUSIÓN 🙏🏻 DIFUSIÓN 🙏🏻 DIFUSIÓN 🙏🏻 DIFUSIÓN 🙏🏻 DIFUSIÓN 🙏🏻 DIFUSIÓN 🙏🏻 DIFUSIÓNj🙏🏻 DIFUSIÓN 🙏🏻 DIFUSIÓN 🙏🏻","9","1","2026-05-27T17:22:21.000Z","olgaguerrero706","https://www.tiktok.com/@ajplusespanol/video/7644374184180616456","6942689163557454853","7644623057864721166","https://p16-common-sign.tiktokcdn-us.com/tos-useast5-avt-0068-tx/10a81743d9410b846496df2aed704e6a~tplv-tiktokx-cropcenter:100:100.jpg?dr=9640&refresh_token=c9035000&x-expires=1780200000&x-signature=tiKqQKVwhq9Usl4G%2BXTb09VoZG0%3D&t=4d5b0474&ps=13740610&shp=30310797&shcp=ff37627b&idc=useast5"
"Cuándo va a cambiar la historia?","10","0","2026-05-27T04:48:46.000Z","alis_mer","https://www.tiktok.com/@ajplusespanol/video/7644374184180616456","6525584575267241985","7644428947951059728","https://p19-common-sign.tiktokcdn-us.com/tos-alisg-avt-0068/6ebd2d37b778a75faa7eda2ed63b3aa8~tplv-tiktokx-cropcenter:100:100.jpg?dr=9640&refresh_token=1dcebc4d&x-expires=1780200000&x-signature=EAcorTTk9nDkiw9gkVb2JKGVaZc%3D&t=4d5b0474&ps=13740610&shp=30310797&shcp=ff37627b&idc=useast5"
"así es, fuera el.mundial..","9","0","2026-05-27T21:49:33.000Z","eveliauribe2","https://www.tiktok.com/@ajplusespanol/video/7644374184180616456","7380797807106589701","7644691977334080264","https://p19-common-sign.tiktokcdn-us.com/tos-alisg-avt-0068/ed2c1551f2b13c5c7285a29ee47b3998~tplv-tiktokx-cropcenter:100:100.jpg?dr=9640&refresh_token=b2bfb309&x-expires=1780200000&x-signature=4z0zvF8gYSESCNhJs6NDX6UGcaU%3D&t=4d5b0474&ps=13740610&shp=30310797&shcp=ff37627b&idc=useast5"
"interactuando 😢","13","0","2026-05-28T01:57:19.000Z","cclauddia","https://www.tiktok.com/@ajplusespanol/video/7644374184180616456","103085093195264000","7644755858357846791","https://p16-common-sign.tiktokcdn-us.com/tos-maliva-avt-0068/7315985843658129413~tplv-tiktokx-cropcenter:100:100.jpg?dr=9640&refresh_token=4b6222e2&x-expires=1780200000&x-signature=%2F92YdQZUcIZWzR8i9oNA1YGL4cE%3D&t=4d5b0474&ps=13740610&shp=30310797&shcp=ff37627b&idc=useast5"
"Interactuando","8","0","2026-05-27T05:50:53.000Z","vi.1133","https://www.tiktok.com/@ajplusespanol/video/7644374184180616456","6923746069595997189","7644444959349932818","https://p19-common-sign.tiktokcdn-us.com/tos-alisg-avt-0068/81ebc8fef1c04f122071dc5fbdba6d6d~tplv-tiktokx-cropcenter:100:100.jpg?dr=9640&refresh_token=e1749aed&x-expires=1780200000&x-signature=w0E%2F7IWaxPtfdO6sF9jUgxPUNQ8%3D&t=4d5b0474&ps=13740610&shp=30310797&shcp=ff37627b&idc=useast5"
"Espero encuentren a sus hijos, nadie debiera pasar por eso 🙏","8","0","2026-05-27T11:50:39.000Z","sara.rodriguez557","https://www.tiktok.com/@ajplusespanol/video/7644374184180616456","7264361323147379717","7644537655737516820","https://p16-common-sign.tiktokcdn-us.com/tos-alisg-avt-0068/cc94235056410882ba6c597e6e7da337~tplv-tiktokx-cropcenter:100:100.jpg?dr=9640&refresh_token=4dff1291&x-expires=1780200000&x-signature=DoI3KoaJdbkDLCLCl8caTMVcJk8%3D&t=4d5b0474&ps=13740610&shp=30310797&shcp=ff37627b&idc=useast5"
"Hagan un go found me o algo para aportar a sus impresiones","12","0","2026-05-28T03:35:41.000Z","amelie.art4","https://www.tiktok.com/@ajplusespanol/video/7644374184180616456","7399355516289287174","7644781201639523079","https://p19-common-sign.tiktokcdn-us.com/tos-maliva-avt-0068/2ff0e873e9d37153602f8c5148469c2d~tplv-tiktokx-cropcenter:100:100.jpg?dr=9640&refresh_token=0f9a39d1&x-expires=1780200000&x-signature=%2FEheu8%2Br0MQZpP2X5xvJSCBkWes%3D&t=4d5b0474&ps=13740610&shp=30310797&shcp=ff37627b&idc=useast5"
"@superhipo35: prefiero un México sin desaparecidos, que un mundial, espero que puedan encontrarlos y los familiares tengan paz","5","0","2026-05-27T15:56:39.000Z","gabrielasanchezju","https://www.tiktok.com/@ajplusespanol/video/7644374184180616456","6749195674170213382","7644601057964393237","https://p19-common-sign.tiktokcdn-us.com/tos-maliva-avt-0068/7331158958574403589~tplv-tiktokx-cropcenter:100:100.jpg?dr=9640&refresh_token=494680c2&x-expires=1780200000&x-signature=MUUh%2FYoVRWIsfbRvSaOepJTYOoM%3D&t=4d5b0474&ps=13740610&shp=30310797&shcp=ff37627b&idc=useast5"
"Tienen razón, no se vale!!!","7","0","2026-05-27T02:53:37.000Z","astridderodrigu45","https://www.tiktok.com/@ajplusespanol/video/7644374184180616456","7138570747102823429","7644399243713250068","https://p16-common-sign.tiktokcdn-us.com/tos-maliva-avt-0068/7160506181738299397~tplv-tiktokx-cropcenter:100:100.jpg?dr=9640&refresh_token=1ce93a1e&x-expires=1780200000&x-signature=hbkjPCFCF1mNShk7kZ6qTFP2qkE%3D&t=4d5b0474&ps=13740610&shp=30310797&shcp=ff37627b&idc=useast5"
"la verdad es admirable el coraje y determinación de todas estas familias","9","0","2026-05-27T02:57:39.000Z","gastelum08gtz","https://www.tiktok.com/@ajplusespanol/video/7644374184180616456","6879192027592377349","7644400324103242514","https://p16-common-sign.tiktokcdn-us.com/tos-alisg-avt-0068/ada7efa8d77c00651622537771b3dc18~tplv-tiktokx-cropcenter:100:100.jpg?dr=9640&refresh_token=c858b8cb&x-expires=1780200000&x-signature=EKQqgEIeRurPtTNgZoxF0zOJS8A%3D&t=4d5b0474&ps=13740610&shp=30310797&shcp=ff37627b&idc=useast5"
"[Sticker] Interactuando","9","0","2026-05-27T08:00:57.000Z","aidejmnz","https://www.tiktok.com/@ajplusespanol/video/7644374184180616456","6917314817762624518","7644478398701978369","https://p19-common-sign.tiktokcdn-us.com/tos-alisg-avt-0068/1cb96323ff11df0979a443b99c02e8fc~tplv-tiktokx-cropcenter:100:100.jpg?dr=9640&refresh_token=4c6eec90&x-expires=1780200000&x-signature=IKsJ7ShmhhXioCyxEb4IPuuL%2F7I%3D&t=4d5b0474&ps=13740610&shp=30310797&shcp=ff37627b&idc=useast5"
"Ocultan la verdad.","9","0","2026-05-27T15:46:15.000Z","mario.enrique3389","https://www.tiktok.com/@ajplusespanol/video/7644374184180616456","7518859533709788166","7644598382514586389","https://p19-common-sign.tiktokcdn-us.com/tos-alisg-avt-0068/e39412828cc9b105e7227888341571f6~tplv-tiktokx-cropcenter:100:100.jpg?dr=9640&refresh_token=65e915d1&x-expires=1780200000&x-signature=wDou4RSmdqavHR%2FIb98iK3%2BqZTc%3D&t=4d5b0474&ps=13740610&shp=30310797&shcp=ff37627b&idc=useast5"
"qué dolor 😭😭😭","7","0","2026-05-27T03:42:11.000Z","para.siempre.pxula","https://www.tiktok.com/@ajplusespanol/video/7644374184180616456","6932717098913498117","7644411811655287559","https://p19-common-sign.tiktokcdn-us.com/tos-maliva-avt-0068/9e4bb12b18abc298e0353211154d258a~tplv-tiktokx-cropcenter:100:100.jpg?dr=9640&refresh_token=4d8a2b09&x-expires=1780200000&x-signature=1aX%2FRKd3061hxoEZKGf8QSngXc8%3D&t=4d5b0474&ps=13740610&shp=30310797&shcp=ff37627b&idc=useast5"
"no al mundial","6","0","2026-05-27T20:12:51.000Z","lilyofleon0","https://www.tiktok.com/@ajplusespanol/video/7644374184180616456","6923562714304824326","7644667079757480722","https://p16-common-sign.tiktokcdn-us.com/tos-alisg-avt-0068/bb0b1f0057016fe098170fa382d66f29~tplv-tiktokx-cropcenter:100:100.jpg?dr=9640&refresh_token=29b5f881&x-expires=1780200000&x-signature=CCMNmYzf1hQ7f9dMoZmPQNxsAS4%3D&t=4d5b0474&ps=13740610&shp=30310797&shcp=ff37627b&idc=useast5"
"esto ya es demasiado grave, par nuestro país","7","2","2026-05-27T05:47:17.000Z","heilerlunac","https://www.tiktok.com/@ajplusespanol/video/7644374184180616456","6804276183250764805","7644444002440413972","https://p19-common-sign.tiktokcdn-us.com/tos-alisg-avt-0068/43056a4040efccf7418073bb25aba45e~tplv-tiktokx-cropcenter:100:100.jpg?dr=9640&refresh_token=7b6986d6&x-expires=1780200000&x-signature=JF6VeBLmzcgfgeFZaQJoPKWTfL8%3D&t=4d5b0474&ps=13740610&shp=30310797&shcp=ff37627b&idc=useast5"
"presidente: pon tu denuncia","7","0","2026-05-27T13:54:20.000Z","_vera.com","https://www.tiktok.com/@ajplusespanol/video/7644374184180616456","7321367464062960645","7644569550554252039","https://p16-common-sign.tiktokcdn-us.com/tos-alisg-avt-0068/8b37dfec2ec1fd0e85abf556d7123227~tplv-tiktokx-cropcenter:100:100.jpg?dr=9640&refresh_token=3d0ac1d4&x-expires=1780200000&x-signature=kd%2B50tRXSKimDbFMI45S7WBn4p0%3D&t=4d5b0474&ps=13740610&shp=30310797&shcp=ff37627b&idc=useast5"
"[Sticker] ojalá todos pudieran regresar con bien a su casa","7","0","2026-05-27T12:26:57.000Z","strawberrykytten","https://www.tiktok.com/@ajplusespanol/video/7644374184180616456","7385244196732863493","7644547006308729620","https://p16-common-sign.tiktokcdn-us.com/tos-maliva-avt-0068/6b914a2163d83589181f1ca64e625366~tplv-tiktokx-cropcenter:100:100.jpg?dr=9640&refresh_token=c6d90390&x-expires=1780200000&x-signature=ZMvsGS5j6EPJ6e%2BCPPxyso20ioQ%3D&t=4d5b0474&ps=13740610&shp=30310797&shcp=ff37627b&idc=useast5"
"exacto hay que tener prioridades !!!!
hay que comenzar. actuar con conciencia!!!!!","5","0","2026-05-27T13:19:04.000Z","123blame","https://www.tiktok.com/@ajplusespanol/video/7644374184180616456","7408038177611875334","7644560485165269768","https://p16-common-sign.tiktokcdn-us.com/tos-maliva-avt-0068/cc5c9730bec0587fb2ce7bab513893ad~tplv-tiktokx-cropcenter:100:100.jpg?dr=9640&refresh_token=a2ad69ce&x-expires=1780200000&x-signature=Rdj%2FHvAH7Egsc0hjfHgukYerI1A%3D&t=4d5b0474&ps=13740610&shp=30310797&shcp=ff37627b&idc=useast5"
"@☆ manguito 🥭: :DIFUSIÓN 🙏🏻 DIFUSIÓN 🙏🏻 DIFUSIÓN 🙏🏻 DIFUSIÓN 🙏🏻 DIFUSIÓN 🙏🏻 DIFUSIÓN 🙏🏻 DIFUSIÓN 🙏🏻 DIFUSIÓN 🙏🏻 DIFUSIÓN 🙏🏻 DIFUSIÓN 🙏🏻 DIFUSIÓN 🙏🏻 DIFUSIÓN 🙏🏻 DIFUSIÓN 🙏🏻 DIFUSIÓN 🙏🏻 DIFUSIÓN 🙏🏻 DIFUSIÓN 🙏🏻 DIFUSIÓN 🙏🏻 DIFUSIÓN 🙏🏻 DIFUSIÓN 🙏🏻 DIFUSIÓN 🙏🏻 DIFUSIÓN 🙏🏻 DIFUSIÓN 🙏🏻 DIFUSIÓN 🙏🏻 DIFUSIÓN 🙏🏻 DIFUSIÓN 🙏🏻 DIFUSIÓN 🙏🏻 DIFUSIÓN 🙏🏻 DIFUSIÓN 🙏🏻 DIFUSIÓN 🙏🏻 DIFUSIÓN 🙏🏻 DIFUSIÓN 🙏🏻 DIFUSIÓN 🙏🏻 DIFUSIÓN 🙏🏻 DIFUSIÓN 🙏🏻 DIFUSIÓN 🙏🏻 DIFUSIÓN 🙏🏻 DIFUSIÓN 🙏🏻 DIFUSIÓN 🙏🏻 DIFUSIÓN 🙏🏻 DIFUSIÓN 🙏🏻 DIFUSIÓN 🙏🏻 DIFUSIÓN 🙏🏻 DIFUSIÓN 🙏🏻 DIFUSIÓN 🙏🏻 DIFUSIÓN 🙏🏻 DIFUSIÓN 🙏🏻 DIFUSIÓN 🙏🏻 DIFUSIÓN 🙏🏻 DIFUSIÓN 🙏🏻 DIFUSIÓN 🙏🏻 DIFUSIÓN 🙏🏻 DIFUSIÓN 🙏🏻 DIFUSIÓN 🙏🏻 DIFUSIÓN 🙏🏻DIFUSIÓN 🙏🏻 DIFUSIÓN 🙏🏻 DIFUSIÓN 🙏🏻 DIFUSIÓN 🙏🏻 DIFUSIÓN 🙏🏻 DIFUSIÓN 🙏🏻 DIFUSIÓN 🙏🏻 DIFUSIÓN 🙏🏻 DIFUSIÓN 🙏🏻 DIFUSIÓN 🙏🏻 DIFUSIÓN 🙏🏻 DIFUSIÓN 🙏🏻 DIFUSIÓN 🙏🏻 DIFUSIÓN 🙏🏻 DIFUSIÓN 🙏🏻 DIFUSIÓN 🙏🏻 DIFUSIÓN 🙏🏻 DIFUSIÓN 🙏🏻 DIFUSIÓN 🙏🏻 DIFUSIÓN 🙏🏻 DIFUSIÓN 🙏🏻 DIFUSIÓN 🙏🏻 DIFUSIÓN 🙏🏻 DIFUSIÓN 🙏🏻 DIFUSIÓN 🙏🏻 DIFUSIÓN 🙏🏻 DIFUSIÓN 🙏🏻 DIFUSIÓN 🙏🏻 DIFUSIÓN 🙏🏻 DIFUSIÓN 🙏🏻 DIFUSIÓN 🙏🏻 DIFUSIÓN 🙏🏻 DIFUSIÓN 🙏🏻 DIFUSIÓN 🙏🏻 DIFUSIÓN 🙏🏻 DIFUSIÓN 🙏🏻 DIFUSIÓN 🙏🏻 DIFUSIÓN 🙏🏻 DIFUSIÓN 🙏🏻 DIFUSIÓN 🙏🏻 DIFUSIÓN 🙏🏻 DIFUSIÓN 🙏🏻 DIFUSIÓN 🙏🏻 DIFUSIÓN 🙏🏻 DIFUSIÓN 🙏🏻 DIFUSIÓN 🙏🏻 DIFUSIÓN 🙏🏻 DIFUSIÓN 🙏🏻 DIFUSIÓN 🙏🏻 DIFUSIÓN 🙏🏻 DIFUSIÓN 🙏🏻 DIFUSIÓN 🙏🏻 DIFUSIÓN 🙏🏻 DIFUSIÓN 🙏🏻DIFUSIÓN 🙏🏻 DIFUSIÓN 🙏🏻 DIFUSIÓN 🙏🏻 DIFUSIÓN 🙏🏻 DIFUSIÓN 🙏🏻 DIFUSIÓN 🙏🏻 DIFUSIÓN 🙏🏻 DIFUSIÓN 🙏🏻 DIFUSIÓN 🙏🏻 DIFUSIÓN 🙏🏻 DIFUSIÓN 🙏🏻 DIFUSIÓN 🙏🏻 DIFUSIÓN 🙏🏻 DIFUSIÓN 🙏🏻 DIFUSIÓN 🙏🏻 DIFUSIÓN 🙏🏻 DIFUSIÓN 🙏🏻 DIFUSIÓN 🙏🏻 DIFUSIÓN 🙏🏻 DIFUSIÓN 🙏🏻 DIFUSIÓN 🙏🏻 DIFUSIÓN 🙏🏻 DIFUSIÓN 🙏🏻 DIFUSIÓN 🙏🏻 DIFUSIÓN 🙏🏻 DIFUSIÓN 🙏🏻 DIFUSIÓN 🙏🏻 DIFUSIÓN 🙏🏻 DIFUSIÓN 🙏🏻 DIFUSIÓN 🙏🏻 DIFUSIÓN 🙏🏻 DIFUSIÓN 🙏🏻 DIFUSIÓN 🙏🏻 DIFUSIÓN 🙏🏻 DIFUSIÓN 🙏🏻 DIFUSIÓN 🙏🏻 DIFUSIÓN 🙏🏻 DIFUSIÓN 🙏🏻 DIFUSIÓN 🙏🏻 DIFUSIÓNj🙏🏻 DIFUSIÓN 🙏🏻 DIFUSIÓN 🙏🏻","11","2","2026-05-27T03:40:57.000Z","62521vida","https://www.tiktok.com/@ajplusespanol/video/7644374184180616456","7277003465854583813","7644411483975205639","https://p19-common-sign.tiktokcdn.com/tos-maliva-avt-0068/0c326ebc4abbef93fcab91c8709da62d~tplv-tiktokx-cropcenter:100:100.jpg?dr=14579&refresh_token=f25ba645&x-expires=1780200000&x-signature=2q%2FYnTGBNyzRgH9uQmbhkBV7R%2FY%3D&t=4d5b0474&ps=13740610&shp=30310797&shcp=ff37627b&idc=my2"
"Me encanta el mundial, será un evento que disfrutaré mucho, tienen mucha razón ojalá el país fuera diferente","5","1","2026-05-28T04:53:50.000Z","ailtondeatlasfc","https://www.tiktok.com/@ajplusespanol/video/7644374184180616456","6603351426218885125","7644801320319075093","https://p16-common-sign.tiktokcdn.com/tos-alisg-avt-0068/025d42800c7fe1fc906c51a20fd163e0~tplv-tiktokx-cropcenter:100:100.jpg?dr=14579&refresh_token=6fa215a5&x-expires=1780200000&x-signature=z19AATfC5J3vuDAAbbMl0Z4ps1I%3D&t=4d5b0474&ps=13740610&shp=30310797&shcp=ff37627b&idc=my2"
"oye espérate si no estamos en wakanda","8","2","2026-03-08T08:56:59.000Z","javincy1","https://www.tiktok.com/@latinus_us/video/7614352986915163412","6818788577214170117","7614806113825293074","https://p16-common-sign.tiktokcdn.com/tos-alisg-avt-0068/c62068c1a970b0bbe4c54fd9e4172dfc~tplv-tiktokx-cropcenter:100:100.jpg?dr=14579&refresh_token=afb5077e&x-expires=1780200000&x-signature=FkHKaW1kvt%2Bw11hrdZtfUBqkfT0%3D&t=4d5b0474&ps=13740610&shp=30310797&shcp=ff37627b&idc=my"
"si asen eso para un evento deportivo.... por que no aserlo siempre para seguridad de todos nosotros los mexicanos","69","3","2026-03-07T10:41:15.000Z","nichasal","https://www.tiktok.com/@latinus_us/video/7614352986915163412","7543837777381573652","7614461855831442196","https://p16-common-sign.tiktokcdn.com/tos-alisg-avt-0068/53705a6a32f462767271450eae51e42c~tplv-tiktokx-cropcenter:100:100.jpg?dr=14579&refresh_token=50189c06&x-expires=1780200000&x-signature=qZ%2BE7Mg9GEQgHfOHTE2m%2FiJ60FA%3D&t=4d5b0474&ps=13740610&shp=30310797&shcp=ff37627b&idc=my"
"hoooorale señor Omar y porque no nos hace un plan kukulkan para los mexicanos también...😁 porfis","8","0","2026-03-08T00:15:17.000Z","israehkavl1","https://www.tiktok.com/@latinus_us/video/7614352986915163412","7470297305985385488","7614671659808113425","https://p16-common-sign.tiktokcdn.com/musically-maliva-obj/1594805258216454~tplv-tiktokx-cropcenter:100:100.jpg?dr=14579&refresh_token=fa307169&x-expires=1780200000&x-signature=mehcPq0GqZUJprcMKOYk31VuyvU%3D&t=4d5b0474&ps=13740610&shp=30310797&shcp=ff37627b&idc=my"
"Y si hay coches bombas como ya lo han hecho, ahí también sabrán que es un coche bomba o como 🤔","10","1","2026-03-07T17:17:05.000Z","t.f.c._12","https://www.tiktok.com/@latinus_us/video/7614352986915163412","7540790687831655431","7614563149967540993","https://p16-common-sign.tiktokcdn.com/tos-alisg-avt-0068/76a15d935b6ecc9ed5374780e2412783~tplv-tiktokx-cropcenter:100:100.jpg?dr=14579&refresh_token=5b8dafa1&x-expires=1780200000&x-signature=fpLvt1Yn4LrTFD93Iwggc7%2FKf28%3D&t=4d5b0474&ps=13740610&shp=30310797&shcp=ff37627b&idc=my"
"-proteger a los Mismos Mexicanos en su País Mexicano Respuesta: NEGATIVO!","5","2","2026-03-07T23:07:59.000Z","victorvalero92","https://www.tiktok.com/@latinus_us/video/7614352986915163412","6803745131582309381","7614654317975028497","https://p16-common-sign.tiktokcdn.com/tos-alisg-avt-0068/365626cfe236cf797641849430334f42~tplv-tiktokx-cropcenter:100:100.jpg?dr=14579&refresh_token=3c0671df&x-expires=1780200000&x-signature=Uwcl7pQERebIrVwBZ9qDn6udyvU%3D&t=4d5b0474&ps=13740610&shp=30310797&shcp=ff37627b&idc=my"
"[Sticker] creo que este mundial no va a ir mucha gente solo a Canadá 😁😁😁","5","1","2026-03-08T03:49:06.000Z","nixtrempowers","https://www.tiktok.com/@latinus_us/video/7614352986915163412","7121690233745982470","7614726776967054088","https://p16-common-sign.tiktokcdn.com/tos-alisg-avt-0068/d680ded322f738ba346b4f9349e2a29e~tplv-tiktokx-cropcenter:100:100.jpg?dr=14579&refresh_token=20e61769&x-expires=1780200000&x-signature=jw8rmTSAI8urWMoyJeNUJFEYeVE%3D&t=4d5b0474&ps=13740610&shp=30310797&shcp=ff37627b&idc=my"
"Bueno y ahora con la guerra de EEUU vs Iran apoco no hay miedo en ir a ver el mundial ahi tambien?","5","0","2026-03-08T03:58:46.000Z","jcod75","https://www.tiktok.com/@latinus_us/video/7614352986915163412","7100370373094949894","7614729245705126676","https://p16-common-sign.tiktokcdn.com/tos-maliva-avt-0068/7100371620170530822~tplv-tiktokx-cropcenter:100:100.jpg?dr=14579&refresh_token=6d9ac908&x-expires=1780200000&x-signature=k8Nxoja4De%2B2ez%2BZan%2FhxG0dSgg%3D&t=4d5b0474&ps=13740610&shp=30310797&shcp=ff37627b&idc=my"
"Y ya que se acabe el mundial volvemos a los asesinatos y desapariciones ?","41","3","2026-03-08T14:16:47.000Z","bohogirlpv","https://www.tiktok.com/@latinus_us/video/7614352986915163412","6866186347909170178","7614888535665672967","https://p16-common-sign.tiktokcdn.com/tos-alisg-avt-0068/98548340a3715ee6502adacb1c72475f~tplv-tiktokx-cropcenter:100:100.jpg?dr=14579&refresh_token=224b79f1&x-expires=1780200000&x-signature=srfQ%2BY05hyBitOvQ4brdn2eAjpc%3D&t=4d5b0474&ps=13740610&shp=30310797&shcp=ff37627b&idc=my"
"Kukulkan? Van a llamar a namor","5","0","2026-03-08T02:54:47.000Z","peruvianchill32","https://www.tiktok.com/@latinus_us/video/7614352986915163412","6629456573830119429","7614712753438393096","https://p16-common-sign.tiktokcdn.com/tos-maliva-avt-0068/d2def3d3d62c1f477f290b82423700d3~tplv-tiktokx-cropcenter:100:100.jpg?dr=14579&refresh_token=b5f2f40c&x-expires=1780200000&x-signature=uYpOhWiqYHD2OeLloJxrz21Cqp8%3D&t=4d5b0474&ps=13740610&shp=30310797&shcp=ff37627b&idc=my"
"en culiacán hay soldados en cada esquina y no sirve de nada desviven ahí cerquita de ellos siempre llegan y no agarran a nadie","6","2","2026-03-07T11:15:12.000Z","zzhk08","https://www.tiktok.com/@latinus_us/video/7614352986915163412","6881491814151422981","7614470624741835541","https://p16-common-sign.tiktokcdn.com/tos-alisg-avt-0068/bfac618dc9fd390172cb6eb4d0a00eaf~tplv-tiktokx-cropcenter:100:100.jpg?dr=14579&refresh_token=97a500b8&x-expires=1780200000&x-signature=QMdOVSDBOBl2xg1u83TOo6RDFIE%3D&t=4d5b0474&ps=13740610&shp=30310797&shcp=ff37627b&idc=my"
"Que le hacen a la mamada esto no es ni mundial","14","3","2026-03-07T04:37:21.000Z","ldani_air","https://www.tiktok.com/@latinus_us/video/7614352986915163412","7058627503507047429","7614368088251122433","https://p16-common-sign.tiktokcdn.com/tos-maliva-avt-0068/81d3fcaaebb9b818ec1a2103c0d684d9~tplv-tiktokx-cropcenter:100:100.jpg?dr=14579&refresh_token=0d165d1b&x-expires=1780200000&x-signature=wMn9UBiH6pKqXQLZ%2F%2FRNahtH2W4%3D&t=4d5b0474&ps=13740610&shp=30310797&shcp=ff37627b&idc=my"
"Osea van a cuidar el mundial en México y no a sus ciudadanos x estar los cuerpos policíacos muy ocupados","20","1","2026-03-07T06:50:48.000Z","tikmoonvip","https://www.tiktok.com/@latinus_us/video/7614352986915163412","6912472573851517958","7614402464368984853","https://p16-common-sign.tiktokcdn.com/tos-maliva-avt-0068/7322784279153524741~tplv-tiktokx-cropcenter:100:100.jpg?dr=14579&refresh_token=0667e33b&x-expires=1780200000&x-signature=mRfGOqMmPDxVfYRuuQUivLwUUpw%3D&t=4d5b0474&ps=13740610&shp=30310797&shcp=ff37627b&idc=my"
"Que miedos ir a México ya no iré al mundial","5","3","2026-03-07T13:52:15.000Z","danerys38","https://www.tiktok.com/@latinus_us/video/7614352986915163412","7412161979849180165","7614511131411170055","https://p16-common-sign.tiktokcdn.com/tos-alisg-avt-0068/8a5a0a6b1b68670281dd7a44a8192cc6~tplv-tiktokx-cropcenter:100:100.jpg?dr=14579&refresh_token=ce506231&x-expires=1780200000&x-signature=n8Ym3MrbyLsXSWGWuoIfPsrt%2FJU%3D&t=4d5b0474&ps=13740610&shp=30310797&shcp=ff37627b&idc=my"
"Y porque toda esa fuerza y seguridad no la usan también para limpiar a cada estado y al país del crimen organizado???😏😏😏😏😏","10","0","2026-03-07T06:34:45.000Z","galloarteaga019","https://www.tiktok.com/@latinus_us/video/7614352986915163412","6981326394127025158","7614398379048616722","https://p19-common-sign.tiktokcdn-us.com/tos-alisg-avt-0068/6562aefe530e8afd94c5f9baf5e68434~tplv-tiktokx-cropcenter:100:100.jpg?dr=9640&refresh_token=b0fc8f5e&x-expires=1780200000&x-signature=G02kE6%2FtRZiyz8%2BqS1FHHANOXC4%3D&t=4d5b0474&ps=13740610&shp=30310797&shcp=ff37627b&idc=useast5"
"FIFA debería de sacar a México del mundial","5","0","2026-03-07T18:47:16.000Z","artbeat2025","https://www.tiktok.com/@latinus_us/video/7614352986915163412","119127460788469760","7614587145612772116","https://p16-common-sign.tiktokcdn-us.com/tos-alisg-avt-0068/ae8db5e94cac5b782eea3c8324bd9211~tplv-tiktokx-cropcenter:100:100.jpg?dr=9640&refresh_token=93417e33&x-expires=1780200000&x-signature=auL%2FStdljVZ8P49rm5spG9KB5Mg%3D&t=4d5b0474&ps=13740610&shp=30310797&shcp=ff37627b&idc=useast5"
"asta los carteles los van a cuidar verdad narco gobierno","24","0","2026-03-07T03:49:39.000Z","gilberto.rodrguez822","https://www.tiktok.com/@latinus_us/video/7614352986915163412","7502994877719282696","7614355837099950865","https://p19-common-sign.tiktokcdn-us.com/tos-alisg-avt-0068/12748a20ef5bf01f30f47215aeb7a943~tplv-tiktokx-cropcenter:100:100.jpg?dr=9640&refresh_token=af9e7e4f&x-expires=1780200000&x-signature=wgHlTZfxL18g%2BWj%2B%2BgGsSrEUlF8%3D&t=4d5b0474&ps=13740610&shp=30310797&shcp=ff37627b&idc=useast5"
"Así deberían de poner seguridad en los hospitales para que no abusen de sus médicos","13","0","2026-03-07T15:38:51.000Z","zyanrol20","https://www.tiktok.com/@latinus_us/video/7614352986915163412","6808742410627269638","7614538579386172181","https://p19-common-sign.tiktokcdn-us.com/tos-maliva-avt-0068/e05bfbe1d111100d387c90ef7f66853b~tplv-tiktokx-cropcenter:100:100.jpg?dr=9640&refresh_token=5517aa06&x-expires=1780200000&x-signature=wu4jrE%2B2ThVwBa8RwZM7doSbZB0%3D&t=4d5b0474&ps=13740610&shp=30310797&shcp=ff37627b&idc=useast5"
"Protegiendo a los de afuera y a las mujeres de Mexico y los desaparecid@s nada 😒","8","0","2026-03-07T20:52:51.000Z","nanda_78_20","https://www.tiktok.com/@latinus_us/video/7614352986915163412","6896522161571611653","7614619436990300929","https://p16-common-sign.tiktokcdn-us.com/tos-alisg-avt-0068/72f4398dce3be159b2980684dc23d6cc~tplv-tiktokx-cropcenter:100:100.jpg?dr=9640&refresh_token=8c33dfeb&x-expires=1780200000&x-signature=RS2nxtJWf9Cvh4odBIrSofSXmf8%3D&t=4d5b0474&ps=13740610&shp=30310797&shcp=ff37627b&idc=useast5"
"Ojo turistas tienen 15 días antes del mundial para entrar y 15 días después del mundial para salir después el gobierno no es responsable de lo que les pase","9","0","2026-03-08T03:02:13.000Z","emmanuelkuawei","https://www.tiktok.com/@latinus_us/video/7614352986915163412","6977539750136136710","7614714683324613396","https://p16-common-sign.tiktokcdn-us.com/tos-maliva-avt-0068/7336297784200396805~tplv-tiktokx-cropcenter:100:100.jpg?dr=9640&refresh_token=ec614855&x-expires=1780200000&x-signature=65OSYyAjX3AlGlOZj0Zk3pUzYIA%3D&t=4d5b0474&ps=13740610&shp=30310797&shcp=ff37627b&idc=useast5"
"Con esto demuestran que siempre han podido protegernos, pero han decidido NO hacerlo. Bendita 4T.","9","0","2026-03-07T19:12:35.000Z","cervantees_7","https://www.tiktok.com/@latinus_us/video/7614352986915163412","6803179241033171974","7614593677763232520","https://p19-common-sign.tiktokcdn-us.com/tos-maliva-avt-0068/60b96bf1243f99e54005b5bee8e5c66f~tplv-tiktokx-cropcenter:100:100.jpg?dr=9640&refresh_token=06a2a54b&x-expires=1780200000&x-signature=dSfpV3ekF68PccaA70gcrSPohPw%3D&t=4d5b0474&ps=13740610&shp=30310797&shcp=ff37627b&idc=useast5"
"Que nos quieren decir que si se puede hacer operativos de seguridad pero no para el pueblo bueno y pero si para los turistas.... Que cinismo de este gobierno","9","0","2026-03-08T02:18:46.000Z","angeluz527","https://www.tiktok.com/@latinus_us/video/7614352986915163412","7261682243121808390","7614703460874175250","https://p19-common-sign.tiktokcdn-us.com/tos-maliva-avt-0068/7379639378201182213~tplv-tiktokx-cropcenter:100:100.jpg?dr=9640&refresh_token=d429c5ac&x-expires=1780200000&x-signature=EWiQ0mXQikjJPD10GQZjFyRvmR8%3D&t=4d5b0474&ps=13740610&shp=30310797&shcp=ff37627b&idc=useast5"
"todo eso deben usar para acabar con los carteles y cuidar a la ciudadanía siempre","9","0","2026-03-07T23:10:50.000Z","user6518775783248","https://www.tiktok.com/@latinus_us/video/7614352986915163412","7536020311843193911","7614653087403344653","https://p19-common-sign.tiktokcdn-us.com/musically-maliva-obj/1594805258216454~tplv-tiktokx-cropcenter:100:100.jpg?dr=9640&refresh_token=e340c4d0&x-expires=1780200000&x-signature=y0I6Dncomm86fyA9XjJdWa1HRzE%3D&t=4d5b0474&ps=13740610&shp=30310797&shcp=ff37627b&idc=useast5"
"ojalá y esos operativos se hicieran contra el narco","9","0","2026-03-07T16:09:09.000Z","carlamorelos482","https://www.tiktok.com/@latinus_us/video/7614352986915163412","6857559742111122438","7614546413133284103","https://p16-common-sign.tiktokcdn-us.com/tos-maliva-avt-0068/7095428857356156933~tplv-tiktokx-cropcenter:100:100.jpg?dr=9640&refresh_token=c7f775b2&x-expires=1780200000&x-signature=REW%2Blr51q9Anz%2BE%2F65BIaafqlS8%3D&t=4d5b0474&ps=13740610&shp=30310797&shcp=ff37627b&idc=useast5"
"Solo por el mundial, los demás días los mexicanos pueden buscar su propia seguridad y aún así hay gente que piensa que la 4T es lo mejor.","7","0","2026-03-08T00:12:00.000Z","danonin12","https://www.tiktok.com/@latinus_us/video/7614352986915163412","6767208516840522757","7614670794354737928","https://p16-common-sign.tiktokcdn-us.com/tos-alisg-avt-0068/5354c43fd63ce380b4395327d55d8ef9~tplv-tiktokx-cropcenter:100:100.jpg?dr=9640&refresh_token=d85b5c3e&x-expires=1780200000&x-signature=A6ItGaoDOEbWMwQPityRE7q9b%2Bk%3D&t=4d5b0474&ps=13740610&shp=30310797&shcp=ff37627b&idc=useast5"
"Casi 100,000 elementos federales y este gobierno hace nada para acabar con el crimen organizado.
Todo el poder del estado y para que. Solo les interesa seguir saqueando al país.","6","0","2026-03-08T23:48:32.000Z","leono2803","https://www.tiktok.com/@latinus_us/video/7614352986915163412","6979817793827914758","7615035842453455623","https://p19-common-sign.tiktokcdn-us.com/tos-maliva-avt-0068/83d1fca5d7a455b5e4df0fe440b0fa8d~tplv-tiktokx-cropcenter:100:100.jpg?dr=9640&refresh_token=506d4f6f&x-expires=1780200000&x-signature=%2BYwqauDsFl5kcmWlfYQPCBWk%2Bow%3D&t=4d5b0474&ps=13740610&shp=30310797&shcp=ff37627b&idc=useast5"
"Eso está muy tarde. Debieron haber iniciado hace 7 años. Pero no, eran “abrazos y no balazos”","6","0","2026-03-07T11:14:44.000Z","supersergio1709","https://www.tiktok.com/@latinus_us/video/7614352986915163412","7550339443481084934","7614470501193401109","https://p16-common-sign.tiktokcdn-us.com/musically-maliva-obj/1594805258216454~tplv-tiktokx-cropcenter:100:100.jpg?dr=9640&refresh_token=f6d184af&x-expires=1780200000&x-signature=VW8UWPJqAaIplom5IP4ju2xgIsk%3D&t=4d5b0474&ps=13740610&shp=30310797&shcp=ff37627b&idc=useast5"
"[Sticker] mientras tanto claudia:","6","0","2026-03-09T18:53:58.000Z","angelitotakabron","https://www.tiktok.com/@latinus_us/video/7614352986915163412","6853466966607594501","7615331002089931527","https://p19-common-sign.tiktokcdn-us.com/tos-alisg-avt-0068/d8983e0c30b8caea8d08a5140b3825a5~tplv-tiktokx-cropcenter:100:100.jpg?dr=9640&refresh_token=95372f79&x-expires=1780200000&x-signature=9gIaAV8Sm3P4PUT3LptHWyxJzCQ%3D&t=4d5b0474&ps=13740610&shp=30310797&shcp=ff37627b&idc=useast5"
"oraleee así deberían de proteger a su pueblo y no solo a los extranjeros 😕","6","0","2026-03-08T08:15:04.000Z","nelly.gomezs","https://www.tiktok.com/@latinus_us/video/7614352986915163412","6754141219721872390","7614795306248733461","https://p16-common-sign.tiktokcdn-us.com/tos-alisg-avt-0068/9010283d2dd123bbb1535e5b90918c05~tplv-tiktokx-cropcenter:100:100.jpg?dr=9640&refresh_token=1f317877&x-expires=1780200000&x-signature=OcJ8uB6sCGiEtlYLEZnfbnkQZQs%3D&t=4d5b0474&ps=13740610&shp=30310797&shcp=ff37627b&idc=useast5"
"Que feo que se enfoquen en esto en vez de proteger al pueblo","6","0","2026-03-09T11:24:43.000Z","taroskennel","https://www.tiktok.com/@latinus_us/video/7614352986915163412","6723914347117429765","7615215259557200660","https://p19-common-sign.tiktokcdn-us.com/tos-maliva-avt-0068/e228126dfafd65016d89e81a8a749dd5~tplv-tiktokx-cropcenter:100:100.jpg?dr=9640&refresh_token=20979c12&x-expires=1780200000&x-signature=7cN6pnLipKoTdFW%2FLeSIfgAaN9Q%3D&t=4d5b0474&ps=13740610&shp=30310797&shcp=ff37627b&idc=useast5"
"Ósea que siempre pudieron dar seguridad como en El Salvador pero no querían?","7","0","2026-03-07T23:30:57.000Z","talivan.444","https://www.tiktok.com/@latinus_us/video/7614352986915163412","6833162938490209286","7614660235152048903","https://p19-common-sign.tiktokcdn-us.com/tos-alisg-avt-0068/64bf4d9ed578d70e4d3f9e61586fee51~tplv-tiktokx-cropcenter:100:100.jpg?dr=9640&refresh_token=a7e34938&x-expires=1780200000&x-signature=K8xkuqjpozFpvSVUWNbrsAs2evM%3D&t=4d5b0474&ps=13740610&shp=30310797&shcp=ff37627b&idc=useast5"
"osea que habrá protección para que se pueda jugar al fútbol, pero no hay protección para tener una buena calidad de vida.","7","0","2026-03-08T06:44:25.000Z","wal9721","https://www.tiktok.com/@latinus_us/video/7614352986915163412","7283364589512098859","7614771733555839775","https://p19-common-sign.tiktokcdn-us.com/tos-useast8-avt-0068-tx2/fba659749fffa20b4ef5333ea7e7ddc1~tplv-tiktokx-cropcenter:100:100.jpg?dr=9640&refresh_token=55b64190&x-expires=1780200000&x-signature=8qxToLQFdB%2BwCB1k9IT8SRDYKl4%3D&t=4d5b0474&ps=13740610&shp=30310797&shcp=ff37627b&idc=useast5"
"Solo para el mundial, después seguirá la carnicería.","6","0","2026-03-09T01:52:33.000Z","alvarezyalvarezabogados","https://www.tiktok.com/@latinus_us/video/7614352986915163412","7272260926349476870","7615067814940656402","https://p19-common-sign.tiktokcdn-us.com/tos-alisg-avt-0068/b716d5555df6f3d5fb96a983eace7b60~tplv-tiktokx-cropcenter:100:100.jpg?dr=9640&refresh_token=4818b767&x-expires=1780200000&x-signature=2mRtdQ4%2F%2FFcyPeY7U0qDmjteCSA%3D&t=4d5b0474&ps=13740610&shp=30310797&shcp=ff37627b&idc=useast5"
"La presidente ya pactó tregua con su socio el narco","6","0","2026-03-08T03:19:02.000Z","javoomp","https://www.tiktok.com/@latinus_us/video/7614352986915163412","6940728558454506501","7614718995044958997","https://p19-common-sign.tiktokcdn-us.com/tos-maliva-avt-0068/7327728598625910789~tplv-tiktokx-cropcenter:100:100.jpg?dr=9640&refresh_token=dfb55ebe&x-expires=1780200000&x-signature=smB%2F2HGoTZmWgg%2FXaNu8bs5E5nw%3D&t=4d5b0474&ps=13740610&shp=30310797&shcp=ff37627b&idc=useast5"
"¿Cuándo sale el plan de seguridad que protege a los mexicanos?","6","0","2026-03-09T01:36:41.000Z","that_george_","https://www.tiktok.com/@latinus_us/video/7614352986915163412","7070754946551022598","7615063733026554631","https://p19-common-sign.tiktokcdn-us.com/tos-alisg-avt-0068/6a43c71903c0c16b23f0ac166e5e963d~tplv-tiktokx-cropcenter:100:100.jpg?dr=9640&refresh_token=dc569b1a&x-expires=1780200000&x-signature=4TOK1JaPC1PrnbAyMj6jIHD709g%3D&t=4d5b0474&ps=13740610&shp=30310797&shcp=ff37627b&idc=useast5"
"Todo el mundial va ser en México y Canadá, porque usa 🇺🇸 no participará por lo que ya saben 😅😅😅","6","0","2026-03-09T00:20:23.000Z","roda_adrian","https://www.tiktok.com/@latinus_us/video/7614352986915163412","6777473216400131078","7615043997187638030","https://p19-common-sign.tiktokcdn-us.com/tos-useast5-avt-0068-tx/0e3403eed2730b783dc8463f8c3de135~tplv-tiktokx-cropcenter:100:100.jpg?dr=9640&refresh_token=84d3b909&x-expires=1780200000&x-signature=9x%2FsSBs0dMGCfCeqk5DlEKz5MA0%3D&t=4d5b0474&ps=13740610&shp=30310797&shcp=ff37627b&idc=useast5"
"Botón para que cancelen el mundial !!! México no lo merece !!!","8","0","2026-03-07T07:52:07.000Z","haytantodequehablar","https://www.tiktok.com/@latinus_us/video/7614352986915163412","7352741468489319430","7614418318342472456","https://p19-common-sign.tiktokcdn-us.com/tos-alisg-avt-0068/5f83bb0ae5a1205e32e8ac1eed296e39~tplv-tiktokx-cropcenter:100:100.jpg?dr=9640&refresh_token=d4c6590d&x-expires=1780200000&x-signature=Kuy%2BZU%2BQpG9hOLyj665XztZeGCg%3D&t=4d5b0474&ps=13740610&shp=30310797&shcp=ff37627b&idc=useast5"
"así debería ser todos los días 😸","19","0","2026-03-07T04:26:14.000Z","josefloresmendiza","https://www.tiktok.com/@latinus_us/video/7614352986915163412","7531575343779333125","7614365228847645460","https://p19-common-sign.tiktokcdn-us.com/tos-alisg-avt-0068/fcd29de5ac59393bf68716a0bdee26c9~tplv-tiktokx-cropcenter:100:100.jpg?dr=9640&refresh_token=81fc907c&x-expires=1780200000&x-signature=0u0LL6gWxHDNbIfIyH2Qc7LHM4w%3D&t=4d5b0474&ps=13740610&shp=30310797&shcp=ff37627b&idc=useast5"
"No al mundial, matan mujeres todos los días y no las protegen","10","0","2026-03-08T14:55:40.000Z","alecordoba900","https://www.tiktok.com/@latinus_us/video/7614352986915163412","7159364882172855302","7614898566707856146","https://p19-common-sign.tiktokcdn-us.com/tos-alisg-avt-0068/b277710833091b61b2345887ceaddcbb~tplv-tiktokx-cropcenter:100:100.jpg?dr=9640&refresh_token=ff89d484&x-expires=1780200000&x-signature=J3b8g56xLSLcCPjWaj%2FCLvkOLzU%3D&t=4d5b0474&ps=13740610&shp=30310797&shcp=ff37627b&idc=useast5"
"quieren proteger a gente de fuera para un mundial pero a su gente no","33","0","2026-03-07T04:02:39.000Z","sonywu24","https://www.tiktok.com/@latinus_us/video/7614352986915163412","6807583739762983941","7614359143563133716","https://p16-common-sign.tiktokcdn-us.com/tos-alisg-avt-0068/bfec380a8b70b9aefab74a34384fea3c~tplv-tiktokx-cropcenter:100:100.jpg?dr=9640&refresh_token=43f89755&x-expires=1780200000&x-signature=Pl6BXSqzJiYRWJG7NOGNAPY9DEw%3D&t=4d5b0474&ps=13740610&shp=30310797&shcp=ff37627b&idc=useast5"
"Qué pena que sea para cuidar a los turistas y no lo hagan siempre para cuidar a los mexicanos","10","0","2026-03-07T17:32:34.000Z","davidarizmendiz","https://www.tiktok.com/@latinus_us/video/7614352986915163412","7049469434205553670","7614567866042925845","https://p19-common-sign.tiktokcdn-us.com/tos-maliva-avt-0068/7323366100406353925~tplv-tiktokx-cropcenter:100:100.jpg?dr=9640&refresh_token=701bfa3f&x-expires=1780200000&x-signature=webMyhBRNVIy3dCQsglUEIa5ebk%3D&t=4d5b0474&ps=13740610&shp=30310797&shcp=ff37627b&idc=useast8"
"Entonces para el gobierno es prioridad la seguridad de 5.5 millones de turistas por 1 mes, que la de 134 millones de mexicanos todo el año?","8","0","2026-03-07T17:29:23.000Z","omj9811","https://www.tiktok.com/@latinus_us/video/7614352986915163412","6796847586549662726","7614567069242458898","https://p19-common-sign.tiktokcdn-us.com/tos-maliva-avt-0068/e6f78b22f1f8f646b1a1cb03cac12b8b~tplv-tiktokx-cropcenter:100:100.jpg?dr=9640&refresh_token=40672d72&x-expires=1780200000&x-signature=qQqcMSMutrusckHV2PNjWQwZvh4%3D&t=4d5b0474&ps=13740610&shp=30310797&shcp=ff37627b&idc=useast8"
"Aaa pero los q vivimos, pagamos impuestos y sus salarios","23","1","2026-03-07T05:14:50.000Z","jorgebermudes","https://www.tiktok.com/@latinus_us/video/7614352986915163412","6804983651655795717","7614377790351147784","https://p16-common-sign.tiktokcdn.com/tos-alisg-avt-0068/55f8d0bd71fd837c5e78e34f861732ff~tplv-tiktokx-cropcenter:100:100.jpg?dr=14579&refresh_token=13c32dec&x-expires=1780200000&x-signature=IonJF7WLQUUn8GaGOCPk6uw6TZ4%3D&t=4d5b0474&ps=13740610&shp=30310797&shcp=ff37627b&idc=my"
"el detalle es que ls visitantes saben como los narcos están en la policia así que no es muy seguro","6","1","2026-03-08T03:29:35.000Z","kevin.cruz2587","https://www.tiktok.com/@latinus_us/video/7614352986915163412","7493960464184738846","7614721574017745678","https://p16-common-sign.tiktokcdn.com/tos-maliva-avt-0068/fb23cb7617bac38e6241d6549af80c15~tplv-tiktokx-cropcenter:100:100.jpg?dr=14579&refresh_token=97eb3cd3&x-expires=1780200000&x-signature=DPG%2FbFQzY2KNHJmkwbuDIPXBq0w%3D&t=4d5b0474&ps=13740610&shp=30310797&shcp=ff37627b&idc=my"
"Por qué si tienen tanto no combaten a los narcos","5","1","2026-03-07T16:16:24.000Z","jimmyromero17","https://www.tiktok.com/@latinus_us/video/7614352986915163412","6738470861093618693","7614548268127372050","https://p19-common-sign.tiktokcdn.com/tos-maliva-avt-0068/f162092d9d8a16a1233987681545b91f~tplv-tiktokx-cropcenter:100:100.jpg?dr=14579&refresh_token=d37c8530&x-expires=1780200000&x-signature=adW%2BudjX6Eg3knGAR5t5ITyTFzA%3D&t=4d5b0474&ps=13740610&shp=30310797&shcp=ff37627b&idc=my"
"Too late ya se canceló mi viaje a Mx y no pienso volver a pasar por la incertidumbre de si habrá balacera o no","46","7","2026-03-07T23:04:10.000Z","rich2045","https://www.tiktok.com/@latinus_us/video/7614352986915163412","6957007317637596165","7614653327125070599","https://p16-common-sign.tiktokcdn.com/tos-alisg-avt-0068/de0c9d6a8e33b47d7674dc34e280dfa0~tplv-tiktokx-cropcenter:100:100.jpg?dr=14579&refresh_token=6dc00ae2&x-expires=1780200000&x-signature=weeN3m9Vuqqv4hnqb5iCu5jW0jE%3D&t=4d5b0474&ps=13740610&shp=30310797&shcp=ff37627b&idc=my"
"si el gobierno quisiera combatir a los cárteles si podría hacerlo, con este despliegue lo están demostrando, lo que pasa es que no quieren combatirlos","13","5","2026-03-07T04:11:48.000Z","jcivtjob","https://www.tiktok.com/@latinus_us/video/7614352986915163412","6979328076568347654","7614361496508728071","https://p16-common-sign.tiktokcdn.com/musically-maliva-obj/1594805258216454~tplv-tiktokx-cropcenter:100:100.jpg?dr=14579&refresh_token=fa307169&x-expires=1780200000&x-signature=mehcPq0GqZUJprcMKOYk31VuyvU%3D&t=4d5b0474&ps=13740610&shp=30310797&shcp=ff37627b&idc=my"
"Y si el gobierno tiene esa capacidad de protección y defensa, porque no aplica de manera permanente??","25","3","2026-03-07T18:27:58.000Z","normamontao20","https://www.tiktok.com/@latinus_us/video/7614352986915163412","7225001929796961286","7614582156569395986","https://p16-common-sign.tiktokcdn.com/tos-maliva-avt-0068/7225003186741280773~tplv-tiktokx-cropcenter:100:100.jpg?dr=14579&refresh_token=2bc3fba3&x-expires=1780200000&x-signature=VDJ%2F8sdXmiABHHNSSR1Q6T1mCkw%3D&t=4d5b0474&ps=13740610&shp=30310797&shcp=ff37627b&idc=my"
"","37","0","2026-03-07T03:41:33.000Z","keven.21.05.22","https://www.tiktok.com/@latinus_us/video/7614352986915163412","7248687029899543558","7614353716041663239","https://p16-common-sign.tiktokcdn.com/tos-alisg-avt-0068/c4b586fc7a8cf84a6f4bf326ee7da3e3~tplv-tiktokx-cropcenter:100:100.jpg?dr=14579&refresh_token=d1f5d839&x-expires=1780200000&x-signature=kIbnwwi15O9JNFPU0eHGygTvII4%3D&t=4d5b0474&ps=13740610&shp=30310797&shcp=ff37627b&idc=my"
"Botón de deseo que México no participe como sede del mundial.","22","0","2026-03-07T15:11:36.000Z","mr.bambam05","https://www.tiktok.com/@latinus_us/video/7614352986915163412","7448826190717764613","7614531566854636295","https://p16-common-sign.tiktokcdn.com/tos-alisg-avt-0068/e2158272a71954e0b2a9330792944634~tplv-tiktokx-cropcenter:100:100.jpg?dr=14579&refresh_token=88f1e680&x-expires=1780200000&x-signature=P6XJDpajkNPPm%2FAlGsSFbCz37og%3D&t=4d5b0474&ps=13740610&shp=30310797&shcp=ff37627b&idc=my"
"Mi profundo respeto, empatía que puedan dar con sus familiares y puedan dar fin a su pesar. 🖤","8","0","2026-05-27T04:01:10.000Z","jhonatanpc0318","https://www.tiktok.com/@ajplusespanol/video/7644374184180616456","6875357864191820806","7644416660905394965","https://p16-common-sign.tiktokcdn-us.com/tos-alisg-avt-0068/7321704404691484673~tplv-tiktokx-cropcenter:100:100.jpg?dr=9640&refresh_token=6db7687f&x-expires=1780200000&x-signature=Ute8ljDMZAXCqT6K5R08mYcXWQQ%3D&t=4d5b0474&ps=13740610&shp=30310797&shcp=ff37627b&idc=useast8"
"dios los cuide y proteja , ojalá que pronto encuentren a sus seres queridos 🥺","8","0","2026-05-27T07:04:03.000Z","miguelpiceno4","https://www.tiktok.com/@ajplusespanol/video/7644374184180616456","6721398398212195329","7644463811982541575","https://p19-common-sign.tiktokcdn-us.com/tos-maliva-avt-0068/685a935e24911694d924f17b5b50f273~tplv-tiktokx-cropcenter:100:100.jpg?dr=9640&refresh_token=97a608de&x-expires=1780200000&x-signature=LuLzoeTYfpWEHSaxMu62dVXyMpU%3D&t=4d5b0474&ps=13740610&shp=30310797&shcp=ff37627b&idc=useast8"
"son heroes, que Dios este con ellos y encuentren a sus seres amados","6","0","2026-05-28T03:20:19.000Z","badhorse78","https://www.tiktok.com/@ajplusespanol/video/7644374184180616456","6902240013666436101","7644777230472512264","https://p19-common-sign.tiktokcdn-us.com/tos-alisg-avt-0068/5f998f2946c4bc7773497e56b61fb8c7~tplv-tiktokx-cropcenter:100:100.jpg?dr=9640&refresh_token=894d7aa3&x-expires=1780200000&x-signature=FnW8Q3%2B0S8ONbFd2pSrk72yBwE0%3D&t=4d5b0474&ps=13740610&shp=30310797&shcp=ff37627b&idc=useast8"
"que vergüenza Mi México 🥺🥹","7","0","2026-05-28T01:09:06.000Z","arelyuribemartinez","https://www.tiktok.com/@ajplusespanol/video/7644374184180616456","7004078958288684037","7644743363775038228","https://p19-common-sign.tiktokcdn-us.com/tos-maliva-avt-0068/30938ba159b81a0715c64eaa7b0a01c0~tplv-tiktokx-cropcenter:100:100.jpg?dr=9640&refresh_token=32d1450f&x-expires=1780200000&x-signature=2TghofDiB5vDqUVxSrAcx74dvj4%3D&t=4d5b0474&ps=13740610&shp=30310797&shcp=ff37627b&idc=useast8"
"los comentarios ocultos 👀","5","0","2026-05-27T02:14:35.000Z","yang.zero","https://www.tiktok.com/@ajplusespanol/video/7644374184180616456","6947338318502151173","7644389216470205202","https://p19-common-sign.tiktokcdn-us.com/tos-alisg-avt-0068/c44d1306bd612c4e1ca3d654635b47c1~tplv-tiktokx-cropcenter:100:100.jpg?dr=9640&refresh_token=f8f4ea61&x-expires=1780200000&x-signature=ve136PkIyWUzFPvRxshvhDDnU08%3D&t=4d5b0474&ps=13740610&shp=30310797&shcp=ff37627b&idc=useast8"
"@Sugar Coffee (Gaby's gf): @valex:@Beatrice🍓: @☆ manguito 🥭: :DIFUSIÓN 🙏🏻 DIFUSIÓN 🙏🏻 DIFUSIÓN 🙏🏻 DIFUSIÓN 🙏🏻 DIFUSIÓN 🙏🏻 DIFUSIÓN 🙏🏻 DIFUSIÓN 🙏🏻 DIFUSIÓN 🙏🏻 DIFUSIÓN 🙏🏻 DIFUSIÓN 🙏🏻 DIFUSIÓN 🙏🏻 DIFUSIÓN 🙏🏻 DIFUSIÓN 🙏🏻 DIFUSIÓN 🙏🏻 DIFUSIÓN 🙏🏻 DIFUSIÓN 🙏🏻 DIFUSIÓN 🙏🏻 DIFUSIÓN 🙏🏻 DIFUSIÓN 🙏🏻 DIFUSIÓN 🙏🏻 DIFUSIÓN 🙏🏻 DIFUSIÓN 🙏🏻 DIFUSIÓN 🙏🏻 DIFUSIÓN 🙏🏻 DIFUSIÓN 🙏🏻 DIFUSIÓN 🙏🏻 DIFUSIÓN 🙏🏻 DIFUSIÓN 🙏🏻 DIFUSIÓN 🙏🏻 DIFUSIÓN 🙏🏻 DIFUSIÓN 🙏🏻 DIFUSIÓN 🙏🏻 DIFUSIÓN 🙏🏻 DIFUSIÓN 🙏🏻 DIFUSIÓN 🙏🏻 DIFUSIÓN 🙏🏻 DIFUSIÓN 🙏🏻 DIFUSIÓN 🙏🏻 DIFUSIÓN 🙏🏻 DIFUSIÓN 🙏🏻 DIFUSIÓN 🙏🏻 DIFUSIÓN 🙏🏻 DIFUSIÓN 🙏🏻 DIFUSIÓN 🙏🏻 DIFUSIÓN 🙏🏻 DIFUSIÓN 🙏🏻 DIFUSIÓN 🙏🏻 DIFUSIÓN 🙏🏻 DIFUSIÓN 🙏🏻 DIFUSIÓN 🙏🏻 DIFUSIÓN 🙏🏻 DIFUSIÓN 🙏🏻 DIFUSIÓN 🙏🏻 DIFUSIÓN 🙏🏻DIFUSIÓN 🙏🏻 DIFUSIÓN 🙏🏻 DIFUSIÓN 🙏🏻 DIFUSIÓN 🙏🏻 DIFUSIÓN 🙏🏻 DIFUSIÓN 🙏🏻 DIFUSIÓN 🙏🏻 DIFUSIÓN 🙏🏻 DIFUSIÓN 🙏🏻 DIFUSIÓN 🙏🏻 DIFUSIÓN 🙏🏻 DIFUSIÓN 🙏🏻 DIFUSIÓN 🙏🏻 DIFUSIÓN 🙏🏻 DIFUSIÓN 🙏🏻 DIFUSIÓN 🙏🏻 DIFUSIÓN 🙏🏻 DIFUSIÓN 🙏🏻 DIFUSIÓN 🙏🏻 DIFUSIÓN 🙏🏻 DIFUSIÓN 🙏🏻 DIFUSIÓN 🙏🏻 DIFUSIÓN 🙏🏻 DIFUSIÓN 🙏🏻 DIFUSIÓN 🙏🏻 DIFUSIÓN 🙏🏻 DIFUSIÓN 🙏🏻 DIFUSIÓN 🙏🏻 DIFUSIÓN 🙏🏻 DIFUSIÓN 🙏🏻 DIFUSIÓN 🙏🏻 DIFUSIÓN 🙏🏻 DIFUSIÓN 🙏🏻 DIFUSIÓN 🙏🏻 DIFUSIÓN 🙏🏻 DIFUSIÓN 🙏🏻 DIFUSIÓN 🙏🏻 DIFUSIÓN 🙏🏻 DIFUSIÓN 🙏🏻 DIFUSIÓN 🙏🏻 DIFUSIÓN 🙏🏻 DIFUSIÓN 🙏🏻 DIFUSIÓN 🙏🏻 DIFUSIÓN 🙏🏻 DIFUSIÓN 🙏🏻 DIFUSIÓN 🙏🏻 DIFUSIÓN 🙏🏻 DIFUSIÓN 🙏🏻 DIFUSIÓN 🙏🏻 DIFUSIÓN 🙏🏻 DIFUSIÓN 🙏🏻 DIFUSIÓN 🙏🏻 DIFUSIÓN 🙏🏻 DIFUSIÓN 🙏🏻DIFUSIÓN 🙏🏻 DIFUSIÓN 🙏🏻 DIFUSIÓN 🙏🏻 DIFUSIÓN 🙏🏻 DIFUSIÓN 🙏🏻 DIFUSIÓN 🙏🏻 DIFUSIÓN 🙏🏻 DIFUSIÓN 🙏🏻 DIFUSIÓN 🙏🏻 DIFUSIÓN 🙏🏻 DIFUSIÓN 🙏🏻 DIFUSIÓN 🙏🏻 DIFUSIÓN 🙏🏻 DIFUSIÓN 🙏🏻 DIFUSIÓN 🙏🏻 DIFUSIÓN 🙏🏻 DIFUSIÓN 🙏🏻 DIFUSIÓN 🙏🏻 DIFUSIÓN 🙏🏻 DIFUSIÓN 🙏🏻 DIFUSIÓN 🙏🏻 DIFUSIÓN 🙏🏻 DIFUSIÓN 🙏🏻 DIFUSIÓN 🙏🏻 DIFUSIÓN 🙏🏻 DIFUSIÓN 🙏🏻 DIFUSIÓN 🙏🏻 DIFUSIÓN 🙏🏻 DIFUSIÓN 🙏🏻 DIFUSIÓN 🙏🏻 DIFUSIÓN 🙏🏻 DIFUSIÓN 🙏🏻 DIFUSIÓN 🙏🏻 DIFUSIÓN 🙏🏻 DIFUSIÓN 🙏🏻 DIFUSIÓN 🙏🏻 DIFUSIÓN 🙏🏻 DIFUSIÓN 🙏🏻 DIFUSIÓN 🙏🏻 DIFUSIÓNj🙏🏻 DIFUSIÓN 🙏🏻 DIFUSIÓN 🙏🏻","6","0","2026-05-27T06:12:11.000Z","hahahaj966","https://www.tiktok.com/@ajplusespanol/video/7644374184180616456","7014648933171790854","7644450431905776400","https://p19-common-sign.tiktokcdn-us.com/musically-maliva-obj/1594805258216454~tplv-tiktokx-cropcenter:100:100.jpg?dr=9640&refresh_token=e340c4d0&x-expires=1780200000&x-signature=y0I6Dncomm86fyA9XjJdWa1HRzE%3D&t=4d5b0474&ps=13740610&shp=30310797&shcp=ff37627b&idc=useast8"
"El mundial es cada 4 años y desaparecidos hay siempre pueden esperar.","6","13","2026-05-28T23:41:42.000Z","leger0907","https://www.tiktok.com/@ajplusespanol/video/7644374184180616456","6825378820154819590","7645091911062422292","https://p19-common-sign.tiktokcdn-us.com/tos-maliva-avt-0068/c7a5dbfdb56e09a031580669e4498d5f~tplv-tiktokx-cropcenter:100:100.jpg?dr=9640&refresh_token=26908aac&x-expires=1780200000&x-signature=TgJHg1qevKumSvXYbb%2BT%2Faiq49U%3D&t=4d5b0474&ps=13740610&shp=30310797&shcp=ff37627b&idc=useast8"
"[Sticker] Hay prioridades wue. En el mundial viene el bicho","7","5","2026-05-28T00:51:30.000Z","huauv3","https://www.tiktok.com/@ajplusespanol/video/7644374184180616456","7126685953956414470","7644738821632099073","https://p16-common-sign.tiktokcdn-us.com/tos-alisg-avt-0068/33cc3bafc5989cc71aebb5e69e988456~tplv-tiktokx-cropcenter:100:100.jpg?dr=9640&refresh_token=ccf8c23a&x-expires=1780200000&x-signature=c4rerwEntY0UsYo4PpIoPt6jiDo%3D&t=4d5b0474&ps=13740610&shp=30310797&shcp=ff37627b&idc=useast8"
"El mundial dará mucho empleo y dinero del turismo 😩 así que yo sí estoy de acuerdo con el mundial","4","16","2026-05-28T02:04:19.000Z","nancy.merc","https://www.tiktok.com/@ajplusespanol/video/7644374184180616456","7011274496167953413","7644757658683572999","https://p16-common-sign.tiktokcdn-us.com/tos-maliva-avt-0068/356cee65a8abdf34ec0b91456ad2e8d0~tplv-tiktokx-cropcenter:100:100.jpg?dr=9640&refresh_token=58e753f3&x-expires=1780200000&x-signature=11jYeAhbxoEsPYOv0DXTW%2F4Vdeg%3D&t=4d5b0474&ps=13740610&shp=30310797&shcp=ff37627b&idc=useast8"
"dios los bendiga","1","0","2026-05-29T09:12:58.000Z","hidroprimo","https://www.tiktok.com/@ajplusespanol/video/7644374184180616456","7603433557399634951","7645239203291153170","https://p16-common-sign.tiktokcdn-us.com/tos-alisg-avt-0068/4ea7b705218fd4ff94f1f719cf5e7db2~tplv-tiktokx-cropcenter:100:100.jpg?dr=9640&refresh_token=d4daf3a6&x-expires=1780200000&x-signature=7um2MyWSMjK59SHemTlG%2BnPcfqM%3D&t=4d5b0474&ps=13740610&shp=30310797&shcp=ff37627b&idc=useast8"
"que Dios padre les bendiga y logren encontrar a sus hijos.","1","0","2026-05-29T13:35:05.000Z","estrellaazul1212","https://www.tiktok.com/@ajplusespanol/video/7644374184180616456","7169423720816673797","7645306738963284757","https://p16-common-sign.tiktokcdn-us.com/tos-maliva-avt-0068/c880d8bd0ed12ae6bfb6a0fa597d5d79~tplv-tiktokx-cropcenter:100:100.jpg?dr=9640&refresh_token=0985bf3b&x-expires=1780200000&x-signature=7m4sev0tsE3m%2FlnHOawgJy3zXDM%3D&t=4d5b0474&ps=13740610&shp=30310797&shcp=ff37627b&idc=useast8"
"El gobierno que hace para el mundial? Si el mundial lo hace la FIFA?","3","12","2026-05-27T07:58:18.000Z","football_3ddd","https://www.tiktok.com/@ajplusespanol/video/7644374184180616456","7523929674042278918","7644477790003708692","https://p16-common-sign.tiktokcdn-us.com/tos-alisg-avt-0068/ddc8a7eb34105419de71c507d627d83a~tplv-tiktokx-cropcenter:100:100.jpg?dr=9640&refresh_token=c8bb2788&x-expires=1780200000&x-signature=%2BWUocrp26dopt%2Fv1g%2FwyeeV2eGM%3D&t=4d5b0474&ps=13740610&shp=30310797&shcp=ff37627b&idc=useast8"
"y por que asta orita salen aser eso","3","8","2026-05-28T04:25:35.000Z","javiertorrez20","https://www.tiktok.com/@ajplusespanol/video/7644374184180616456","6853529134971880454","7644794004966769439","https://p16-common-sign.tiktokcdn-us.com/musically-maliva-obj/1594805258216454~tplv-tiktokx-cropcenter:100:100.jpg?dr=9640&refresh_token=f6d184af&x-expires=1780200000&x-signature=VW8UWPJqAaIplom5IP4ju2xgIsk%3D&t=4d5b0474&ps=13740610&shp=30310797&shcp=ff37627b&idc=useast8"
"No queremos mundial queremos justicia🙏🏻","0","1","2026-05-29T23:22:15.000Z","dayan18077","https://www.tiktok.com/@ajplusespanol/video/7644374184180616456","6954927899317421062","7645457953919320853","https://p19-common-sign.tiktokcdn-us.com/tos-maliva-avt-0068/86c1985584fe39988dd92c3e49f258ff~tplv-tiktokx-cropcenter:100:100.jpg?dr=9640&refresh_token=c0d263a0&x-expires=1780200000&x-signature=2NguvIWURsqgN6Y%2FG21WJLDK5KQ%3D&t=4d5b0474&ps=13740610&shp=30310797&shcp=ff37627b&idc=useast8"
"JAJAJA LOS ESTADIOS SON PRIVADOS 🤣 EL ÚNICO BENEFICIO DE NOSOTROS SON LAS VENTAS ♥️","1","9","2026-05-27T07:05:43.000Z","el.ver395","https://www.tiktok.com/@ajplusespanol/video/7644374184180616456","7521807408366519303","7644464235199922951","https://p19-common-sign.tiktokcdn-us.com/tos-alisg-avt-0068/38c7dd44fa63a85f5edd0bb453f561ee~tplv-tiktokx-cropcenter:100:100.jpg?dr=9640&refresh_token=1214e901&x-expires=1780200000&x-signature=jO12X8Ybc%2B0CAKWWn0%2B4IBZty2g%3D&t=4d5b0474&ps=13740610&shp=30310797&shcp=ff37627b&idc=useast8"
"por qué no dices el contexto quien negoció y firmó el contrato para el mundial fue el prian","1","7","2026-05-27T23:57:24.000Z","jjeda6","https://www.tiktok.com/@ajplusespanol/video/7644374184180616456","7163798134853813291","7644724905645130509","https://p16-common-sign.tiktokcdn-us.com/tos-useast5-avt-0068-tx/7344830368052150315~tplv-tiktokx-cropcenter:100:100.jpg?dr=9640&refresh_token=54204f5e&x-expires=1780200000&x-signature=CrFxyc4zlgH3n7ghWDyGcXVZgxI%3D&t=4d5b0474&ps=13740610&shp=30310797&shcp=ff37627b&idc=useast8"
"la gente que se queja del mundial como si el mundial tuviera la culpa la culpa la tiene el gobierno y aparte casi todo el mundial se jugará en usa y Canadá","3","4","2026-05-28T02:24:46.000Z","daniel.montes30","https://www.tiktok.com/@ajplusespanol/video/7644374184180616456","7297464264578761733","7644762857372779265","https://p19-common-sign.tiktokcdn-us.com/tos-alisg-avt-0068/f05a09341c465f5a302d3d517c9d5132~tplv-tiktokx-cropcenter:100:100.jpg?dr=9640&refresh_token=90a73783&x-expires=1780200000&x-signature=20Fw%2BtbgjthvxtOGMurqln82Lmo%3D&t=4d5b0474&ps=13740610&shp=30310797&shcp=ff37627b&idc=useast8"
"Apoyo la manifestación el día del mundial 🙌","1","0","2026-05-29T03:01:29.000Z","stefanyvferrer","https://www.tiktok.com/@ajplusespanol/video/7644374184180616456","7125899546898482182","7645143456012862228","https://p19-common-sign.tiktokcdn-us.com/tos-alisg-avt-0068/76d7ff6cbbfe6a5b6421127f69093c81~tplv-tiktokx-cropcenter:100:100.jpg?dr=9640&refresh_token=f4c9e6c8&x-expires=1780200000&x-signature=z43U1eBTmIUMkoQjQvpweC%2BFE7Q%3D&t=4d5b0474&ps=13740610&shp=30310797&shcp=ff37627b&idc=useast8"
"[Sticker] ","1","0","2026-05-29T05:10:17.000Z","neloscuro8000","https://www.tiktok.com/@ajplusespanol/video/7644374184180616456","7359816775659111466","7645176599025206047","https://p16-common-sign.tiktokcdn-us.com/tos-useast8-avt-0068-tx2/671686355d34568b470c494822e76f3e~tplv-tiktokx-cropcenter:100:100.jpg?dr=9640&refresh_token=24348de5&x-expires=1780200000&x-signature=1QsyntGHsVDkoimq4xY%2B4eS1MlA%3D&t=4d5b0474&ps=13740610&shp=30310797&shcp=ff37627b&idc=useast8"
"duele pero no por eso va a dejar a mas de 30 selecciones sin mundial ya que eso son problemas internos de mexico no es culpa de la fifa ni mucho menos de las otras selecciones","1","4","2026-05-29T20:54:06.000Z","...kdnal7","https://www.tiktok.com/@ajplusespanol/video/7644374184180616456","7228798219417322501","7645419871630934802","https://p19-common-sign.tiktokcdn-us.com/tos-alisg-avt-0068/9171a54e35f0c4ded62df944ad993dbd~tplv-tiktokx-cropcenter:100:100.jpg?dr=9640&refresh_token=e880f76d&x-expires=1780200000&x-signature=jg6Epl40l%2BxEpH%2F6v%2FuK46%2BGQk4%3D&t=4d5b0474&ps=13740610&shp=30310797&shcp=ff37627b&idc=useast8"
"Haber, el gobierno no destina ya dinero para la realización del mundial, eso lo hace la federación de fútbol y los empresarios.
Dos, existen fiscalias especializadas en ese tema.","0","4","2026-05-29T04:27:29.000Z","plumacrobat7166","https://www.tiktok.com/@ajplusespanol/video/7644374184180616456","6916527558553846790","7645165618749276949","https://p16-common-sign.tiktokcdn-us.com/tos-alisg-avt-0068/9705441aff8aa285dbf82e668428503f~tplv-tiktokx-cropcenter:100:100.jpg?dr=9640&refresh_token=415722f6&x-expires=1780200000&x-signature=ZM1T5IJYI6kAeJ8%2Fpud6E4L%2FMNg%3D&t=4d5b0474&ps=13740610&shp=30310797&shcp=ff37627b&idc=useast8"
"eso no tiene nada que ver con el mundial","2","6","2026-05-28T02:55:22.000Z","rojodiablo501","https://www.tiktok.com/@ajplusespanol/video/7644374184180616456","7092385334484173870","7644770785509032735","https://p16-common-sign.tiktokcdn-us.com/tos-useast5-avt-0068-tx/7352609092239622186~tplv-tiktokx-cropcenter:100:100.jpg?dr=9640&refresh_token=f699609c&x-expires=1780200000&x-signature=%2BSrm%2FEf7N7AYIojr%2BlW2WsrJcTg%3D&t=4d5b0474&ps=13740610&shp=30310797&shcp=ff37627b&idc=useast8"
"de hecho el futbol es un ente muy aparte a la politica los gobiernos no pagsn a los jugadores etc.","2","4","2026-05-29T04:29:15.000Z","jorge.jhcffernandez","https://www.tiktok.com/@ajplusespanol/video/7644374184180616456","7242098663915815941","7645166054763447060","https://p16-common-sign.tiktokcdn-us.com/tos-maliva-avt-0068/7af2608c22511ebba01c955d6e6f08f6~tplv-tiktokx-cropcenter:100:100.jpg?dr=9640&refresh_token=deeafc7c&x-expires=1780200000&x-signature=KL5sUluNm234r4i%2By5vFLmpu3A4%3D&t=4d5b0474&ps=13740610&shp=30310797&shcp=ff37627b&idc=useast8"
"Y quien pidió el mundial??? Peña Nieto. Xq las cedes se eligen con 8 años de anticipación","2","4","2026-05-28T02:20:01.000Z","uriel_durant","https://www.tiktok.com/@ajplusespanol/video/7644374184180616456","6800976223889671173","7644761662302978837","https://p16-common-sign.tiktokcdn-us.com/tos-maliva-avt-0068/7334267756436520965~tplv-tiktokx-cropcenter:100:100.jpg?dr=9640&refresh_token=fcc1ab2d&x-expires=1780200000&x-signature=Ejg2x4lPoyyb6GcuuOHW9vtqS24%3D&t=4d5b0474&ps=13740610&shp=30310797&shcp=ff37627b&idc=useast8"
"[Sticker] ","2","0","2026-05-27T04:49:36.000Z","samait11","https://www.tiktok.com/@ajplusespanol/video/7644374184180616456","6819080291275015173","7644429159570588432","https://p19-common-sign.tiktokcdn-us.com/tos-maliva-avt-0068/7a057c2b9af4a7d371676c3444b57b36~tplv-tiktokx-cropcenter:100:100.jpg?dr=9640&refresh_token=4c56d6a1&x-expires=1780200000&x-signature=si3YHNZH%2F1twbUmauzZuFUA%2F0zM%3D&t=4d5b0474&ps=13740610&shp=30310797&shcp=ff37627b&idc=useast8"
"en lugar del Mundial... ayuden a esas familias!!!!","1","0","2026-05-30T01:51:20.000Z","monica67og","https://www.tiktok.com/@ajplusespanol/video/7644374184180616456","7101493547556602885","7645496451130098452","https://p16-common-sign.tiktokcdn-us.com/tos-maliva-avt-0068/84b2bb17db395d80e2f0a25e0041bb57~tplv-tiktokx-cropcenter:100:100.jpg?dr=9640&refresh_token=360cd0d2&x-expires=1780200000&x-signature=frWCPTcQmMeY1PEHs6aKRAcufxo%3D&t=4d5b0474&ps=13740610&shp=30310797&shcp=ff37627b&idc=useast8"
"y los padres en casa qué hacemos por educar a nuestros hijos todo se lo queremos dejar a los gobiernos si nosotros no podemos con uno o dos hijos menos el gobierno no va a poder con millones","3","10","2026-05-28T04:57:35.000Z","georgegonzlez52","https://www.tiktok.com/@ajplusespanol/video/7644374184180616456","7436372243554108462","7644802249805579039","https://p19-common-sign.tiktokcdn-us.com/tos-useast8-avt-0068-tx2/8b7c1c4417c3d5d4a9a70e6a542036f2~tplv-tiktokx-cropcenter:100:100.jpg?dr=9640&refresh_token=faeedaaa&x-expires=1780200000&x-signature=ObqVZ%2BFLyYs4gDXtBfcg6NQl55o%3D&t=4d5b0474&ps=13740610&shp=30310797&shcp=ff37627b&idc=useast8"
"buenos para proteger a extranjeros y no para proteger a su gente","16","0","2026-03-07T05:07:33.000Z","ch.zaid258","https://www.tiktok.com/@latinus_us/video/7614352986915163412","7316649225675949062","7614375858837963528","https://p16-common-sign.tiktokcdn.com/tos-alisg-avt-0068/a48962b56c54571af477ededcbaacb4a~tplv-tiktokx-cropcenter:100:100.jpg?dr=14579&refresh_token=e79b4d4f&x-expires=1780200000&x-signature=QuZBjbM%2FuaExj6CgosrZ7Fx2hCg%3D&t=4d5b0474&ps=13740610&shp=30310797&shcp=ff37627b&idc=my"
"Ósea que si se puede realizar un plan de protección a los ciudadanos?","12","0","2026-03-09T17:02:05.000Z","nizmomazha","https://www.tiktok.com/@latinus_us/video/7614352986915163412","6777448967492912134","7615302192920412929","https://p16-common-sign.tiktokcdn.com/tos-maliva-avt-0068/8ce52d88d27138672419f1ff59f1249e~tplv-tiktokx-cropcenter:100:100.jpg?dr=14579&refresh_token=ca0f1de5&x-expires=1780200000&x-signature=gLqItXGEara%2BnCu5eUmGilX9yKE%3D&t=4d5b0474&ps=13740610&shp=30310797&shcp=ff37627b&idc=my"
"Y se acaba el mundial y todo vuelve a lo mismo","10","0","2026-03-07T06:25:15.000Z","j.g2971","https://www.tiktok.com/@latinus_us/video/7614352986915163412","7492931505443701765","7614395904250626824","https://p16-common-sign.tiktokcdn-us.com/tos-maliva-avt-0068/9f90fc98d55494860f83fa68ec20254f~tplv-tiktokx-cropcenter:100:100.jpg?dr=9640&refresh_token=5482a1ea&x-expires=1780200000&x-signature=k3FL%2Brtg41bZL%2FPIb6yS1W1azmA%3D&t=4d5b0474&ps=13740610&shp=30310797&shcp=ff37627b&idc=useast5"
"Ojalá cancelen la sede","6","0","2026-03-08T07:12:38.000Z","soyyuridel","https://www.tiktok.com/@latinus_us/video/7614352986915163412","6809786655274681349","7614779201107657492","https://p16-common-sign.tiktokcdn-us.com/tos-maliva-avt-0068/7332607419119796230~tplv-tiktokx-cropcenter:100:100.jpg?dr=9640&refresh_token=4f0871d1&x-expires=1780200000&x-signature=SfkF7SjkVrXFMgMNi%2B6ZmJk5hXI%3D&t=4d5b0474&ps=13740610&shp=30310797&shcp=ff37627b&idc=useast5"
"esto deberían de hacer todos los días SIN mundial para proteger a su país","9","0","2026-03-07T05:34:41.000Z","david.araiza.beni","https://www.tiktok.com/@latinus_us/video/7614352986915163412","7303426682008962054","7614382882689516308","https://p19-common-sign.tiktokcdn-us.com/tos-maliva-avt-0068/e84b159a7b9d458fcefc262696a0d834~tplv-tiktokx-cropcenter:100:100.jpg?dr=9640&refresh_token=32a83a9c&x-expires=1780200000&x-signature=Q%2FHBDK7w6naIWekSdCRm%2BYCBhDU%3D&t=4d5b0474&ps=13740610&shp=30310797&shcp=ff37627b&idc=useast5"
"si tan solo usaran toda esa organización y poder para realmente limpiar y cuidar el país 😔","15","0","2026-03-07T15:32:44.000Z","pixel_nolber20","https://www.tiktok.com/@latinus_us/video/7614352986915163412","7066562491517862918","7614537016823350024","https://p16-common-sign.tiktokcdn-us.com/tos-maliva-avt-0068/e3ad7752e7c09f3ba109099730f7fda5~tplv-tiktokx-cropcenter:100:100.jpg?dr=9640&refresh_token=5955df44&x-expires=1780200000&x-signature=TkZkq%2BtEZfVfB3PUy23ZSTHk8GE%3D&t=4d5b0474&ps=13740610&shp=30310797&shcp=ff37627b&idc=useast5"
"proteger turistas x la derrama económica por unos dias y todos los ciudadanos que pagamos impuestos hasta x respirar no lo merecemos? total burla para los mexicanos por mi que se cancele","8","0","2026-03-07T21:03:44.000Z","jgrinch77","https://www.tiktok.com/@latinus_us/video/7614352986915163412","6938289649542824966","7614622308480811783","https://p16-common-sign.tiktokcdn-us.com/tos-maliva-avt-0068/1b917de9711e055eec454ccf456e16ac~tplv-tiktokx-cropcenter:100:100.jpg?dr=9640&refresh_token=0d1f6d6d&x-expires=1780200000&x-signature=epF2T2jw3F1NjXYys7m3Yna6%2BpY%3D&t=4d5b0474&ps=13740610&shp=30310797&shcp=ff37627b&idc=useast5"
"se imaginan q hicieran esas grandes estrategias en michoacan, sinaloa bueno en todo mexico, o sin necesidad de la inauguración del mundial, la verdad mexico sería otra historia 🥺","9","0","2026-03-07T22:58:14.000Z","orlandovega102","https://www.tiktok.com/@latinus_us/video/7614352986915163412","7107120336144237573","7614651789477315335","https://p19-common-sign.tiktokcdn-us.com/tos-alisg-avt-0068/fdecec3170b4f4c6d97be8b9edf0d28c~tplv-tiktokx-cropcenter:100:100.jpg?dr=9640&refresh_token=eeaaf916&x-expires=1780200000&x-signature=44CI9h4EpxCtbaMCM4Ce%2BY3ut9E%3D&t=4d5b0474&ps=13740610&shp=30310797&shcp=ff37627b&idc=useast5"
"Plan Khe ?","9","0","2026-03-08T02:58:01.000Z","yoshua5934","https://www.tiktok.com/@latinus_us/video/7614352986915163412","7281392639592629254","7614713614137590548","https://p16-common-sign.tiktokcdn-us.com/tos-maliva-avt-0068/a09c9ee19ca176c7f75fa95632202fe8~tplv-tiktokx-cropcenter:100:100.jpg?dr=9640&refresh_token=7de7a9b2&x-expires=1780200000&x-signature=O2Nx975czF%2Fx5ERL2Kjg8%2FnPlKY%3D&t=4d5b0474&ps=13740610&shp=30310797&shcp=ff37627b&idc=useast5"
"me estás diciendo, que mexico si puede implementar medidas de seguridad... pero no para los mexicanos 😑","7","0","2026-03-07T07:31:14.000Z","carmen.murillo846","https://www.tiktok.com/@latinus_us/video/7614352986915163412","7483423821345801223","7614411830149317383","https://p16-common-sign.tiktokcdn-us.com/tos-alisg-avt-0068/9375e0ff528329435b63dc153605b4bf~tplv-tiktokx-cropcenter:100:100.jpg?dr=9640&refresh_token=eddace82&x-expires=1780200000&x-signature=6eWf0zJwSM0%2BrT9wdNF0qcBBZbA%3D&t=4d5b0474&ps=13740610&shp=30310797&shcp=ff37627b&idc=useast5"
"O sea que si es posible vivir en un México seguro solo que tienen que quedar bien con todo el mundo menos con su pueblo, órale","8","0","2026-03-07T20:30:43.000Z","daviid_dhdz","https://www.tiktok.com/@latinus_us/video/7614352986915163412","6797140881873110021","7614613782945825544","https://p16-common-sign.tiktokcdn-us.com/tos-alisg-avt-0068/900f9ffaba007f9c8d2f7a86751a826f~tplv-tiktokx-cropcenter:100:100.jpg?dr=9640&refresh_token=d3382512&x-expires=1780200000&x-signature=wTp%2B0CIq3dv3mcIK6ADNTKJh%2Frg%3D&t=4d5b0474&ps=13740610&shp=30310797&shcp=ff37627b&idc=useast5"
"un poco mas y es el.plan kukusklan 😂😂😂","5","0","2026-03-08T00:35:22.000Z","alexantoto","https://www.tiktok.com/@latinus_us/video/7614352986915163412","6917012306564187137","7614676766104142614","https://p19-common-sign.tiktokcdn-us.com/tos-no1a-avt-0068c001-no/69a697954d2248d15f8464bda8dcb746~tplv-tiktokx-cropcenter:100:100.jpg?dr=9640&refresh_token=b6b0d893&x-expires=1780200000&x-signature=xwmJy4BiAW910wfqfDudPLYxUfM%3D&t=4d5b0474&ps=13740610&shp=30310797&shcp=ff37627b&idc=useast5"
"y cuando nos van a proteger a nosotros?","11","0","2026-03-07T16:08:19.000Z","joseespinoza6444","https://www.tiktok.com/@latinus_us/video/7614352986915163412","7200951001971524654","7614546002670650143","https://p19-common-sign.tiktokcdn-us.com/tos-useast5-avt-0068-tx/7205042720447365163~tplv-tiktokx-cropcenter:100:100.jpg?dr=9640&refresh_token=6545d33b&x-expires=1780200000&x-signature=G9BPIW%2BCMFeBbGoES0MNzc9mEpc%3D&t=4d5b0474&ps=13740610&shp=30310797&shcp=ff37627b&idc=useast5"
"No pues entonces que nunca se vayan los turistas caray, para estar más protegidos","12","0","2026-03-07T13:46:15.000Z","eve12378909","https://www.tiktok.com/@latinus_us/video/7614352986915163412","6822345246681564166","7614509542727140112","https://p16-common-sign.tiktokcdn-us.com/tos-alisg-avt-0068/836c23de7321e5c01acb787c9f90abc3~tplv-tiktokx-cropcenter:100:100.jpg?dr=9640&refresh_token=4bba3752&x-expires=1780200000&x-signature=u%2BRhohGEIVAimn2U%2BJ8UBSbZVEY%3D&t=4d5b0474&ps=13740610&shp=30310797&shcp=ff37627b&idc=useast5"
"y porque no hacen eso para sus ciudadanos???","6","0","2026-03-08T09:03:52.000Z","arielitocampos","https://www.tiktok.com/@latinus_us/video/7614352986915163412","7053909602077819909","7614807885277381384","https://p19-common-sign.tiktokcdn-us.com/tos-maliva-avt-0068/794f2b5b9c5375dab40a91bc83919663~tplv-tiktokx-cropcenter:100:100.jpg?dr=9640&refresh_token=90526bcb&x-expires=1780200000&x-signature=REtApKY5mu8MPvqw2%2BdgpTGC%2Bng%3D&t=4d5b0474&ps=13740610&shp=30310797&shcp=ff37627b&idc=useast5"
"Que raro que no lo terminaron con la palabra ""Bienestar"" 😂","9","0","2026-03-07T18:28:39.000Z","jesus.emmanuel.lop","https://www.tiktok.com/@latinus_us/video/7614352986915163412","6895482340991861765","7614582328392532757","https://p16-common-sign.tiktokcdn-us.com/tos-alisg-avt-0068/7326683808965591060~tplv-tiktokx-cropcenter:100:100.jpg?dr=9640&refresh_token=ace834b2&x-expires=1780200000&x-signature=s6mwIUmKZ2jbx5EZv9pl9i4DSgQ%3D&t=4d5b0474&ps=13740610&shp=30310797&shcp=ff37627b&idc=useast5"
"Y, ¿en Culiacán también tendremos ese plan? 🫩","6","0","2026-03-09T03:14:15.000Z","alexisvelazquezbe","https://www.tiktok.com/@latinus_us/video/7614352986915163412","220387073441095680","7615088874397844231","https://p19-common-sign.tiktokcdn-us.com/tos-alisg-avt-0068/77d055239a681f0f788c3f7ecf7a3104~tplv-tiktokx-cropcenter:100:100.jpg?dr=9640&refresh_token=d68c0a91&x-expires=1780200000&x-signature=i0pMN%2FU%2BECGplFdknH6vkGh9qVo%3D&t=4d5b0474&ps=13740610&shp=30310797&shcp=ff37627b&idc=useast5"
"eso deberían de hacer todo el año y en todo México no nomas en esos eventos 🙄🙄🙄🙄","6","0","2026-03-07T20:36:21.000Z","josedelgado2439","https://www.tiktok.com/@latinus_us/video/7614352986915163412","7300040544885130283","7614615087580054303","https://p16-common-sign.tiktokcdn-us.com/tos-useast8-avt-0068-tx2/4ff723c91af2258e91ac9397a696da5b~tplv-tiktokx-cropcenter:100:100.jpg?dr=9640&refresh_token=3b95c350&x-expires=1780200000&x-signature=EVX49Bxf2wOqKymnPNfaivwyegg%3D&t=4d5b0474&ps=13740610&shp=30310797&shcp=ff37627b&idc=useast5"
"por favor FIFA cancele el mundial en México está muy muy peligroso","6","0","2026-03-09T13:58:30.000Z","gabrielagacu","https://www.tiktok.com/@latinus_us/video/7614352986915163412","6989027122469192710","7615254896850715410","https://p16-common-sign.tiktokcdn-us.com/tos-maliva-avt-0068/1bda8538de13ecef951f52c57ac1beef~tplv-tiktokx-cropcenter:100:100.jpg?dr=9640&refresh_token=e2b328c6&x-expires=1780200000&x-signature=GqdQu%2Fi41nosb8lFRB1%2FlZaQdGA%3D&t=4d5b0474&ps=13740610&shp=30310797&shcp=ff37627b&idc=useast5"
"Que se cancele","12","0","2026-03-07T04:08:47.000Z","arturo.contreras441","https://www.tiktok.com/@latinus_us/video/7614352986915163412","7489485519912190992","7614360729315689237","https://p16-common-sign.tiktokcdn-us.com/tos-maliva-avt-0068/536e6ff7e3dd5cf8884760edb12481f7~tplv-tiktokx-cropcenter:100:100.jpg?dr=9640&refresh_token=dbf15032&x-expires=1780200000&x-signature=WqEn8zqcQmVwiCaoS8IWHsjwg2w%3D&t=4d5b0474&ps=13740610&shp=30310797&shcp=ff37627b&idc=useast5"
"la cosa debe estar grabe para invocar a Kukulkán","7","0","2026-03-08T00:17:48.000Z","lixlix_19","https://www.tiktok.com/@latinus_us/video/7614352986915163412","6884495365795070977","7614671655730365204","https://p19-common-sign.tiktokcdn-us.com/tos-alisg-avt-0068/1babb53fcb6123a2885db0c4e552a74a~tplv-tiktokx-cropcenter:100:100.jpg?dr=9640&refresh_token=a05c2cbf&x-expires=1780200000&x-signature=rU1JA79c2TrE1Q7mnLzE%2Fn3zk6Y%3D&t=4d5b0474&ps=13740610&shp=30310797&shcp=ff37627b&idc=useast5"
"i porque no asen eso por su propia jente","7","0","2026-03-08T07:29:40.000Z","centrodebellezautomotriz","https://www.tiktok.com/@latinus_us/video/7614352986915163412","7235128987696366598","7614783596872647442","https://p16-common-sign.tiktokcdn-us.com/tos-alisg-avt-0068/9976cab7924edf6ec94a9c54aa3ebd8b~tplv-tiktokx-cropcenter:100:100.jpg?dr=9640&refresh_token=c31f5e3d&x-expires=1780200000&x-signature=pjWVHwVWd%2B%2FdglwWkkjbV9rKgrU%3D&t=4d5b0474&ps=13740610&shp=30310797&shcp=ff37627b&idc=useast5"
"Y cuando termine el mundial? Regreso a la realidad 💀","7","0","2026-03-09T01:46:05.000Z","pato.tatts","https://www.tiktok.com/@latinus_us/video/7614352986915163412","6781303662632780805","7615066039278076702","https://p16-common-sign.tiktokcdn-us.com/tos-useast5-avt-0068-tx/491e51184f7c900f80480b097c9ac552~tplv-tiktokx-cropcenter:100:100.jpg?dr=9640&refresh_token=df68ec8b&x-expires=1780200000&x-signature=0omKp8bxLT3Ac3RcGPi2n0gvUes%3D&t=4d5b0474&ps=13740610&shp=30310797&shcp=ff37627b&idc=useast5"
"Imaginen esto en Sinaloa también ?","7","0","2026-03-08T01:07:03.000Z","franciscordz017","https://www.tiktok.com/@latinus_us/video/7614352986915163412","6838423000925881350","7614684991230395143","https://p19-common-sign.tiktokcdn-us.com/tos-maliva-avt-0068/76e6450d0a8a69097d30f31a4e15fb8b~tplv-tiktokx-cropcenter:100:100.jpg?dr=9640&refresh_token=c8706075&x-expires=1780200000&x-signature=vx7iiTMSalE8WjwnvOaon%2Bl9hks%3D&t=4d5b0474&ps=13740610&shp=30310797&shcp=ff37627b&idc=useast5"
"Vergüenza de gobierno tenemos!!!","7","0","2026-03-08T18:19:22.000Z","irmaperez6613","https://www.tiktok.com/@latinus_us/video/7614352986915163412","7144467087871673350","7614951018800055061","https://p19-common-sign.tiktokcdn-us.com/tos-maliva-avt-0068/ba890e3eec57cb2987544511cf33d60a~tplv-tiktokx-cropcenter:100:100.jpg?dr=9640&refresh_token=756a3ba9&x-expires=1780200000&x-signature=3Z8P2qGFcLGevVdQZ49sMG2D740%3D&t=4d5b0474&ps=13740610&shp=30310797&shcp=ff37627b&idc=useast5"
"Solo pensar en México da miedo","7","0","2026-03-07T11:55:52.000Z","jcastr27","https://www.tiktok.com/@latinus_us/video/7614352986915163412","6822267695254569990","7614481117530817297","https://p19-common-sign.tiktokcdn-us.com/tos-alisg-avt-0068/85998b4d77ce3f5a26f56b0a6092b766~tplv-tiktokx-cropcenter:100:100.jpg?dr=9640&refresh_token=ce40717e&x-expires=1780200000&x-signature=N6R64YHHgWDMXAtpJSzFDslPXGE%3D&t=4d5b0474&ps=13740610&shp=30310797&shcp=ff37627b&idc=useast5"
"Todo sea por los extranjeros y que a los mexicanos nos cargue la chingasa","7","0","2026-03-08T14:26:13.000Z","yeitsac","https://www.tiktok.com/@latinus_us/video/7614352986915163412","6898511109344461829","7614890942387061525","https://p16-common-sign.tiktokcdn-us.com/tos-maliva-avt-0068/693fc33adf63793ed380ede5cf33853e~tplv-tiktokx-cropcenter:100:100.jpg?dr=9640&refresh_token=6d853055&x-expires=1780200000&x-signature=G%2FprWX7mDGVGZtKcho%2ByrbHRVIM%3D&t=4d5b0474&ps=13740610&shp=30310797&shcp=ff37627b&idc=useast5"
"Y estados unidos, no se lo van a quitar? 🤔 🤔 Esta en plena guerra 😒","5","0","2026-03-08T22:10:45.000Z","user19801a","https://www.tiktok.com/@latinus_us/video/7614352986915163412","7062275719268385839","7615010584170349325","https://p16-common-sign.tiktokcdn-us.com/tos-useast5-avt-0068-tx/85d9e1c8c5c2ec9e1998c31f0bdaa7cd~tplv-tiktokx-cropcenter:100:100.jpg?dr=9640&refresh_token=04080869&x-expires=1780200000&x-signature=nTou6k6SNH9KBlXfvBYy0yMvgU0%3D&t=4d5b0474&ps=13740610&shp=30310797&shcp=ff37627b&idc=useast5"
"Pues que no se pierdan y ya!","3","7","2026-05-27T13:36:52.000Z","nr03vas3","https://www.tiktok.com/@ajplusespanol/video/7644374184180616456","7595802679072752656","7644565005287424785","https://p19-common-sign.tiktokcdn-us.com/musically-maliva-obj/1594805258216454~tplv-tiktokx-cropcenter:100:100.jpg?dr=9640&refresh_token=e340c4d0&x-expires=1780200000&x-signature=y0I6Dncomm86fyA9XjJdWa1HRzE%3D&t=4d5b0474&ps=13740610&shp=30310797&shcp=ff37627b&idc=useast8"
"es que no lo entenderías. .. son cosas diferentes","4","3","2026-05-28T01:37:49.000Z","ernestoramirez822","https://www.tiktok.com/@ajplusespanol/video/7644374184180616456","6986785743462188037","7644750751332614932","https://p16-common-sign.tiktokcdn-us.com/tos-maliva-avt-0068/788eff46a2303e580734ddfde9f4e4e9~tplv-tiktokx-cropcenter:100:100.jpg?dr=9640&refresh_token=e4aaf5ca&x-expires=1780200000&x-signature=rTlbu60sgbp5WNeJ2Xewz1jq84w%3D&t=4d5b0474&ps=13740610&shp=30310797&shcp=ff37627b&idc=useast8"
"No queremos mundial, queremos seguridad y paz","3","0","2026-05-28T16:07:13.000Z","candy.princess01","https://www.tiktok.com/@ajplusespanol/video/7644374184180616456","6819052256160318470","7644974872444125959","https://p19-common-sign.tiktokcdn-us.com/tos-alisg-avt-0068/e9654623975357941ca39dfa1b60676e~tplv-tiktokx-cropcenter:100:100.jpg?dr=9640&refresh_token=2bcdb0c3&x-expires=1780200000&x-signature=c3xa6swMJ5FyrN%2F298XodmCrDXQ%3D&t=4d5b0474&ps=13740610&shp=30310797&shcp=ff37627b&idc=useast8"
"Se hará el mundial! Duele todo, pero esto ya está también hecho.","4","0","2026-05-28T01:30:22.000Z","liobaby","https://www.tiktok.com/@ajplusespanol/video/7644374184180616456","1283652","7644748870325797662","https://p19-common-sign.tiktokcdn-us.com/tos-useast5-avt-0068-tx/1dc4234438e43446828c73e2477b9f88~tplv-tiktokx-cropcenter:100:100.jpg?dr=9640&refresh_token=f3c4c78b&x-expires=1780200000&x-signature=0lumACTr4vy9Jm8ryILlN8nhRXs%3D&t=4d5b0474&ps=13740610&shp=30310797&shcp=ff37627b&idc=useast8"
"Dos puntos, el primero: Hagan una manifestación durante los partidos del mundial, afuera de los estadios, en las zonas donde habrá pantallas para ver los partidos y etc. Habrá medios de todo el mundo y gente de muchos países que posiblemente lleguen a grabar y se haga noticia mundial, cierren también algunas calles para hacer más tardado el acceso a los partidos asi podrán ser más escuchados y tendrán la ayuda que necesitan.
Segundo punto: La mayoría del dinero invertido para remodelaciones, decoraciones, etc es por parte de la FIFA, el gobierno solo pone una pequeña parte. Realmente el gobierno si quisiera ayudar ya hubiera destinado más fondos a eso pero simplemente no quiere. Amo el fútbol y estoy a favor del mundial pero sinceramente no sería lo mismo si mi madre, padre, hermana o amigos no estuvieran para verlo a mi lado. Ojalá que encuentren a sus familiares y que vivan en paz, esperemos que sean escuchados y que el gobierno haga algo.","5","0","2026-05-27T06:53:17.000Z","fabian.2169","https://www.tiktok.com/@ajplusespanol/video/7644374184180616456","7386762748178678789","7644461026360984327","https://p19-common-sign.tiktokcdn-us.com/tos-maliva-avt-0068/9506d9188b63abfc4dcc4325095fc849~tplv-tiktokx-cropcenter:100:100.jpg?dr=9640&refresh_token=d3cc48ee&x-expires=1780200000&x-signature=3BsEsEH9c5VYuHi5vdH%2FzuugZxg%3D&t=4d5b0474&ps=13740610&shp=30310797&shcp=ff37627b&idc=useast8"
"[Sticker] ","3","0","2026-05-27T02:37:22.000Z","annika_jakimioto","https://www.tiktok.com/@ajplusespanol/video/7644374184180616456","6662127136168280070","7644395037196337941","https://p19-common-sign.tiktokcdn-us.com/tos-alisg-avt-0068/04fc598e4dfdaf50f405a06f0e1c4a00~tplv-tiktokx-cropcenter:100:100.jpg?dr=9640&refresh_token=4722167f&x-expires=1780200000&x-signature=4d3hAOcf3shdHYGcgRZeuuw9nzk%3D&t=4d5b0474&ps=13740610&shp=30310797&shcp=ff37627b&idc=useast8"
"[Sticker] Interactuando","6","0","2026-05-28T15:36:28.000Z","tatianaqadavra","https://www.tiktok.com/@ajplusespanol/video/7644374184180616456","6581876560709779461","7644966960245801746","https://p19-common-sign.tiktokcdn-us.com/tos-alisg-avt-0068/fc6537fb5e8d969bede9a7c3259d86b4~tplv-tiktokx-cropcenter:100:100.jpg?dr=9640&refresh_token=4a7df3b2&x-expires=1780200000&x-signature=Mv5t%2F9aOhAW3PewNmAOC8lycRp0%3D&t=4d5b0474&ps=13740610&shp=30310797&shcp=ff37627b&idc=useast8"
"no enserio, que pena...","0","0","2026-05-29T14:03:33.000Z","idgfcare69","https://www.tiktok.com/@ajplusespanol/video/7644374184180616456","7362613446830474273","7645314063505130262","https://p19-common-sign.tiktokcdn-us.com/tos-maliva-avt-0068/5c79e44ae0c345fe99d8cfdb18de55e9~tplv-tiktokx-cropcenter:100:100.jpg?dr=9640&refresh_token=e4b0b4ce&x-expires=1780200000&x-signature=zDwEbEvdRsG3q7VI11oXNfKnRAs%3D&t=4d5b0474&ps=13740610&shp=30310797&shcp=ff37627b&idc=useast8"
"[Sticker] ","1","0","2026-05-27T03:35:38.000Z","kare_her","https://www.tiktok.com/@ajplusespanol/video/7644374184180616456","7048727736068211718","7644409975935075088","https://p16-common-sign.tiktokcdn-us.com/tos-alisg-avt-0068/9d1e085160a705c0200ab63000824749~tplv-tiktokx-cropcenter:100:100.jpg?dr=9640&refresh_token=6eecf27e&x-expires=1780200000&x-signature=fhSS2B%2FNtBMrmnfFoedDRBDLVck%3D&t=4d5b0474&ps=13740610&shp=30310797&shcp=ff37627b&idc=useast8"
"[Sticker] ","1","0","2026-05-28T01:47:48.000Z","_davilux_","https://www.tiktok.com/@ajplusespanol/video/7644374184180616456","7290798790972441605","7644753389632520981","https://p19-common-sign.tiktokcdn-us.com/tos-alisg-avt-0068/1e7cf81ba7ebd4e3c4255db5583a376b~tplv-tiktokx-cropcenter:100:100.jpg?dr=9640&refresh_token=056d8d56&x-expires=1780200000&x-signature=YxzHvs8hyQnR63Edvugsm9T5cqI%3D&t=4d5b0474&ps=13740610&shp=30310797&shcp=ff37627b&idc=useast8"
"@superhipo35:prefiero un México sin desaparecidos, que un mundial, espero que puedan encontrarlos y los familiares tengan paz","3","0","2026-05-28T19:17:23.000Z","user619860074136","https://www.tiktok.com/@ajplusespanol/video/7644374184180616456","7286476012539429893","7645023842012185364","https://p19-common-sign.tiktokcdn-us.com/musically-maliva-obj/1594805258216454~tplv-tiktokx-cropcenter:100:100.jpg?dr=9640&refresh_token=e340c4d0&x-expires=1780200000&x-signature=y0I6Dncomm86fyA9XjJdWa1HRzE%3D&t=4d5b0474&ps=13740610&shp=30310797&shcp=ff37627b&idc=useast8"
"Dios les de mucha más fuerza amor y valor para seguir algo que todo el gobierno carece , vamos mexicanos apoyemos a la gente que si lo merece y no a un partido político que no merece que ninguna persona lo defienda","1","0","2026-05-29T13:44:19.000Z","user81965859154","https://www.tiktok.com/@ajplusespanol/video/7644374184180616456","7593219827314983956","7645309161193947912","https://p16-common-sign.tiktokcdn-us.com/musically-maliva-obj/1594805258216454~tplv-tiktokx-cropcenter:100:100.jpg?dr=9640&refresh_token=f6d184af&x-expires=1780200000&x-signature=VW8UWPJqAaIplom5IP4ju2xgIsk%3D&t=4d5b0474&ps=13740610&shp=30310797&shcp=ff37627b&idc=useast8"
"[Sticker] ","1","0","2026-05-27T13:33:27.000Z","chayo8503","https://www.tiktok.com/@ajplusespanol/video/7644374184180616456","7324928074918396933","7644564190073897745","https://p19-common-sign.tiktokcdn-us.com/tos-alisg-avt-0068/9a7898374e10422407f6383d8bb45dd2~tplv-tiktokx-cropcenter:100:100.jpg?dr=9640&refresh_token=a0cfb9b3&x-expires=1780200000&x-signature=wyPXqArBH%2FJQBgkQCa2nyq7vxOk%3D&t=4d5b0474&ps=13740610&shp=30310797&shcp=ff37627b&idc=useast8"
"[Sticker] Interactuando","4","1","2026-05-28T01:51:07.000Z","yareanh","https://www.tiktok.com/@ajplusespanol/video/7644374184180616456","6812061718417032197","7644754261607662356","https://p19-common-sign.tiktokcdn-us.com/tos-alisg-avt-0068/a2985cea95d1abc83e8314aaf6000e2c~tplv-tiktokx-cropcenter:100:100.jpg?dr=9640&refresh_token=d3736794&x-expires=1780200000&x-signature=IMuhu6g9DngAgodM7NE%2FF31NIyY%3D&t=4d5b0474&ps=13740610&shp=30310797&shcp=ff37627b&idc=useast8"
"[Sticker] ","2","0","2026-05-27T03:17:57.000Z","melikudoo","https://www.tiktok.com/@ajplusespanol/video/7644374184180616456","6805249236402324485","7644405534150869768","https://p16-common-sign.tiktokcdn-us.com/tos-maliva-avt-0068/5dbf7dceec5405d2fcc0d475a0e35340~tplv-tiktokx-cropcenter:100:100.jpg?dr=9640&refresh_token=55d6252a&x-expires=1780200000&x-signature=XMJP%2BsKVbZiZuKW9h6zUH%2B6ZElA%3D&t=4d5b0474&ps=13740610&shp=30310797&shcp=ff37627b&idc=useast8"
"En el parque de la ciudad donde vivo nunca habia visto pegados panfletos de desaparecidos y cuando recién pase y los vi fue un shock, se sintió muy triste🥺","4","0","2026-05-27T04:09:08.000Z","kellyrodriguezlaz","https://www.tiktok.com/@ajplusespanol/video/7644374184180616456","252002741953482752","7644418740529300232","https://p19-common-sign.tiktokcdn-us.com/tos-alisg-avt-0068/bdcadcdfa8c809ea115d98cb3ca2cd22~tplv-tiktokx-cropcenter:100:100.jpg?dr=9640&refresh_token=10fea221&x-expires=1780200000&x-signature=MRb2tAzgCUTA4MM9vaIEq3QyClY%3D&t=4d5b0474&ps=13740610&shp=30310797&shcp=ff37627b&idc=useast8"
"Fuerza a las familias","4","0","2026-05-27T08:15:38.000Z","patricia.ba84","https://www.tiktok.com/@ajplusespanol/video/7644374184180616456","7522562732131517473","7644482196312916758","https://p19-common-sign.tiktokcdn-us.com/tos-maliva-avt-0068/fb9435c0e58e6ef29c9a28eb821c250a~tplv-tiktokx-cropcenter:100:100.jpg?dr=9640&refresh_token=96130a16&x-expires=1780200000&x-signature=eRcMWV8CjVQSRNRxDXQIwIDbu6Y%3D&t=4d5b0474&ps=13740610&shp=30310797&shcp=ff37627b&idc=useast8"
"bien por uds! padres y madres valientes...dios los cuide y proteja!! 🙏🙏🙏","6","0","2026-05-27T13:35:23.000Z","haselaltacostura","https://www.tiktok.com/@ajplusespanol/video/7644374184180616456","7033611202215789573","7644564676176872210","https://p19-common-sign.tiktokcdn-us.com/tos-maliva-avt-0068/7328009395116048389~tplv-tiktokx-cropcenter:100:100.jpg?dr=9640&refresh_token=f4bb69ac&x-expires=1780200000&x-signature=kG6ZtakpP%2BU3IykkBsPFtz4J1Ow%3D&t=4d5b0474&ps=13740610&shp=30310797&shcp=ff37627b&idc=useast8"
"Totalmente de acuerdo 🥺♥️por favor que nuestro próximo voto 🗳️sea muy bien pensado","3","1","2026-05-28T04:38:59.000Z","yannigomez__","https://www.tiktok.com/@ajplusespanol/video/7644374184180616456","6776803435728700421","7644797436280210192","https://p16-common-sign.tiktokcdn-us.com/tos-alisg-avt-0068/59a4a0bbb63df1b1dbfb1b0f25f34ece~tplv-tiktokx-cropcenter:100:100.jpg?dr=9640&refresh_token=e4e3bb03&x-expires=1780200000&x-signature=xU6oQGvQ7IpnGizP9EvXRw9SuVY%3D&t=4d5b0474&ps=13740610&shp=30310797&shcp=ff37627b&idc=useast8"
"como me dueles México 💔😭","3","0","2026-05-27T18:30:57.000Z","marygomez9715","https://www.tiktok.com/@ajplusespanol/video/7644374184180616456","6960115475842679813","7644640793417122580","https://p19-common-sign.tiktokcdn-us.com/tos-alisg-avt-0068/3b73b86ae522d96bdecd1cddb47cd37f~tplv-tiktokx-cropcenter:100:100.jpg?dr=9640&refresh_token=4230a71e&x-expires=1780200000&x-signature=CTRA4v0E18Iy3GjCa9qzOTkTvNs%3D&t=4d5b0474&ps=13740610&shp=30310797&shcp=ff37627b&idc=useast8"
"[Sticker] ","2","0","2026-05-27T04:05:31.000Z","ymoonj_","https://www.tiktok.com/@ajplusespanol/video/7644374184180616456","6781944901703304197","7644417791155880725","https://p19-common-sign.tiktokcdn-us.com/tos-alisg-avt-0068/c4a749903278a53b0cb3c54336dd68f9~tplv-tiktokx-cropcenter:100:100.jpg?dr=9640&refresh_token=082dcbdd&x-expires=1780200000&x-signature=bcoB3t4qd9NXS7%2Fvy%2FoDS2BhGDI%3D&t=4d5b0474&ps=13740610&shp=30310797&shcp=ff37627b&idc=useast8"
"@Jordy Q:el mundial no trae ningún beneficio al país anfitrión, solo hay que investigar el desastre que ocurrió en cada país anfitrión del mundial","1","0","2026-05-28T19:17:50.000Z","user619860074136","https://www.tiktok.com/@ajplusespanol/video/7644374184180616456","7286476012539429893","7645023991539188500","https://p19-common-sign.tiktokcdn-us.com/musically-maliva-obj/1594805258216454~tplv-tiktokx-cropcenter:100:100.jpg?dr=9640&refresh_token=e340c4d0&x-expires=1780200000&x-signature=y0I6Dncomm86fyA9XjJdWa1HRzE%3D&t=4d5b0474&ps=13740610&shp=30310797&shcp=ff37627b&idc=useast8"
"Mucha fuerza y luz para todos los padres buscadores 🙏🏻","4","0","2026-05-27T14:30:29.000Z","ori.444","https://www.tiktok.com/@ajplusespanol/video/7644374184180616456","6803029192651342853","7644578826232054544","https://p19-common-sign.tiktokcdn-us.com/tos-alisg-avt-0068/741540c69fe23dc44ad60cfe8ca6bda2~tplv-tiktokx-cropcenter:100:100.jpg?dr=9640&refresh_token=bf523041&x-expires=1780200000&x-signature=uctOTvror5F3P7HNe3eIr%2BJK2fU%3D&t=4d5b0474&ps=13740610&shp=30310797&shcp=ff37627b&idc=useast8"
"Que bueno, por lo que estan haciendo, muestren la realidad que vivimos, Dios los ayude, tanto en lo económico, como lo espiritual, porque es horrible no saber donde esta tu hijo e o hija.😁🥰❤️","3","0","2026-05-27T22:09:51.000Z","marrmarycar","https://www.tiktok.com/@ajplusespanol/video/7644374184180616456","7039430945803699206","7644697218921792276","https://p19-common-sign.tiktokcdn-us.com/musically-maliva-obj/1594805258216454~tplv-tiktokx-cropcenter:100:100.jpg?dr=9640&refresh_token=e340c4d0&x-expires=1780200000&x-signature=y0I6Dncomm86fyA9XjJdWa1HRzE%3D&t=4d5b0474&ps=13740610&shp=30310797&shcp=ff37627b&idc=useast8"
"triste la situación de México...","4","0","2026-05-28T13:46:07.000Z","phanychavez9","https://www.tiktok.com/@ajplusespanol/video/7644374184180616456","6856602971179893766","7644938523808531216","https://p19-common-sign.tiktokcdn-us.com/tos-maliva-avt-0068/833768fd6605fae289b4577b10d06442~tplv-tiktokx-cropcenter:100:100.jpg?dr=9640&refresh_token=6f33d895&x-expires=1780200000&x-signature=4uFctMf%2FoAe1jFQgHHorn6hEfmc%3D&t=4d5b0474&ps=13740610&shp=30310797&shcp=ff37627b&idc=useast8"
"Apoyo total y visibilidad a esta problemática 🙏🙏","3","0","2026-05-28T04:34:36.000Z","almaromero90s10","https://www.tiktok.com/@ajplusespanol/video/7644374184180616456","7070629191851541510","7644796396117459730","https://p19-common-sign.tiktokcdn-us.com/tos-maliva-avt-0068/2e37dc8f47c5599825180f68d17877db~tplv-tiktokx-cropcenter:100:100.jpg?dr=9640&refresh_token=896fbe1a&x-expires=1780200000&x-signature=UR8KlX6MISQXbLeBijg1sO%2FYg1I%3D&t=4d5b0474&ps=13740610&shp=30310797&shcp=ff37627b&idc=useast8"
"Toda mi empatía con los padres buscadores.","2","0","2026-05-28T14:08:56.000Z","alan208548","https://www.tiktok.com/@ajplusespanol/video/7644374184180616456","7425227748992599045","7644944383171216135","https://p19-common-sign.tiktokcdn-us.com/tos-alisg-avt-0068/59fc8317d82188e07f9b381460a1f022~tplv-tiktokx-cropcenter:100:100.jpg?dr=9640&refresh_token=387ca7fc&x-expires=1780200000&x-signature=ATRD40T0gMO4zk1pruJzdEmjQFU%3D&t=4d5b0474&ps=13740610&shp=30310797&shcp=ff37627b&idc=useast8"
"podría no haber asientos vacíos en el mundial pero sí hay casas, familias que tienen una silla de su comedor vacía y un estadio lleno no significa nada a comparación de eso.","2","0","2026-05-28T19:23:06.000Z","mazinkarime","https://www.tiktok.com/@ajplusespanol/video/7644374184180616456","7581261923426305036","7645025361310548754","https://p19-common-sign.tiktokcdn-us.com/tos-alisg-avt-0068/a5f5a412704f55219f8811b0d09b8de5~tplv-tiktokx-cropcenter:100:100.jpg?dr=9640&refresh_token=2e70f746&x-expires=1780200000&x-signature=ruSf5RbORHJuHiI3emPuvn0Ys3s%3D&t=4d5b0474&ps=13740610&shp=30310797&shcp=ff37627b&idc=useast8"
"Yo no veo gente levantando la voz pero si preocupados por los artistas","3","0","2026-05-28T16:58:17.000Z","aidee.rodrguez4","https://www.tiktok.com/@ajplusespanol/video/7644374184180616456","7404170415407203333","7644988057917178632","https://p19-common-sign.tiktokcdn-us.com/tos-maliva-avt-0068/813497eded92d7b8299a198ce842ff29~tplv-tiktokx-cropcenter:100:100.jpg?dr=9640&refresh_token=3e9cc032&x-expires=1780200000&x-signature=U5%2B%2FB%2Bb%2F8vCWAiK6b37JDAqVhKg%3D&t=4d5b0474&ps=13740610&shp=30310797&shcp=ff37627b&idc=useast8"
"Claudia Chimbaun viendo el video","31","0","2026-03-07T15:56:51.000Z","emerson.santos1723","https://www.tiktok.com/@latinus_us/video/7614352986915163412","7337560889331467310","7614543120210068237","https://p19-common-sign.tiktokcdn.com/tos-maliva-avt-0068/056a7ebd519d2647a86f3a10f185993f~tplv-tiktokx-cropcenter:100:100.jpg?dr=14579&refresh_token=3546b2d6&x-expires=1780200000&x-signature=BvRo7VMkaEJA7uGIB0RpCb%2FbkNo%3D&t=4d5b0474&ps=13740610&shp=30310797&shcp=ff37627b&idc=my2"
"Osea que si se puede reforzar la seguridad?... Interesante","19","0","2026-03-07T04:14:47.000Z","loboferoz332","https://www.tiktok.com/@latinus_us/video/7614352986915163412","7418441762637349893","7614362287197537045","https://p16-common-sign.tiktokcdn.com/tos-alisg-avt-0068/f08699a30bb8bcf8ec3d208cb3ae350e~tplv-tiktokx-cropcenter:100:100.jpg?dr=14579&refresh_token=89ccfd7d&x-expires=1780200000&x-signature=VWV0%2BrzVDe%2FOT7bOah1b1YtN6rw%3D&t=4d5b0474&ps=13740610&shp=30310797&shcp=ff37627b&idc=my2"
"Que tristeza que para proteger a extranjeros se organizaron tan rápido y para nosotros lo mexicanos llevan tantos sexenios y nomás no!","16","0","2026-03-07T17:06:13.000Z","monicanogales24","https://www.tiktok.com/@latinus_us/video/7614352986915163412","6783506998450897926","7614561116655452936","https://p16-common-sign.tiktokcdn.com/tos-maliva-avt-0068/e0cad2bf839b475c0b610e00f47c72e9~tplv-tiktokx-cropcenter:100:100.jpg?dr=14579&refresh_token=c2fdf648&x-expires=1780200000&x-signature=6e9Dbu4LwHJXkDSz6WRQU8XvPR0%3D&t=4d5b0474&ps=13740610&shp=30310797&shcp=ff37627b&idc=my2"
"todo eso para proteger extranjeros pero a los mexicanos que nos lleve la chgda 😅","9","0","2026-03-07T13:53:34.000Z","ianalchemist","https://www.tiktok.com/@latinus_us/video/7614352986915163412","6800711072431457285","7614511458248213269","https://p16-common-sign.tiktokcdn.com/tos-maliva-avt-0068/950dff7fccfa3eac4f79e0655d0bee58~tplv-tiktokx-cropcenter:100:100.jpg?dr=14579&refresh_token=d03a330f&x-expires=1780200000&x-signature=uNHRB%2FWNX3gj9qnUpCr3kmq9kQ8%3D&t=4d5b0474&ps=13740610&shp=30310797&shcp=ff37627b&idc=my"
"pero si Lemus dice que no hay suficiente personal policial, por eso Vallarta terminó así, pero para los turistas si va a haber personal😒","9","0","2026-03-07T13:32:31.000Z","marielrv31","https://www.tiktok.com/@latinus_us/video/7614352986915163412","6819415055479505926","7614506043993129745","https://p16-common-sign.tiktokcdn.com/tos-alisg-avt-0068/815989c7f6c13325ab70c15c9a924e2e~tplv-tiktokx-cropcenter:100:100.jpg?dr=14579&refresh_token=87f41c90&x-expires=1780200000&x-signature=UU0%2B4bsvVVH4XClpdm0lYFNf90M%3D&t=4d5b0474&ps=13740610&shp=30310797&shcp=ff37627b&idc=my"
"asi deberia de ser todo el año en vez de solo por el mundial,dirán que eso requerira mucho dinero,pero por eso se pagan impuestos y por eso le subio los impuestos a ciertas cosas","9","0","2026-03-07T06:04:17.000Z","joseapr03","https://www.tiktok.com/@latinus_us/video/7614352986915163412","6599842032566714373","7614390473755820821","https://p16-common-sign.tiktokcdn.com/tos-maliva-avt-0068/07644a81f536b557622762093db31dac~tplv-tiktokx-cropcenter:100:100.jpg?dr=14579&refresh_token=afb46618&x-expires=1780200000&x-signature=F1d5hm6Zfz4McSStINzWxHmz7iA%3D&t=4d5b0474&ps=13740610&shp=30310797&shcp=ff37627b&idc=my"
"ya ven que no terminan con el narco nada más porqué no quieren","9","0","2026-03-07T05:50:50.000Z","temistocles599","https://www.tiktok.com/@latinus_us/video/7614352986915163412","6881208248017224709","7614387050318037767","https://p16-common-sign.tiktokcdn.com/tos-alisg-avt-0068/7335613377412071445~tplv-tiktokx-cropcenter:100:100.jpg?dr=14579&refresh_token=cf07208d&x-expires=1780200000&x-signature=8cUn7iHoSDiQokn67w%2BjBxn0QCE%3D&t=4d5b0474&ps=13740610&shp=30310797&shcp=ff37627b&idc=my"
"O sea lo único que dan a entender es que México si tiene capacidad (y de sobra) en materia de seguridad, pero solo para el mundial. Que interesante","9","0","2026-03-07T05:22:54.000Z","emilianoarce1","https://www.tiktok.com/@latinus_us/video/7614352986915163412","123388515752525824","7614379827253461761","https://p16-common-sign.tiktokcdn.com/tos-alisg-avt-0068/84a873a73b0fbc2a9016b0bacbe27d02~tplv-tiktokx-cropcenter:100:100.jpg?dr=14579&refresh_token=9265b20a&x-expires=1780200000&x-signature=8YWVxvLdzNJqJB1KkJ0dXz6bdLM%3D&t=4d5b0474&ps=13740610&shp=30310797&shcp=ff37627b&idc=my"
"seguridad para los extranjeros y a los ciudadanos Mexicanos, NADA.","9","0","2026-03-07T04:22:17.000Z","galilearuso","https://www.tiktok.com/@latinus_us/video/7614352986915163412","7015286184142668806","7614364221018997524","https://p16-common-sign.tiktokcdn.com/tos-maliva-avt-0068/5b152f91dd9fe1534d322f4c422f3c95~tplv-tiktokx-cropcenter:100:100.jpg?dr=14579&refresh_token=41831fc5&x-expires=1780200000&x-signature=V9j0L3ywXT0yTfOgIhmMLJsrSCI%3D&t=4d5b0474&ps=13740610&shp=30310797&shcp=ff37627b&idc=my"
"[Sticker] los que vallan a mexico","9","0","2026-03-07T03:45:59.000Z","gogo95_yt","https://www.tiktok.com/@latinus_us/video/7614352986915163412","7114107333329110022","7614354847509218056","https://p16-common-sign.tiktokcdn.com/tos-maliva-avt-0068/01ee3a29bb38dd64c1e697086e948be5~tplv-tiktokx-cropcenter:100:100.jpg?dr=14579&refresh_token=9e5a8760&x-expires=1780200000&x-signature=p3yGw3FlYZ7ueR5Veasa20%2FkZTw%3D&t=4d5b0474&ps=13740610&shp=30310797&shcp=ff37627b&idc=my"
"Así deberían de asegurar la seguridad de los ciudadanos para siempre no nada más cuando hay mundial","8","0","2026-03-09T19:32:06.000Z","dy9jm7f3o3uu","https://www.tiktok.com/@latinus_us/video/7614352986915163412","7036171573839741999","7615340692237173535","https://p16-common-sign.tiktokcdn.com/tos-maliva-avt-0068/ab469faa5bd0eeeeef171a4a59cda792~tplv-tiktokx-cropcenter:100:100.jpg?dr=14579&refresh_token=77da4177&x-expires=1780200000&x-signature=tW5x%2FXuCdGKSAZQFUD8spP%2FBY%2FU%3D&t=4d5b0474&ps=13740610&shp=30310797&shcp=ff37627b&idc=my"
"una vez acabé el mundial el ""super plan"" se va","8","0","2026-03-08T05:29:36.000Z","nijntje995","https://www.tiktok.com/@latinus_us/video/7614352986915163412","6865160787297502213","7614752658868126471","https://p16-common-sign.tiktokcdn.com/tos-alisg-avt-0068/a517065ce09900e4ac65c9145b468e1c~tplv-tiktokx-cropcenter:100:100.jpg?dr=14579&refresh_token=af64d3bb&x-expires=1780200000&x-signature=ELUQsMOVNM4YEe6cNIQMvb3MjD8%3D&t=4d5b0474&ps=13740610&shp=30310797&shcp=ff37627b&idc=my"
"Y por que un mes antes y un mes después del mundial ? Por que no hacen ese plan para siempre ? 🤔","8","0","2026-03-08T04:07:34.000Z","carlos.tabares98","https://www.tiktok.com/@latinus_us/video/7614352986915163412","7492630023535723575","7614731535358526209","https://p16-common-sign.tiktokcdn.com/tos-alisg-avt-0068/4b397f46ccfad54c0e7e668ecb435ed3~tplv-tiktokx-cropcenter:100:100.jpg?dr=14579&refresh_token=7500d76c&x-expires=1780200000&x-signature=T4eFM%2BwxV9DDkciZ9wjlh9Lvfik%3D&t=4d5b0474&ps=13740610&shp=30310797&shcp=ff37627b&idc=my"
"Cuanto dura el mundial? Para saber cuánto tiempo podré vivir sin tanto miedo a no volver a casa","8","0","2026-03-08T03:26:28.000Z","antonionm86","https://www.tiktok.com/@latinus_us/video/7614352986915163412","7378574320065528837","7614720902236898055","https://p19-common-sign.tiktokcdn.com/tos-alisg-avt-0068/6bad654d79af391fd9af7d727945fdd7~tplv-tiktokx-cropcenter:100:100.jpg?dr=14579&refresh_token=d0d22d4b&x-expires=1780200000&x-signature=%2Buy4BkMIg78QPaTmSUJeXhrwF34%3D&t=4d5b0474&ps=13740610&shp=30310797&shcp=ff37627b&idc=my"
"Y por qué 15 días antes y 15 días después??? Por qué no dejarlo así siempre","8","0","2026-03-08T01:58:09.000Z","ijorgevelasco","https://www.tiktok.com/@latinus_us/video/7614352986915163412","6679895088153412614","7614698153208054545","https://p16-common-sign.tiktokcdn.com/tos-maliva-avt-0068/55724847f260fae7962185a43a4285f4~tplv-tiktokx-cropcenter:100:100.jpg?dr=14579&refresh_token=35554c7e&x-expires=1780200000&x-signature=KgfZKlYMITMkJnQpZLMQoprwbgw%3D&t=4d5b0474&ps=13740610&shp=30310797&shcp=ff37627b&idc=my"
"Seguridad para la gente del Mencho
Seguridad para extranjeros
y para cuándo la seguridad para los ciudadanos?
Bueno igual se les olvida un poquito cuando tienen que ejercer sus derechos y ver a Shakira","8","0","2026-03-07T19:19:25.000Z","cynchiste_","https://www.tiktok.com/@latinus_us/video/7614352986915163412","6944466312249312261","7614595423952470785","https://p16-common-sign.tiktokcdn.com/tos-maliva-avt-0068/91c8e5b7433293c33e9ba20b6ab51029~tplv-tiktokx-cropcenter:100:100.jpg?dr=14579&refresh_token=2264d0fa&x-expires=1780200000&x-signature=AeHTBm0VTIsNGxkDMHPvnl9aZ4Y%3D&t=4d5b0474&ps=13740610&shp=30310797&shcp=ff37627b&idc=my"
"😡😡😡 que coraje meda todo esto. sólo hay seguridad. porque va a ver mundial","12","0","2026-03-07T17:43:56.000Z","julietespi","https://www.tiktok.com/@latinus_us/video/7614352986915163412","6832654027390977030","7614570803699925780","https://p16-common-sign.tiktokcdn.com/tos-maliva-avt-0068/7326277812998438918~tplv-tiktokx-cropcenter:100:100.jpg?dr=14579&refresh_token=91b4f072&x-expires=1780200000&x-signature=hLMOBDAod9AIFBOhc6Ad9qrUqNc%3D&t=4d5b0474&ps=13740610&shp=30310797&shcp=ff37627b&idc=my2"
"pero la presidenta dice que no pasa nada","0","0","2026-05-29T18:34:37.000Z","montesfelixherrera","https://www.tiktok.com/@ajplusespanol/video/7644374184180616456","7523750890761094158","7645383918426129182","https://p16-common-sign.tiktokcdn.com/tos-maliva-avt-0068/4c46f9f5317d2d95636cd8a018eeaa00~tplv-tiktokx-cropcenter:100:100.jpg?dr=14579&refresh_token=f84f77ab&x-expires=1780200000&x-signature=gWOTxZVFhr9piOrKdBdmI9MZl58%3D&t=4d5b0474&ps=13740610&shp=30310797&shcp=ff37627b&idc=my2"
"Muy cierto !! 😒","1","0","2026-05-28T14:23:18.000Z","betty.19_12","https://www.tiktok.com/@ajplusespanol/video/7644374184180616456","7466807363154396202","7644948000791364365","https://p16-common-sign.tiktokcdn.com/tos-maliva-avt-0068/d10a26f1e4109361ac82c225ac0fb28f~tplv-tiktokx-cropcenter:100:100.jpg?dr=14579&refresh_token=c2672557&x-expires=1780200000&x-signature=2Px1NXqb6ZXfRTxqZUwCrBHGEh8%3D&t=4d5b0474&ps=13740610&shp=30310797&shcp=ff37627b&idc=my2"
"es más importante el mundial","1","3","2026-05-27T11:07:01.000Z","gabriel.mares8","https://www.tiktok.com/@ajplusespanol/video/7644374184180616456","7265542855287440389","7644526441866920712","https://p19-common-sign.tiktokcdn-us.com/tos-alisg-avt-0068/02ca264ecc3c40a8125d2803ce020ce8~tplv-tiktokx-cropcenter:100:100.jpg?dr=9640&refresh_token=35dcabf6&x-expires=1780200000&x-signature=jQB6HSy1ivNVMQ%2FfCqt57X7ny6k%3D&t=4d5b0474&ps=13740610&shp=30310797&shcp=ff37627b&idc=useast8"
"Es decir, que sí pueden combatir la delincuencia, pero no lo hacen todos los días 😅😂😂","5","0","2026-03-07T22:43:28.000Z","marcosalejandro1802","https://www.tiktok.com/@latinus_us/video/7614352986915163412","6902418717209560069","7614648013188924161","https://p16-common-sign.tiktokcdn-us.com/tos-alisg-avt-0068/0a15624d27f5a33dbd9c98afe09a2396~tplv-tiktokx-cropcenter:100:100.jpg?dr=9640&refresh_token=0fc97630&x-expires=1780200000&x-signature=qcr4cEc6ts%2FbjYMU23mQLSH93Fw%3D&t=4d5b0474&ps=13740610&shp=30310797&shcp=ff37627b&idc=useast8"
"ya pactaron con el narco que no haga desmadre en las sedes.","110","5","2026-03-08T03:38:48.000Z","wasaddy","https://www.tiktok.com/@latinus_us/video/7614352986915163412","7004098702453523462","7614724080579838728","https://p16-common-sign.tiktokcdn-us.com/tos-maliva-avt-0068/19b596ceb1e0d708b39fff58398e6d1e~tplv-tiktokx-cropcenter:100:100.jpg?dr=9640&refresh_token=3cf34b1e&x-expires=1780200000&x-signature=yD02Jj1LwVuElMQgHi0O1uHiAfA%3D&t=4d5b0474&ps=13740610&shp=30310797&shcp=ff37627b&idc=useast8"
"Y ¿por qué no han querido hacer eso desde el sexenio pasado en todo el país para proteger a todos los mexicanos?, una vez más demuestran que no les importamos. Harán todo esto porque les urge tener al mundial","8","0","2026-03-07T17:05:43.000Z","verofa70s","https://www.tiktok.com/@latinus_us/video/7614352986915163412","6957082376338146310","7614560959349162772","https://p19-common-sign.tiktokcdn-us.com/tos-maliva-avt-0068/63a2cf6c9eef4bac709f050537a70d10~tplv-tiktokx-cropcenter:100:100.jpg?dr=9640&refresh_token=d4824e94&x-expires=1780200000&x-signature=whJy%2BYOfPThSAZSaxOAKJuSZwYE%3D&t=4d5b0474&ps=13740610&shp=30310797&shcp=ff37627b&idc=useast8"
"Ósea que a nuestro gobierno le importan más los gringos y la gente extranjera que su propia gente nacida en MÉXICO? Chaleee","9","0","2026-03-07T18:09:43.000Z","noestause0","https://www.tiktok.com/@latinus_us/video/7614352986915163412","7512830289749673016","7614577467428569874","https://p19-common-sign.tiktokcdn-us.com/tos-alisg-avt-0068/4ab2a30a62cac35fb7271e3aa851ff6b~tplv-tiktokx-cropcenter:100:100.jpg?dr=9640&refresh_token=ef271abc&x-expires=1780200000&x-signature=jqZVdwKdR%2FRpi95eu4xyPUwyf%2FQ%3D&t=4d5b0474&ps=13740610&shp=30310797&shcp=ff37627b&idc=useast8"
"[Sticker] Claudia se convirtió en calderón","5","0","2026-03-08T12:06:45.000Z","4ng3l_r0driguez.25","https://www.tiktok.com/@latinus_us/video/7614352986915163412","6924110820792960001","7614855018306618120","https://p16-common-sign.tiktokcdn-us.com/tos-maliva-avt-0068/ce1597b6a357680820c1303521101e54~tplv-tiktokx-cropcenter:100:100.jpg?dr=9640&refresh_token=e1505883&x-expires=1780200000&x-signature=7yqpKOIwtQEjvSriY3E9zHVJf50%3D&t=4d5b0474&ps=13740610&shp=30310797&shcp=ff37627b&idc=useast8"
"si de mi dependiera sería ÚNICAMENTE EN CANADÁ.","3","0","2026-03-08T20:10:39.000Z","franko1322","https://www.tiktok.com/@latinus_us/video/7614352986915163412","6912907579534820357","7614979609087656735","https://p16-common-sign.tiktokcdn-us.com/tos-maliva-avt-0068/b717e630736c2d8baf9146ab32b9c5c7~tplv-tiktokx-cropcenter:100:100.jpg?dr=9640&refresh_token=f223ef51&x-expires=1780200000&x-signature=17hl930nucNlxiV72nSk4Af6jDA%3D&t=4d5b0474&ps=13740610&shp=30310797&shcp=ff37627b&idc=useast8"
"que le quiten la sede","5","0","2026-03-09T03:31:17.000Z","krlosfigueroa503","https://www.tiktok.com/@latinus_us/video/7614352986915163412","7057753498598835205","7615093235337872148","https://p16-common-sign.tiktokcdn-us.com/tos-alisg-avt-0068/6ceddbabc7f6fc7397b98a05c9bd5bc9~tplv-tiktokx-cropcenter:100:100.jpg?dr=9640&refresh_token=d948b674&x-expires=1780200000&x-signature=BlAtcT%2FkdOPxlnZWJuripPfAKrw%3D&t=4d5b0474&ps=13740610&shp=30310797&shcp=ff37627b&idc=useast8"
"Muy chingon su plan para cuidar a extranjeros. Cuál es el plan para cuidar mexicanos?","4","0","2026-03-07T21:32:18.000Z","jorgerosas39","https://www.tiktok.com/@latinus_us/video/7614352986915163412","6612008945295327238","7614629580926305025","https://p19-common-sign.tiktokcdn-us.com/tos-maliva-avt-0068/7321060431875506182~tplv-tiktokx-cropcenter:100:100.jpg?dr=9640&refresh_token=aefea71d&x-expires=1780200000&x-signature=tjf6hPkuNBCjc7Yz8DJYcacKEiQ%3D&t=4d5b0474&ps=13740610&shp=30310797&shcp=ff37627b&idc=useast8"
"Que ganas de ser extranjera en mi país 🤦🏻‍♀️","5","0","2026-03-09T01:50:57.000Z","xennsol","https://www.tiktok.com/@latinus_us/video/7614352986915163412","6815052358398624773","7615067378519622418","https://p16-common-sign.tiktokcdn-us.com/tos-alisg-avt-0068/358e701571dfd9906e4095d0f99e425e~tplv-tiktokx-cropcenter:100:100.jpg?dr=9640&refresh_token=aad0e2e9&x-expires=1780200000&x-signature=AbDWVdPQvPjle9o1xPnv6q58djY%3D&t=4d5b0474&ps=13740610&shp=30310797&shcp=ff37627b&idc=useast8"
"Q selo quiten jajaja","5","0","2026-03-08T10:59:25.000Z","freski13mexican","https://www.tiktok.com/@latinus_us/video/7614352986915163412","6980040437454652422","7614837645382976263","https://p19-common-sign.tiktokcdn-us.com/tos-alisg-avt-0068/0c26308aee661beffa9370e2752f99e7~tplv-tiktokx-cropcenter:100:100.jpg?dr=9640&refresh_token=e8b00678&x-expires=1780200000&x-signature=NEGPTZByIDP9L4lSalSvIT1LIKk%3D&t=4d5b0474&ps=13740610&shp=30310797&shcp=ff37627b&idc=useast8"
"a quien le importa el pinche mundial al final solo se benefician los ricos","4","0","2026-03-08T14:15:12.000Z","andersonmortiz","https://www.tiktok.com/@latinus_us/video/7614352986915163412","6609777242225344518","7614887583735202576","https://p19-common-sign.tiktokcdn-us.com/tos-maliva-avt-0068/552401e39f9295877f84927f0e4b0d2e~tplv-tiktokx-cropcenter:100:100.jpg?dr=9640&refresh_token=4aa072be&x-expires=1780200000&x-signature=fQ90NxAZuak%2B7hIK%2FpfQiVi4KOc%3D&t=4d5b0474&ps=13740610&shp=30310797&shcp=ff37627b&idc=useast8"
"y por que lo tienen que hacer cuando va a estar un evento de talla mundial y no diariamente para los mexicanos 🙄","4","0","2026-03-07T12:20:09.000Z","marrw89","https://www.tiktok.com/@latinus_us/video/7614352986915163412","7467350531918840837","7614487392137462544","https://p19-common-sign.tiktokcdn-us.com/tos-alisg-avt-0068/1c89bd1ff434d5ac00503edb333347be~tplv-tiktokx-cropcenter:100:100.jpg?dr=9640&refresh_token=49062d62&x-expires=1780200000&x-signature=ahFdBLboYa9n1x0LAQbweVkeQ3g%3D&t=4d5b0474&ps=13740610&shp=30310797&shcp=ff37627b&idc=useast8"
"México narco","5","0","2026-03-09T03:43:34.000Z","7perfecto77","https://www.tiktok.com/@latinus_us/video/7614352986915163412","7379038884921246726","7615096391384679186","https://p16-common-sign.tiktokcdn-us.com/tos-maliva-avt-0068/04d23d8425f91078016d9b029521f679~tplv-tiktokx-cropcenter:100:100.jpg?dr=9640&refresh_token=cd99da6a&x-expires=1780200000&x-signature=WUn3dagFPmVVbVCVKjMlIExSzhQ%3D&t=4d5b0474&ps=13740610&shp=30310797&shcp=ff37627b&idc=useast8"
"🤷‍♂️ya ven que el estado si tiene con que cuando se lo mandan .","5","0","2026-03-09T02:56:40.000Z","rtutorr68","https://www.tiktok.com/@latinus_us/video/7614352986915163412","6852257975093380101","7615084304713433864","https://p16-common-sign.tiktokcdn-us.com/tos-maliva-avt-0068/3d757ba3a7d3f88e018299424456de50~tplv-tiktokx-cropcenter:100:100.jpg?dr=9640&refresh_token=6b795674&x-expires=1780200000&x-signature=9yyYbLfOSdsk4SxGSkxDeN7jUik%3D&t=4d5b0474&ps=13740610&shp=30310797&shcp=ff37627b&idc=useast8"
"Señores entiendan el narcotrafico esta en el congreso por eso no lo hacen","7","0","2026-03-07T13:40:27.000Z","saenztony7","https://www.tiktok.com/@latinus_us/video/7614352986915163412","7556695805810705441","7614508065693500182","https://p19-common-sign.tiktokcdn-us.com/tos-maliva-avt-0068/c3a307273ec72b401faf53c461aaaac4~tplv-tiktokx-cropcenter:100:100.jpg?dr=9640&refresh_token=9cea3664&x-expires=1780200000&x-signature=3zQI7x8Gh8z2TtrP8QVSRoEPvB8%3D&t=4d5b0474&ps=13740610&shp=30310797&shcp=ff37627b&idc=useast8"
"De seguro los otros países están muy protegidos no tiene. Problemas","5","0","2026-03-08T04:20:17.000Z","divcvc","https://www.tiktok.com/@latinus_us/video/7614352986915163412","6824655097320195077","7614734803359040263","https://p16-common-sign.tiktokcdn-us.com/tos-alisg-avt-0068/642e5d383ab3eb4c903afa944a415c1a~tplv-tiktokx-cropcenter:100:100.jpg?dr=9640&refresh_token=7995d8ec&x-expires=1780200000&x-signature=RvooaJYL%2BpRGxSgAxPZmf4gxVyU%3D&t=4d5b0474&ps=13740610&shp=30310797&shcp=ff37627b&idc=useast8"
"y a nosotros cuando ??","4","0","2026-03-08T00:45:51.000Z","franciscoluna3815","https://www.tiktok.com/@latinus_us/video/7614352986915163412","6874972268721619969","7614679424970228510","https://p16-common-sign.tiktokcdn-us.com/tos-useast5-avt-0068-tx/7351996863681134634~tplv-tiktokx-cropcenter:100:100.jpg?dr=9640&refresh_token=c6bc1ab0&x-expires=1780200000&x-signature=uB4pvt9hTvKbd5GloE41pqclaGQ%3D&t=4d5b0474&ps=13740610&shp=30310797&shcp=ff37627b&idc=useast8"
"Ósea si pueden y tienen poder solo no quieren","6","0","2026-03-08T02:25:13.000Z","yosoychristian07","https://www.tiktok.com/@latinus_us/video/7614352986915163412","6894907946506634246","7614705119444468501","https://p19-common-sign.tiktokcdn-us.com/tos-alisg-avt-0068/f57d90569fc08ab8c477baeb750a71d8~tplv-tiktokx-cropcenter:100:100.jpg?dr=9640&refresh_token=a6e799c9&x-expires=1780200000&x-signature=Z6OGfmMkdX58xZtlL3TpbHW%2FAMA%3D&t=4d5b0474&ps=13740610&shp=30310797&shcp=ff37627b&idc=useast8"
"no quieren perder el circo 🤣🤣🤣🤣🤣🤣🤣🤣","5","0","2026-03-08T03:03:57.000Z","olivaspalacio","https://www.tiktok.com/@latinus_us/video/7614352986915163412","7039478519038084101","7614715030893937438","https://p16-common-sign.tiktokcdn-us.com/tos-useast5-avt-0068-tx/7039479230597759023~tplv-tiktokx-cropcenter:100:100.jpg?dr=9640&refresh_token=c4718e78&x-expires=1780200000&x-signature=5AGMuD6kgEvDNrnGM7tI2xrt%2B%2FQ%3D&t=4d5b0474&ps=13740610&shp=30310797&shcp=ff37627b&idc=useast8"
"El sipisapo de seguridad","6","0","2026-03-07T10:11:06.000Z","daviidalcor","https://www.tiktok.com/@latinus_us/video/7614352986915163412","6813100109392479238","7614454139812250386","https://p19-common-sign.tiktokcdn-us.com/tos-alisg-avt-0068/7326213000430682113~tplv-tiktokx-cropcenter:100:100.jpg?dr=9640&refresh_token=c5fc5a4d&x-expires=1780200000&x-signature=N6Zybb4QJyhqXYDDxrqvQsXOu7U%3D&t=4d5b0474&ps=13740610&shp=30310797&shcp=ff37627b&idc=useast8"
"allá no voy a ir nunca","5","0","2026-03-08T13:35:50.000Z","kbto.rodrigues","https://www.tiktok.com/@latinus_us/video/7614352986915163412","7264591524309468166","7614877969060053761","https://p19-common-sign.tiktokcdn-us.com/tos-maliva-avt-0068/7264593350350045190~tplv-tiktokx-cropcenter:100:100.jpg?dr=9640&refresh_token=0b3baf33&x-expires=1780200000&x-signature=WO5%2BbwyLKIWHeCoAzIzp5j0DXbM%3D&t=4d5b0474&ps=13740610&shp=30310797&shcp=ff37627b&idc=useast8"
"Entonces tomaremos la seguridad como privilegio de algunos cuantos …😡😡😡","3","0","2026-03-08T17:19:21.000Z","eli01011","https://www.tiktok.com/@latinus_us/video/7614352986915163412","7490663981104628741","7614935548407726856","https://p16-common-sign.tiktokcdn-us.com/tos-maliva-avt-0068/14eea88c1f1012231d0290fb50dfa9f9~tplv-tiktokx-cropcenter:100:100.jpg?dr=9640&refresh_token=600672be&x-expires=1780200000&x-signature=4FPkxNPxSunUWEFE%2B6qjtSP1GpM%3D&t=4d5b0474&ps=13740610&shp=30310797&shcp=ff37627b&idc=useast8"
"Lo que me imaginé …..","9","0","2026-03-08T17:00:50.000Z","rugugugu","https://www.tiktok.com/@latinus_us/video/7614352986915163412","6814287264701957125","7614930808582849300","https://p19-common-sign.tiktokcdn-us.com/tos-alisg-avt-0068/7de7eb3183e24206d06778c7edf9cf56~tplv-tiktokx-cropcenter:100:100.jpg?dr=9640&refresh_token=fb48dddb&x-expires=1780200000&x-signature=MPnbxVLm98Zsl%2BOOfBqogMf9c6Y%3D&t=4d5b0474&ps=13740610&shp=30310797&shcp=ff37627b&idc=useast8"
"Ah bueno los mexicanos valemos madre","9","0","2026-03-07T13:14:06.000Z","oreev27","https://www.tiktok.com/@latinus_us/video/7614352986915163412","6739507315421447174","7614501252807033601","https://p16-common-sign.tiktokcdn-us.com/tos-maliva-avt-0068/fea1756a3b6b3a003c7032de75dd7087~tplv-tiktokx-cropcenter:100:100.jpg?dr=9640&refresh_token=6abca6df&x-expires=1780200000&x-signature=fFhjXFUgx%2F3B1jxjPKwT26bYkhU%3D&t=4d5b0474&ps=13740610&shp=30310797&shcp=ff37627b&idc=useast8"
"suena muy bonito, ojalá así combatieran a la delincuencia organizada","7","0","2026-03-09T01:33:59.000Z","alejandro.martine8903","https://www.tiktok.com/@latinus_us/video/7614352986915163412","7409887354276103173","7615062985858843413","https://p19-common-sign.tiktokcdn-us.com/tos-maliva-avt-0068/718ab5601a764473272db3501ed39f67~tplv-tiktokx-cropcenter:100:100.jpg?dr=9640&refresh_token=bea6f44a&x-expires=1780200000&x-signature=5fzu22M8a9BNtManKujJGFV1p3o%3D&t=4d5b0474&ps=13740610&shp=30310797&shcp=ff37627b&idc=useast8"
"no nos cuidan a los Mexicanos. Van a andar cuidando extrangeros","11","0","2026-03-09T03:50:36.000Z","brentd.mc","https://www.tiktok.com/@latinus_us/video/7614352986915163412","7046547091775128581","7615098224126984968","https://p16-common-sign.tiktokcdn-us.com/tos-maliva-avt-0068/083e6a86b848f9436a3a8283b09122c2~tplv-tiktokx-cropcenter:100:100.jpg?dr=9640&refresh_token=31ff200c&x-expires=1780200000&x-signature=biNPsv%2F%2BHSgoMsLq8gBs7Ry%2FqBI%3D&t=4d5b0474&ps=13740610&shp=30310797&shcp=ff37627b&idc=useast8"
"Ojalá y se cancele, que no vengan los equipos de fútbol a México","11","0","2026-03-07T13:32:00.000Z","tigrisdegalia2301","https://www.tiktok.com/@latinus_us/video/7614352986915163412","7378540487353500678","7614505898778116885","https://p16-common-sign.tiktokcdn-us.com/tos-alisg-avt-0068/b080ffeb0f2dde68fb4f5b32605aa7cf~tplv-tiktokx-cropcenter:100:100.jpg?dr=9640&refresh_token=68418576&x-expires=1780200000&x-signature=3TulX9woiTyTWD%2FcOAV0C1d%2FS%2B8%3D&t=4d5b0474&ps=13740610&shp=30310797&shcp=ff37627b&idc=useast8"
"aah mira y al pueblo que se lo lleve la fregada","10","0","2026-03-07T07:15:33.000Z","sforever40","https://www.tiktok.com/@latinus_us/video/7614352986915163412","7043067514599506950","7614408877899367189","https://p19-common-sign.tiktokcdn.com/tos-alisg-avt-0068/0f00a9732cb4c85c5f738d2d66b067e7~tplv-tiktokx-cropcenter:100:100.jpg?dr=14579&refresh_token=776ce899&x-expires=1780200000&x-signature=vEcji%2FVimI2a9ts1d5aDTxz6zc4%3D&t=4d5b0474&ps=13740610&shp=30310797&shcp=ff37627b&idc=my2"
"y porque no hacen eso siempre ? 🤷🏾‍♂️","10","0","2026-03-07T07:10:54.000Z","nolasbaaloerraserrot","https://www.tiktok.com/@latinus_us/video/7614352986915163412","7053842130867913733","7614407651913941778","https://p16-common-sign.tiktokcdn.com/tos-maliva-avt-0068/3d12bc9aadebd879b59a7439a12d024b~tplv-tiktokx-cropcenter:100:100.jpg?dr=14579&refresh_token=f18e8c53&x-expires=1780200000&x-signature=A6xsaTN69REFJfg5otfw5WrAmZM%3D&t=4d5b0474&ps=13740610&shp=30310797&shcp=ff37627b&idc=my2"
"","10","0","2026-03-07T03:40:47.000Z","wen_rivas26","https://www.tiktok.com/@latinus_us/video/7614352986915163412","7058321947240121349","7614353550982054663","https://p16-common-sign.tiktokcdn.com/tos-maliva-avt-0068/1f0b9f75aa9625577057784dcd905195~tplv-tiktokx-cropcenter:100:100.jpg?dr=14579&refresh_token=6422b1f1&x-expires=1780200000&x-signature=Z7Kuat9%2Bv5VzX9iQ1bVFE7RmiU8%3D&t=4d5b0474&ps=13740610&shp=30310797&shcp=ff37627b&idc=my2"
"Me dolió en el alma, al escuchar ""PARA CUIDAR A LOS EXTRANJEROS..."" 😔asi nuestro país se preocupan por su gente","9","0","2026-03-09T03:19:37.000Z","florali123","https://www.tiktok.com/@latinus_us/video/7614352986915163412","7019719481979372550","7615090242823357202","https://p16-common-sign.tiktokcdn.com/tos-maliva-avt-0068/681cd2cc6eb5715555bc9fb5cbc007ae~tplv-tiktokx-cropcenter:100:100.jpg?dr=14579&refresh_token=f2c35c09&x-expires=1780200000&x-signature=qOugWyoSSJ0uKiKP51%2FfYMreqh8%3D&t=4d5b0474&ps=13740610&shp=30310797&shcp=ff37627b&idc=my2"
"Solo lo van a hacer por el mundial y turistas, porque no hacen esto todos los días","9","0","2026-03-08T06:48:36.000Z","jou_coronel","https://www.tiktok.com/@latinus_us/video/7614352986915163412","6804644383096833030","7614773014496412423","https://p16-common-sign.tiktokcdn.com/tos-alisg-avt-0068/c3e2fcc7a1d71fc0d1bec8d4dcbbdea1~tplv-tiktokx-cropcenter:100:100.jpg?dr=14579&refresh_token=a533990c&x-expires=1780200000&x-signature=mYerBD0WGw8btEu6NrXlW9qVb%2Fg%3D&t=4d5b0474&ps=13740610&shp=30310797&shcp=ff37627b&idc=my2"
"@Tony:Osea están reconociendo que si pueden dar seguridad a México pero han escogido en no hacerlo todo este tiempo? este régimen es una burla","9","0","2026-03-08T04:01:25.000Z","yeliz_929","https://www.tiktok.com/@latinus_us/video/7614352986915163412","7244970119436239877","7614729933599884052","https://p16-common-sign.tiktokcdn.com/tos-alisg-avt-0068/e8a2fa56d678997f7db9ea5e094d8be5~tplv-tiktokx-cropcenter:100:100.jpg?dr=14579&refresh_token=bb065612&x-expires=1780200000&x-signature=2MyvhD%2FZCGijJ4XVTu5MqXKd8oc%3D&t=4d5b0474&ps=13740610&shp=30310797&shcp=ff37627b&idc=my2"
"O sea que si se puede acabar la inseguridad en culiacan pero no quieren ???","9","0","2026-03-07T22:02:40.000Z","dimecomosea","https://www.tiktok.com/@latinus_us/video/7614352986915163412","6801687950821573637","7614637468860875521","https://p19-common-sign.tiktokcdn.com/tos-maliva-avt-0068/459e847d1f5eb747ca952a98a34ca875~tplv-tiktokx-cropcenter:100:100.jpg?dr=14579&refresh_token=10735a5d&x-expires=1780200000&x-signature=VioTUr04lgyBLFojoMZbAAOOEtc%3D&t=4d5b0474&ps=13740610&shp=30310797&shcp=ff37627b&idc=my2"
"presiento que algo muy malo pasara, yo no iría a ningún estadio a andaría en las calles en esas fechas","9","0","2026-03-07T21:38:59.000Z","asdfghi1234567","https://www.tiktok.com/@latinus_us/video/7614352986915163412","7326387179683480581","7614631376285664008","https://p19-common-sign.tiktokcdn.com/tos-maliva-avt-0068/1fd9ac3b08c5d548f7322b14f21a487c~tplv-tiktokx-cropcenter:100:100.jpg?dr=14579&refresh_token=51a8c76c&x-expires=1780200000&x-signature=xWH6ahlO6erCRInDNObLlmRyxec%3D&t=4d5b0474&ps=13740610&shp=30310797&shcp=ff37627b&idc=my2"
"y porque no hacen eso a diario en México 😏😏😏 osea solo por qué será el mundial ? 😏😏😏","9","0","2026-03-07T21:02:05.000Z","adrianalvaradoflores","https://www.tiktok.com/@latinus_us/video/7614352986915163412","6852135410627658758","7614621854607328021","https://p16-common-sign.tiktokcdn.com/tos-alisg-avt-0068/e83bfff1656161f27da30b8be02d03d8~tplv-tiktokx-cropcenter:100:100.jpg?dr=14579&refresh_token=48de428d&x-expires=1780200000&x-signature=KJi7bwymB016%2F%2BAEl%2BQbPOurnFs%3D&t=4d5b0474&ps=13740610&shp=30310797&shcp=ff37627b&idc=my2"
"Se lo ban a quitar a México por el narco pero no a USA por literal estar en gerra 😂","6","0","2026-03-09T03:57:09.000Z","hernandezsam1989","https://www.tiktok.com/@latinus_us/video/7614352986915163412","6953658513939858438","7615099931162657543","https://p19-common-sign.tiktokcdn-us.com/tos-maliva-avt-0068/7322054090163601414~tplv-tiktokx-cropcenter:100:100.jpg?dr=9640&refresh_token=8eda50de&x-expires=1780200000&x-signature=iBShwr8jOzipl5WTI4STR%2B1%2Bg5Q%3D&t=4d5b0474&ps=13740610&shp=30310797&shcp=ff37627b&idc=useast5"
"Osea que el gobierno de México solo puede aplicar un plan como este cuando le van a quitar del torneo de la copa del mundo y no en el ámbito diario?","12","0","2026-03-07T04:46:46.000Z","dereckcanales14","https://www.tiktok.com/@latinus_us/video/7614352986915163412","6899249393503339526","7614370520193073941","https://p19-common-sign.tiktokcdn-us.com/tos-alisg-avt-0068/7325014877876486146~tplv-tiktokx-cropcenter:100:100.jpg?dr=9640&refresh_token=0689b826&x-expires=1780200000&x-signature=K%2FEDWY0buiEOr4DVCOqWY2xwLt0%3D&t=4d5b0474&ps=13740610&shp=30310797&shcp=ff37627b&idc=useast5"
"protegenbal turista pero no al pueblo 🙄","7","0","2026-03-08T02:16:54.000Z","cero.rosell","https://www.tiktok.com/@latinus_us/video/7614352986915163412","6830189044321747974","7614703016851243794","https://p16-common-sign.tiktokcdn-us.com/tos-maliva-avt-0068/8ca3c76dc1e562e77e50334f98def5ce~tplv-tiktokx-cropcenter:100:100.jpg?dr=9640&refresh_token=047eb29d&x-expires=1780200000&x-signature=jQc%2FmB8SgBQBi5v%2B5pZC7BWgCb0%3D&t=4d5b0474&ps=13740610&shp=30310797&shcp=ff37627b&idc=useast5"
"“Buen maquillaje para el espectáculo… mientras tanto, que continúen los Juegos del Hambre.”","7","0","2026-03-07T15:14:24.000Z","tonydiaz0208","https://www.tiktok.com/@latinus_us/video/7614352986915163412","6926662317581763589","7614532298826449671","https://p16-common-sign.tiktokcdn-us.com/tos-maliva-avt-0068/b7c063a7d35be3e58b64b0e78945e92c~tplv-tiktokx-cropcenter:100:100.jpg?dr=9640&refresh_token=87750af6&x-expires=1780200000&x-signature=KVn%2FSaH16y0I80%2F0bAiv%2FnBVUXA%3D&t=4d5b0474&ps=13740610&shp=30310797&shcp=ff37627b&idc=useast5"
"ojalá se cancele","12","0","2026-03-07T04:41:50.000Z","el.fresita88","https://www.tiktok.com/@latinus_us/video/7614352986915163412","7372659553399702534","7614369198856979216","https://p19-common-sign.tiktokcdn-us.com/musically-maliva-obj/1594805258216454~tplv-tiktokx-cropcenter:100:100.jpg?dr=9640&refresh_token=e340c4d0&x-expires=1780200000&x-signature=y0I6Dncomm86fyA9XjJdWa1HRzE%3D&t=4d5b0474&ps=13740610&shp=30310797&shcp=ff37627b&idc=useast5"
"y la seguridad de los cuidados mexicanos","5","0","2026-03-09T05:00:51.000Z","alejandro_34_2022","https://www.tiktok.com/@latinus_us/video/7614352986915163412","6835990679848928262","7615116307747422997","https://p19-common-sign.tiktokcdn-us.com/tos-alisg-avt-0068/00da8c675a8d89fa41c104762e1b2c8c~tplv-tiktokx-cropcenter:100:100.jpg?dr=9640&refresh_token=0199fb6e&x-expires=1780200000&x-signature=TilT9jtYsronCOB41O8PLPGe29E%3D&t=4d5b0474&ps=13740610&shp=30310797&shcp=ff37627b&idc=useast5"
"Esto solo se dará por el mundial y por que esta actividad de seguridad no tenemos seguridad garantizada a Mexico y los mexicanos","7","0","2026-03-07T19:03:16.000Z","agamizo","https://www.tiktok.com/@latinus_us/video/7614352986915163412","6810555859622446085","7614591255766745876","https://p19-common-sign.tiktokcdn-us.com/tos-maliva-avt-0068/59126224deeeb3eaabb55bdf10e3885f~tplv-tiktokx-cropcenter:100:100.jpg?dr=9640&refresh_token=9cd4af8f&x-expires=1780200000&x-signature=y1j3di84kkI9uYc09WXUiPwDSNw%3D&t=4d5b0474&ps=13740610&shp=30310797&shcp=ff37627b&idc=useast5"
"sólo para el mundial hee, ya pasando regresa la realidad del país.","5","0","2026-03-09T01:56:51.000Z","nobitanobi9871","https://www.tiktok.com/@latinus_us/video/7614352986915163412","6897248218862896130","7615068910195311368","https://p19-common-sign.tiktokcdn-us.com/tos-alisg-avt-0068/de1c80f875a9fe4469e59fd97f2de5e9~tplv-tiktokx-cropcenter:100:100.jpg?dr=9640&refresh_token=7d1fa335&x-expires=1780200000&x-signature=%2FOTRqjDa%2FO3Qn75PDpJwo2EgC6Q%3D&t=4d5b0474&ps=13740610&shp=30310797&shcp=ff37627b&idc=useast5"
"jajaja ni regalado voy para México quiero ver el mundial,no andar esquivando balas😂😂","5","0","2026-03-08T13:26:39.000Z","dividipro234ff","https://www.tiktok.com/@latinus_us/video/7614352986915163412","7492187069960832007","7614874818492433159","https://p16-common-sign.tiktokcdn-us.com/tos-maliva-avt-0068/1b9ab60645b85fedf01956e853eced8d~tplv-tiktokx-cropcenter:100:100.jpg?dr=9640&refresh_token=d52b22e4&x-expires=1780200000&x-signature=QUvQVdBT4Zax32TEmwKsiOT%2FUXY%3D&t=4d5b0474&ps=13740610&shp=30310797&shcp=ff37627b&idc=useast5"
"Me están diciendo que la única razón por la que están haciendo algo en el país es por el mundial? que si no fuera por eso seguiriam defendiendo al CO? que raro no? no es el pais que morena nos plantea🫩🙄","8","0","2026-03-07T04:35:07.000Z","damndaniel_012","https://www.tiktok.com/@latinus_us/video/7614352986915163412","6539365026292044815","7614367531017339656","https://p19-common-sign.tiktokcdn-us.com/tos-maliva-avt-0068/cc6ea9f1646bba68eaf9415b781f91e2~tplv-tiktokx-cropcenter:100:100.jpg?dr=9640&refresh_token=e80d458d&x-expires=1780200000&x-signature=MCZRGGAfofYqoepdp6zGx9jRbp4%3D&t=4d5b0474&ps=13740610&shp=30310797&shcp=ff37627b&idc=useast5"
"Y la de proteger al pueblo siempre no se la saben?","6","0","2026-03-09T02:09:21.000Z","kikarc74","https://www.tiktok.com/@latinus_us/video/7614352986915163412","7117839615218713605","7615072097652802324","https://p19-common-sign.tiktokcdn-us.com/tos-maliva-avt-0068/d12c8a4cbee1a766f65c59a4147b4961~tplv-tiktokx-cropcenter:100:100.jpg?dr=9640&refresh_token=fffd46bd&x-expires=1780200000&x-signature=KPnnlPRlwNG3VwCDy28nqRPIZnI%3D&t=4d5b0474&ps=13740610&shp=30310797&shcp=ff37627b&idc=useast5"
"A pero a los mexicanos que pagamos sus sueldos con nuestros impuestos que nos sigan desapareciendo y desviviendo, fuera este gobierno corrupto.","8","0","2026-03-07T16:47:23.000Z","maria_del_carmen_1970","https://www.tiktok.com/@latinus_us/video/7614352986915163412","7023443896160551942","7614556219962098448","https://p16-common-sign.tiktokcdn-us.com/tos-maliva-avt-0068/7321526971429715974~tplv-tiktokx-cropcenter:100:100.jpg?dr=9640&refresh_token=3a6e5615&x-expires=1780200000&x-signature=WlveLbTQLuiWf7N3Bqx0M3y8p1M%3D&t=4d5b0474&ps=13740610&shp=30310797&shcp=ff37627b&idc=useast5"
"¿Por qué los gobiernos de Colombia y Mexico, se parecen tanto?.🥺","6","0","2026-03-08T11:32:56.000Z","eusoubrand","https://www.tiktok.com/@latinus_us/video/7614352986915163412","6815549969858184198","7614846310877184775","https://p19-common-sign.tiktokcdn-us.com/tos-maliva-avt-0068/7322918251591204870~tplv-tiktokx-cropcenter:100:100.jpg?dr=9640&refresh_token=edee6424&x-expires=1780200000&x-signature=hIVqMFY7pue2SSLDXchIMBF5EbY%3D&t=4d5b0474&ps=13740610&shp=30310797&shcp=ff37627b&idc=useast5"
"🚫 NO AL MUNDIAL EN MÉXICO 🚫","5","0","2026-03-08T20:14:46.000Z","ruizanzurez","https://www.tiktok.com/@latinus_us/video/7614352986915163412","6806872847508833286","7614980761607897873","https://p19-common-sign.tiktokcdn-us.com/tos-maliva-avt-0068/b30abc0c142cbd1e929d8e4abacacf48~tplv-tiktokx-cropcenter:100:100.jpg?dr=9640&refresh_token=f415df63&x-expires=1780200000&x-signature=Aohzj4nPhiJmI3ScPWQ%2FuZpSYl8%3D&t=4d5b0474&ps=13740610&shp=30310797&shcp=ff37627b&idc=useast5"
"Y si contratan mejor a nayib bukele","7","0","2026-03-07T23:29:09.000Z","manuelponceruz","https://www.tiktok.com/@latinus_us/video/7614352986915163412","7142571838269998085","7614659757269713685","https://p19-common-sign.tiktokcdn-us.com/tos-alisg-avt-0068/afdeb62bd94f4953f0391d72d7898a39~tplv-tiktokx-cropcenter:100:100.jpg?dr=9640&refresh_token=e3297b1c&x-expires=1780200000&x-signature=6xjiZ%2BGEEgFUPRYYjyE1ZGUxQ9k%3D&t=4d5b0474&ps=13740610&shp=30310797&shcp=ff37627b&idc=useast5"
"ven que si tenemos la capacidad de controlar la violencia en mexico, armamento, gente pero nomas les vlvga al gobierno","7","0","2026-03-08T03:15:01.000Z","laterrazita_arboledas","https://www.tiktok.com/@latinus_us/video/7614352986915163412","7460700317110354949","7614717962109305621","https://p16-common-sign.tiktokcdn-us.com/tos-alisg-avt-0068/8d78288c148b8a9ae2932a3a6161bfbb~tplv-tiktokx-cropcenter:100:100.jpg?dr=9640&refresh_token=f9793234&x-expires=1780200000&x-signature=JR2X4VaMKejDskOH6hYs4%2Fai7YE%3D&t=4d5b0474&ps=13740610&shp=30310797&shcp=ff37627b&idc=useast5"
"Los carteles andas más armados que la policía de México","12","1","2026-03-08T16:24:28.000Z","betancurtxxx","https://www.tiktok.com/@latinus_us/video/7614352986915163412","7404474928437937157","7614921437346022151","https://p16-common-sign.tiktokcdn-us.com/tos-alisg-avt-0068/5c37ff9291b7bd2c3217cec4f309ad52~tplv-tiktokx-cropcenter:100:100.jpg?dr=9640&refresh_token=fdd3f013&x-expires=1780200000&x-signature=TVi09Ow%2FOH2f5LgMerjauVTNARw%3D&t=4d5b0474&ps=13740610&shp=30310797&shcp=ff37627b&idc=useast5"
"cuidan a todos menos a los Mexicanos jajaja vaya cosa","6","0","2026-03-08T17:27:31.000Z","pao_castilla","https://www.tiktok.com/@latinus_us/video/7614352986915163412","7250205591696065541","7614937677381534482","https://p19-common-sign.tiktokcdn-us.com/tos-alisg-avt-0068/610b74ab3cdab755b55eff16494aced1~tplv-tiktokx-cropcenter:100:100.jpg?dr=9640&refresh_token=b05e55ea&x-expires=1780200000&x-signature=HhFlLbs%2F9ib9xnyxThJ5VQG86KA%3D&t=4d5b0474&ps=13740610&shp=30310797&shcp=ff37627b&idc=useast5"
"Y después de que se acabe el mundial, a la normalidad de nuevo! Este operativo debería ser 24/7 los 365, y aplicarlo como nuevo decreto presidencial","6","0","2026-03-08T02:10:20.000Z","crisjacintodena","https://www.tiktok.com/@latinus_us/video/7614352986915163412","7167901323320296454","7614701311989056264","https://p16-common-sign.tiktokcdn-us.com/tos-alisg-avt-0068/45b8119bda312ca9346d920a00c07920~tplv-tiktokx-cropcenter:100:100.jpg?dr=9640&refresh_token=077983aa&x-expires=1780200000&x-signature=rPvLGNNtbApNrlAoCT57b5Ge1Ks%3D&t=4d5b0474&ps=13740610&shp=30310797&shcp=ff37627b&idc=useast5"
"Ojalá así fuera la seguridad y compromiso siempre, no cabe duda que a este gobierno el pueblo le vale madre","5","0","2026-03-07T09:31:44.000Z","eltrashart","https://www.tiktok.com/@latinus_us/video/7614352986915163412","6952191867903886342","7614443968261391105","https://p19-common-sign.tiktokcdn-us.com/tos-alisg-avt-0068/271f391b329f45fa07476df443c6ec5c~tplv-tiktokx-cropcenter:100:100.jpg?dr=9640&refresh_token=2f6f53d1&x-expires=1780200000&x-signature=rAftQdUXckl0f7TT0KN1Ee%2BefMs%3D&t=4d5b0474&ps=13740610&shp=30310797&shcp=ff37627b&idc=useast5"
"Combatir el narco: nehhh. Proteger a weyes pateando un balón: tráete a X force y hasta Batman","14","0","2026-03-07T15:40:36.000Z","dyg9mppbhqt1","https://www.tiktok.com/@latinus_us/video/7614352986915163412","6984224068880040966","7614539044428743444","https://p19-common-sign.tiktokcdn-us.com/tos-maliva-avt-0068/7330575829057372166~tplv-tiktokx-cropcenter:100:100.jpg?dr=9640&refresh_token=b4544307&x-expires=1780200000&x-signature=DYTOdmukfLY%2BpyuMVo4TeN7VBro%3D&t=4d5b0474&ps=13740610&shp=30310797&shcp=ff37627b&idc=useast5"
"seguro harán un trato con los narcos","10","0","2026-03-08T02:23:28.000Z","max38082","https://www.tiktok.com/@latinus_us/video/7614352986915163412","7015922673612522501","7614704686201815816","https://p19-common-sign.tiktokcdn-us.com/tos-maliva-avt-0068/7295731297476378630~tplv-tiktokx-cropcenter:100:100.jpg?dr=9640&refresh_token=990d42c7&x-expires=1780200000&x-signature=gd4ohNZA%2BtSC4zZGl%2FVOzsqdNZY%3D&t=4d5b0474&ps=13740610&shp=30310797&shcp=ff37627b&idc=useast5"
"ahora si despliegan seguridad? por partidos de fútbol. cuando esté plan debió y debe estar siempre activo para nosotros los mexicanos.","10","0","2026-03-07T23:30:34.000Z","raelnofame1995","https://www.tiktok.com/@latinus_us/video/7614352986915163412","6807295486711694342","7614660121624527636","https://p16-common-sign.tiktokcdn-us.com/tos-alisg-avt-0068/fab76f56b62aed9d214f3ca1aab52fd7~tplv-tiktokx-cropcenter:100:100.jpg?dr=9640&refresh_token=ae62ddd9&x-expires=1780200000&x-signature=HHrgrLlUQYo7zDf%2BAhnNaFKMOqg%3D&t=4d5b0474&ps=13740610&shp=30310797&shcp=ff37627b&idc=useast5"
"no queremos mundial 😡 queremos seguridad para el pias y nosotros los mexicanos vivamos en paz 😡","10","0","2026-03-08T00:16:27.000Z","ww.tiktok_s.u.b","https://www.tiktok.com/@latinus_us/video/7614352986915163412","6889113093969789957","7614671973972968199","https://p19-common-sign.tiktokcdn-us.com/tos-alisg-avt-0068/b04e7da20c29c7ca48f8041c5bbcfa48~tplv-tiktokx-cropcenter:100:100.jpg?dr=9640&refresh_token=b79e2380&x-expires=1780200000&x-signature=Rl37G9Z8QrwGkaAm3qo9Zl81r2Q%3D&t=4d5b0474&ps=13740610&shp=30310797&shcp=ff37627b&idc=useast5"
"no les va a funcionar, nunca les funciona","10","0","2026-03-07T12:41:37.000Z","pito_galaktico","https://www.tiktok.com/@latinus_us/video/7614352986915163412","6873588437572912134","7614492902580945682","https://p19-common-sign.tiktokcdn-us.com/tos-alisg-avt-0068/6f22b49b780861eb25f66669330d0aae~tplv-tiktokx-cropcenter:100:100.jpg?dr=9640&refresh_token=9c4d6227&x-expires=1780200000&x-signature=RcCgMfb0paoUvNjX8hs6Efb8jxc%3D&t=4d5b0474&ps=13740610&shp=30310797&shcp=ff37627b&idc=useast5"
"osea que si hay seguridad pero no para el mexicano??","10","0","2026-03-07T08:58:17.000Z","j.c.editandoando","https://www.tiktok.com/@latinus_us/video/7614352986915163412","7261098305773913093","7614435366015271700","https://p16-common-sign.tiktokcdn-us.com/tos-maliva-avt-0068/ccc3ff9af7b11e16f0f13160b6dc0842~tplv-tiktokx-cropcenter:100:100.jpg?dr=9640&refresh_token=09e2f2b1&x-expires=1780200000&x-signature=FFZ%2BziibCJ8i1AfW5EKjIDxW5f4%3D&t=4d5b0474&ps=13740610&shp=30310797&shcp=ff37627b&idc=useast5"
"El mundial debería ser solo en CANADÁ pero la FIFA es corrupta","33","1","2026-03-07T04:13:10.000Z","hcl_91","https://www.tiktok.com/@latinus_us/video/7614352986915163412","6818354350314865670","7614361887670223624","https://p16-common-sign.tiktokcdn-us.com/tos-maliva-avt-0068/7326609864594358277~tplv-tiktokx-cropcenter:100:100.jpg?dr=9640&refresh_token=5ed1bde1&x-expires=1780200000&x-signature=P0v37c9CQFp8kzZ73H2nR3UI7xo%3D&t=4d5b0474&ps=13740610&shp=30310797&shcp=ff37627b&idc=useast5"
"El plan Kukulcán: decirle a sus amigos la maña que no hagan desmadre mientras está el mundial","10","0","2026-03-08T06:15:56.000Z","troiz_z","https://www.tiktok.com/@latinus_us/video/7614352986915163412","6542630549624722447","7614764603956380423","https://p19-common-sign.tiktokcdn-us.com/tos-alisg-avt-0068/d5d3cb3560de7571b7dc8f5b9073bf88~tplv-tiktokx-cropcenter:100:100.jpg?dr=9640&refresh_token=775fb0ff&x-expires=1780200000&x-signature=Ni%2B9VsQBJTCR87K2y9ot%2BrkmItw%3D&t=4d5b0474&ps=13740610&shp=30310797&shcp=ff37627b&idc=useast5"
"Y si se queda el plan cuculcan para siempre (?)","7","0","2026-03-08T04:21:17.000Z","zakizu7","https://www.tiktok.com/@latinus_us/video/7614352986915163412","6637935471547531269","7614735066283492114","https://p19-common-sign.tiktokcdn-us.com/tos-alisg-avt-0068/12a269b55453b2dc211a21e1f9faafe9~tplv-tiktokx-cropcenter:100:100.jpg?dr=9640&refresh_token=b6e4c557&x-expires=1780200000&x-signature=oBw374p6Cd%2Bcn8xL1BmMI9imJUA%3D&t=4d5b0474&ps=13740610&shp=30310797&shcp=ff37627b&idc=useast5"
"Kukul que?!","5","0","2026-03-09T20:16:45.000Z","christianpaul_04","https://www.tiktok.com/@latinus_us/video/7614352986915163412","6734161144698848261","7615352338550686465","https://p19-common-sign.tiktokcdn-us.com/tos-alisg-avt-0068/7c4d753ea908600aa4e5979e1f5a9e7d~tplv-tiktokx-cropcenter:100:100.jpg?dr=9640&refresh_token=b06ba746&x-expires=1780200000&x-signature=1oJvr0bzA3dhCQMo6vk6bCWbg%2F0%3D&t=4d5b0474&ps=13740610&shp=30310797&shcp=ff37627b&idc=useast5"
"Todo sea por el futbol y a la población que se la lleve el cuerno","11","0","2026-03-07T07:13:25.000Z","pinsheperro","https://www.tiktok.com/@latinus_us/video/7614352986915163412","6931859998730683397","7614408312285332231","https://p16-common-sign.tiktokcdn-eu.com/tos-maliva-avt-0068/28481ccde09774ba7bc70f19ef3872db~tplv-tiktokx-cropcenter:100:100.jpg?dr=10399&refresh_token=e53b59ea&x-expires=1780200000&x-signature=iu%2B7KSeCv3e%2B3%2FVYlKrS2EjoOiM%3D&t=4d5b0474&ps=13740610&shp=30310797&shcp=ff37627b&idc=no1a"
"para la seguridad durante la copa del mundo, osea que los demás dias de año les vale vrg","11","0","2026-03-07T06:19:13.000Z","baltazarbatista1","https://www.tiktok.com/@latinus_us/video/7614352986915163412","6544398908972340224","7614394347191419669","https://p16-common-sign.tiktokcdn-eu.com/tos-alisg-avt-0068/85f7b6d21bbafe74f668095a5dcabb53~tplv-tiktokx-cropcenter:100:100.jpg?dr=10399&refresh_token=f7deb638&x-expires=1780200000&x-signature=rvF7zCU1GhQJwPq10SRT5VG2a9A%3D&t=4d5b0474&ps=13740610&shp=30310797&shcp=ff37627b&idc=no1a"
"Suena como el kukuxklan","11","0","2026-03-07T04:25:18.000Z","pablitp.99","https://www.tiktok.com/@latinus_us/video/7614352986915163412","7444718320307373111","7614365003747312405","https://p16-common-sign.tiktokcdn-eu.com/tos-alisg-avt-0068/e67dc11b85f1ec405a446ed17c4fe63c~tplv-tiktokx-cropcenter:100:100.jpg?dr=10399&refresh_token=e675f6cd&x-expires=1780200000&x-signature=peKwAD00MqBHmig3QzvKDT5Md80%3D&t=4d5b0474&ps=13740610&shp=30310797&shcp=ff37627b&idc=no1a"
"Yo voto porque Kukulcán se quede después del mundial en Jalisco 😬😬😬 hasta que Jalisco sea seguro y libre 😬😬","11","0","2026-03-07T04:09:34.000Z","user8801975736909","https://www.tiktok.com/@latinus_us/video/7614352986915163412","6801469083042513925","7614360938112729874","https://p16-common-sign.tiktokcdn-eu.com/tos-maliva-avt-0068/7327852192957333510~tplv-tiktokx-cropcenter:100:100.jpg?dr=10399&refresh_token=eab0f1bd&x-expires=1780200000&x-signature=Ib2JG5sPun5v1KZsSSXnn8MOAAM%3D&t=4d5b0474&ps=13740610&shp=30310797&shcp=ff37627b&idc=no1a"
"Y si mejor sacan un plan para proteger a México siempre y no solo durante el mundial?","10","0","2026-03-09T15:41:58.000Z","bbtovera","https://www.tiktok.com/@latinus_us/video/7614352986915163412","6971781168623141894","7615281574313493255","https://p16-common-sign.tiktokcdn-eu.com/tos-alisg-avt-0068/aeda03deed140b7310f3f0fac722eb55~tplv-tiktokx-cropcenter:100:100.jpg?dr=10399&refresh_token=e005f22e&x-expires=1780200000&x-signature=H7D%2FFLUu2bvpOXE844EG8UQXMyo%3D&t=4d5b0474&ps=13740610&shp=30310797&shcp=ff37627b&idc=no1a"
"EL PLAN. YO CALMO A MIS CRIMINALES NO PASA NADA.SOLO DOY LA ORDEN.","10","0","2026-03-08T03:17:16.000Z","joselopez27099","https://www.tiktok.com/@latinus_us/video/7614352986915163412","7034244315304985606","7614718539190453006","https://p16-common-sign.tiktokcdn-eu.com/tos-maliva-avt-0068/5d0b12d851c929fa55268fe01972cc51~tplv-tiktokx-cropcenter:100:100.jpg?dr=10399&refresh_token=b78ebee5&x-expires=1780200000&x-signature=X0WNSyz1PfJZRM86SZyuny73M7g%3D&t=4d5b0474&ps=13740610&shp=30310797&shcp=ff37627b&idc=no1a"
"jajajjajajjajs","10","0","2026-03-08T02:22:44.000Z","jesus.hernndez55","https://www.tiktok.com/@latinus_us/video/7614352986915163412","7264346995468452869","7614704484762288917","https://p16-common-sign.tiktokcdn-eu.com/tos-maliva-avt-0068/cd7756fa1cf6a0edb9e41ed07d21b1d0~tplv-tiktokx-cropcenter:100:100.jpg?dr=10399&refresh_token=b92a98c4&x-expires=1780200000&x-signature=4B38bKfq82RCJEk5Ll1qA6z%2FLqg%3D&t=4d5b0474&ps=13740610&shp=30310797&shcp=ff37627b&idc=no1a"
"Reforzar la seguridad porque es tu trabajo que el país sea seguro ❌. Reforzar la seguridad para que no te quiten el mundial que solo beneficia a millonarios ✅","10","0","2026-03-07T16:34:15.000Z","xwraptexcoco","https://www.tiktok.com/@latinus_us/video/7614352986915163412","6918249520578380805","7614552875554554645","https://p16-common-sign.tiktokcdn-eu.com/tos-alisg-avt-0068/949611c5616be957515674503dc18f4e~tplv-tiktokx-cropcenter:100:100.jpg?dr=10399&refresh_token=c8dfd418&x-expires=1780200000&x-signature=ssghtF6yZ1ICyEktwB6zVu7N1e4%3D&t=4d5b0474&ps=13740610&shp=30310797&shcp=ff37627b&idc=no1a"
"Osea que siempre han podido defender a la población? Les valía madres antes o que?","11","0","2026-03-07T15:18:58.000Z","mariana_ati","https://www.tiktok.com/@latinus_us/video/7614352986915163412","6998186691464070149","7614533482815144722","https://p16-common-sign.tiktokcdn-eu.com/tos-maliva-avt-0068/d09767810b9c916fc78c23f2d309f14a~tplv-tiktokx-cropcenter:100:100.jpg?dr=10399&refresh_token=3f135071&x-expires=1780200000&x-signature=zBL7uklzMnB%2FGbn39%2F3zuNmb9vU%3D&t=4d5b0474&ps=13740610&shp=30310797&shcp=ff37627b&idc=no1a"
"y porque no protegen al país así normalmente, osea si se puede pero solo para este evento, y todo lo de más del año nos fre###mos todos","11","0","2026-03-07T14:59:43.000Z","miriammejia339","https://www.tiktok.com/@latinus_us/video/7614352986915163412","6950732549627315206","7614528502004056852","https://p16-common-sign.tiktokcdn-eu.com/tos-maliva-avt-0068/7330476754941378565~tplv-tiktokx-cropcenter:100:100.jpg?dr=10399&refresh_token=fd0637dc&x-expires=1780200000&x-signature=QEktPnHEp6D%2FYRIv1qCvffQ3DXI%3D&t=4d5b0474&ps=13740610&shp=30310797&shcp=ff37627b&idc=no1a"
"Así nos deberían de cuidar todos los días alos mexicanos","10","0","2026-03-07T13:52:50.000Z","user1424854843706","https://www.tiktok.com/@latinus_us/video/7614352986915163412","7375504635182711813","7614511276064080660","https://p16-common-sign.tiktokcdn-eu.com/tos-alisg-avt-0068/2f92b2ce079906ead8f3c059227ab57a~tplv-tiktokx-cropcenter:100:100.jpg?dr=10399&refresh_token=3ed21115&x-expires=1780200000&x-signature=QmlHnaGGIidOGxOTT3WXqgunS9U%3D&t=4d5b0474&ps=13740610&shp=30310797&shcp=ff37627b&idc=no1a"
"oyeron bien? Tiene como objetivo proteger a los turistas...","6","0","2026-03-09T20:48:41.000Z","marvin.personal","https://www.tiktok.com/@latinus_us/video/7614352986915163412","6742477058453275654","7615360589560480533","https://p16-common-sign.tiktokcdn-us.com/tos-alisg-avt-0068/cc7f0744a762673d36c3569d6bab5fb1~tplv-tiktokx-cropcenter:100:100.jpg?dr=9640&refresh_token=61e7827d&x-expires=1780200000&x-signature=w%2FshLH728eNZRwNsy%2FKAxbKmaZ4%3D&t=4d5b0474&ps=13740610&shp=30310797&shcp=ff37627b&idc=useast5"
"Mexico 🇲🇽 vs Mexico 🇲🇽 jajaja","5","0","2026-03-08T20:03:54.000Z","callmeonlyjuan","https://www.tiktok.com/@latinus_us/video/7614352986915163412","6790550222081033222","7614977948840723218","https://p19-common-sign.tiktokcdn-us.com/tos-maliva-avt-0068/7334136373756198918~tplv-tiktokx-cropcenter:100:100.jpg?dr=9640&refresh_token=8903e604&x-expires=1780200000&x-signature=RsUDihSGu3lTzpCcwoFQV6LwDww%3D&t=4d5b0474&ps=13740610&shp=30310797&shcp=ff37627b&idc=useast5"
"Como? Entonces si tienen la capacidad para desplazar un gran plan de seguridad para cuidar a los que son parte del mundial, pero en diferentes estados no pueden erradicar la delincuencia, que raro?","23","1","2026-03-07T18:24:09.000Z","jorge.pe0","https://www.tiktok.com/@latinus_us/video/7614352986915163412","6931929815529636869","7614581190028444437","https://p16-common-sign.tiktokcdn-us.com/tos-maliva-avt-0068/198111283cb3b8de22c2dbb58d22d117~tplv-tiktokx-cropcenter:100:100.jpg?dr=9640&refresh_token=29e86473&x-expires=1780200000&x-signature=SUhgMLPJgI%2BhefInmkll67Qc5VI%3D&t=4d5b0474&ps=13740610&shp=30310797&shcp=ff37627b&idc=useast5"
"Ojalá el mundial durara por siempre","6","0","2026-03-08T23:02:57.000Z","soytani","https://www.tiktok.com/@latinus_us/video/7614352986915163412","6835796429093913606","7615024054975546132","https://p16-common-sign.tiktokcdn-us.com/tos-alisg-avt-0068/833c3f23d26a85d914a9c5111adf6dea~tplv-tiktokx-cropcenter:100:100.jpg?dr=9640&refresh_token=ad4da9f2&x-expires=1780200000&x-signature=D7P30d3nqsTxhz8UHhm%2FNeBJ4uU%3D&t=4d5b0474&ps=13740610&shp=30310797&shcp=ff37627b&idc=useast5"
"osea hacen de cuidado solo cuando es mundial
pero el resto del año q se chinguen el pueblo","8","0","2026-03-07T12:37:58.000Z","wilderjairzambrano","https://www.tiktok.com/@latinus_us/video/7614352986915163412","7099521459517604870","7614491985999004433","https://p16-common-sign.tiktokcdn-us.com/tos-maliva-avt-0068/7099548790901702661~tplv-tiktokx-cropcenter:100:100.jpg?dr=9640&refresh_token=ef47f391&x-expires=1780200000&x-signature=IuCwXoOO7wI0TuXGldjb%2BLY8BwU%3D&t=4d5b0474&ps=13740610&shp=30310797&shcp=ff37627b&idc=useast5"
"entonces la seguridad es cuestión de voluntad🤭","7","0","2026-03-08T06:21:59.000Z","brauliorocksales","https://www.tiktok.com/@latinus_us/video/7614352986915163412","6888511539096077317","7614766135561274133","https://p19-common-sign.tiktokcdn-us.com/tos-maliva-avt-0068/8b1c80b4cf533770b1f223237d930b01~tplv-tiktokx-cropcenter:100:100.jpg?dr=9640&refresh_token=a2469107&x-expires=1780200000&x-signature=v7iRnCg5YW25D93a1%2BrrJqIPYd8%3D&t=4d5b0474&ps=13740610&shp=30310797&shcp=ff37627b&idc=useast5"
"México no necesita tener un mundial para tener toda esa seguridad la necesita siempre para todos los mexicanos que triste ver la realidad del gobierno","6","0","2026-03-07T22:07:00.000Z","escorpio1010","https://www.tiktok.com/@latinus_us/video/7614352986915163412","6950968434012226566","7614638590480401170","https://p16-common-sign.tiktokcdn-us.com/tos-alisg-avt-0068/0e748e6d6ead026bdfc3c70b2c97ab10~tplv-tiktokx-cropcenter:100:100.jpg?dr=9640&refresh_token=4c447e6c&x-expires=1780200000&x-signature=pLycgfFqY2BPVJEGNSmVrnfKZK8%3D&t=4d5b0474&ps=13740610&shp=30310797&shcp=ff37627b&idc=useast5"
"Plan no ir a México ❤️","8","0","2026-03-07T19:09:51.000Z","jhovanhc2030","https://www.tiktok.com/@latinus_us/video/7614352986915163412","7543363528041317382","7614592930997650194","https://p19-common-sign.tiktokcdn-us.com/tos-maliva-avt-0068/c93fd9e5ea263c0f9041641a793f4f0f~tplv-tiktokx-cropcenter:100:100.jpg?dr=9640&refresh_token=2acf2dbe&x-expires=1780200000&x-signature=94jqohX0dP2e26hWGW8RKsVuU%2Fs%3D&t=4d5b0474&ps=13740610&shp=30310797&shcp=ff37627b&idc=useast5"
"una vergüenza que el estado solo invierta en seguridad cuando necesitan aparentar, pero a su propia gente deja que la desaparezcan y la maten como si nada","7","0","2026-03-08T14:31:46.000Z","fernandamotta2602","https://www.tiktok.com/@latinus_us/video/7614352986915163412","6914080921441027078","7614892397847741192","https://p16-common-sign.tiktokcdn-us.com/tos-alisg-avt-0068/b1c563edead81f3d820230f1e42bfc73~tplv-tiktokx-cropcenter:100:100.jpg?dr=9640&refresh_token=dfaab58d&x-expires=1780200000&x-signature=kPBMsyJPZ0BqTHMQgIEaKXsLHns%3D&t=4d5b0474&ps=13740610&shp=30310797&shcp=ff37627b&idc=useast5"
"Para que no lo quiten el mundial, que burla 😂😂","5","0","2026-03-07T22:00:41.000Z","rojas_miguel7","https://www.tiktok.com/@latinus_us/video/7614352986915163412","6882500889430524933","7614636981536162577","https://p16-common-sign.tiktokcdn-us.com/tos-alisg-avt-0068/d364f038b1a99bd5bc6e6f0706eea4a2~tplv-tiktokx-cropcenter:100:100.jpg?dr=9640&refresh_token=71b03b01&x-expires=1780200000&x-signature=gaCr5pOvRMbWYdJsAXL9%2BWb2qJ4%3D&t=4d5b0474&ps=13740610&shp=30310797&shcp=ff37627b&idc=useast5"
"Osea si se pueden poner las pilas, pero no con nosotros","7","0","2026-03-07T15:18:15.000Z","zulez4","https://www.tiktok.com/@latinus_us/video/7614352986915163412","6745639879742702598","7614533277215867666","https://p19-common-sign.tiktokcdn-us.com/tos-maliva-avt-0068/4c65c469fb036c115d31d14a7e39a139~tplv-tiktokx-cropcenter:100:100.jpg?dr=9640&refresh_token=6b5519a9&x-expires=1780200000&x-signature=gOt9YyqX9QusfLMWAsiPv4pWCFg%3D&t=4d5b0474&ps=13740610&shp=30310797&shcp=ff37627b&idc=useast5"
"Donde seles puede donar para los recursos que necesiten","2","0","2026-05-28T14:11:30.000Z","adri03312","https://www.tiktok.com/@ajplusespanol/video/7644374184180616456","7346272603508065286","7644945075834929937","https://p16-common-sign.tiktokcdn.com/tos-alisg-avt-0068/7082ce3cda5cd1d2a69330e8183a7b22~tplv-tiktokx-cropcenter:100:100.jpg?dr=14579&refresh_token=0be1ac1d&x-expires=1780200000&x-signature=mRDnmXjZIcnfL1yWAFYg2zQE3fU%3D&t=4d5b0474&ps=13740610&shp=30310797&shcp=ff37627b&idc=my"
"Mientras el gobierno invierte millones en eventos como el Mundial de fútbol, miles de familias siguen buscando a sus desaparecidos sin apoyo suficiente, sin respuestas y sin justicia.
No puede haber celebración completa en un país donde tantos padres siguen buscando a sus hijos. La prioridad debería ser la seguridad, la verdad y la dignidad de las víctimas.","2","0","2026-05-28T13:20:53.000Z","gigi_cg07","https://www.tiktok.com/@ajplusespanol/video/7644374184180616456","6932548214986097670","7644931957961491220","https://p16-common-sign.tiktokcdn.com/tos-maliva-avt-0068/7080384936179400709~tplv-tiktokx-cropcenter:100:100.jpg?dr=14579&refresh_token=69e1abfa&x-expires=1780200000&x-signature=8K%2F4lGyEwPDAWjmBybVn%2FjtdJ9w%3D&t=4d5b0474&ps=13740610&shp=30310797&shcp=ff37627b&idc=my"
"Justicia Dios los ayude justicia justicia","1","0","2026-05-29T05:55:10.000Z","carlostrejo200781","https://www.tiktok.com/@ajplusespanol/video/7644374184180616456","7059808231099352070","7645188230455542544","https://p16-common-sign.tiktokcdn.com/tos-alisg-avt-0068/d5adafa0a457d081a011a342458ea021~tplv-tiktokx-cropcenter:100:100.jpg?dr=14579&refresh_token=f3b0788c&x-expires=1780200000&x-signature=oHgvAWQTOZewOkHus1YArAiv%2B0E%3D&t=4d5b0474&ps=13740610&shp=30310797&shcp=ff37627b&idc=my"
"[Sticker] Gracias Sheinbaum","3","0","2026-05-27T06:31:19.000Z","carlosuperez98","https://www.tiktok.com/@ajplusespanol/video/7644374184180616456","84103629237854208","7644455390914659080","https://p16-common-sign.tiktokcdn.com/tos-alisg-avt-0068/264c2f7ba781440ab3b61ab92a1cddb1~tplv-tiktokx-cropcenter:100:100.jpg?dr=14579&refresh_token=5e846931&x-expires=1780200000&x-signature=jZh45%2FsteTRot8nksAvEYN6faE0%3D&t=4d5b0474&ps=13740610&shp=30310797&shcp=ff37627b&idc=my"
"lamento mucho su dolor mamitas y papitos😢","2","0","2026-05-28T03:50:26.000Z","viral.pets76","https://www.tiktok.com/@ajplusespanol/video/7644374184180616456","7338921227685413893","7644784989997843221","https://p16-common-sign.tiktokcdn.com/tos-maliva-avt-0068/7341806709420654598~tplv-tiktokx-cropcenter:100:100.jpg?dr=14579&refresh_token=9e0a8589&x-expires=1780200000&x-signature=u7NVZdTL7tsHWHxAtCJ9Fxxq0Rk%3D&t=4d5b0474&ps=13740610&shp=30310797&shcp=ff37627b&idc=my"
"y los que faltan en el mundial.","2","0","2026-05-28T03:33:46.000Z","obednp2018gmailcom","https://www.tiktok.com/@ajplusespanol/video/7644374184180616456","6930822216893088774","7644780715423040257","https://p16-common-sign.tiktokcdn.com/tos-maliva-avt-0068/84928f2213f52b581040d35aaa394c4c~tplv-tiktokx-cropcenter:100:100.jpg?dr=14579&refresh_token=7d0a7a8e&x-expires=1780200000&x-signature=g%2FohhlFyp4VBeDyaEwVuVZlGRIU%3D&t=4d5b0474&ps=13740610&shp=30310797&shcp=ff37627b&idc=my"
"todavía se pueden hacer escuchar cerrar las vialidades los días que habrá juego en la ciudad tanto para jugadores como en general sería un foco de exposición global para ejercer algo de presión","2","0","2026-05-28T03:02:09.000Z","jorgebertrand7","https://www.tiktok.com/@ajplusespanol/video/7644374184180616456","6803451764106822662","7644772575209734930","https://p16-common-sign.tiktokcdn.com/tos-maliva-avt-0068/7333230948824711174~tplv-tiktokx-cropcenter:100:100.jpg?dr=14579&refresh_token=97412312&x-expires=1780200000&x-signature=E0cS%2F4nqorX0zJvABm2pEyc61VE%3D&t=4d5b0474&ps=13740610&shp=30310797&shcp=ff37627b&idc=my"
"Yo si quiero el mundial pero creo que no se debió a ver aceptado el torneo ya que ahorita hay demasiados desaparecidos","2","0","2026-05-28T01:41:53.000Z","sombranegra_07","https://www.tiktok.com/@ajplusespanol/video/7644374184180616456","7451641202254693381","7644751837430399764","https://p16-common-sign.tiktokcdn.com/tos-alisg-avt-0068/5c6b5e01c785e79bb3ac379ac30cb99c~tplv-tiktokx-cropcenter:100:100.jpg?dr=14579&refresh_token=1b4ec1c4&x-expires=1780200000&x-signature=O8GH%2B%2BMEgrulpQd7MVq20tRlc%2Bc%3D&t=4d5b0474&ps=13740610&shp=30310797&shcp=ff37627b&idc=my"
"[Sticker] Estamos con ustedes 🇲🇽💪🏻","2","0","2026-05-27T21:43:25.000Z","favela7804","https://www.tiktok.com/@ajplusespanol/video/7644374184180616456","7480942247393281030","7644690424955028242","https://p16-common-sign.tiktokcdn.com/musically-maliva-obj/1594805258216454~tplv-tiktokx-cropcenter:100:100.jpg?dr=14579&refresh_token=fa307169&x-expires=1780200000&x-signature=mehcPq0GqZUJprcMKOYk31VuyvU%3D&t=4d5b0474&ps=13740610&shp=30310797&shcp=ff37627b&idc=my"
"deberia existir una plataforma de fácil acceso que diera nombre del desaparecido y estatus oficial emitido por el organismo que atiende este delito.","1","0","2026-05-29T00:57:19.000Z","jjdiaz32","https://www.tiktok.com/@ajplusespanol/video/7644374184180616456","7389164915921798149","7645111413481390856","https://p16-common-sign.tiktokcdn.com/tos-alisg-avt-0068/dccc7d976c20b623a61ae774a676dc22~tplv-tiktokx-cropcenter:100:100.jpg?dr=14579&refresh_token=c2ae7334&x-expires=1780200000&x-signature=sUlDv9szNDW9JtijZ2fjdOtucnU%3D&t=4d5b0474&ps=13740610&shp=30310797&shcp=ff37627b&idc=my"
"La tristeza 😭","2","0","2026-05-27T16:03:45.000Z","gr3et3","https://www.tiktok.com/@ajplusespanol/video/7644374184180616456","7482526470209651717","7644602845413032721","https://p16-common-sign.tiktokcdn.com/tos-alisg-avt-0068/00edd8f657603cbcc6020ccd0743a4f0~tplv-tiktokx-cropcenter:100:100.jpg?dr=14579&refresh_token=404a200d&x-expires=1780200000&x-signature=KnFF9ZWNtiU8N7F1mRUE%2FmU2rng%3D&t=4d5b0474&ps=13740610&shp=30310797&shcp=ff37627b&idc=my"
"Es una realidad que en México se vive un tema de inseguridad muy severo, pero mayormente estos movimientos, no digo que todo esté financiado por partidos políticos.","2","0","2026-05-27T16:02:24.000Z","donos_oropeza","https://www.tiktok.com/@ajplusespanol/video/7644374184180616456","7319373798733317126","7644602529171637013","https://p19-common-sign.tiktokcdn.com/tos-alisg-avt-0068/cab138247a21e5095a90d061a8a177eb~tplv-tiktokx-cropcenter:100:100.jpg?dr=14579&refresh_token=e7c4de5c&x-expires=1780200000&x-signature=BrXtiB6a9trHNUGMr6qiGyijpOI%3D&t=4d5b0474&ps=13740610&shp=30310797&shcp=ff37627b&idc=my"
"[Sticker] No queremos mundial!!","2","0","2026-05-27T15:31:40.000Z","aniceto.elii","https://www.tiktok.com/@ajplusespanol/video/7644374184180616456","7159010803302286342","7644594609448944404","https://p16-common-sign.tiktokcdn.com/tos-alisg-avt-0068/67728747b59fec8f854c43cbb9de2839~tplv-tiktokx-cropcenter:100:100.jpg?dr=14579&refresh_token=2ef0482c&x-expires=1780200000&x-signature=Lev4qwznKSJgHqv0pRelfLUWJLk%3D&t=4d5b0474&ps=13740610&shp=30310797&shcp=ff37627b&idc=my"
"ojalá los encuentren! dios los bendiga 🙏","2","0","2026-05-27T14:50:33.000Z","rol_d_catzoli","https://www.tiktok.com/@ajplusespanol/video/7644374184180616456","6959569911303980038","7644584019540493064","https://p16-common-sign.tiktokcdn.com/tos-maliva-avt-0068/7c8bdc5a205c7edfed4af604f73782bf~tplv-tiktokx-cropcenter:100:100.jpg?dr=14579&refresh_token=090b26b9&x-expires=1780200000&x-signature=Her6l0YSb%2FF3hivzafmnhUVERyU%3D&t=4d5b0474&ps=13740610&shp=30310797&shcp=ff37627b&idc=my"
"[Sticker] Me dolió tanto ver este reportaje","1","0","2026-05-28T21:42:04.000Z","un.vil.souvenirrr","https://www.tiktok.com/@ajplusespanol/video/7644374184180616456","7065924273370366981","7645061115428455188","https://p19-common-sign.tiktokcdn.com/tos-alisg-avt-0068/c401b94653decbb336c6de3a3bb7471c~tplv-tiktokx-cropcenter:100:100.jpg?dr=14579&refresh_token=ff5232f3&x-expires=1780200000&x-signature=LzgJ5%2BQWGb4b8zyrOK1zI%2FC3F48%3D&t=4d5b0474&ps=13740610&shp=30310797&shcp=ff37627b&idc=my"
"Un aplauso para ustedes 👏🏻","1","0","2026-05-28T21:11:29.000Z","nayeli_escobar21","https://www.tiktok.com/@ajplusespanol/video/7644374184180616456","6793897065959048197","7645053274076644114","https://p16-common-sign.tiktokcdn.com/tos-maliva-avt-0068/6d6f43b23c81bf03d27a3c2a9d4f4d84~tplv-tiktokx-cropcenter:100:100.jpg?dr=14579&refresh_token=f4075a2b&x-expires=1780200000&x-signature=grsbyPR8jUsFIoRvPfFAnDFBpqQ%3D&t=4d5b0474&ps=13740610&shp=30310797&shcp=ff37627b&idc=my"
"Bravo por esa gente 🙏🏻👏🏻👏🏻👏🏻👏🏻","2","0","2026-05-27T13:33:28.000Z","73866881872yq","https://www.tiktok.com/@ajplusespanol/video/7644374184180616456","6809809536002753541","7644564191919211271","https://p16-common-sign.tiktokcdn.com/tos-maliva-avt-0068/147f9dd78bf8e221187b56a38b589b40~tplv-tiktokx-cropcenter:100:100.jpg?dr=14579&refresh_token=2bf627fa&x-expires=1780200000&x-signature=NZCMPmnmjhMUMhLhHrYS%2Fu%2BDRps%3D&t=4d5b0474&ps=13740610&shp=30310797&shcp=ff37627b&idc=my"
"Dios mio, no puedo imaginar ese dolor😭😭","1","0","2026-05-28T21:03:53.000Z","aniadainaa","https://www.tiktok.com/@ajplusespanol/video/7644374184180616456","7306300862119560224","7645051333858394902","https://p16-common-sign.tiktokcdn.com/tos-maliva-avt-0068/ad52eafd33ef0898b5486acf63fcaad6~tplv-tiktokx-cropcenter:100:100.jpg?dr=14579&refresh_token=d4675cb1&x-expires=1780200000&x-signature=ADdaEAq9qWIIrmKCgjBtkcKnQT8%3D&t=4d5b0474&ps=13740610&shp=30310797&shcp=ff37627b&idc=my"
"total apoyo😎","2","0","2026-05-27T12:28:57.000Z","verystrong58","https://www.tiktok.com/@ajplusespanol/video/7644374184180616456","7407560367831254021","7644547545629180690","https://p16-common-sign.tiktokcdn.com/tos-alisg-avt-0068/d59da175448be57dba26524fe98bcdf2~tplv-tiktokx-cropcenter:100:100.jpg?dr=14579&refresh_token=f589b04f&x-expires=1780200000&x-signature=wHwXgARRYr3TcZIDDnk6Rc4hzUU%3D&t=4d5b0474&ps=13740610&shp=30310797&shcp=ff37627b&idc=my"
"[Sticker] ","1","0","2026-05-28T19:42:24.000Z","nakyumuwu","https://www.tiktok.com/@ajplusespanol/video/7644374184180616456","6601158364705062917","7645030319708013320","https://p16-common-sign.tiktokcdn.com/tos-maliva-avt-0068/b161452c59a66a42570203dd79a4007f~tplv-tiktokx-cropcenter:100:100.jpg?dr=14579&refresh_token=95846609&x-expires=1780200000&x-signature=svD%2FhXVkXQfZLCqr%2BiOIpGHS%2FFE%3D&t=4d5b0474&ps=13740610&shp=30310797&shcp=ff37627b&idc=my"
"yo amo el futbol pero que poca madre el gobierno solo actua por los extranjeros cuando hay lugares que del diario sufren de violencia miedo y aveces no hay manera de sobrevivir","9","0","2026-03-07T18:07:11.000Z","elchavalo188","https://www.tiktok.com/@latinus_us/video/7614352986915163412","6939714606613611526","7614576792608178951","https://p16-common-sign.tiktokcdn.com/tos-alisg-avt-0068/bd4b83b20ca7a37f7f39cd15ecdbff77~tplv-tiktokx-cropcenter:100:100.jpg?dr=14579&refresh_token=51c1790d&x-expires=1780200000&x-signature=M6PKeSSaVjkbOF6zsXwJ85AjwRs%3D&t=4d5b0474&ps=13740610&shp=30310797&shcp=ff37627b&idc=my2"
"y si boycoteamos el fútbol???😳","2","0","2026-05-28T20:39:58.000Z","eleonor2129","https://www.tiktok.com/@ajplusespanol/video/7644374184180616456","7368308332287460395","7645045076302119710","https://p16-common-sign.tiktokcdn.com/tos-maliva-avt-0068/35c0f098866b3d2ece7bc53852822615~tplv-tiktokx-cropcenter:100:100.jpg?dr=14579&refresh_token=09074568&x-expires=1780200000&x-signature=%2FJGzc0N%2BHiCZDxBk0rANBonEbro%3D&t=4d5b0474&ps=13740610&shp=30310797&shcp=ff37627b&idc=my2"
"@Sarai Bautista Acost:@Brkn_void:DIFUSIÓN 🙏🏻 DIFUSIÓN 🙏🏻 DIFUSIÓN 🙏🏻 DIFUSIÓN 🙏🏻 DIFUSIÓN 🙏🏻 DIFUSIÓN 🙏🏻 DIFUSIÓN 🙏🏻 DIFUSIÓN 🙏🏻 DIFUSIÓN 🙏🏻 DIFUSIÓN 🙏🏻 DIFUSIÓN 🙏🏻 DIFUSIÓN 🙏🏻 DIFUSIÓN 🙏🏻 DIFUSIÓN 🙏🏻 DIFUSIÓN 🙏🏻 DIFUSIÓN 🙏🏻 DIFUSIÓN 🙏🏻 DIFUSIÓN 🙏🏻 DIFUSIÓN 🙏🏻 DIFUSIÓN 🙏🏻 DIFUSIÓN 🙏🏻 DIFUSIÓN 🙏🏻 DIFUSIÓN 🙏🏻 DIFUSIÓN 🙏🏻 DIFUSIÓN 🙏🏻 DIFUSIÓN 🙏🏻 DIFUSIÓN 🙏🏻 DIFUSIÓN 🙏🏻 DIFUSIÓN 🙏🏻 DIFUSIÓN 🙏🏻 DIFUSIÓN 🙏🏻 DIFUSIÓN 🙏🏻 DIFUSIÓN 🙏🏻 DIFUSIÓN 🙏🏻 DIFUSIÓN 🙏🏻 DIFUSIÓN 🙏🏻 DIFUSIÓN 🙏🏻 DIFUSIÓN 🙏🏻 DIFUSIÓN 🙏🏻 DIFUSIÓN 🙏🏻 DIFUSIÓN 🙏🏻 DIFUSIÓN 🙏🏻 DIFUSIÓN 🙏🏻 DIFUSIÓN 🙏🏻 DIFUSIÓN 🙏🏻 DIFUSIÓN 🙏🏻 DIFUSIÓN 🙏🏻 DIFUSIÓN 🙏🏻 DIFUSIÓN 🙏🏻 DIFUSIÓN 🙏🏻 DIFUSIÓN 🙏🏻 DIFUSIÓN 🙏🏻 DIFUSIÓN 🙏🏻 DIFUSIÓN 🙏🏻DIFUSIÓN 🙏🏻 DIFUSIÓN 🙏🏻 DIFUSIÓN 🙏🏻 DIFUSIÓN 🙏🏻 DIFUSIÓN 🙏🏻 DIFUSIÓN 🙏🏻 DIFUSIÓN 🙏🏻 DIFUSIÓN 🙏🏻 DIFUSIÓN 🙏🏻 DIFUSIÓN 🙏🏻 DIFUSIÓN 🙏🏻 DIFUSIÓN 🙏🏻 DIFUSIÓN 🙏🏻 DIFUSIÓN 🙏🏻 DIFUSIÓN 🙏🏻 DIFUSIÓN 🙏🏻 DIFUSIÓN 🙏🏻 DIFUSIÓN 🙏🏻 DIFUSIÓN 🙏🏻 DIFUSIÓN 🙏🏻 DIFUSIÓN 🙏🏻 DIFUSIÓN 🙏🏻 DIFUSIÓN 🙏🏻 DIFUSIÓN 🙏🏻 DIFUSIÓN 🙏🏻 DIFUSIÓN 🙏🏻 DIFUSIÓN 🙏🏻 DIFUSIÓN 🙏🏻 DIFUSIÓN 🙏🏻 DIFUSIÓN 🙏🏻 DIFUSIÓN 🙏🏻 DIFUSIÓN 🙏🏻 DIFUSIÓN 🙏🏻 DIFUSIÓN 🙏🏻 DIFUSIÓN 🙏🏻 DIFUSIÓN 🙏🏻 DIFUSIÓN 🙏🏻 DIFUSIÓN 🙏🏻 DIFUSIÓN 🙏🏻 DIFUSIÓN 🙏🏻 DIFUSIÓN 🙏🏻 DIFUSIÓN 🙏🏻 DIFUSIÓN 🙏🏻 DIFUSIÓN 🙏🏻 DIFUSIÓN 🙏🏻 DIFUSIÓN 🙏🏻 DIFUSIÓN 🙏🏻 DIFUSIÓN 🙏🏻 DIFUSIÓN 🙏🏻 DIFUSIÓN 🙏🏻 DIFUSIÓN 🙏🏻 DIFUSIÓN 🙏🏻 DIFUSIÓN 🙏🏻 DIFUSIÓN 🙏🏻DIFUSIÓN 🙏🏻 DIFUSIÓN 🙏🏻 DIFUSIÓN 🙏🏻 DIFUSIÓN 🙏🏻 DIFUSIÓN 🙏🏻 DIFUSIÓN 🙏🏻 DIFUSIÓN 🙏🏻 DIFUSIÓN 🙏🏻 DIFUSIÓN 🙏🏻 DIFUSIÓN 🙏🏻 DIFUSIÓN 🙏🏻 DIFUSIÓN 🙏🏻 DIFUSIÓN 🙏🏻 DIFUSIÓN 🙏🏻 DIFUSIÓN 🙏🏻 DIFUSIÓN 🙏🏻 DIFUSIÓN 🙏🏻 DIFUSIÓN 🙏🏻 DIFUSIÓN 🙏🏻 DIFUSIÓN 🙏🏻 DIFUSIÓN 🙏🏻 DIFUSIÓN 🙏🏻 DIFUSIÓN 🙏🏻 DIFUSIÓN 🙏🏻 DIFUSIÓN 🙏🏻 DIFUSIÓN 🙏🏻 DIFUSIÓN 🙏🏻 DIFUSIÓN 🙏🏻 DIFUSIÓN 🙏🏻 DIFUSIÓN 🙏🏻 DIFUSIÓN 🙏🏻 DIFUSIÓN 🙏🏻 DIFUSIÓN 🙏🏻 DIFUSIÓN 🙏🏻 DIFUSIÓN 🙏🏻 DIFUSIÓN 🙏🏻 DIFUSIÓN 🙏🏻 DIFUSIÓN 🙏🏻 DIFUSIÓN 🙏🏻 DIFUSIÓNj🙏🏻 DIFUSIÓN 🙏🏻 DIFUSIÓN 🙏🏻","2","1","2026-05-27T05:34:37.000Z","ren_.7890","https://www.tiktok.com/@ajplusespanol/video/7644374184180616456","7453648138471031814","7644440770497757953","https://p16-common-sign.tiktokcdn.com/tos-alisg-avt-0068/b3851c7c6ce76c76f2177d1ad125b162~tplv-tiktokx-cropcenter:100:100.jpg?dr=14579&refresh_token=1bf9d837&x-expires=1780200000&x-signature=VNT4CcCw3fDqebkgC7JOOVHgq6Y%3D&t=4d5b0474&ps=13740610&shp=30310797&shcp=ff37627b&idc=my2"
"Ahí Dios deberás, hay que ser empaticos 😢","2","0","2026-05-28T23:15:43.000Z","astrofifi","https://www.tiktok.com/@ajplusespanol/video/7644374184180616456","7314242118435996677","7645085283071853320","https://p16-common-sign.tiktokcdn.com/tos-alisg-avt-0068/fb217412ff93f18ec257f2b17aa66c9a~tplv-tiktokx-cropcenter:100:100.jpg?dr=14579&refresh_token=fe5bce58&x-expires=1780200000&x-signature=eWTdLbAK0C%2F8hw%2Fp49FrDWQzNOU%3D&t=4d5b0474&ps=13740610&shp=30310797&shcp=ff37627b&idc=my2"
"[Sticker] HOY HABLAMOS DE FÚTBOL","2","0","2026-05-28T23:02:00.000Z","rojo0022","https://www.tiktok.com/@ajplusespanol/video/7644374184180616456","7204135448376624134","7645081724162458386","https://p16-common-sign.tiktokcdn.com/tos-maliva-avt-0068/e36d197a59a638f0bdcc2ee589301d8b~tplv-tiktokx-cropcenter:100:100.jpg?dr=14579&refresh_token=fb13f6e4&x-expires=1780200000&x-signature=TDv%2B7U3nunZ%2FWBgeOimec9qrMB8%3D&t=4d5b0474&ps=13740610&shp=30310797&shcp=ff37627b&idc=my2"
"SIGA ALZANDO LA VOZ!!!!!!","2","0","2026-05-28T22:43:58.000Z","fernanda.hernandezr","https://www.tiktok.com/@ajplusespanol/video/7644374184180616456","7430817874229150726","7645077075036308245","https://p16-common-sign.tiktokcdn.com/tos-alisg-avt-0068/38737f3d916c54f39fca47701ddd2603~tplv-tiktokx-cropcenter:100:100.jpg?dr=14579&refresh_token=ad9968f2&x-expires=1780200000&x-signature=hxBJsYSQous1%2BjwAwCt30oVxM2E%3D&t=4d5b0474&ps=13740610&shp=30310797&shcp=ff37627b&idc=my2"
"que no se haga en mexico","5","0","2026-03-08T05:26:04.000Z","9.8470","https://www.tiktok.com/@latinus_us/video/7614352986915163412","7451120060688024581","7614751721823339285","https://p16-common-sign.tiktokcdn-us.com/tos-maliva-avt-0068/adcbd33338fc358a8328cc2796789e1d~tplv-tiktokx-cropcenter:100:100.jpg?dr=9640&refresh_token=0defcad4&x-expires=1780200000&x-signature=BHILugxORhfBwB8igACjCle%2FlpU%3D&t=4d5b0474&ps=13740610&shp=30310797&shcp=ff37627b&idc=useast5"
"era fuerza aerea o pobreza aerea?","6","0","2026-03-07T23:35:14.000Z","janowwn","https://www.tiktok.com/@latinus_us/video/7614352986915163412","6948291663047902213","7614661356318425863","https://p16-common-sign.tiktokcdn-us.com/tos-maliva-avt-0068/48ee2cf03fa2ffe7cd925357f2de2f59~tplv-tiktokx-cropcenter:100:100.jpg?dr=9640&refresh_token=7a119238&x-expires=1780200000&x-signature=li4lOvD0fQSTYPQOsRslXzU2suk%3D&t=4d5b0474&ps=13740610&shp=30310797&shcp=ff37627b&idc=useast5"
"pongan a Kukulkán pero en todo México 😂si pueden hacer eso por qué no por los mexicanos?","5","0","2026-03-07T17:29:44.000Z","sllo4306","https://www.tiktok.com/@latinus_us/video/7614352986915163412","7531561541902042130","7614567179186340626","https://p16-common-sign.tiktokcdn-us.com/tos-alisg-avt-0068/849abb0a7127fa0d8f46e35af91fe3c4~tplv-tiktokx-cropcenter:100:100.jpg?dr=9640&refresh_token=0a880c7f&x-expires=1780200000&x-signature=rWdFJ8d9HYj%2FKtTqqF0nMaIKlvU%3D&t=4d5b0474&ps=13740610&shp=30310797&shcp=ff37627b&idc=useast5"
"se debe informar que solo sería para el mundial y como objetivo los extranjeros y que después del mundial será como cuando desinstalas una app de celular 📱😅","8","0","2026-03-07T17:13:45.000Z","velikka0","https://www.tiktok.com/@latinus_us/video/7614352986915163412","6823990365004071942","7614563048317797127","https://p16-common-sign.tiktokcdn.com/tos-maliva-avt-0068/66dc0c5373e1868ef3587deb180e41fc~tplv-tiktokx-cropcenter:100:100.jpg?dr=14579&refresh_token=9de0b8af&x-expires=1780200000&x-signature=bZLIB3XS0HBYiNuGtzzv1th1aCs%3D&t=4d5b0474&ps=13740610&shp=30310797&shcp=ff37627b&idc=my"
"Nunca Nos ha brindado protección a los mexicanos porque a turistas si 😏","8","0","2026-03-07T15:20:35.000Z","edeniachaira","https://www.tiktok.com/@latinus_us/video/7614352986915163412","6901883455019713541","7614533867513070353","https://p16-common-sign.tiktokcdn.com/tos-maliva-avt-0068/b611726fc09806971a67f8898fcc72f4~tplv-tiktokx-cropcenter:100:100.jpg?dr=14579&refresh_token=94c30d0a&x-expires=1780200000&x-signature=O%2BDDO9S6AjEtkFXnNj1OwtVwZjQ%3D&t=4d5b0474&ps=13740610&shp=30310797&shcp=ff37627b&idc=my"
"Porque será que nos les creo si la policía es más corrupta que el gobierno","8","0","2026-03-07T15:02:01.000Z","mariaeugeniapfeif","https://www.tiktok.com/@latinus_us/video/7614352986915163412","6785313458826249222","7614529099647206152","https://p16-common-sign.tiktokcdn.com/tos-maliva-avt-0068/7322832262025330694~tplv-tiktokx-cropcenter:100:100.jpg?dr=14579&refresh_token=950f6f1f&x-expires=1780200000&x-signature=L6f41CASvO2kmdP8KHweM3K8qig%3D&t=4d5b0474&ps=13740610&shp=30310797&shcp=ff37627b&idc=my"
"Entonces me están diciendo que si podemos tener un país seguro, simplemente no nos daba la gana?","8","0","2026-03-07T14:30:01.000Z","thebikerdad","https://www.tiktok.com/@latinus_us/video/7614352986915163412","6823705614713373701","7614520801183744790","https://p16-common-sign.tiktokcdn.com/tos-useast2a-avt-0068-euttp/1acb0edc673f5b1ef9e8240db8340c1f~tplv-tiktokx-cropcenter:100:100.jpg?dr=14579&refresh_token=020678c7&x-expires=1780200000&x-signature=nQ92xEqvSqZ%2FVnxozcTMu2SLiJg%3D&t=4d5b0474&ps=13740610&shp=30310797&shcp=ff37627b&idc=my"
"no vaya a ser que desaparecen 20 alumnos de 19 años porque ahi si ni voltean a ver","8","0","2026-03-07T14:18:40.000Z","josueint5","https://www.tiktok.com/@latinus_us/video/7614352986915163412","7484068640703841285","7614517945989104385","https://p16-common-sign.tiktokcdn.com/tos-alisg-avt-0068/518673be69c8e6f4d0402d23649c6624~tplv-tiktokx-cropcenter:100:100.jpg?dr=14579&refresh_token=c1aacaae&x-expires=1780200000&x-signature=fYWv9VMQTLGXHzn4CQac7NO2DRg%3D&t=4d5b0474&ps=13740610&shp=30310797&shcp=ff37627b&idc=my"
"falta cumplirle a los campesinos, si no van a cancelar el mundial","8","0","2026-03-07T06:07:50.000Z","cris.eduar05","https://www.tiktok.com/@latinus_us/video/7614352986915163412","7131011771079541766","7614391429221794567","https://p16-common-sign.tiktokcdn.com/tos-maliva-avt-0068/b029e86dd5e31ed4927e14c752d1432f~tplv-tiktokx-cropcenter:100:100.jpg?dr=14579&refresh_token=4d648a25&x-expires=1780200000&x-signature=nlymxDbEsoK0nT3a0s1nTGioZZc%3D&t=4d5b0474&ps=13740610&shp=30310797&shcp=ff37627b&idc=my"
"se ven bien piratas nuestros aviones la vdd","8","0","2026-03-07T05:57:50.000Z","maromacias","https://www.tiktok.com/@latinus_us/video/7614352986915163412","151982853357101056","7614388816094888720","https://p16-common-sign.tiktokcdn.com/tos-maliva-avt-0068/7322509736166260742~tplv-tiktokx-cropcenter:100:100.jpg?dr=14579&refresh_token=8020a794&x-expires=1780200000&x-signature=kltKSMMuSzXff51cuwvqCx%2ByoCw%3D&t=4d5b0474&ps=13740610&shp=30310797&shcp=ff37627b&idc=my"
"esté dispositivo de seguridad debería ser SIEMPRE","8","0","2026-03-07T04:17:40.000Z","krmen.trinidad","https://www.tiktok.com/@latinus_us/video/7614352986915163412","7324456911901541381","7614362963571278608","https://p16-common-sign.tiktokcdn.com/tos-maliva-avt-0068/7391288974491189254~tplv-tiktokx-cropcenter:100:100.jpg?dr=14579&refresh_token=98465e09&x-expires=1780200000&x-signature=teJZPTWbzOMHQPmdF%2F%2FdNLUb5yA%3D&t=4d5b0474&ps=13740610&shp=30310797&shcp=ff37627b&idc=my"
"que se cancele el mundial","8","0","2026-03-07T04:08:36.000Z","j4nt0ni0mr0que","https://www.tiktok.com/@latinus_us/video/7614352986915163412","6562570595115253765","7614360697518293780","https://p16-common-sign.tiktokcdn.com/tos-alisg-avt-0068/4b3f24c23ac3fefb535cbf75b750c527~tplv-tiktokx-cropcenter:100:100.jpg?dr=14579&refresh_token=da3d446e&x-expires=1780200000&x-signature=AViHsSwyqz605xVuA4pMI7cqZMY%3D&t=4d5b0474&ps=13740610&shp=30310797&shcp=ff37627b&idc=my"
"no pues ir que no hacen eso no solo durante el mundial","8","0","2026-03-07T03:55:51.000Z","aztecaalcantara","https://www.tiktok.com/@latinus_us/video/7614352986915163412","7600597850581779474","7614357424421782280","https://p16-common-sign.tiktokcdn.com/tos-alisg-avt-0068/602fcb446e54ac95aa7e768fe5164d0f~tplv-tiktokx-cropcenter:100:100.jpg?dr=14579&refresh_token=adaaeff4&x-expires=1780200000&x-signature=Mx40Cp5NK0XjszswrrFAkvp44iE%3D&t=4d5b0474&ps=13740610&shp=30310797&shcp=ff37627b&idc=my"
"O sea que si se puede proteger a los Mexicanos,solo que no lo quieren hacer!","6","0","2026-03-09T04:27:22.000Z","user3516756192708","https://www.tiktok.com/@latinus_us/video/7614352986915163412","7499290866751489031","7615107685697897224","https://p16-common-sign.tiktokcdn-eu.com/musically-maliva-obj/1594805258216454~tplv-tiktokx-cropcenter:100:100.jpg?dr=10399&refresh_token=4e4254cb&x-expires=1780200000&x-signature=ZwQE3W%2FYdO0RcGX4cEf22EDYdus%3D&t=4d5b0474&ps=13740610&shp=30310797&shcp=ff37627b&idc=no1a"
"si ni con los suyos le importa ahora con turistas...","6","0","2026-03-09T04:19:05.000Z","moralesvva","https://www.tiktok.com/@latinus_us/video/7614352986915163412","6987229855206638598","7615105579668980487","https://p16-common-sign.tiktokcdn-eu.com/tos-maliva-avt-0068/a5a8beb799c29b43d2816bb605d2db6c~tplv-tiktokx-cropcenter:100:100.jpg?dr=10399&refresh_token=30ff02bb&x-expires=1780200000&x-signature=iYumdG8ChG4Om3Fbaf%2F%2B8DK57YY%3D&t=4d5b0474&ps=13740610&shp=30310797&shcp=ff37627b&idc=no1a"
"Si se puede cambiar esto es un ejemplo vamos México 🇲🇽 ojalá quedo esa vigilancia permanentemente","6","0","2026-03-08T17:09:15.000Z","winhehernandezjua","https://www.tiktok.com/@latinus_us/video/7614352986915163412","7020398458935346181","7614932825159205662","https://p16-common-sign.tiktokcdn-eu.com/tos-maliva-avt-0068/e7fdf9fe4ac81cc1feaf2ad6dc7519d0~tplv-tiktokx-cropcenter:100:100.jpg?dr=10399&refresh_token=3a527cae&x-expires=1780200000&x-signature=Bn3LF2qQiv5bcFM3dwTjSjCo%2Fd8%3D&t=4d5b0474&ps=13740610&shp=30310797&shcp=ff37627b&idc=no1a"
"y por que no usan esa fuerza para contrarrestar a quienes atentan contra los propios mexicanos??","6","0","2026-03-08T16:32:16.000Z","teryfaryfer","https://www.tiktok.com/@latinus_us/video/7614352986915163412","7230270284758025222","7614923443372589844","https://p16-common-sign.tiktokcdn-eu.com/tos-alisg-avt-0068/d1399596c9f2d2fdbc3d647a456c9bfb~tplv-tiktokx-cropcenter:100:100.jpg?dr=10399&refresh_token=ad9633c9&x-expires=1780200000&x-signature=ZAm6OlxMRS2XZVYDE6I8ToRFzbw%3D&t=4d5b0474&ps=13740610&shp=30310797&shcp=ff37627b&idc=no1a"
"GENTE Y QUIEN PROTEJERA A LOS MEXICANOS DEL NARCOMORENA PIENCEN LOS EXTRANJEROS ESTARAN PROTEGIDOS LOS MEXICANOS Y MEXICANAS NO","6","0","2026-03-08T15:18:51.000Z","fix4878","https://www.tiktok.com/@latinus_us/video/7614352986915163412","7385766889887548421","7614904533042774802","https://p16-common-sign.tiktokcdn-eu.com/musically-maliva-obj/1594805258216454~tplv-tiktokx-cropcenter:100:100.jpg?dr=10399&refresh_token=4e4254cb&x-expires=1780200000&x-signature=ZwQE3W%2FYdO0RcGX4cEf22EDYdus%3D&t=4d5b0474&ps=13740610&shp=30310797&shcp=ff37627b&idc=no1a"
"la presidenta ya abrió una carpeta de investigación","2","0","2026-05-27T06:04:43.000Z","tete76171","https://www.tiktok.com/@ajplusespanol/video/7644374184180616456","7528861632248759303","7644448548104192775","https://p16-common-sign.tiktokcdn.com/musically-maliva-obj/1594805258216454~tplv-tiktokx-cropcenter:100:100.jpg?dr=14579&refresh_token=fa307169&x-expires=1780200000&x-signature=mehcPq0GqZUJprcMKOYk31VuyvU%3D&t=4d5b0474&ps=13740610&shp=30310797&shcp=ff37627b&idc=my2"
"@Brkn_void:DIFUSIÓN 🙏🏻 DIFUSIÓN 🙏🏻 DIFUSIÓN 🙏🏻 DIFUSIÓN 🙏🏻 DIFUSIÓN 🙏🏻 DIFUSIÓN 🙏🏻 DIFUSIÓN 🙏🏻 DIFUSIÓN 🙏🏻 DIFUSIÓN 🙏🏻 DIFUSIÓN 🙏🏻 DIFUSIÓN 🙏🏻 DIFUSIÓN 🙏🏻 DIFUSIÓN 🙏🏻 DIFUSIÓN 🙏🏻 DIFUSIÓN 🙏🏻 DIFUSIÓN 🙏🏻 DIFUSIÓN 🙏🏻 DIFUSIÓN 🙏🏻 DIFUSIÓN 🙏🏻 DIFUSIÓN 🙏🏻 DIFUSIÓN 🙏🏻 DIFUSIÓN 🙏🏻 DIFUSIÓN 🙏🏻 DIFUSIÓN 🙏🏻 DIFUSIÓN 🙏🏻 DIFUSIÓN 🙏🏻 DIFUSIÓN 🙏🏻 DIFUSIÓN 🙏🏻 DIFUSIÓN 🙏🏻 DIFUSIÓN 🙏🏻 DIFUSIÓN 🙏🏻 DIFUSIÓN 🙏🏻 DIFUSIÓN 🙏🏻 DIFUSIÓN 🙏🏻 DIFUSIÓN 🙏🏻 DIFUSIÓN 🙏🏻 DIFUSIÓN 🙏🏻 DIFUSIÓN 🙏🏻 DIFUSIÓN 🙏🏻 DIFUSIÓN 🙏🏻 DIFUSIÓN 🙏🏻 DIFUSIÓN 🙏🏻 DIFUSIÓN 🙏🏻 DIFUSIÓN 🙏🏻 DIFUSIÓN 🙏🏻 DIFUSIÓN 🙏🏻 DIFUSIÓN 🙏🏻 DIFUSIÓN 🙏🏻 DIFUSIÓN 🙏🏻 DIFUSIÓN 🙏🏻 DIFUSIÓN 🙏🏻 DIFUSIÓN 🙏🏻 DIFUSIÓN 🙏🏻 DIFUSIÓN 🙏🏻DIFUSIÓN 🙏🏻 DIFUSIÓN 🙏🏻 DIFUSIÓN 🙏🏻 DIFUSIÓN 🙏🏻 DIFUSIÓN 🙏🏻 DIFUSIÓN 🙏🏻 DIFUSIÓN 🙏🏻 DIFUSIÓN 🙏🏻 DIFUSIÓN 🙏🏻 DIFUSIÓN 🙏🏻 DIFUSIÓN 🙏🏻 DIFUSIÓN 🙏🏻 DIFUSIÓN 🙏🏻 DIFUSIÓN 🙏🏻 DIFUSIÓN 🙏🏻 DIFUSIÓN 🙏🏻 DIFUSIÓN 🙏🏻 DIFUSIÓN 🙏🏻 DIFUSIÓN 🙏🏻 DIFUSIÓN 🙏🏻 DIFUSIÓN 🙏🏻 DIFUSIÓN 🙏🏻 DIFUSIÓN 🙏🏻 DIFUSIÓN 🙏🏻 DIFUSIÓN 🙏🏻 DIFUSIÓN 🙏🏻 DIFUSIÓN 🙏🏻 DIFUSIÓN 🙏🏻 DIFUSIÓN 🙏🏻 DIFUSIÓN 🙏🏻 DIFUSIÓN 🙏🏻 DIFUSIÓN 🙏🏻 DIFUSIÓN 🙏🏻 DIFUSIÓN 🙏🏻 DIFUSIÓN 🙏🏻 DIFUSIÓN 🙏🏻 DIFUSIÓN 🙏🏻 DIFUSIÓN 🙏🏻 DIFUSIÓN 🙏🏻 DIFUSIÓN 🙏🏻 DIFUSIÓN 🙏🏻 DIFUSIÓN 🙏🏻 DIFUSIÓN 🙏🏻 DIFUSIÓN 🙏🏻 DIFUSIÓN 🙏🏻 DIFUSIÓN 🙏🏻 DIFUSIÓN 🙏🏻 DIFUSIÓN 🙏🏻 DIFUSIÓN 🙏🏻 DIFUSIÓN 🙏🏻 DIFUSIÓN 🙏🏻 DIFUSIÓN 🙏🏻 DIFUSIÓN 🙏🏻 DIFUSIÓN 🙏🏻DIFUSIÓN 🙏🏻 DIFUSIÓN 🙏🏻 DIFUSIÓN 🙏🏻 DIFUSIÓN 🙏🏻 DIFUSIÓN 🙏🏻 DIFUSIÓN 🙏🏻 DIFUSIÓN 🙏🏻 DIFUSIÓN 🙏🏻 DIFUSIÓN 🙏🏻 DIFUSIÓN 🙏🏻 DIFUSIÓN 🙏🏻 DIFUSIÓN 🙏🏻 DIFUSIÓN 🙏🏻 DIFUSIÓN 🙏🏻 DIFUSIÓN 🙏🏻 DIFUSIÓN 🙏🏻 DIFUSIÓN 🙏🏻 DIFUSIÓN 🙏🏻 DIFUSIÓN 🙏🏻 DIFUSIÓN 🙏🏻 DIFUSIÓN 🙏🏻 DIFUSIÓN 🙏🏻 DIFUSIÓN 🙏🏻 DIFUSIÓN 🙏🏻 DIFUSIÓN 🙏🏻 DIFUSIÓN 🙏🏻 DIFUSIÓN 🙏🏻 DIFUSIÓN 🙏🏻 DIFUSIÓN 🙏🏻 DIFUSIÓN 🙏🏻 DIFUSIÓN 🙏🏻 DIFUSIÓN 🙏🏻 DIFUSIÓN 🙏🏻 DIFUSIÓN 🙏🏻 DIFUSIÓN 🙏🏻 DIFUSIÓN 🙏🏻 DIFUSIÓN 🙏🏻 DIFUSIÓN 🙏🏻 DIFUSIÓN 🙏🏻 DIFUSIÓNj🙏🏻 DIFUSIÓN 🙏🏻 DIFUSIÓN 🙏🏻","2","0","2026-05-27T05:03:10.000Z","saraibuatista","https://www.tiktok.com/@ajplusespanol/video/7644374184180616456","6909588410555859973","7644432642520695560","https://p16-common-sign.tiktokcdn.com/tos-maliva-avt-0068/9c83389aa2a7714eb3f1229acd5c1132~tplv-tiktokx-cropcenter:100:100.jpg?dr=14579&refresh_token=e7807b2c&x-expires=1780200000&x-signature=vvMz0srMwi4yku6q8xQgPRDaz0s%3D&t=4d5b0474&ps=13740610&shp=30310797&shcp=ff37627b&idc=my2"
"Lo gestionó la administración de Calderón o Peña?","2","0","2026-05-27T03:13:28.000Z","robshojimx","https://www.tiktok.com/@ajplusespanol/video/7644374184180616456","7445913137751065606","7644404389306614546","https://p16-common-sign.tiktokcdn.com/tos-alisg-avt-0068/16ed3d7b0a3ba3ca30c2e9ea188a59e7~tplv-tiktokx-cropcenter:100:100.jpg?dr=14579&refresh_token=e452928e&x-expires=1780200000&x-signature=wjfIjRu1vVx3shFJZQs1fa%2BCOgk%3D&t=4d5b0474&ps=13740610&shp=30310797&shcp=ff37627b&idc=my2"
"no queremos mundial primero lo primero !!!!!","1","0","2026-05-28T15:49:20.000Z","user6786621319536","https://www.tiktok.com/@ajplusespanol/video/7644374184180616456","7106879241089778694","7644970285892092673","https://p16-common-sign.tiktokcdn.com/musically-maliva-obj/1594805258216454~tplv-tiktokx-cropcenter:100:100.jpg?dr=14579&refresh_token=fa307169&x-expires=1780200000&x-signature=mehcPq0GqZUJprcMKOYk31VuyvU%3D&t=4d5b0474&ps=13740610&shp=30310797&shcp=ff37627b&idc=my2"
"Es muy cierto.","2","0","2026-05-27T02:51:33.000Z","rosamariaacevedo14","https://www.tiktok.com/@ajplusespanol/video/7644374184180616456","6715560496308143110","7644398723786801941","https://p16-common-sign.tiktokcdn.com/tos-alisg-avt-0068/a1de72944dcb940f22a43786bc35768a~tplv-tiktokx-cropcenter:100:100.jpg?dr=14579&refresh_token=0fdfcff0&x-expires=1780200000&x-signature=23SEAKdH6IkyENPWp0GhmKystcg%3D&t=4d5b0474&ps=13740610&shp=30310797&shcp=ff37627b&idc=my2"
"que todos sus hijos vuelvan a casa🙏🙏🙏","1","0","2026-05-28T04:16:10.000Z","luuna.luunera","https://www.tiktok.com/@ajplusespanol/video/7644374184180616456","7192735320584487942","7644791605811954452","https://p16-common-sign.tiktokcdn.com/tos-alisg-avt-0068/2eb8ca1e897b90e75c2ba9fd355a93ff~tplv-tiktokx-cropcenter:100:100.jpg?dr=14579&refresh_token=868f1097&x-expires=1780200000&x-signature=kNrvoM48fwhSq8mxDik%2BmA5jN6g%3D&t=4d5b0474&ps=13740610&shp=30310797&shcp=ff37627b&idc=my2"
"nunca olviden a sus hijos","1","0","2026-05-28T04:13:25.000Z","omarcruzguerrer","https://www.tiktok.com/@ajplusespanol/video/7644374184180616456","7250606023332332550","7644790876699624213","https://p19-common-sign.tiktokcdn.com/tos-maliva-avt-0068/7250606179729014790~tplv-tiktokx-cropcenter:100:100.jpg?dr=14579&refresh_token=09ad7681&x-expires=1780200000&x-signature=ld8srsfIOFpnKy7FKBXOekfXX%2B4%3D&t=4d5b0474&ps=13740610&shp=30310797&shcp=ff37627b&idc=my2"
"🙏🏻 Dios les de fuerza y les devuelva a sus hijos","1","0","2026-05-28T03:07:24.000Z","malufe75","https://www.tiktok.com/@ajplusespanol/video/7644374184180616456","6853109239960355845","7644773913716982536","https://p16-common-sign.tiktokcdn.com/musically-maliva-obj/1594805258216454~tplv-tiktokx-cropcenter:100:100.jpg?dr=14579&refresh_token=fa307169&x-expires=1780200000&x-signature=mehcPq0GqZUJprcMKOYk31VuyvU%3D&t=4d5b0474&ps=13740610&shp=30310797&shcp=ff37627b&idc=my2"
"[Sticker] ","1","0","2026-05-28T02:03:41.000Z","redbine2","https://www.tiktok.com/@ajplusespanol/video/7644374184180616456","7265499164288353285","7644757468283126549","https://p16-common-sign.tiktokcdn.com/tos-alisg-avt-0068/bb981a301d04b66660ecb1707ab524c0~tplv-tiktokx-cropcenter:100:100.jpg?dr=14579&refresh_token=aabbc828&x-expires=1780200000&x-signature=q2OuZTgN5bXvvYNZZXrUykNZFSE%3D&t=4d5b0474&ps=13740610&shp=30310797&shcp=ff37627b&idc=my2"
"Exacto","1","0","2026-05-28T02:03:06.000Z","sandranietormirez","https://www.tiktok.com/@ajplusespanol/video/7644374184180616456","6847903947395564550","7644757341447193365","https://p16-common-sign.tiktokcdn.com/tos-maliva-avt-0068/4fead515a75ffc3aa666e3b362becebf~tplv-tiktokx-cropcenter:100:100.jpg?dr=14579&refresh_token=8ab6fb31&x-expires=1780200000&x-signature=8K1TQQl69RA%2B9whRL5WIFN1N0E4%3D&t=4d5b0474&ps=13740610&shp=30310797&shcp=ff37627b&idc=my2"
"es verdad","1","0","2026-05-28T01:46:24.000Z","javierveramelendez","https://www.tiktok.com/@ajplusespanol/video/7644374184180616456","6879090929837016070","7644752925932045057","https://p16-common-sign.tiktokcdn.com/tos-alisg-avt-0068/8c1891bcee3dd2aa4d04f1b6d5fde6c9~tplv-tiktokx-cropcenter:100:100.jpg?dr=14579&refresh_token=f7339f65&x-expires=1780200000&x-signature=tm%2FJfYX6zFY9s9XQe1QD7vXEbdU%3D&t=4d5b0474&ps=13740610&shp=30310797&shcp=ff37627b&idc=my2"
"Que tristeza😔","1","0","2026-05-28T01:42:14.000Z","pao82060","https://www.tiktok.com/@ajplusespanol/video/7644374184180616456","7116565434803340294","7644751959471932168","https://p16-common-sign.tiktokcdn.com/musically-maliva-obj/1594805258216454~tplv-tiktokx-cropcenter:100:100.jpg?dr=14579&refresh_token=fa307169&x-expires=1780200000&x-signature=mehcPq0GqZUJprcMKOYk31VuyvU%3D&t=4d5b0474&ps=13740610&shp=30310797&shcp=ff37627b&idc=my2"
"Que tristeza","1","0","2026-05-28T01:40:33.000Z","nan56696","https://www.tiktok.com/@ajplusespanol/video/7644374184180616456","7394108341037253638","7644751497271493396","https://p16-common-sign.tiktokcdn.com/tos-alisg-avt-0068/694329bedad1b1ca69223b22a6631255~tplv-tiktokx-cropcenter:100:100.jpg?dr=14579&refresh_token=9b5ef6fe&x-expires=1780200000&x-signature=%2BZe3%2BNuua8KfMZuXmQ%2FyPNhMBJ4%3D&t=4d5b0474&ps=13740610&shp=30310797&shcp=ff37627b&idc=my2"
"ojala encuentren a sus familiares","1","0","2026-05-28T01:29:07.000Z","oscargutierrez345","https://www.tiktok.com/@ajplusespanol/video/7644374184180616456","6858640399017051142","7644748567391142676","https://p19-common-sign.tiktokcdn.com/tos-alisg-avt-0068/a500abbf5a72f33b483722422eeab9e8~tplv-tiktokx-cropcenter:100:100.jpg?dr=14579&refresh_token=8d623eca&x-expires=1780200000&x-signature=KAJ1e52CppRjoayV%2FYo9nSzuPmY%3D&t=4d5b0474&ps=13740610&shp=30310797&shcp=ff37627b&idc=my2"
"LA MAYORÍA DE LOS QUE SABEN QUE FUE LO QUE PASÓ, SON PARIENTES, AMIGOS Y FAMILIARES.","1","0","2026-05-28T01:06:10.000Z","raymund_87","https://www.tiktok.com/@ajplusespanol/video/7644374184180616456","6914897177887441925","7644742617763021598","https://p16-common-sign.tiktokcdn.com/tos-maliva-avt-0068/66e7dd7b3eae086fc1a51b2f39091f3b~tplv-tiktokx-cropcenter:100:100.jpg?dr=14579&refresh_token=50024da0&x-expires=1780200000&x-signature=UD%2FyRaQZvylePdghtnddwzu9HAA%3D&t=4d5b0474&ps=13740610&shp=30310797&shcp=ff37627b&idc=my2"
"Prefiero no tener mundial!!","1","0","2026-05-28T00:57:30.000Z","liz.mg60","https://www.tiktok.com/@ajplusespanol/video/7644374184180616456","7312641128770913286","7644740406408102676","https://p16-common-sign.tiktokcdn.com/tos-alisg-avt-0068/8944d144611374c6ac6a4c9679db2389~tplv-tiktokx-cropcenter:100:100.jpg?dr=14579&refresh_token=5062eea9&x-expires=1780200000&x-signature=8iaLmEBa8Ik%2Fq09R%2FwqDyK%2FTReI%3D&t=4d5b0474&ps=13740610&shp=30310797&shcp=ff37627b&idc=my2"
"Dios nos bendiga!","1","0","2026-05-28T00:40:09.000Z","estrella19_31","https://www.tiktok.com/@ajplusespanol/video/7644374184180616456","7584670549067351096","7644735953432789781","https://p16-common-sign.tiktokcdn.com/tos-alisg-avt-0068/479cfa995640028c0381f8a5174679c7~tplv-tiktokx-cropcenter:100:100.jpg?dr=14579&refresh_token=44909dd5&x-expires=1780200000&x-signature=w%2BcoIHJ0k6juqs0BLqxSDzQDBgM%3D&t=4d5b0474&ps=13740610&shp=30310797&shcp=ff37627b&idc=my2"
"Lo que gastaron en traer el concierto de Shakira y de los BTS","1","0","2026-05-27T23:51:23.000Z","paoruso13","https://www.tiktok.com/@ajplusespanol/video/7644374184180616456","6811254803755795462","7644723356588606215","https://p16-common-sign.tiktokcdn.com/tos-maliva-avt-0068/96abf83258478f98871f5d1916cbe1d7~tplv-tiktokx-cropcenter:100:100.jpg?dr=14579&refresh_token=e48ceb45&x-expires=1780200000&x-signature=0JAzM3Lyyn4vnSgEb9FDRBWouGw%3D&t=4d5b0474&ps=13740610&shp=30310797&shcp=ff37627b&idc=my2"
"me gusta mucho el fut, pero dada las circunstancias ni me emociona nada el mundial ... prefiero otro México que un mundial","1","0","2026-05-27T22:46:14.000Z","saenzlopezjos","https://www.tiktok.com/@ajplusespanol/video/7644374184180616456","7408792500514980869","7644706583763518209","https://p19-common-sign.tiktokcdn.com/tos-maliva-avt-0068/c1d45bc162e22ffbc6c695018bfc365a~tplv-tiktokx-cropcenter:100:100.jpg?dr=14579&refresh_token=15736512&x-expires=1780200000&x-signature=pow0atCkQKCd1FyEu%2FNN2rGUPUo%3D&t=4d5b0474&ps=13740610&shp=30310797&shcp=ff37627b&idc=my2"
"que impotencia 😫😫😫😫","1","0","2026-05-27T22:13:47.000Z","deletras6","https://www.tiktok.com/@ajplusespanol/video/7644374184180616456","7587550758598738962","7644698131012354836","https://p16-common-sign.tiktokcdn.com/tos-alisg-avt-0068/fcfb330ca5f3867b96a358583b2b54ea~tplv-tiktokx-cropcenter:100:100.jpg?dr=14579&refresh_token=73724518&x-expires=1780200000&x-signature=5luFkGUdQWjYJW4gJgQ1%2Fek7uDU%3D&t=4d5b0474&ps=13740610&shp=30310797&shcp=ff37627b&idc=my2"
"Alcemos la voz 🥺","1","0","2026-05-27T15:43:02.000Z","yannetnajera","https://www.tiktok.com/@ajplusespanol/video/7644374184180616456","7036924994152612870","7644597544584168208","https://p16-common-sign.tiktokcdn.com/tos-maliva-avt-0068/43c31a4923beda770818b50dbdf3853d~tplv-tiktokx-cropcenter:100:100.jpg?dr=14579&refresh_token=623779c9&x-expires=1780200000&x-signature=xZlNHuPBA2%2BPWSHT1V0Qh%2FK2E9o%3D&t=4d5b0474&ps=13740610&shp=30310797&shcp=ff37627b&idc=my2"
"Apoyo total a este movimiento 👏","1","0","2026-05-27T15:36:33.000Z","adrianatorreshair","https://www.tiktok.com/@ajplusespanol/video/7644374184180616456","6807839815325713413","7644595884680545045","https://p16-common-sign.tiktokcdn.com/tos-alisg-avt-0068/8a23eb71c19ec79f3d375ace2f79c939~tplv-tiktokx-cropcenter:100:100.jpg?dr=14579&refresh_token=6ccf21a0&x-expires=1780200000&x-signature=wOgcCCzg%2BWIPJIbw%2FksY6Q%2FnxXw%3D&t=4d5b0474&ps=13740610&shp=30310797&shcp=ff37627b&idc=my2"
"estamos con ustedes🫂","1","0","2026-05-27T15:00:14.000Z","aldabarber4","https://www.tiktok.com/@ajplusespanol/video/7644374184180616456","7539359745347290133","7644586550567207688","https://p16-common-sign.tiktokcdn.com/tos-alisg-avt-0068/c2cb4075f676cdb2360f9ede50b48d81~tplv-tiktokx-cropcenter:100:100.jpg?dr=14579&refresh_token=8dbfc4cb&x-expires=1780200000&x-signature=QW%2FIYjwBMEKtC%2F0VCDEMNjVhaBk%3D&t=4d5b0474&ps=13740610&shp=30310797&shcp=ff37627b&idc=my2"
"[Sticker] JUSTICIAAAAAAAAA","1","0","2026-05-27T14:39:42.000Z","polllyypoool","https://www.tiktok.com/@ajplusespanol/video/7644374184180616456","7082569220499801094","7644581250971616007","https://p16-common-sign.tiktokcdn.com/tos-alisg-avt-0068/84ae254969487046d276fbff2a70ef96~tplv-tiktokx-cropcenter:100:100.jpg?dr=14579&refresh_token=6f857fc4&x-expires=1780200000&x-signature=d4YER8fYb07ma6NVw%2BB9qJsMHZg%3D&t=4d5b0474&ps=13740610&shp=30310797&shcp=ff37627b&idc=my2"
"Mi apoyo desde España, comparto . Mucha fuerza para las Familias","4","0","2026-05-27T05:14:08.000Z","blondpalmi1","https://www.tiktok.com/@ajplusespanol/video/7644374184180616456","6909166089859646466","7644435351184950038","https://p16-common-sign.tiktokcdn-us.com/tos-maliva-avt-0068/b3c41c567b8f3a25510f2e5a26c16195~tplv-tiktokx-cropcenter:100:100.jpg?dr=9640&refresh_token=18c978e8&x-expires=1780200000&x-signature=wxxcG15QpFYqnFSYXlwgJTz6QwI%3D&t=4d5b0474&ps=13740610&shp=30310797&shcp=ff37627b&idc=useast8"
"[Sticker] el gobierno protegiendo el mundial a toda costa pero no a los propios mexicanos 😂","7","0","2026-03-08T17:15:54.000Z","marcohernandez5472","https://www.tiktok.com/@latinus_us/video/7614352986915163412","6883833029530944514","7614934686921802516","https://p16-common-sign.tiktokcdn.com/tos-alisg-avt-0068/4b5c6722df5b52b0c887d49968333880~tplv-tiktokx-cropcenter:100:100.jpg?dr=14579&refresh_token=a47ab8bd&x-expires=1780200000&x-signature=qinAdsZn5rhj6ax2PHMo22YXVc4%3D&t=4d5b0474&ps=13740610&shp=30310797&shcp=ff37627b&idc=my2"
"ya que tengamos gente hacen el mundial","1","0","2026-05-27T14:32:02.000Z","_alss_y","https://www.tiktok.com/@ajplusespanol/video/7644374184180616456","7167145801032958981","7644579266181202705","https://p16-common-sign.tiktokcdn-us.com/tos-alisg-avt-0068/16635700ee0636005f3ddb20c1932403~tplv-tiktokx-cropcenter:100:100.jpg?dr=9640&refresh_token=3336699c&x-expires=1780200000&x-signature=5aX%2FTBUW6%2F32FYICeLBbFc0DbPs%3D&t=4d5b0474&ps=13740610&shp=30310797&shcp=ff37627b&idc=useast5"
"JUSTICIA","1","0","2026-05-27T13:06:11.000Z","wendycordobaruiz","https://www.tiktok.com/@ajplusespanol/video/7644374184180616456","6807978108614214662","7644557066191536897","https://p19-common-sign.tiktokcdn-us.com/tos-maliva-avt-0068/d8930f1d286bc01b9132a258618b23bf~tplv-tiktokx-cropcenter:100:100.jpg?dr=9640&refresh_token=28afa634&x-expires=1780200000&x-signature=rNUGxfIaKqmqRY8mUBV%2Ba583qfI%3D&t=4d5b0474&ps=13740610&shp=30310797&shcp=ff37627b&idc=useast5"
"Está es la propaganda que la FIFA necesita para revivir el mundial","0","0","2026-05-29T14:11:46.000Z","zm1t2.1","https://www.tiktok.com/@ajplusespanol/video/7644374184180616456","7373517906540135429","7645316202689266448","https://p16-common-sign.tiktokcdn-us.com/tos-alisg-avt-0068/11d0f7a79263cbb9dc734e45b0cfa171~tplv-tiktokx-cropcenter:100:100.jpg?dr=9640&refresh_token=268ca73a&x-expires=1780200000&x-signature=uLhlUcY6INOf%2BjYOfcXQCVT6Bhw%3D&t=4d5b0474&ps=13740610&shp=30310797&shcp=ff37627b&idc=useast5"
"Ya no pongan sus fotos ahorita, pongalas antes del mundial 🙈","0","0","2026-05-29T15:25:42.000Z","vallejito301","https://www.tiktok.com/@ajplusespanol/video/7644374184180616456","7582772368079242251","7645335271680885524","https://p16-common-sign.tiktokcdn-us.com/tos-alisg-avt-0068/d95d6f1d2b26b857c5a29494001c1659~tplv-tiktokx-cropcenter:100:100.jpg?dr=9640&refresh_token=c1aa9ff4&x-expires=1780200000&x-signature=LVJhFK2c6XsrhHq3bkVlnxsrGVE%3D&t=4d5b0474&ps=13740610&shp=30310797&shcp=ff37627b&idc=useast5"
"A lo mejor alguien entre mucha gente durante el mundial puede ser que ha visto o conocer a un desaparecido esto ayudará mucho","0","0","2026-05-29T18:10:10.000Z","o.g_slick21","https://www.tiktok.com/@ajplusespanol/video/7644374184180616456","6951004118874063877","7645377635082650386","https://p19-common-sign.tiktokcdn-us.com/tos-maliva-avt-0068/48e369a69108a2a7ccecf225d065778c~tplv-tiktokx-cropcenter:100:100.jpg?dr=9640&refresh_token=94c527d1&x-expires=1780200000&x-signature=KcDFRRdgRS7rqiEJiNUr7fmDjN4%3D&t=4d5b0474&ps=13740610&shp=30310797&shcp=ff37627b&idc=useast5"
"Justicia 💜🙏🏻","0","0","2026-05-30T02:50:36.000Z","danna_zzz7","https://www.tiktok.com/@ajplusespanol/video/7644374184180616456","7092943066571047941","7645511751946371856","https://p16-common-sign.tiktokcdn-us.com/musically-maliva-obj/1594805258216454~tplv-tiktokx-cropcenter:100:100.jpg?dr=9640&refresh_token=f6d184af&x-expires=1780200000&x-signature=VW8UWPJqAaIplom5IP4ju2xgIsk%3D&t=4d5b0474&ps=13740610&shp=30310797&shcp=ff37627b&idc=useast5"
"nada que ver ...cada quien tiene su historia... y lo que hoy desprecian tal vez es el salvavidas para otra persona.....que también está sufriendo","0","0","2026-05-29T22:11:12.000Z","yeriak65","https://www.tiktok.com/@ajplusespanol/video/7644374184180616456","6825686755313255429","7645438093608633108","https://p19-common-sign.tiktokcdn-us.com/tos-maliva-avt-0068/7327422615826464773~tplv-tiktokx-cropcenter:100:100.jpg?dr=9640&refresh_token=fe73a6ac&x-expires=1780200000&x-signature=WKcujDnY3Dtds5ltrjKerYa8eAM%3D&t=4d5b0474&ps=13740610&shp=30310797&shcp=ff37627b&idc=useast5"
"Exacto 👍👍👍","0","0","2026-05-29T22:11:58.000Z","morena._.737","https://www.tiktok.com/@ajplusespanol/video/7644374184180616456","6916987404143870982","7645439861026210580","https://p16-common-sign.tiktokcdn-us.com/tos-maliva-avt-0068/c1f4cb45a8dfe88ad08a3ee684440958~tplv-tiktokx-cropcenter:100:100.jpg?dr=9640&refresh_token=96182503&x-expires=1780200000&x-signature=9RUnZOHckGufNK43E8F0e1H%2FXVo%3D&t=4d5b0474&ps=13740610&shp=30310797&shcp=ff37627b&idc=useast5"
"....... que no se pierda esta publicación que de vuelta al mundo","0","0","2026-05-30T00:29:43.000Z","el.pinche.flakco","https://www.tiktok.com/@ajplusespanol/video/7644374184180616456","7331455414234334213","7645475440060678919","https://p16-common-sign.tiktokcdn-us.com/tos-alisg-avt-0068/af94cc25af565d496f31f814585df650~tplv-tiktokx-cropcenter:100:100.jpg?dr=9640&refresh_token=42799b3d&x-expires=1780200000&x-signature=s5rRFNk2PumbFFH5dXPLKtfjPFM%3D&t=4d5b0474&ps=13740610&shp=30310797&shcp=ff37627b&idc=useast5"
"Es una vergüenza nuestro gobierno 🥺","0","0","2026-05-30T01:45:23.000Z","bemcy1985","https://www.tiktok.com/@ajplusespanol/video/7644374184180616456","7186778544574743558","7645494893666566933","https://p16-common-sign.tiktokcdn-us.com/tos-maliva-avt-0068/2a983cec4bd034a0afbfd65c36523af1~tplv-tiktokx-cropcenter:100:100.jpg?dr=9640&refresh_token=61d6881e&x-expires=1780200000&x-signature=E00kCio0fHr5IrKTdSGOvB9o2cc%3D&t=4d5b0474&ps=13740610&shp=30310797&shcp=ff37627b&idc=useast5"
"excelente","0","0","2026-05-29T16:27:23.000Z","marcoarq","https://www.tiktok.com/@ajplusespanol/video/7644374184180616456","7088430840564564998","7645351174593839879","https://p16-common-sign.tiktokcdn-us.com/tos-maliva-avt-0068/392194f015cbf5214afdd630b8f03dc4~tplv-tiktokx-cropcenter:100:100.jpg?dr=9640&refresh_token=d80c0f1b&x-expires=1780200000&x-signature=gjyLR9cF79Q%2BLYq2B%2Ff3Cudbn%2FI%3D&t=4d5b0474&ps=13740610&shp=30310797&shcp=ff37627b&idc=useast5"
"Con lo que gastan de impresiones todos los días, junten para tener suficientes para tapizar el mero día del mundial","0","0","2026-05-29T18:20:44.000Z","_webadas.nomas_","https://www.tiktok.com/@ajplusespanol/video/7644374184180616456","6981945927410123777","7645380367500002066","https://p16-common-sign.tiktokcdn-us.com/tos-alisg-avt-0068/9609d6fb661a9a7e3a8f159a2d9b0256~tplv-tiktokx-cropcenter:100:100.jpg?dr=9640&refresh_token=303ebc60&x-expires=1780200000&x-signature=6vza304t97AZNoZ%2F18XCa13sd7E%3D&t=4d5b0474&ps=13740610&shp=30310797&shcp=ff37627b&idc=useast5"
"[Sticker] ","0","0","2026-05-30T04:02:04.000Z","nestorhoracioboga","https://www.tiktok.com/@ajplusespanol/video/7644374184180616456","7161728238804206598","7645530152189526804","https://p19-common-sign.tiktokcdn-us.com/tos-maliva-avt-0068/1c6ec9d864ac72bc56f9f8be8cfa5b53~tplv-tiktokx-cropcenter:100:100.jpg?dr=9640&refresh_token=7cdb8612&x-expires=1780200000&x-signature=fKES5xvBf00vUcaoHnGEN39dtxU%3D&t=4d5b0474&ps=13740610&shp=30310797&shcp=ff37627b&idc=useast5"
"igual que en todos los países, que pena 🥺","0","0","2026-05-30T00:54:25.000Z","gp_xz8","https://www.tiktok.com/@ajplusespanol/video/7644374184180616456","6931499063749870597","7645481735925760788","https://p19-common-sign.tiktokcdn-us.com/tos-maliva-avt-0068/c14745dd9ffb3f1d0b30273bf9239980~tplv-tiktokx-cropcenter:100:100.jpg?dr=9640&refresh_token=d98786b0&x-expires=1780200000&x-signature=u3qD%2B31yLNCGbB9qtpBAvLzIWZI%3D&t=4d5b0474&ps=13740610&shp=30310797&shcp=ff37627b&idc=useast5"
"@.:DIFUSIÓN 🙏🏻 DIFUSIÓN 🙏🏻 DIFUSIÓN 🙏🏻 DIFUSIÓN 🙏🏻 DIFUSIÓN 🙏🏻 DIFUSIÓN 🙏🏻 DIFUSIÓN 🙏🏻 DIFUSIÓN 🙏🏻 DIFUSIÓN 🙏🏻 DIFUSIÓN 🙏🏻 DIFUSIÓN 🙏🏻 DIFUSIÓN 🙏🏻 DIFUSIÓN 🙏🏻 DIFUSIÓN 🙏🏻 DIFUSIÓN 🙏🏻 DIFUSIÓN 🙏🏻 DIFUSIÓN 🙏🏻 DIFUSIÓN 🙏🏻 DIFUSIÓN 🙏🏻 DIFUSIÓN 🙏🏻 DIFUSIÓN 🙏🏻 DIFUSIÓN 🙏🏻 DIFUSIÓN 🙏🏻 DIFUSIÓN 🙏🏻 DIFUSIÓN 🙏🏻 DIFUSIÓN 🙏🏻 DIFUSIÓN 🙏🏻 DIFUSIÓN 🙏🏻 DIFUSIÓN 🙏🏻 DIFUSIÓN 🙏🏻 DIFUSIÓN 🙏🏻 DIFUSIÓN 🙏🏻 DIFUSIÓN 🙏🏻 DIFUSIÓN 🙏🏻 DIFUSIÓN 🙏🏻 DIFUSIÓN 🙏🏻 DIFUSIÓN 🙏🏻 DIFUSIÓN 🙏🏻 DIFUSIÓN 🙏🏻 DIFUSIÓN 🙏🏻 DIFUSIÓN 🙏🏻 DIFUSIÓN 🙏🏻 DIFUSIÓN 🙏🏻 DIFUSIÓN 🙏🏻 DIFUSIÓN 🙏🏻 DIFUSIÓN 🙏🏻 DIFUSIÓN 🙏🏻 DIFUSIÓN 🙏🏻 DIFUSIÓN 🙏🏻 DIFUSIÓN 🙏🏻 DIFUSIÓN 🙏🏻 DIFUSIÓN 🙏🏻 DIFUSIÓN 🙏🏻 DIFUSIÓN 🙏🏻DIFUSIÓN 🙏🏻 DIFUSIÓN 🙏🏻 DIFUSIÓN 🙏🏻 DIFUSIÓN 🙏🏻 DIFUSIÓN 🙏🏻 DIFUSIÓN 🙏🏻 DIFUSIÓN 🙏🏻 DIFUSIÓN 🙏🏻 DIFUSIÓN 🙏🏻 DIFUSIÓN 🙏🏻 DIFUSIÓN 🙏🏻 DIFUSIÓN 🙏🏻 DIFUSIÓN 🙏🏻 DIFUSIÓN 🙏🏻 DIFUSIÓN 🙏🏻 DIFUSIÓN 🙏🏻 DIFUSIÓN 🙏🏻 DIFUSIÓN 🙏🏻 DIFUSIÓN 🙏🏻 DIFUSIÓN 🙏🏻 DIFUSIÓN 🙏🏻 DIFUSIÓN 🙏🏻 DIFUSIÓN 🙏🏻 DIFUSIÓN 🙏🏻 DIFUSIÓN 🙏🏻 DIFUSIÓN 🙏🏻 DIFUSIÓN 🙏🏻 DIFUSIÓN 🙏🏻 DIFUSIÓN 🙏🏻 DIFUSIÓN 🙏🏻 DIFUSIÓN 🙏🏻 DIFUSIÓN 🙏🏻 DIFUSIÓN 🙏🏻 DIFUSIÓN 🙏🏻 DIFUSIÓN 🙏🏻 DIFUSIÓN 🙏🏻 DIFUSIÓN 🙏🏻 DIFUSIÓN 🙏🏻 DIFUSIÓN 🙏🏻 DIFUSIÓN 🙏🏻 DIFUSIÓN 🙏🏻 DIFUSIÓN 🙏🏻 DIFUSIÓN 🙏🏻 DIFUSIÓN 🙏🏻 DIFUSIÓN 🙏🏻 DIFUSIÓN 🙏🏻 DIFUSIÓN 🙏🏻 DIFUSIÓN 🙏🏻 DIFUSIÓN 🙏🏻 DIFUSIÓN 🙏🏻 DIFUSIÓN 🙏🏻 DIFUSIÓN 🙏🏻 DIFUSIÓN 🙏🏻 DIFUSIÓN 🙏🏻DIFUSIÓN 🙏🏻 DIFUSIÓN 🙏🏻 DIFUSIÓN 🙏🏻 DIFUSIÓN 🙏🏻 DIFUSIÓN 🙏🏻 DIFUSIÓN 🙏🏻 DIFUSIÓN 🙏🏻 DIFUSIÓN 🙏🏻 DIFUSIÓN 🙏🏻 DIFUSIÓN 🙏🏻 DIFUSIÓN 🙏🏻 DIFUSIÓN 🙏🏻 DIFUSIÓN 🙏🏻 DIFUSIÓN 🙏🏻 DIFUSIÓN 🙏🏻 DIFUSIÓN 🙏🏻 DIFUSIÓN 🙏🏻 DIFUSIÓN 🙏🏻 DIFUSIÓN 🙏🏻 DIFUSIÓN 🙏🏻 DIFUSIÓN 🙏🏻 DIFUSIÓN 🙏🏻 DIFUSIÓN 🙏🏻 DIFUSIÓN 🙏🏻 DIFUSIÓN 🙏🏻 DIFUSIÓN 🙏🏻 DIFUSIÓN 🙏🏻 DIFUSIÓN 🙏🏻 DIFUSIÓN 🙏🏻 DIFUSIÓN 🙏🏻 DIFUSIÓN 🙏🏻 DIFUSIÓN 🙏🏻 DIFUSIÓN 🙏🏻 DIFUSIÓN 🙏🏻 DIFUSIÓN 🙏🏻 DIFUSIÓN 🙏🏻 DIFUSIÓN 🙏🏻 DIFUSIÓN 🙏🏻 DIFUSIÓN 🙏🏻 DIFUSIÓNj🙏🏻 DIFUSIÓN 🙏🏻 DIFUSIÓN 🙏🏻","0","0","2026-05-29T14:38:49.000Z",".gyal_93","https://www.tiktok.com/@ajplusespanol/video/7644374184180616456","7188794618601800710","7645323204231742226","https://p19-common-sign.tiktokcdn-us.com/tos-maliva-avt-0068/0c1dd0dca1241edded0db161ef9c5696~tplv-tiktokx-cropcenter:100:100.jpg?dr=9640&refresh_token=80349fcb&x-expires=1780200000&x-signature=nOKkdmrnn%2Fi0uYu3B92rct5PkOo%3D&t=4d5b0474&ps=13740610&shp=30310797&shcp=ff37627b&idc=useast5"
"[Sticker] ","0","0","2026-05-29T14:38:28.000Z",".gyal_93","https://www.tiktok.com/@ajplusespanol/video/7644374184180616456","7188794618601800710","7645323110145442568","https://p19-common-sign.tiktokcdn-us.com/tos-maliva-avt-0068/0c1dd0dca1241edded0db161ef9c5696~tplv-tiktokx-cropcenter:100:100.jpg?dr=9640&refresh_token=80349fcb&x-expires=1780200000&x-signature=nOKkdmrnn%2Fi0uYu3B92rct5PkOo%3D&t=4d5b0474&ps=13740610&shp=30310797&shcp=ff37627b&idc=useast5"
"[Sticker] ","0","0","2026-05-29T18:28:44.000Z","brendadyaf","https://www.tiktok.com/@ajplusespanol/video/7644374184180616456","6780192854737454086","7645382312729494303","https://p16-common-sign.tiktokcdn-us.com/tos-useast8-avt-0068-tx2/f1e916f1bdd1cbb7d6783f6cde35748c~tplv-tiktokx-cropcenter:100:100.jpg?dr=9640&refresh_token=0e3730d0&x-expires=1780200000&x-signature=8kiO3n07x5KzcVC3zV1HFbzgb8Y%3D&t=4d5b0474&ps=13740610&shp=30310797&shcp=ff37627b&idc=useast5"
"Lo que acabo de llorar con este video.","0","0","2026-05-29T18:32:02.000Z","thefiorellaesp","https://www.tiktok.com/@ajplusespanol/video/7644374184180616456","7431268633840862214","7645383291100480276","https://p16-common-sign.tiktokcdn-us.com/tos-alisg-avt-0068/a0297972b4fc8517d91720f7a0f3bfd6~tplv-tiktokx-cropcenter:100:100.jpg?dr=9640&refresh_token=bf752f3b&x-expires=1780200000&x-signature=y1ER7UhRmiT5XOZQptwnngmGF68%3D&t=4d5b0474&ps=13740610&shp=30310797&shcp=ff37627b&idc=useast5"
"NO ESTÁN SOLOS PAPÁS","0","0","2026-05-29T22:33:35.000Z","lililofer","https://www.tiktok.com/@ajplusespanol/video/7644374184180616456","6973134686357816326","7645445443443245844","https://p16-common-sign.tiktokcdn-us.com/tos-maliva-avt-0068/ca0b6b455501a0d0b150db2bf197746f~tplv-tiktokx-cropcenter:100:100.jpg?dr=9640&refresh_token=6bff1889&x-expires=1780200000&x-signature=s6w0%2Fn4y0p2Xmh4DReSfxA3LFfQ%3D&t=4d5b0474&ps=13740610&shp=30310797&shcp=ff37627b&idc=useast5"
"[Sticker] Espero que pueden encontrar finalmente a sus familiares o saber saber su destino, fuerzas a las familias que están en la busca de encontrar respuestas. Mis condolencias y espero que pronto la gente pueda dar más visibilidad a toda está problemática que es hasta el día de hoy es difícil de mantener oculto, ya que el sufrimiento no se olvida, ni mucho menos de ve como algo vergonzoso de l país. Todos son importantes de igual manera, que tiene personas que les importa, tanto como mujeres y hombre. Esperopronto puedan ser ayudados con buena fé.","0","0","2026-05-30T00:56:58.000Z","ilov3kim","https://www.tiktok.com/@ajplusespanol/video/7644374184180616456","7463287733424014341","7645482396352168725","https://p16-common-sign.tiktokcdn-us.com/tos-alisg-avt-0068/69bc73b7e492c053d98290891e9363a7~tplv-tiktokx-cropcenter:100:100.jpg?dr=9640&refresh_token=bc06b1aa&x-expires=1780200000&x-signature=VN7H%2FzQyv2Jn0bScbeKPw4%2FIVCA%3D&t=4d5b0474&ps=13740610&shp=30310797&shcp=ff37627b&idc=useast5"
"Que fuerte ; bendiciones de todo corazón.","0","0","2026-05-29T19:01:11.000Z","mariacortesfabian","https://www.tiktok.com/@ajplusespanol/video/7644374184180616456","7035661787094549509","7645390793708978962","https://p16-common-sign.tiktokcdn-us.com/tos-maliva-avt-0068/7330596221725835270~tplv-tiktokx-cropcenter:100:100.jpg?dr=9640&refresh_token=c29e7c3d&x-expires=1780200000&x-signature=XWKmoGs0%2BTcNHwACtPWa%2BtbdXSQ%3D&t=4d5b0474&ps=13740610&shp=30310797&shcp=ff37627b&idc=useast5"
"[Sticker] 😭","0","0","2026-05-30T00:59:58.000Z","x_20_20.0","https://www.tiktok.com/@ajplusespanol/video/7644374184180616456","7152970033509090310","7645483224252465941","https://p16-common-sign.tiktokcdn-us.com/tos-maliva-avt-0068/be0c2776288b8a83e8321b075b8bf25e~tplv-tiktokx-cropcenter:100:100.jpg?dr=9640&refresh_token=09ae39f6&x-expires=1780200000&x-signature=Ub53U3%2FeYH2awlZKNU8m369vxUg%3D&t=4d5b0474&ps=13740610&shp=30310797&shcp=ff37627b&idc=useast5"
"nmms el gobierno gasta millones en un torneo que nisiquiera vamos a ganar JAJA","0","0","2026-05-29T19:09:00.000Z","alexabacilio6","https://www.tiktok.com/@ajplusespanol/video/7644374184180616456","7185273140972520454","7645392782631322375","https://p19-common-sign.tiktokcdn-us.com/tos-alisg-avt-0068/50004af374b2334c5221953e77ba9263~tplv-tiktokx-cropcenter:100:100.jpg?dr=9640&refresh_token=99280aad&x-expires=1780200000&x-signature=PSCqEc8yTGiu8XMjZN772M5NIbg%3D&t=4d5b0474&ps=13740610&shp=30310797&shcp=ff37627b&idc=useast5"
"que miedo 😔","0","0","2026-05-29T22:41:46.000Z","1abrildam1","https://www.tiktok.com/@ajplusespanol/video/7644374184180616456","7534580613938070546","7645447606470591240","https://p19-common-sign.tiktokcdn-us.com/tos-alisg-avt-0068/a6e990a1912b8147efe863c9cd77c713~tplv-tiktokx-cropcenter:100:100.jpg?dr=9640&refresh_token=ac43a567&x-expires=1780200000&x-signature=C7b3i0vEcCImfbaIRiZeoZVkCF4%3D&t=4d5b0474&ps=13740610&shp=30310797&shcp=ff37627b&idc=useast5"
"Mi total admiración y respeto hacía con ustedes por su persistencia y fuerza,que Dios les permita reunirse nuevamente con sus familiares.🥺🙏🏻","0","0","2026-05-30T02:24:44.000Z","jaquebarrera2","https://www.tiktok.com/@ajplusespanol/video/7644374184180616456","7205749548035294214","7645505066636100373","https://p19-common-sign.tiktokcdn-us.com/tos-alisg-avt-0068/a35c2f951075925af9070cd3e1510d38~tplv-tiktokx-cropcenter:100:100.jpg?dr=9640&refresh_token=85a902a9&x-expires=1780200000&x-signature=iaC5vfEAWiBWjw%2FFyy1l%2BVYh9o0%3D&t=4d5b0474&ps=13740610&shp=30310797&shcp=ff37627b&idc=useast5"
"Excelente 👍👍👍","0","0","2026-05-29T22:43:40.000Z","user1872489491","https://www.tiktok.com/@ajplusespanol/video/7644374184180616456","7338624924292039686","7645448063352718100","https://p19-common-sign.tiktokcdn-us.com/tos-maliva-avt-0068/7355728131073769478~tplv-tiktokx-cropcenter:100:100.jpg?dr=9640&refresh_token=3a315a4f&x-expires=1780200000&x-signature=ejPYYjNOJqDXtcVRbeIJ6d9%2BUnc%3D&t=4d5b0474&ps=13740610&shp=30310797&shcp=ff37627b&idc=useast5"
"pongan subtitulos en inglés para que se haga eco a nivel internacional por favor","0","0","2026-05-30T01:51:14.000Z","gibranreyesn","https://www.tiktok.com/@ajplusespanol/video/7644374184180616456","229968144193490944","7645496438876537621","https://p16-common-sign.tiktokcdn-us.com/tos-maliva-avt-0068/729ba84bf292c00e667188b12d90f70b~tplv-tiktokx-cropcenter:100:100.jpg?dr=9640&refresh_token=d88a4a04&x-expires=1780200000&x-signature=hmOgSSyrfx1g2E923pFz7%2B2uKww%3D&t=4d5b0474&ps=13740610&shp=30310797&shcp=ff37627b&idc=useast5"
"Que impotencia da la situación de Mexico😢","0","0","2026-05-29T14:41:23.000Z","badhumanxx","https://www.tiktok.com/@ajplusespanol/video/7644374184180616456","7362757152018924550","7645323855510979336","https://p19-common-sign.tiktokcdn-us.com/tos-alisg-avt-0068/690fb98348f341366234cd87155d5ac0~tplv-tiktokx-cropcenter:100:100.jpg?dr=9640&refresh_token=85b28556&x-expires=1780200000&x-signature=KuVQ86yF526HbjpXQNYANWG3QZQ%3D&t=4d5b0474&ps=13740610&shp=30310797&shcp=ff37627b&idc=useast5"
"lamentablemente así es , gastan en cosas que ni al caso y nosotros que tenemos un desaparecido ni nos voltean a ver 😔","0","0","2026-05-29T14:34:37.000Z","mare_lopez32","https://www.tiktok.com/@ajplusespanol/video/7644374184180616456","6961215840504497157","7645322115201843976","https://p16-common-sign.tiktokcdn-us.com/tos-alisg-avt-0068/87799167c01e8448d9dc008444b6ee7a~tplv-tiktokx-cropcenter:100:100.jpg?dr=9640&refresh_token=ddbe6e48&x-expires=1780200000&x-signature=fFnqMchl%2BxJWJNfHqJvYj%2BUQCoc%3D&t=4d5b0474&ps=13740610&shp=30310797&shcp=ff37627b&idc=useast5"
"Se me hizo un nudo en la garganta. Un abrazo a los familiares desde Venezuela 🫂💜","0","0","2026-05-29T22:49:05.000Z","ale.limmy","https://www.tiktok.com/@ajplusespanol/video/7644374184180616456","7146676127041618950","7645449419689526037","https://p16-common-sign.tiktokcdn-us.com/tos-maliva-avt-0068/106c2862dfebb8818065f9f34d103fa1~tplv-tiktokx-cropcenter:100:100.jpg?dr=9640&refresh_token=5f29d6f5&x-expires=1780200000&x-signature=PWcCfz3V7S3UTeRrsGDC5%2Ff%2B5cY%3D&t=4d5b0474&ps=13740610&shp=30310797&shcp=ff37627b&idc=useast5"
"Creo que como ciudadanos deberíamos demostrar indiferencia ante el mundial, no participar en los eventos, no gastar en absoluto nada con refente al mundial.","0","0","2026-05-29T19:22:54.000Z","ceci.g.l8","https://www.tiktok.com/@ajplusespanol/video/7644374184180616456","7309492440204395525","7645396338948162305","https://p19-common-sign.tiktokcdn-us.com/musically-maliva-obj/1594805258216454~tplv-tiktokx-cropcenter:100:100.jpg?dr=9640&refresh_token=e340c4d0&x-expires=1780200000&x-signature=y0I6Dncomm86fyA9XjJdWa1HRzE%3D&t=4d5b0474&ps=13740610&shp=30310797&shcp=ff37627b&idc=useast5"
"[Sticker] ","0","0","2026-05-29T19:27:08.000Z","elcuadras18","https://www.tiktok.com/@ajplusespanol/video/7644374184180616456","7313955033900057605","7645397470625202964","https://p19-common-sign.tiktokcdn-us.com/tos-alisg-avt-0068/9e6d8b331f657ff83e40b4eed594fd6e~tplv-tiktokx-cropcenter:100:100.jpg?dr=9640&refresh_token=21d091eb&x-expires=1780200000&x-signature=bV6juX3LBjH2B%2BbYFJVd8TaGIbo%3D&t=4d5b0474&ps=13740610&shp=30310797&shcp=ff37627b&idc=useast5"
"si ellos mismos te roban también es algo que no tiene sentido, deben tener más cuidado ya que te quitan dinero","6","0","2026-03-07T18:21:16.000Z","ale824312","https://www.tiktok.com/@latinus_us/video/7614352986915163412","7596768587734828053","7614580442679100181","https://p16-common-sign.tiktokcdn.com/tos-alisg-avt-0068/edc8d58b776483acb80a88002b858905~tplv-tiktokx-cropcenter:100:100.jpg?dr=14579&refresh_token=c699fcde&x-expires=1780200000&x-signature=mCUM9%2F3nPpxkw3REumky7awrJJU%3D&t=4d5b0474&ps=13740610&shp=30310797&shcp=ff37627b&idc=my2"
"Tengan en cuenta que cubrirán un lado, pero otros quedarán desprotegidos y ahí se harán los madres, por qué todo esto que dicen solo es en las sedes","6","0","2026-03-07T18:15:47.000Z","armandovale3","https://www.tiktok.com/@latinus_us/video/7614352986915163412","6844541713122460677","7614579030725739282","https://p16-common-sign.tiktokcdn.com/tos-maliva-avt-0068/7327280369844256773~tplv-tiktokx-cropcenter:100:100.jpg?dr=14579&refresh_token=a759606e&x-expires=1780200000&x-signature=UQ4FRJw84WGS4aOxohc8aeA5PnI%3D&t=4d5b0474&ps=13740610&shp=30310797&shcp=ff37627b&idc=my2"
"DEBERÍA HABER SEGURIDAD SIEMPRE","6","0","2026-03-07T17:07:31.000Z","elenaruiz414_","https://www.tiktok.com/@latinus_us/video/7614352986915163412","7196915883087266822","7614561448988050184","https://p16-common-sign.tiktokcdn.com/tos-maliva-avt-0068/f4b83d9e6068d7be6713c5672d2621bd~tplv-tiktokx-cropcenter:100:100.jpg?dr=14579&refresh_token=a52dff66&x-expires=1780200000&x-signature=sjbIqOeApknTnqK3lRLXxrGT0cc%3D&t=4d5b0474&ps=13740610&shp=30310797&shcp=ff37627b&idc=my2"
"Si a usa no le quitan el mundial, tampoco a mexico","6","0","2026-03-07T16:47:09.000Z","saenzsaenz127","https://www.tiktok.com/@latinus_us/video/7614352986915163412","6906175872140264453","7614556197244928784","https://p16-common-sign.tiktokcdn.com/tos-maliva-avt-0068/7129284885123825670~tplv-tiktokx-cropcenter:100:100.jpg?dr=14579&refresh_token=f400faaa&x-expires=1780200000&x-signature=3IHMmBUbctbRB1kzhmp6eKabBXw%3D&t=4d5b0474&ps=13740610&shp=30310797&shcp=ff37627b&idc=my2"
"saludos desde mechico👍👍","6","0","2026-03-07T15:53:10.000Z","bebetobets","https://www.tiktok.com/@latinus_us/video/7614352986915163412","7378528411062780934","7614542243064840961","https://p16-common-sign.tiktokcdn.com/tos-alisg-avt-0068/41a73f870f1819fda89ebc6a4865cdc8~tplv-tiktokx-cropcenter:100:100.jpg?dr=14579&refresh_token=fd1973f9&x-expires=1780200000&x-signature=vLGH%2FMsPp1wtg%2Bo0XgHTZYq5NTM%3D&t=4d5b0474&ps=13740610&shp=30310797&shcp=ff37627b&idc=my2"
"Si así nos cuidaran a los mexicanos 😓","6","0","2026-03-07T14:37:32.000Z","lomoplateadoxxx","https://www.tiktok.com/@latinus_us/video/7614352986915163412","7212443476079543301","7614522777526338311","https://p16-common-sign.tiktokcdn.com/tos-alisg-avt-0068/04ea10ac9e191c95f3f4537a8cc3b3cf~tplv-tiktokx-cropcenter:100:100.jpg?dr=14579&refresh_token=a63f1c95&x-expires=1780200000&x-signature=kMNMn5L3ViejKoIHoEjXs%2F8HT3k%3D&t=4d5b0474&ps=13740610&shp=30310797&shcp=ff37627b&idc=my2"
"JAJAJAJA alch qpdo porque solo cuando viene gente externa y no lo dejan para proteger a los mismos mexicanos vlv","6","0","2026-03-07T13:43:58.000Z","diego_de_la_o","https://www.tiktok.com/@latinus_us/video/7614352986915163412","6978370718561387525","7614509003242029842","https://p16-common-sign.tiktokcdn.com/tos-alisg-avt-0068/dbeaea82fc3db33d424a67a9a959cea8~tplv-tiktokx-cropcenter:100:100.jpg?dr=14579&refresh_token=99cca7f5&x-expires=1780200000&x-signature=MCXdU%2Bh9nz4j%2B5PB5hVI6C2FavU%3D&t=4d5b0474&ps=13740610&shp=30310797&shcp=ff37627b&idc=my2"
"le recomiendo no ir por su bien el narc se va a cobrar vid 😞😔","6","0","2026-03-07T12:07:21.000Z","tapiceria.nu","https://www.tiktok.com/@latinus_us/video/7614352986915163412","7046426675634390022","7614484081372332817","https://p16-common-sign.tiktokcdn.com/tos-maliva-avt-0068/ebc86358190bf37d6324a938b2ccab10~tplv-tiktokx-cropcenter:100:100.jpg?dr=14579&refresh_token=7e571c63&x-expires=1780200000&x-signature=sOlsfwNwnq%2BiWUfG60svtiucap8%3D&t=4d5b0474&ps=13740610&shp=30310797&shcp=ff37627b&idc=my2"
"Va a ser un CAOS total","6","0","2026-03-07T06:38:20.000Z","luxury_autos01","https://www.tiktok.com/@latinus_us/video/7614352986915163412","7108572050172822533","7614399234906178324","https://p16-common-sign.tiktokcdn.com/tos-alisg-avt-0068/8cda09bfde0a399d3e98691ab315b7ee~tplv-tiktokx-cropcenter:100:100.jpg?dr=14579&refresh_token=e02ff60d&x-expires=1780200000&x-signature=CjFZzhPc5NKRo3CQH8Xv1pF2c1c%3D&t=4d5b0474&ps=13740610&shp=30310797&shcp=ff37627b&idc=my2"
"De que sirve si les da miedo enfrentar a los delincuentes","6","0","2026-03-07T05:30:36.000Z","jack.daniels8952","https://www.tiktok.com/@latinus_us/video/7614352986915163412","7508185390063453200","7614381820981576466","https://p16-common-sign.tiktokcdn.com/tos-alisg-avt-0068/d95b9f46921639ccab1428410b1e9762~tplv-tiktokx-cropcenter:100:100.jpg?dr=14579&refresh_token=2fc90820&x-expires=1780200000&x-signature=7IogHLJTfCYXz%2F0o54FKArZaJ4g%3D&t=4d5b0474&ps=13740610&shp=30310797&shcp=ff37627b&idc=my2"
"Yo siendo mexicano prefiero que no sea el mundial aquí en México","5","0","2026-03-09T22:16:39.000Z","antonyocaz","https://www.tiktok.com/@latinus_us/video/7614352986915163412","6816889134667498501","7615383233069564689","https://p19-common-sign.tiktokcdn.com/tos-alisg-avt-0068/bb05fc2415d6c2f5384ced585a337440~tplv-tiktokx-cropcenter:100:100.jpg?dr=14579&refresh_token=6a407df8&x-expires=1780200000&x-signature=Ez3v9FDXu5oyG8X%2BHnLVUASKmk4%3D&t=4d5b0474&ps=13740610&shp=30310797&shcp=ff37627b&idc=my2"
"jaliscomajico","2","0","2026-05-27T06:01:08.000Z","weirdvibesindie","https://www.tiktok.com/@ajplusespanol/video/7644374184180616456","7124888403053839366","7644447550900060945","https://p19-common-sign.tiktokcdn-eu.com/tos-alisg-avt-0068/5fb075f420152f8fa3565b562923ba75~tplv-tiktokx-cropcenter:100:100.jpg?dr=10399&refresh_token=70807f33&x-expires=1780200000&x-signature=lzEq8RLoRrwguZQL%2B9mb9jTAH9w%3D&t=4d5b0474&ps=13740610&shp=30310797&shcp=ff37627b&idc=no1a"
"[Sticker] Sea como sea, esos narcos van a acabar con los turista y dañará el mundia en esa parte, acuérdense de mi","7","0","2026-03-08T03:59:16.000Z","0825_cesarin","https://www.tiktok.com/@latinus_us/video/7614352986915163412","7536244219171521542","7614729400965563154","https://p16-common-sign.tiktokcdn.com/tos-alisg-avt-0068/3d0cfe2bf6c6e6b8a47517746e1aa8f9~tplv-tiktokx-cropcenter:100:100.jpg?dr=14579&refresh_token=3fa53c26&x-expires=1780200000&x-signature=VWG7sXnxDpsUh3VuvIPFmT2QwJM%3D&t=4d5b0474&ps=13740610&shp=30310797&shcp=ff37627b&idc=my3"
"ni que regalen, Pasajes estadias, comidas traslados y las entradas voy a México","7","0","2026-03-07T21:42:06.000Z","alfredcastm","https://www.tiktok.com/@latinus_us/video/7614352986915163412","7131097882405340165","7614632136738702100","https://p16-common-sign.tiktokcdn.com/tos-maliva-avt-0068/18ba2c9de5147c5a8320c151aedd781a~tplv-tiktokx-cropcenter:100:100.jpg?dr=14579&refresh_token=544e80bb&x-expires=1780200000&x-signature=Vn6zuISJAr5YS82PaN0YgeSY8Xk%3D&t=4d5b0474&ps=13740610&shp=30310797&shcp=ff37627b&idc=my3"
"neta méxico tiene todo para ser primer mundo, pero a los del poder se les sube el poder, se dejan ganar y les gana el hambre de más poder.","7","0","2026-03-07T18:52:11.000Z","frankesher","https://www.tiktok.com/@latinus_us/video/7614352986915163412","6812515804208464901","7614588391700071175","https://p19-common-sign.tiktokcdn.com/tos-alisg-avt-0068/66023015759884eb880cb96dc87c38cc~tplv-tiktokx-cropcenter:100:100.jpg?dr=14579&refresh_token=b09305b3&x-expires=1780200000&x-signature=y%2BDIX6GuhXlYVyDgBxfqhBcV2H4%3D&t=4d5b0474&ps=13740610&shp=30310797&shcp=ff37627b&idc=my3"
"creo que está quedando claro que los mexicanos no queremos mundial, queremos vivir seguros","7","0","2026-03-07T16:24:35.000Z","tavosilva13","https://www.tiktok.com/@latinus_us/video/7614352986915163412","7174650694182814726","7614550364193489684","https://p19-common-sign.tiktokcdn.com/tos-alisg-avt-0068/d7e71802c13993b01d730c61de7efc1e~tplv-tiktokx-cropcenter:100:100.jpg?dr=14579&refresh_token=6c037c45&x-expires=1780200000&x-signature=IjTtJyTQ7gZGtbk1MfpG9f9Kjxk%3D&t=4d5b0474&ps=13740610&shp=30310797&shcp=ff37627b&idc=my3"
"Ajá los extranjeros bien protegidos y bien asustados","7","0","2026-03-07T15:01:15.000Z","roma93012","https://www.tiktok.com/@latinus_us/video/7614352986915163412","6960088264121320453","7614528896952746773","https://p16-common-sign.tiktokcdn.com/tos-alisg-avt-0068/8a5543e337816a2598249ba948a903f0~tplv-tiktokx-cropcenter:100:100.jpg?dr=14579&refresh_token=cea9448a&x-expires=1780200000&x-signature=kLBQZhqySNbCAnZE9Yl0dkGtuSA%3D&t=4d5b0474&ps=13740610&shp=30310797&shcp=ff37627b&idc=my3"
"NO AL MUNDIAL EN MEXICO 🇲🇽.. para proteger extrangeros hacen todo y NOSOTROS ??","7","0","2026-03-07T11:42:45.000Z","mexa34595","https://www.tiktok.com/@latinus_us/video/7614352986915163412","7557569170520081464","7614477748392215304","https://p16-common-sign.tiktokcdn.com/tos-alisg-avt-0068/fb4f2ae4c17f620e9cda7cc93e9ae416~tplv-tiktokx-cropcenter:100:100.jpg?dr=14579&refresh_token=e5d0f2b3&x-expires=1780200000&x-signature=h7%2FqnugdXaqWVTwiTMFPFMSVVrg%3D&t=4d5b0474&ps=13740610&shp=30310797&shcp=ff37627b&idc=my3"
"Osea tiene equipamiento y no lo usan en contra del narcotráfico","7","0","2026-03-07T05:41:11.000Z","marla_angel.1985_","https://www.tiktok.com/@latinus_us/video/7614352986915163412","7025205111342711814","7614384557467583252","https://p16-common-sign.tiktokcdn.com/tos-maliva-avt-0068/4b5ed1a027d120c9ab2750ede9a34b40~tplv-tiktokx-cropcenter:100:100.jpg?dr=14579&refresh_token=365002bf&x-expires=1780200000&x-signature=0W5aLfmrIy9Wju8pegZfQ7AK7EA%3D&t=4d5b0474&ps=13740610&shp=30310797&shcp=ff37627b&idc=my3"
"osea, tienen dinero para movilizar a tantos elementos de fuerzas de seguridad para un mundial, y no para luchar contra el narco? xD 💀💀","7","0","2026-03-07T05:36:48.000Z","edgarraul4","https://www.tiktok.com/@latinus_us/video/7614352986915163412","6585048983454171141","7614383415354163988","https://p16-common-sign.tiktokcdn.com/tos-maliva-avt-0068/5b93c086b38345b7dc4bcbd1a979da66~tplv-tiktokx-cropcenter:100:100.jpg?dr=14579&refresh_token=b6b756d7&x-expires=1780200000&x-signature=njjOpDtyAxHHBjUqkRCBeDxLRwM%3D&t=4d5b0474&ps=13740610&shp=30310797&shcp=ff37627b&idc=my3"
"Poca vergüenza quien pagamos impuestos, À munde que me sirve","7","0","2026-03-07T05:13:46.000Z","erik1mx","https://www.tiktok.com/@latinus_us/video/7614352986915163412","6806488820231881734","7614377500420457217","https://p16-common-sign.tiktokcdn.com/tos-maliva-avt-0068/7326671114524000262~tplv-tiktokx-cropcenter:100:100.jpg?dr=14579&refresh_token=91ff0491&x-expires=1780200000&x-signature=zgbLis5uUvHihva%2BU8itvMmeurg%3D&t=4d5b0474&ps=13740610&shp=30310797&shcp=ff37627b&idc=my3"
"Por que no posieron eso para acabar con los carteles","5","0","2026-03-09T04:27:27.000Z","user5079558282224","https://www.tiktok.com/@latinus_us/video/7614352986915163412","7218272228264231982","7615107565110543118","https://p16-common-sign.tiktokcdn-us.com/musically-maliva-obj/1594805258216454~tplv-tiktokx-cropcenter:100:100.jpg?dr=9640&refresh_token=f6d184af&x-expires=1780200000&x-signature=VW8UWPJqAaIplom5IP4ju2xgIsk%3D&t=4d5b0474&ps=13740610&shp=30310797&shcp=ff37627b&idc=useast5"
"Y no le da vergüenza a la presidenta para eso si hay seguridad","5","0","2026-03-07T19:23:06.000Z","user6293417543795","https://www.tiktok.com/@latinus_us/video/7614352986915163412","7150703368121910315","7614596169914778398","https://p19-common-sign.tiktokcdn-us.com/musically-maliva-obj/1594805258216454~tplv-tiktokx-cropcenter:100:100.jpg?dr=9640&refresh_token=e340c4d0&x-expires=1780200000&x-signature=y0I6Dncomm86fyA9XjJdWa1HRzE%3D&t=4d5b0474&ps=13740610&shp=30310797&shcp=ff37627b&idc=useast5"
"Y como van a vigilar el metro? recuerdan todos los piquetes que hubo meses antes?","5","0","2026-03-08T18:39:00.000Z","csmh_","https://www.tiktok.com/@latinus_us/video/7614352986915163412","6878507504521053190","7614956071153746708","https://p16-common-sign.tiktokcdn-us.com/tos-maliva-avt-0068/c42e7698bf566b25ef8d3d766305abbd~tplv-tiktokx-cropcenter:100:100.jpg?dr=9640&refresh_token=ebf8a5fb&x-expires=1780200000&x-signature=6qMjvnGH0Ae8%2FYSKHhz4c%2BZlWp4%3D&t=4d5b0474&ps=13740610&shp=30310797&shcp=ff37627b&idc=useast5"
"No puede ni con los que vivimos en México, menos con millones de turistas 😂","5","0","2026-03-08T02:22:21.000Z","miguelangelge96","https://www.tiktok.com/@latinus_us/video/7614352986915163412","6527787312363869199","7614704406579741447","https://p19-common-sign.tiktokcdn-us.com/tos-maliva-avt-0068/460cb8e99db56050dc12714dd399643c~tplv-tiktokx-cropcenter:100:100.jpg?dr=9640&refresh_token=e7cada30&x-expires=1780200000&x-signature=RcHSDNRtBy4Ki1Mt%2BncCTQ%2FqJgs%3D&t=4d5b0474&ps=13740610&shp=30310797&shcp=ff37627b&idc=useast5"
"puedes tener el mejor plan, pero si los elementos son c0rrup70s va estar denso","5","0","2026-03-08T17:52:07.000Z","luisfernandora525","https://www.tiktok.com/@latinus_us/video/7614352986915163412","7069247993803342853","7614944028811002631","https://p16-common-sign.tiktokcdn-us.com/tos-maliva-avt-0068/7072201367754014725~tplv-tiktokx-cropcenter:100:100.jpg?dr=9640&refresh_token=ea2e93e2&x-expires=1780200000&x-signature=8l0Os%2FwOh4zu9NSowUua15tjulA%3D&t=4d5b0474&ps=13740610&shp=30310797&shcp=ff37627b&idc=useast5"
"nosotros como mexicanos debemos cancelar dicho mundial, ya que el dinero recaudado no es para el país, es para el gobierno.
Dos, quien nos asegura que no va ver atentados, en los estadios, hoteles, avenidas principales.
mejor cancelarlo","8","0","2026-03-07T14:53:25.000Z","vaquero9980","https://www.tiktok.com/@latinus_us/video/7614352986915163412","7351271661101220870","7614526877823451912","https://p19-common-sign.tiktokcdn-us.com/tos-maliva-avt-0068/71844bfdf3d0f6831f01f525169fd1e2~tplv-tiktokx-cropcenter:100:100.jpg?dr=9640&refresh_token=1677c482&x-expires=1780200000&x-signature=hQ3ApTAnLOMMJdbBKZH0ExE4zDY%3D&t=4d5b0474&ps=13740610&shp=30310797&shcp=ff37627b&idc=useast5"
"Si hay miedo en sus habitantes imagínate en habitantes de otros países","10","0","2026-03-07T03:43:16.000Z","carlosalbertoo284","https://www.tiktok.com/@latinus_us/video/7614352986915163412","7282544273307583493","7614354180895834887","https://p16-common-sign.tiktokcdn-us.com/tos-alisg-avt-0068/94f4c4cf7f624e4f574c5d572e0d607b~tplv-tiktokx-cropcenter:100:100.jpg?dr=9640&refresh_token=2f9f82a0&x-expires=1780200000&x-signature=0oB1n%2B7IcCwSdXjbLY3WFVwqjng%3D&t=4d5b0474&ps=13740610&shp=30310797&shcp=ff37627b&idc=useast5"
"quieren hacer en meses, lo que no han podido en años jaja","5","0","2026-03-07T05:42:22.000Z",".lost_luinor","https://www.tiktok.com/@latinus_us/video/7614352986915163412","7082948871500055558","7614384837454103304","https://p16-common-sign.tiktokcdn-us.com/tos-maliva-avt-0068/d3a1028adb8fd1f19ff05c4eabd2dccf~tplv-tiktokx-cropcenter:100:100.jpg?dr=9640&refresh_token=6cf42b88&x-expires=1780200000&x-signature=5wiuAZexkBz%2B6PqykwjVBeOIPUc%3D&t=4d5b0474&ps=13740610&shp=30310797&shcp=ff37627b&idc=useast5"
"dijo el Ciego lla beremos ...si la misma Corrumcion esta en la misma ley...","5","0","2026-03-07T18:47:44.000Z","roger.pasillas4","https://www.tiktok.com/@latinus_us/video/7614352986915163412","7479603779861333035","7614587214987379470","https://p19-common-sign.tiktokcdn-us.com/tos-useast5-avt-0068-tx/6767fa85709b834f227dec67a8c36230~tplv-tiktokx-cropcenter:100:100.jpg?dr=9640&refresh_token=9353e514&x-expires=1780200000&x-signature=y0smemAjL6ccMbTiNgxc0TwFhGc%3D&t=4d5b0474&ps=13740610&shp=30310797&shcp=ff37627b&idc=useast5"
"Escuchen bien , dijeron proteger a los turistas y a los equipos, porque los mexicanos no les importamos","8","0","2026-03-07T18:15:53.000Z","fbettofc","https://www.tiktok.com/@latinus_us/video/7614352986915163412","7075829643785552901","7614579050358997781","https://p16-common-sign.tiktokcdn-us.com/tos-maliva-avt-0068/8bd43a570e7abf5224cbf82199d2676e~tplv-tiktokx-cropcenter:100:100.jpg?dr=9640&refresh_token=a1b38aa5&x-expires=1780200000&x-signature=IgNo42tI9QZPjcrNxLqCX8s%2FEak%3D&t=4d5b0474&ps=13740610&shp=30310797&shcp=ff37627b&idc=useast5"
"Ósea que si podían y no querían","6","0","2026-03-09T21:17:28.000Z","cesm1910","https://www.tiktok.com/@latinus_us/video/7614352986915163412","6800771915037770758","7615368006658802439","https://p19-common-sign.tiktokcdn-us.com/tos-maliva-avt-0068/7332038551125393413~tplv-tiktokx-cropcenter:100:100.jpg?dr=9640&refresh_token=1f6308ea&x-expires=1780200000&x-signature=x7pPww0dx30G66d%2BhDUmadKwQtY%3D&t=4d5b0474&ps=13740610&shp=30310797&shcp=ff37627b&idc=useast5"
"a veces pienso que lo hacen con sarcasmo para tener muchas vistas😏","7","0","2026-03-07T20:30:02.000Z","dyvidguerra","https://www.tiktok.com/@latinus_us/video/7614352986915163412","6810851066096436230","7614613598363288340","https://p19-common-sign.tiktokcdn-us.com/tos-alisg-avt-0068/7323928195332308994~tplv-tiktokx-cropcenter:100:100.jpg?dr=9640&refresh_token=7d9527d0&x-expires=1780200000&x-signature=R6IcM9BqbDv6MpakGFRwLtpA%2FNA%3D&t=4d5b0474&ps=13740610&shp=30310797&shcp=ff37627b&idc=useast5"
"Justicia para los desaparecidos, no quiero mundial quiero un Mexico seguro","0","0","2026-05-29T20:07:35.000Z","deitamoraless","https://www.tiktok.com/@ajplusespanol/video/7644374184180616456","6788257594564035590","7645407865948193543","https://p16-common-sign.tiktokcdn-us.com/tos-maliva-avt-0068/92a2c15ee2decb6e077110d00ce86a9f~tplv-tiktokx-cropcenter:100:100.jpg?dr=9640&refresh_token=de37023d&x-expires=1780200000&x-signature=5FChJIymDc%2ByiDVxQ%2FeAdATfhP8%3D&t=4d5b0474&ps=13740610&shp=30310797&shcp=ff37627b&idc=useast8"
"[Sticker] Cómo romperme el corazón en segundos! “Nuestros desaparecidos muchos jugaban fútbol”","0","0","2026-05-29T20:28:17.000Z","kemywolf","https://www.tiktok.com/@ajplusespanol/video/7644374184180616456","6742213591300047878","7645413164579177237","https://p19-common-sign.tiktokcdn-us.com/tos-maliva-avt-0068/7328442570493870086~tplv-tiktokx-cropcenter:100:100.jpg?dr=9640&refresh_token=720c8cf0&x-expires=1780200000&x-signature=AHn4YHXt2VWjb5DhwvU3B%2B2q%2Fxo%3D&t=4d5b0474&ps=13740610&shp=30310797&shcp=ff37627b&idc=useast8"
"Este problema tiene años y el gobierno no muestra acciones por colaborar de manera efectiva en la búsqueda de personas desaparecidas. Miran hacia otro lado y con el mundial encima menos atenderán esta necesidad que debe ser prioritaria. Mis mejores deseos para que encuentren a sus familiares desaparecidos","0","0","2026-05-30T02:28:04.000Z","davideusebio151","https://www.tiktok.com/@ajplusespanol/video/7644374184180616456","7105164815949284358","7645505914314064661","https://p19-common-sign.tiktokcdn-us.com/tos-maliva-avt-0068/7124508831547621382~tplv-tiktokx-cropcenter:100:100.jpg?dr=9640&refresh_token=74952feb&x-expires=1780200000&x-signature=vdX7Vo%2BzdtaKytKA2MQnL43k1rc%3D&t=4d5b0474&ps=13740610&shp=30310797&shcp=ff37627b&idc=useast8"
"E lugar de mi dial y trenes busque allude con los desaparesidos","0","0","2026-05-29T14:18:36.000Z","katiarogel203","https://www.tiktok.com/@ajplusespanol/video/7644374184180616456","6962231841877869573","7645317976913199879","https://p16-common-sign.tiktokcdn-us.com/tos-maliva-avt-0068/49a0e5122ed7ac23bfbdeebce8e2d288~tplv-tiktokx-cropcenter:100:100.jpg?dr=9640&refresh_token=77b14c5a&x-expires=1780200000&x-signature=y09owloKRMUnBWbFUvXpjmw%2B3%2F8%3D&t=4d5b0474&ps=13740610&shp=30310797&shcp=ff37627b&idc=useast8"
"Mas de 23000 millones gastados y mal gastados.","0","0","2026-05-30T01:29:40.000Z","alfonsosaldivar65","https://www.tiktok.com/@ajplusespanol/video/7644374184180616456","6892068587663148037","7645490881583694600","https://p16-common-sign.tiktokcdn-us.com/tos-alisg-avt-0068/7335883264701235220~tplv-tiktokx-cropcenter:100:100.jpg?dr=9640&refresh_token=84de503f&x-expires=1780200000&x-signature=y%2FahWZlWS4XHiBrPhX0ieDxqyfI%3D&t=4d5b0474&ps=13740610&shp=30310797&shcp=ff37627b&idc=useast8"
"[Sticker] ","0","0","2026-05-29T23:36:26.000Z","flower__dead__","https://www.tiktok.com/@ajplusespanol/video/7644374184180616456","7404292868732945413","7645461668130816775","https://p19-common-sign.tiktokcdn-us.com/tos-maliva-avt-0068/a49c8b9025143fcca0f530142dcf7404~tplv-tiktokx-cropcenter:100:100.jpg?dr=9640&refresh_token=f64c051d&x-expires=1780200000&x-signature=NT7ffVblJjOJWWWhuDorAEcdFyo%3D&t=4d5b0474&ps=13740610&shp=30310797&shcp=ff37627b&idc=useast8"
"Eso no le importa al gobierno. Tristemente 😔😔😔😔","0","0","2026-05-29T20:47:24.000Z","elizabethbsc088","https://www.tiktok.com/@ajplusespanol/video/7644374184180616456","7281294589221356550","7645418105241387797","https://p16-common-sign.tiktokcdn-us.com/tos-maliva-avt-0068/7281295248784326661~tplv-tiktokx-cropcenter:100:100.jpg?dr=9640&refresh_token=bbbf5768&x-expires=1780200000&x-signature=yGSqX%2BaDjXi9Sa73miR468oi%2F5M%3D&t=4d5b0474&ps=13740610&shp=30310797&shcp=ff37627b&idc=useast8"
"[Sticker] mientras tanto","0","0","2026-05-29T20:50:15.000Z","ptalos1","https://www.tiktok.com/@ajplusespanol/video/7644374184180616456","7419913028462625797","7645418830131512084","https://p19-common-sign.tiktokcdn-us.com/tos-alisg-avt-0068/1ff9389286165402f8c5f920e94d4652~tplv-tiktokx-cropcenter:100:100.jpg?dr=9640&refresh_token=64c9cb28&x-expires=1780200000&x-signature=nwJXxOID8GEnMcm6lNfNFdVC%2FXU%3D&t=4d5b0474&ps=13740610&shp=30310797&shcp=ff37627b&idc=useast8"
"[Sticker] Queeeee!!!","0","0","2026-05-30T01:32:29.000Z","gabrieljuarezhern6","https://www.tiktok.com/@ajplusespanol/video/7644374184180616456","7459616584069071877","7645491556469031701","https://p16-common-sign.tiktokcdn-us.com/tos-maliva-avt-0068/0d95bb92c194260393769ae9e66278cb~tplv-tiktokx-cropcenter:100:100.jpg?dr=9640&refresh_token=9cf636be&x-expires=1780200000&x-signature=N3f2tmIBaLKg6bA4s6iVjVBb3M8%3D&t=4d5b0474&ps=13740610&shp=30310797&shcp=ff37627b&idc=useast8"
"Bueno siempre en un sistema capitalista el capital va a estar por arriba que los seres humanos y hoy la FIFA soborna a gobiernos y gana millones. Exitos y esperemos que tengan buenos resultados","0","0","2026-05-29T14:30:35.000Z","tok.tik2711","https://www.tiktok.com/@ajplusespanol/video/7644374184180616456","7271936023780328453","7645321055410733845","https://p19-common-sign.tiktokcdn-us.com/musically-maliva-obj/1594805258216454~tplv-tiktokx-cropcenter:100:100.jpg?dr=9640&refresh_token=e340c4d0&x-expires=1780200000&x-signature=y0I6Dncomm86fyA9XjJdWa1HRzE%3D&t=4d5b0474&ps=13740610&shp=30310797&shcp=ff37627b&idc=useast8"
"donde puedo donar para sus impresiones","0","0","2026-05-29T16:43:16.000Z","userwmjupkyep4","https://www.tiktok.com/@ajplusespanol/video/7644374184180616456","7144811673310921733","7645355232222249748","https://platform-lookaside.fbsbx.com/platform/profilepic/?asid=925831021643789&height=240&width=240&ext=1666319059&hash=AeQ6OBUaUheQRAwmOAk"
"[Sticker] ","0","0","2026-05-29T21:04:41.000Z","www.tikcarlos4","https://www.tiktok.com/@ajplusespanol/video/7644374184180616456","7263652618651059205","7645422602164618002","https://p19-common-sign.tiktokcdn-us.com/tos-maliva-avt-0068/c823fb73c48e9798b09070585227266b~tplv-tiktokx-cropcenter:100:100.jpg?dr=9640&refresh_token=0a9392fa&x-expires=1780200000&x-signature=NGY7cWZVQmei4REnfAGnVe0vTX0%3D&t=4d5b0474&ps=13740610&shp=30310797&shcp=ff37627b&idc=useast8"
"se me apachurra el corazón 😭","0","0","2026-05-30T00:05:40.000Z","karinaharo4","https://www.tiktok.com/@ajplusespanol/video/7644374184180616456","6526698431455433743","7645469163797103381","https://p19-common-sign.tiktokcdn-us.com/tos-maliva-avt-0068/e1dd00c0b191abdf79c82148a7d0f8f9~tplv-tiktokx-cropcenter:100:100.jpg?dr=9640&refresh_token=5496a93f&x-expires=1780200000&x-signature=jIl%2F21o1nDHk2NzwSbPNmMHTcHk%3D&t=4d5b0474&ps=13740610&shp=30310797&shcp=ff37627b&idc=useast8"
"Voten bien la próxima!","0","0","2026-05-29T16:46:33.000Z","user9593697260988","https://www.tiktok.com/@ajplusespanol/video/7644374184180616456","6893280080861496326","7645356002896233217","https://p19-common-sign.tiktokcdn-us.com/tos-alisg-avt-0068/7326119195303739393~tplv-tiktokx-cropcenter:100:100.jpg?dr=9640&refresh_token=a4b9567a&x-expires=1780200000&x-signature=mkafowL1297mrpONrUhqrt%2BaLNA%3D&t=4d5b0474&ps=13740610&shp=30310797&shcp=ff37627b&idc=useast8"
"justicia","0","0","2026-05-29T21:05:51.000Z","dhwjwh2","https://www.tiktok.com/@ajplusespanol/video/7644374184180616456","7490480798488577079","7645422860228035348","https://p19-common-sign.tiktokcdn-us.com/musically-maliva-obj/1594805258216454~tplv-tiktokx-cropcenter:100:100.jpg?dr=9640&refresh_token=e340c4d0&x-expires=1780200000&x-signature=y0I6Dncomm86fyA9XjJdWa1HRzE%3D&t=4d5b0474&ps=13740610&shp=30310797&shcp=ff37627b&idc=useast8"
"díganle a Claudia q es la responsable","0","0","2026-05-30T01:35:23.000Z","mavarra2","https://www.tiktok.com/@ajplusespanol/video/7644374184180616456","7639844474000098322","7645492385295844104","https://p16-common-sign.tiktokcdn-us.com/musically-maliva-obj/1594805258216454~tplv-tiktokx-cropcenter:100:100.jpg?dr=9640&refresh_token=f6d184af&x-expires=1780200000&x-signature=VW8UWPJqAaIplom5IP4ju2xgIsk%3D&t=4d5b0474&ps=13740610&shp=30310797&shcp=ff37627b&idc=useast8"
"espero encuentren pronto a sus seres queridos 🙏","0","0","2026-05-30T00:06:19.000Z","karinaharo4","https://www.tiktok.com/@ajplusespanol/video/7644374184180616456","6526698431455433743","7645469338694877972","https://p19-common-sign.tiktokcdn-us.com/tos-maliva-avt-0068/e1dd00c0b191abdf79c82148a7d0f8f9~tplv-tiktokx-cropcenter:100:100.jpg?dr=9640&refresh_token=5496a93f&x-expires=1780200000&x-signature=jIl%2F21o1nDHk2NzwSbPNmMHTcHk%3D&t=4d5b0474&ps=13740610&shp=30310797&shcp=ff37627b&idc=useast8"
"Ahi vemos que es prioridad para los gobiernos, que tristeza","0","0","2026-05-29T21:09:33.000Z","jesabdur","https://www.tiktok.com/@ajplusespanol/video/7644374184180616456","6931479075903423494","7645423798892725013","https://p19-common-sign.tiktokcdn-us.com/tos-maliva-avt-0068/7331298339205414918~tplv-tiktokx-cropcenter:100:100.jpg?dr=9640&refresh_token=4ba59ef5&x-expires=1780200000&x-signature=7%2F59x7sZQ9c6n3HVf8oaMuMDigM%3D&t=4d5b0474&ps=13740610&shp=30310797&shcp=ff37627b&idc=useast8"
"Marcha el día de la inauguración!!","0","0","2026-05-29T17:09:00.000Z","reveles9405","https://www.tiktok.com/@ajplusespanol/video/7644374184180616456","7046043301204526086","7645361902373585671","https://p16-common-sign.tiktokcdn-us.com/tos-maliva-avt-0068/cd4939c2e8b6be29ccf33a972b7a08c5~tplv-tiktokx-cropcenter:100:100.jpg?dr=9640&refresh_token=5eb291a3&x-expires=1780200000&x-signature=PAAg1Ju6fp7Mp2RNACIIui%2Feouo%3D&t=4d5b0474&ps=13740610&shp=30310797&shcp=ff37627b&idc=useast8"
"Que fuerte realidad 😞","0","0","2026-05-30T01:37:07.000Z","andreaalejo93","https://www.tiktok.com/@ajplusespanol/video/7644374184180616456","6807966292663600133","7645492555803230977","https://p16-common-sign.tiktokcdn-us.com/tos-maliva-avt-0068/a8dd21e1ec16bc122e473bd36e3ed446~tplv-tiktokx-cropcenter:100:100.jpg?dr=9640&refresh_token=34475e99&x-expires=1780200000&x-signature=quUYYeOzK3N2rlun7ONc1xDVsNQ%3D&t=4d5b0474&ps=13740610&shp=30310797&shcp=ff37627b&idc=useast8"
"Ayúdenme a compartir","0","0","2026-05-30T00:11:18.000Z","edu___.09","https://www.tiktok.com/@ajplusespanol/video/7644374184180616456","7280058404138238981","7645470622202692373","https://p16-common-sign.tiktokcdn-us.com/tos-maliva-avt-0068/6a5b6543dd3f3207bde14c0dcab08ad9~tplv-tiktokx-cropcenter:100:100.jpg?dr=9640&refresh_token=894c452e&x-expires=1780200000&x-signature=rAK5MkZ%2FD8xAdxrp%2BfySrEKL1cg%3D&t=4d5b0474&ps=13740610&shp=30310797&shcp=ff37627b&idc=useast8"
"Duermete","0","0","2026-05-29T21:30:36.000Z","flakobh","https://www.tiktok.com/@ajplusespanol/video/7644374184180616456","7507874096388408376","7645429218290025237","https://p16-common-sign.tiktokcdn-us.com/tos-alisg-avt-0068/5d5ebde1c96f6dfe5ad520852c7f7626~tplv-tiktokx-cropcenter:100:100.jpg?dr=9640&refresh_token=b2c83ff5&x-expires=1780200000&x-signature=GG3SbkYXGVZroOQiXubkMcOQCb8%3D&t=4d5b0474&ps=13740610&shp=30310797&shcp=ff37627b&idc=useast8"
"Para mí que gana Portugal","0","0","2026-05-29T17:34:22.000Z","eliseodx","https://www.tiktok.com/@ajplusespanol/video/7644374184180616456","6980160248313644038","7645368434595250951","https://p19-common-sign.tiktokcdn-us.com/tos-alisg-avt-0068/668ecb4f23540be7ea8dc34e44987ebf~tplv-tiktokx-cropcenter:100:100.jpg?dr=9640&refresh_token=15bbb355&x-expires=1780200000&x-signature=7XKe7ziPmp94wb6OLIyF7q0x0M8%3D&t=4d5b0474&ps=13740610&shp=30310797&shcp=ff37627b&idc=useast8"
"Su mirada 🥹","0","0","2026-05-30T00:11:53.000Z","argelarhelitorres","https://www.tiktok.com/@ajplusespanol/video/7644374184180616456","6846376000181388293","7645470855996375826","https://p16-common-sign.tiktokcdn-us.com/tos-alisg-avt-0068/50e9eaa7fee13bcbdefe0f51a5ff8a11~tplv-tiktokx-cropcenter:100:100.jpg?dr=9640&refresh_token=226e81df&x-expires=1780200000&x-signature=OFq0QSiaLvwDPwJtkjDskztG1pI%3D&t=4d5b0474&ps=13740610&shp=30310797&shcp=ff37627b&idc=useast8"
"Dios los bendiga, e ilumine su camino","0","0","2026-05-29T03:34:23.000Z","dulce.h06","https://www.tiktok.com/@ajplusespanol/video/7644374184180616456","7223161163646682118","7645151950808351504","https://p16-common-sign.tiktokcdn-us.com/tos-maliva-avt-0068/7307426787967893509~tplv-tiktokx-cropcenter:100:100.jpg?dr=9640&refresh_token=0a845d8b&x-expires=1780200000&x-signature=LmyQxk6e6%2FspcRgwY43TaikGipQ%3D&t=4d5b0474&ps=13740610&shp=30310797&shcp=ff37627b&idc=useast8"
"[Sticker] ","0","0","2026-05-29T03:28:34.000Z","alo_nais","https://www.tiktok.com/@ajplusespanol/video/7644374184180616456","6763333715315098630","7645150449826349844","https://p16-common-sign.tiktokcdn-us.com/tos-maliva-avt-0068/9cdfc56b9ef11c57c30f72027a461961~tplv-tiktokx-cropcenter:100:100.jpg?dr=9640&refresh_token=e8a20758&x-expires=1780200000&x-signature=j1BcEiD8eXTbCuWzNUH8elPMuLE%3D&t=4d5b0474&ps=13740610&shp=30310797&shcp=ff37627b&idc=useast8"
"""recordar que los desaparecidos también son mexicanos"" 😢","0","0","2026-05-29T17:36:13.000Z","hierbaenmallugar","https://www.tiktok.com/@ajplusespanol/video/7644374184180616456","6946781401610372102","7645368909532988168","https://p19-common-sign.tiktokcdn-us.com/tos-maliva-avt-0068/6e4ffd6b015a07dbad919f27f9959818~tplv-tiktokx-cropcenter:100:100.jpg?dr=9640&refresh_token=94572a34&x-expires=1780200000&x-signature=S%2Bvluvu34gFcnrB5Ahkpum76zaM%3D&t=4d5b0474&ps=13740610&shp=30310797&shcp=ff37627b&idc=useast8"
"[Sticker] ","0","0","2026-05-29T21:40:50.000Z","raniariviell0","https://www.tiktok.com/@ajplusespanol/video/7644374184180616456","6869391906104394753","7645431903952896775","https://p16-common-sign.tiktokcdn-us.com/tos-alisg-avt-0068/bba4cd313482be89f66e3080883eedb7~tplv-tiktokx-cropcenter:100:100.jpg?dr=9640&refresh_token=073bc1bb&x-expires=1780200000&x-signature=OBLGo0dl9YR8m5BC%2FVriv9tcEE0%3D&t=4d5b0474&ps=13740610&shp=30310797&shcp=ff37627b&idc=useast8"
"Ojalá todos encuentren a sus seres queridos! fuerza y suerte 🫶🏼","0","0","2026-05-29T17:50:01.000Z","mimiis_1102","https://www.tiktok.com/@ajplusespanol/video/7644374184180616456","7316429925148525573","7645372444649407253","https://p19-common-sign.tiktokcdn-us.com/tos-alisg-avt-0068/1900cb477c3cd19cfb0ba4b950bdf661~tplv-tiktokx-cropcenter:100:100.jpg?dr=9640&refresh_token=7ebb0576&x-expires=1780200000&x-signature=fAio9zKLPV09qJUJ3BeOktA93Qk%3D&t=4d5b0474&ps=13740610&shp=30310797&shcp=ff37627b&idc=useast8"
"[Sticker] ","0","0","2026-05-29T17:53:39.000Z","dulcegnzmnz","https://www.tiktok.com/@ajplusespanol/video/7644374184180616456","7056908036031710214","7645373404916269844","https://p19-common-sign.tiktokcdn-us.com/tos-alisg-avt-0068/af81ede8c1050206863ec44140ef32a1~tplv-tiktokx-cropcenter:100:100.jpg?dr=9640&refresh_token=d8fd6ae5&x-expires=1780200000&x-signature=opHziajWTtPKA7vr5H%2F%2Fv1bemdA%3D&t=4d5b0474&ps=13740610&shp=30310797&shcp=ff37627b&idc=useast8"
"[Sticker] ","0","0","2026-05-29T06:22:21.000Z","dayaaa941","https://www.tiktok.com/@ajplusespanol/video/7644374184180616456","7622211133718299666","7645195239083557640","https://p19-common-sign.tiktokcdn-us.com/tos-alisg-avt-0068/eb42e262874e90ee1e670b2d2052e8ff~tplv-tiktokx-cropcenter:100:100.jpg?dr=9640&refresh_token=025b83de&x-expires=1780200000&x-signature=BxlQ6waOJIPqj59l7xOFS3yEA3M%3D&t=4d5b0474&ps=13740610&shp=30310797&shcp=ff37627b&idc=useast8"
"Que cosas","0","0","2026-05-29T05:16:57.000Z","jesusescobar3007","https://www.tiktok.com/@ajplusespanol/video/7644374184180616456","7216387967546459142","7645178400261473031","https://p19-common-sign.tiktokcdn-us.com/tos-maliva-avt-0068/590ad2542068309c38894fea704aa822~tplv-tiktokx-cropcenter:100:100.jpg?dr=9640&refresh_token=3e51eee8&x-expires=1780200000&x-signature=oa7D5x2OFYulNSd%2BpbXXj5vIalA%3D&t=4d5b0474&ps=13740610&shp=30310797&shcp=ff37627b&idc=useast8"
"que coraje e impotencia debería ser más importante el apoyo a los padres que buscan a sus hijos que el mundial","0","0","2026-05-29T17:57:23.000Z","uhdlore","https://www.tiktok.com/@ajplusespanol/video/7644374184180616456","6811332703867929606","7645374340226122517","https://p19-common-sign.tiktokcdn-us.com/tos-maliva-avt-0068/f3a569ffaba2dd8ac846804b8d83dbb2~tplv-tiktokx-cropcenter:100:100.jpg?dr=9640&refresh_token=74c0af34&x-expires=1780200000&x-signature=49mXLNZIID4jmOsa8MymkNpAqJk%3D&t=4d5b0474&ps=13740610&shp=30310797&shcp=ff37627b&idc=useast8"
"Se nota el dolor en sus palabras 🤧 perder un familiar debe ser terrible 😞 espero algún día aparezcan ❤️","0","0","2026-05-29T18:01:10.000Z","fanlp94","https://www.tiktok.com/@ajplusespanol/video/7644374184180616456","7083569655771841542","7645375313145103124","https://p19-common-sign.tiktokcdn-us.com/tos-maliva-avt-0068/bc9d9eab6881049a9afc5fb5ca6dde19~tplv-tiktokx-cropcenter:100:100.jpg?dr=9640&refresh_token=51984ef8&x-expires=1780200000&x-signature=Tu2zlaEGSRl0JkXY5zAUicugQ04%3D&t=4d5b0474&ps=13740610&shp=30310797&shcp=ff37627b&idc=useast8"
"Sigan alzando la voz 👏👏","0","0","2026-05-29T14:49:00.000Z","patricia.saucedo834","https://www.tiktok.com/@ajplusespanol/video/7644374184180616456","7496345243127235600","7645325801994912533","https://p19-common-sign.tiktokcdn-us.com/tos-alisg-avt-0068/a72ba21c9207fa244dbe12dafce7339f~tplv-tiktokx-cropcenter:100:100.jpg?dr=9640&refresh_token=df303669&x-expires=1780200000&x-signature=XF2t32QNydsGXWRHOKHnCGBTGTs%3D&t=4d5b0474&ps=13740610&shp=30310797&shcp=ff37627b&idc=useast8"
"[Sticker] el gobierno","0","0","2026-05-29T13:57:09.000Z","ese.wey23","https://www.tiktok.com/@ajplusespanol/video/7644374184180616456","7045999522615526406","7645312323159114527","https://p19-common-sign.tiktokcdn-us.com/musically-maliva-obj/1594805258216454~tplv-tiktokx-cropcenter:100:100.jpg?dr=9640&refresh_token=e340c4d0&x-expires=1780200000&x-signature=y0I6Dncomm86fyA9XjJdWa1HRzE%3D&t=4d5b0474&ps=13740610&shp=30310797&shcp=ff37627b&idc=useast8"
"[Sticker] Dios mío","0","0","2026-05-29T04:45:32.000Z","yopyoop","https://www.tiktok.com/@ajplusespanol/video/7644374184180616456","124128231854616576","7645170306097414933","https://p16-common-sign.tiktokcdn-us.com/tos-alisg-avt-0068/64341295e062644c61de4ca755ff6b44~tplv-tiktokx-cropcenter:100:100.jpg?dr=9640&refresh_token=9ff2c477&x-expires=1780200000&x-signature=%2FiuaRUbE0gaxObs76WtZ4WXAeBY%3D&t=4d5b0474&ps=13740610&shp=30310797&shcp=ff37627b&idc=useast8"
"[Sticker] ","0","0","2026-05-29T03:28:25.000Z","alo_nais","https://www.tiktok.com/@ajplusespanol/video/7644374184180616456","6763333715315098630","7645150393949946644","https://p16-common-sign.tiktokcdn-us.com/tos-maliva-avt-0068/9cdfc56b9ef11c57c30f72027a461961~tplv-tiktokx-cropcenter:100:100.jpg?dr=9640&refresh_token=e8a20758&x-expires=1780200000&x-signature=j1BcEiD8eXTbCuWzNUH8elPMuLE%3D&t=4d5b0474&ps=13740610&shp=30310797&shcp=ff37627b&idc=useast8"
"[Sticker] Movimiento naranja, nanana...","0","0","2026-05-29T03:25:03.000Z","elpepeneitor117","https://www.tiktok.com/@ajplusespanol/video/7644374184180616456","6977085208177837061","7645149564470854408","https://p16-common-sign.tiktokcdn-us.com/tos-maliva-avt-0068/5a909dcde20f4677b6edb109be2bf0c5~tplv-tiktokx-cropcenter:100:100.jpg?dr=9640&refresh_token=703670c2&x-expires=1780200000&x-signature=tfwCy%2FTlQ6t8w%2FkY%2Fn9OJ%2FNCVlQ%3D&t=4d5b0474&ps=13740610&shp=30310797&shcp=ff37627b&idc=useast8"
"Se va poner de acuerdo Harfuch con los capos con los que tiene acuerdo para que ese mes no hagan nada y van a decir que el plan que propusieron dio resultado 🤣🤣🤣🤣🤣","5","0","2026-03-07T15:51:42.000Z","h3ct0rm69","https://www.tiktok.com/@latinus_us/video/7614352986915163412","6908074448089580549","7614541904726426376","https://p16-common-sign.tiktokcdn-eu.com/tos-alisg-avt-0068/7324361922864758786~tplv-tiktokx-cropcenter:100:100.jpg?dr=10399&refresh_token=d5d9db8b&x-expires=1780200000&x-signature=5B4voyQUWfOA3apieOn7bA%2BmRBs%3D&t=4d5b0474&ps=13740610&shp=30310797&shcp=ff37627b&idc=no1a"
"mientras tanto en los lugares que no vamos a recibir mundial vamos a estar bien desprotegidos","5","0","2026-03-07T14:25:21.000Z","fernando_tafolla","https://www.tiktok.com/@latinus_us/video/7614352986915163412","6961435562885907462","7614519632343778069","https://p16-common-sign.tiktokcdn-eu.com/tos-alisg-avt-0068/a870c3afb5e3b7958abd77133abb6148~tplv-tiktokx-cropcenter:100:100.jpg?dr=10399&refresh_token=a5512a2c&x-expires=1780200000&x-signature=aRvMKCfOKwGxoJRgwXyvk%2B5s9mI%3D&t=4d5b0474&ps=13740610&shp=30310797&shcp=ff37627b&idc=no1a"
"Heeeey turistas. No crean todo esto… ni aviones tenemos 😂😂😂","5","0","2026-03-07T07:19:06.000Z","hersan27_","https://www.tiktok.com/@latinus_us/video/7614352986915163412","6839273974679077894","7614409768401552148","https://p16-common-sign.tiktokcdn-eu.com/tos-alisg-avt-0068/f0404844192c4b537589c965c3dec55e~tplv-tiktokx-cropcenter:100:100.jpg?dr=10399&refresh_token=938a75fc&x-expires=1780200000&x-signature=jz3oHyxGoGTkPom%2BPk5BX43P4So%3D&t=4d5b0474&ps=13740610&shp=30310797&shcp=ff37627b&idc=no1a"
"No cuidan a los mexicanos!! Que les espera a los turistas tstsss","5","0","2026-03-07T06:16:34.000Z","_mulan","https://www.tiktok.com/@latinus_us/video/7614352986915163412","6925297524517438470","7614393672494809877","https://p16-common-sign.tiktokcdn-eu.com/tos-maliva-avt-0068/7d4b9c63403d64763b095fc05936df60~tplv-tiktokx-cropcenter:100:100.jpg?dr=10399&refresh_token=c4d4f614&x-expires=1780200000&x-signature=f0tO33br4DmiRZNjQRJmQbbf%2FSM%3D&t=4d5b0474&ps=13740610&shp=30310797&shcp=ff37627b&idc=no1a"
"DEBE SER UNA PESADILLA VIVIR EN MEXICO Y UN HOLOCAUSTO CAMINAR EN ELLA","5","0","2026-03-07T04:15:05.000Z","0leksandr.34","https://www.tiktok.com/@latinus_us/video/7614352986915163412","7454662060355339270","7614362362692829960","https://p16-common-sign.tiktokcdn-eu.com/tos-maliva-avt-0068/8e696ff6ca527f020231462033db0fbd~tplv-tiktokx-cropcenter:100:100.jpg?dr=10399&refresh_token=e5ffb793&x-expires=1780200000&x-signature=w1ooTncfxXdYLx2GOGeB6Y5ipBQ%3D&t=4d5b0474&ps=13740610&shp=30310797&shcp=ff37627b&idc=no1a"
"es ridículo que solo por el mundial desplieguen tanta seguridad así, eso debió haber sido hace años y siempre","12","0","2026-03-07T04:57:06.000Z","miguelft6","https://www.tiktok.com/@latinus_us/video/7614352986915163412","6804465497608012806","7614373198252147472","https://p16-common-sign.tiktokcdn-eu.com/tos-maliva-avt-0068/94d24c856c1472800ce6ff7059110b84~tplv-tiktokx-cropcenter:100:100.jpg?dr=10399&refresh_token=73f78467&x-expires=1780200000&x-signature=v5H%2FN3NemMpfd6HacCrzVxUh%2F4A%3D&t=4d5b0474&ps=13740610&shp=30310797&shcp=ff37627b&idc=no1a"
"Nomas por un mundial 😭 suena como Perú con los árboles 🤣","6","0","2026-03-08T02:37:37.000Z","20071997jklb","https://www.tiktok.com/@latinus_us/video/7614352986915163412","6760413393859232773","7614708332548621077","https://p16-common-sign.tiktokcdn-eu.com/tos-maliva-avt-0068/6027e44ec632a81e86913a07b6f15323~tplv-tiktokx-cropcenter:100:100.jpg?dr=10399&refresh_token=3c337501&x-expires=1780200000&x-signature=YgA4%2BNUjxyKjKVoVCAy%2FSmDzAQk%3D&t=4d5b0474&ps=13740610&shp=30310797&shcp=ff37627b&idc=no1a"
"0","0","5","2026-03-10T06:28:10.000Z","nio8174","https://www.tiktok.com/@latinus_us/video/7614352986915163412","7595742815831049230","7615509517333873421","https://p16-common-sign.tiktokcdn-eu.com/tos-maliva-avt-0068/288f670182c4f44adbca3f0ce3e3ba5d~tplv-tiktokx-cropcenter:100:100.jpg?dr=10399&refresh_token=1fa60e66&x-expires=1780200000&x-signature=zcX67NkMGjC0uBElMOgK8OD2Fmc%3D&t=4d5b0474&ps=13740610&shp=30310797&shcp=ff37627b&idc=no1a"
"No sabía que contábamos con tantos elementos de defensa aérea en el país. además por qué mencionan medidas y entrenamiento contra terrorismo?...","0","1","2026-03-14T11:18:50.000Z","gohansm73","https://www.tiktok.com/@latinus_us/video/7614352986915163412","6814504897481655301","7617068493586465557","https://p16-common-sign.tiktokcdn-eu.com/tos-maliva-avt-0068/6347058e84f5befa9133d35b32841101~tplv-tiktokx-cropcenter:100:100.jpg?dr=10399&refresh_token=0768e331&x-expires=1780200000&x-signature=hdGVEJWB9UiIsLGgyjTCAaNsnNk%3D&t=4d5b0474&ps=13740610&shp=30310797&shcp=ff37627b&idc=no1a"
"Todo eso nos costará mucho dinero","4","0","2026-03-10T14:24:57.000Z","ivan.rima","https://www.tiktok.com/@latinus_us/video/7614352986915163412","6718914028154979329","7615632786859770644","https://p16-common-sign.tiktokcdn-eu.com/tos-maliva-avt-0068/1357a250ff3cfadc7408537d7eccfaef~tplv-tiktokx-cropcenter:100:100.jpg?dr=10399&refresh_token=dcb6d1ae&x-expires=1780200000&x-signature=OCOZ2mfv9Ii08RgVB9uVcQaQZvA%3D&t=4d5b0474&ps=13740610&shp=30310797&shcp=ff37627b&idc=no1a"
"no al mundial","4","0","2026-03-10T03:03:20.000Z","elis_serrano10","https://www.tiktok.com/@latinus_us/video/7614352986915163412","7396894693797446662","7615457136231236373","https://p16-common-sign.tiktokcdn-eu.com/tos-alisg-avt-0068/cc40f1de7d782fd40e25f08a5df921cd~tplv-tiktokx-cropcenter:100:100.jpg?dr=10399&refresh_token=b00bca04&x-expires=1780200000&x-signature=5FkLavY2XjbZL6UTEuUFLhO7mgc%3D&t=4d5b0474&ps=13740610&shp=30310797&shcp=ff37627b&idc=no1a"
"Que triste que solo lo hacen por este evento y no lo hagan por sus habitantes todos los dias 😔😢😔","4","0","2026-03-09T13:27:03.000Z","user52923501617018","https://www.tiktok.com/@latinus_us/video/7614352986915163412","7178175131502953514","7615246387320668942","https://p16-common-sign.tiktokcdn-eu.com/musically-maliva-obj/1594805258216454~tplv-tiktokx-cropcenter:100:100.jpg?dr=10399&refresh_token=4e4254cb&x-expires=1780200000&x-signature=ZwQE3W%2FYdO0RcGX4cEf22EDYdus%3D&t=4d5b0474&ps=13740610&shp=30310797&shcp=ff37627b&idc=no1a"
"duele mucho este tema estos hechos duelen mucho 😞😞😞","1","0","2026-05-27T14:28:31.000Z","corazondemelon_meloncit0","https://www.tiktok.com/@ajplusespanol/video/7644374184180616456","7314119748374971398","7644578356495500040","https://p16-common-sign.tiktokcdn.com/tos-maliva-avt-0068/e1301ff8d673a69b3b187df0447d29c5~tplv-tiktokx-cropcenter:100:100.jpg?dr=14579&refresh_token=ddfe295b&x-expires=1780200000&x-signature=uiT5B2%2FkvjuirZACbFqRtL1WXWk%3D&t=4d5b0474&ps=13740610&shp=30310797&shcp=ff37627b&idc=my"
"Amén! Muchas bendiciones y mi apoyo con ustedes JUSTICIA","1","0","2026-05-27T13:27:27.000Z","abigailmerr","https://www.tiktok.com/@ajplusespanol/video/7644374184180616456","6593501802574413826","7644562637531185927","https://p19-common-sign.tiktokcdn.com/tos-alisg-avt-0068/1c853328a335c02729aa2c2d1d2dc9da~tplv-tiktokx-cropcenter:100:100.jpg?dr=14579&refresh_token=d577c7c2&x-expires=1780200000&x-signature=Ho73RAOzvIR62LS80Z8M26COdnE%3D&t=4d5b0474&ps=13740610&shp=30310797&shcp=ff37627b&idc=my"
"Bien dicho","1","0","2026-05-27T11:39:56.000Z","carolbbdv","https://www.tiktok.com/@ajplusespanol/video/7644374184180616456","7080684708825039877","7644534911893947157","https://p16-common-sign.tiktokcdn.com/musically-maliva-obj/1594805258216454~tplv-tiktokx-cropcenter:100:100.jpg?dr=14579&refresh_token=fa307169&x-expires=1780200000&x-signature=mehcPq0GqZUJprcMKOYk31VuyvU%3D&t=4d5b0474&ps=13740610&shp=30310797&shcp=ff37627b&idc=my"
"que impotencia 😔","1","0","2026-05-27T07:37:17.000Z","frbel155","https://www.tiktok.com/@ajplusespanol/video/7644374184180616456","6918394695995540485","7644472392294662932","https://p16-common-sign.tiktokcdn.com/tos-maliva-avt-0068/4423fabbe7b2cc5e2dcd5bb478bcb246~tplv-tiktokx-cropcenter:100:100.jpg?dr=14579&refresh_token=3347178e&x-expires=1780200000&x-signature=RU9HXhCd6zc5eR84HIuyXMKU%2B7w%3D&t=4d5b0474&ps=13740610&shp=30310797&shcp=ff37627b&idc=my"
"México no necesita un mundial, necesitamos un mejor país","1","0","2026-05-27T07:19:04.000Z","nirv_noir","https://www.tiktok.com/@ajplusespanol/video/7644374184180616456","6747828060123300869","7644467653462377223","https://p19-common-sign.tiktokcdn.com/tos-alisg-avt-0068/ec025cfa69aad06d31812001db4954f4~tplv-tiktokx-cropcenter:100:100.jpg?dr=14579&refresh_token=098cec42&x-expires=1780200000&x-signature=UtfrRY34QCdBkGmHMQgCaRKfS9k%3D&t=4d5b0474&ps=13740610&shp=30310797&shcp=ff37627b&idc=my"
"@☆ manguito 🥭: :DIFUSIÓN 🙏🏻 DIFUSIÓN 🙏🏻 DIFUSIÓN 🙏🏻 DIFUSIÓN 🙏🏻 DIFUSIÓN 🙏🏻 DIFUSIÓN 🙏🏻 DIFUSIÓN 🙏🏻 DIFUSIÓN 🙏🏻 DIFUSIÓN 🙏🏻 DIFUSIÓN 🙏🏻 DIFUSIÓN 🙏🏻 DIFUSIÓN 🙏🏻 DIFUSIÓN 🙏🏻 DIFUSIÓN 🙏🏻 DIFUSIÓN 🙏🏻 DIFUSIÓN 🙏🏻 DIFUSIÓN 🙏🏻 DIFUSIÓN 🙏🏻 DIFUSIÓN 🙏🏻 DIFUSIÓN 🙏🏻 DIFUSIÓN 🙏🏻 DIFUSIÓN 🙏🏻 DIFUSIÓN 🙏🏻 DIFUSIÓN 🙏🏻 DIFUSIÓN 🙏🏻 DIFUSIÓN 🙏🏻 DIFUSIÓN 🙏🏻 DIFUSIÓN 🙏🏻 DIFUSIÓN 🙏🏻 DIFUSIÓN 🙏🏻 DIFUSIÓN 🙏🏻 DIFUSIÓN 🙏🏻 DIFUSIÓN 🙏🏻 DIFUSIÓN 🙏🏻 DIFUSIÓN 🙏🏻 DIFUSIÓN 🙏🏻 DIFUSIÓN 🙏🏻 DIFUSIÓN 🙏🏻 DIFUSIÓN 🙏🏻 DIFUSIÓN 🙏🏻 DIFUSIÓN 🙏🏻 DIFUSIÓN 🙏🏻 DIFUSIÓN 🙏🏻 DIFUSIÓN 🙏🏻 DIFUSIÓN 🙏🏻 DIFUSIÓN 🙏🏻 DIFUSIÓN 🙏🏻 DIFUSIÓN 🙏🏻 DIFUSIÓN 🙏🏻 DIFUSIÓN 🙏🏻 DIFUSIÓN 🙏🏻 DIFUSIÓN 🙏🏻 DIFUSIÓN 🙏🏻 DIFUSIÓN 🙏🏻DIFUSIÓN 🙏🏻 DIFUSIÓN 🙏🏻 DIFUSIÓN 🙏🏻 DIFUSIÓN 🙏🏻 DIFUSIÓN 🙏🏻 DIFUSIÓN 🙏🏻 DIFUSIÓN 🙏🏻 DIFUSIÓN 🙏🏻 DIFUSIÓN 🙏🏻 DIFUSIÓN 🙏🏻 DIFUSIÓN 🙏🏻 DIFUSIÓN 🙏🏻 DIFUSIÓN 🙏🏻 DIFUSIÓN 🙏🏻 DIFUSIÓN 🙏🏻 DIFUSIÓN 🙏🏻 DIFUSIÓN 🙏🏻 DIFUSIÓN 🙏🏻 DIFUSIÓN 🙏🏻 DIFUSIÓN 🙏🏻 DIFUSIÓN 🙏🏻 DIFUSIÓN 🙏🏻 DIFUSIÓN 🙏🏻 DIFUSIÓN 🙏🏻 DIFUSIÓN 🙏🏻 DIFUSIÓN 🙏🏻 DIFUSIÓN 🙏🏻 DIFUSIÓN 🙏🏻 DIFUSIÓN 🙏🏻 DIFUSIÓN 🙏🏻 DIFUSIÓN 🙏🏻 DIFUSIÓN 🙏🏻 DIFUSIÓN 🙏🏻 DIFUSIÓN 🙏🏻 DIFUSIÓN 🙏🏻 DIFUSIÓN 🙏🏻 DIFUSIÓN 🙏🏻 DIFUSIÓN 🙏🏻 DIFUSIÓN 🙏🏻 DIFUSIÓN 🙏🏻 DIFUSIÓN 🙏🏻 DIFUSIÓN 🙏🏻 DIFUSIÓN 🙏🏻 DIFUSIÓN 🙏🏻 DIFUSIÓN 🙏🏻 DIFUSIÓN 🙏🏻 DIFUSIÓN 🙏🏻 DIFUSIÓN 🙏🏻 DIFUSIÓN 🙏🏻 DIFUSIÓN 🙏🏻 DIFUSIÓN 🙏🏻 DIFUSIÓN 🙏🏻 DIFUSIÓN 🙏🏻 DIFUSIÓN 🙏🏻DIFUSIÓN 🙏🏻 DIFUSIÓN 🙏🏻 DIFUSIÓN 🙏🏻 DIFUSIÓN 🙏🏻 DIFUSIÓN 🙏🏻 DIFUSIÓN 🙏🏻 DIFUSIÓN 🙏🏻 DIFUSIÓN 🙏🏻 DIFUSIÓN 🙏🏻 DIFUSIÓN 🙏🏻 DIFUSIÓN 🙏🏻 DIFUSIÓN 🙏🏻 DIFUSIÓN 🙏🏻 DIFUSIÓN 🙏🏻 DIFUSIÓN 🙏🏻 DIFUSIÓN 🙏🏻 DIFUSIÓN 🙏🏻 DIFUSIÓN 🙏🏻 DIFUSIÓN 🙏🏻 DIFUSIÓN 🙏🏻 DIFUSIÓN 🙏🏻 DIFUSIÓN 🙏🏻 DIFUSIÓN 🙏🏻 DIFUSIÓN 🙏🏻 DIFUSIÓN 🙏🏻 DIFUSIÓN 🙏🏻 DIFUSIÓN 🙏🏻 DIFUSIÓN 🙏🏻 DIFUSIÓN 🙏🏻 DIFUSIÓN 🙏🏻 DIFUSIÓN 🙏🏻 DIFUSIÓN 🙏🏻 DIFUSIÓN 🙏🏻 DIFUSIÓN 🙏🏻 DIFUSIÓN 🙏🏻 DIFUSIÓN 🙏🏻 DIFUSIÓN 🙏🏻 DIFUSIÓN 🙏🏻 DIFUSIÓN 🙏🏻 DIFUSIÓNj🙏🏻 DIFUSIÓN 🙏🏻 DIFUSIÓN 🙏🏻","1","0","2026-05-27T03:40:10.000Z","nott.wellxi","https://www.tiktok.com/@ajplusespanol/video/7644374184180616456","7334216740618044422","7644411242204365589","https://p16-common-sign.tiktokcdn.com/tos-alisg-avt-0068/3f0da5a696eaa645b9b729cdd77f5815~tplv-tiktokx-cropcenter:100:100.jpg?dr=14579&refresh_token=eb8847e7&x-expires=1780200000&x-signature=R7S4ZJoTrvQAtyop9bo4Ms9erJs%3D&t=4d5b0474&ps=13740610&shp=30310797&shcp=ff37627b&idc=my"
"[Sticker] ","1","0","2026-05-27T03:01:30.000Z","irispachecof","https://www.tiktok.com/@ajplusespanol/video/7644374184180616456","6586758848052166661","7644401234955076368","https://p16-common-sign.tiktokcdn.com/tos-maliva-avt-0068/18227dc8bdc633709c24cc4ba9dfaa1c~tplv-tiktokx-cropcenter:100:100.jpg?dr=14579&refresh_token=2b8a940d&x-expires=1780200000&x-signature=MtBOoW0optfEkH%2F43h%2BxuCs7yrg%3D&t=4d5b0474&ps=13740610&shp=30310797&shcp=ff37627b&idc=my"
"Que triste!! 😫😫😫😭😭😭","1","0","2026-05-27T02:47:51.000Z","cometa725","https://www.tiktok.com/@ajplusespanol/video/7644374184180616456","7565030331858846738","7644397781021295361","https://p16-common-sign.tiktokcdn.com/tos-alisg-avt-0068/14dce22904d7509725fc5d5a288e72d3~tplv-tiktokx-cropcenter:100:100.jpg?dr=14579&refresh_token=bbd30d29&x-expires=1780200000&x-signature=01dQ%2BsZyBmBvFIXz%2FbvcXbwkCME%3D&t=4d5b0474&ps=13740610&shp=30310797&shcp=ff37627b&idc=my"
"Osea, se preocupan por todos, menos por nosotros los MEXICANOS 😔","11","0","2026-03-07T12:52:26.000Z","lechede.almendras","https://www.tiktok.com/@latinus_us/video/7614352986915163412","6979448809625945094","7614495694187791124","https://p19-common-sign.tiktokcdn-us.com/tos-maliva-avt-0068/cd2b3dcf6ee82e952131e66c062fa60a~tplv-tiktokx-cropcenter:100:100.jpg?dr=9640&refresh_token=d9bee325&x-expires=1780200000&x-signature=7zxZ%2FA1DkCRidpzZAqlR6BUjGDs%3D&t=4d5b0474&ps=13740610&shp=30310797&shcp=ff37627b&idc=useast5"
"violencia en México y EUA en guerra 😅","5","0","2026-03-07T23:22:29.000Z","hugomoreno8146","https://www.tiktok.com/@latinus_us/video/7614352986915163412","7121895252272694277","7614658027741184775","https://p16-common-sign.tiktokcdn-us.com/tos-maliva-avt-0068/7161242526074437638~tplv-tiktokx-cropcenter:100:100.jpg?dr=9640&refresh_token=af6d7e57&x-expires=1780200000&x-signature=lAKW%2FqH1fgolPbdJyOMbUhAL8vs%3D&t=4d5b0474&ps=13740610&shp=30310797&shcp=ff37627b&idc=useast5"
"Va a ser el peor mundial q se realice…. 😏😏😏","5","0","2026-03-07T14:09:54.000Z","user773636173618","https://www.tiktok.com/@latinus_us/video/7614352986915163412","6756601680954082309","7614515658374464277","https://p16-common-sign.tiktokcdn-us.com/tos-alisg-avt-0068/7331934586982793218~tplv-tiktokx-cropcenter:100:100.jpg?dr=9640&refresh_token=98570105&x-expires=1780200000&x-signature=5pf%2Ba7x2l77%2BzVAaPaILYu9b6f4%3D&t=4d5b0474&ps=13740610&shp=30310797&shcp=ff37627b&idc=useast5"
"osea que para el mundial si tienen seguridad pero para el día a día no 🗿
grande mi país (saquenme de aquí)","5","0","2026-03-07T19:49:58.000Z","mewtejon","https://www.tiktok.com/@latinus_us/video/7614352986915163412","7418451801324520454","7614603259399996181","https://p19-common-sign.tiktokcdn-us.com/tos-maliva-avt-0068/192949cdb6b3c1e9a5bc4d22b17937a5~tplv-tiktokx-cropcenter:100:100.jpg?dr=9640&refresh_token=557cf8d0&x-expires=1780200000&x-signature=7ZZeFsm5ruro8X3NVANqJqZvFEs%3D&t=4d5b0474&ps=13740610&shp=30310797&shcp=ff37627b&idc=useast5"
"Osea si hay tecnología y dinero para cuidar a extranjeros pero para proteger en México a los mexicanos nadota","5","0","2026-03-07T20:31:23.000Z","jcabrera429","https://www.tiktok.com/@latinus_us/video/7614352986915163412","6730696196220519429","7614613909597111056","https://p16-common-sign.tiktokcdn-us.com/tos-maliva-avt-0068/19981d3158980aec173f61f19541a80c~tplv-tiktokx-cropcenter:100:100.jpg?dr=9640&refresh_token=5df55c2a&x-expires=1780200000&x-signature=HJu5RJQS07O48Un%2BdfdF2RsnwRU%3D&t=4d5b0474&ps=13740610&shp=30310797&shcp=ff37627b&idc=useast5"
"Y los medicamentos en los. Servicios de salud, para cuando????","5","0","2026-03-07T06:00:09.000Z","ross02443","https://www.tiktok.com/@latinus_us/video/7614352986915163412","7452871906522366981","7614389431726326548","https://p19-common-sign.tiktokcdn-us.com/musically-maliva-obj/1594805258216454~tplv-tiktokx-cropcenter:100:100.jpg?dr=9640&refresh_token=e340c4d0&x-expires=1780200000&x-signature=y0I6Dncomm86fyA9XjJdWa1HRzE%3D&t=4d5b0474&ps=13740610&shp=30310797&shcp=ff37627b&idc=useast5"
"No hay peor ciego que el que no quiere ver.
Si pueden dar seguridad PERO NO QUIEREN 😡","5","0","2026-03-08T04:17:43.000Z","rodolform123","https://www.tiktok.com/@latinus_us/video/7614352986915163412","7136686501580817413","7614733664689079061","https://p16-common-sign.tiktokcdn-us.com/tos-maliva-avt-0068/e38d6c82c3ff2bf854ee3be70cc3d7a3~tplv-tiktokx-cropcenter:100:100.jpg?dr=9640&refresh_token=1a12c84d&x-expires=1780200000&x-signature=BGaoQvQs5ZPljB08%2BwUI6uAPAIs%3D&t=4d5b0474&ps=13740610&shp=30310797&shcp=ff37627b&idc=useast5"
"y porque no lo han hecho en contra del narco y se hubieran perdido vidas de la guardia nacional","5","0","2026-03-08T03:01:09.000Z","chingontres","https://www.tiktok.com/@latinus_us/video/7614352986915163412","7272449093698388998","7614713602872787728","https://p16-common-sign.tiktokcdn-us.com/tos-maliva-avt-0068/a745c8b3bd2033917b63579b5c5fac4a~tplv-tiktokx-cropcenter:100:100.jpg?dr=9640&refresh_token=1d1fe662&x-expires=1780200000&x-signature=lNxOnYUf5fVzwbdIyhQ6sX0XSS0%3D&t=4d5b0474&ps=13740610&shp=30310797&shcp=ff37627b&idc=useast5"
"No pueden evitar los asaltos afuera del foro sol/estadio GNP y así quieren cuidar a los turistas y asistentes al mundial?? Por Dios!","11","0","2026-03-07T14:51:00.000Z","a_nice44","https://www.tiktok.com/@latinus_us/video/7614352986915163412","6812619960352556037","7614526270432445205","https://p16-common-sign.tiktokcdn.com/tos-alisg-avt-0068/e3c7b472a102641361987d110182f5ab~tplv-tiktokx-cropcenter:100:100.jpg?dr=14579&refresh_token=f2414fc1&x-expires=1780200000&x-signature=i66J319P9W1rXN50i5KBYeJRMGE%3D&t=4d5b0474&ps=13740610&shp=30310797&shcp=ff37627b&idc=sg1"
"plan Kukulkán es todo el año no solo en mundial 😳","11","0","2026-03-07T14:20:41.000Z","sebastianbermeamx","https://www.tiktok.com/@latinus_us/video/7614352986915163412","6920125109710275589","7614518442276766485","https://p16-common-sign.tiktokcdn.com/tos-alisg-avt-0068/1390401df8c733e16cd8e5199323c6ea~tplv-tiktokx-cropcenter:100:100.jpg?dr=14579&refresh_token=80db6603&x-expires=1780200000&x-signature=bsbh3reE%2FiqnbZbzRSIHteB9Aio%3D&t=4d5b0474&ps=13740610&shp=30310797&shcp=ff37627b&idc=sg1"
"ni regalado","4","0","2026-03-08T04:00:23.000Z","sixtobaca","https://www.tiktok.com/@latinus_us/video/7614352986915163412","6974191452197487622","7614729649021469461","https://p16-common-sign.tiktokcdn-us.com/tos-maliva-avt-0068/7f028a9277ef90c851bff706714f66f8~tplv-tiktokx-cropcenter:100:100.jpg?dr=9640&refresh_token=720832fd&x-expires=1780200000&x-signature=50xTtE7cjd%2BOgfmRlLoTI8m57Xs%3D&t=4d5b0474&ps=13740610&shp=30310797&shcp=ff37627b&idc=useast8"
"Wow y proteger a México siempre se les olvida","8","0","2026-03-07T13:36:02.000Z","yamilk_rm","https://www.tiktok.com/@latinus_us/video/7614352986915163412","7056474835333645317","7614506946607153940","https://p16-common-sign.tiktokcdn-us.com/tos-maliva-avt-0068/d90259eff906a50a678b1308959be974~tplv-tiktokx-cropcenter:100:100.jpg?dr=9640&refresh_token=7de500ae&x-expires=1780200000&x-signature=XQFiLE1IQSJGlxlqggE4AgxBqSY%3D&t=4d5b0474&ps=13740610&shp=30310797&shcp=ff37627b&idc=useast8"
"Y por qué no asen un plan para la seguridad de los mexicanos que burla de este gobierno con sus ciudadanos","5","0","2026-03-08T02:52:21.000Z","luis.sernas7","https://www.tiktok.com/@latinus_us/video/7614352986915163412","7292637904575202309","7614712131556852487","https://p19-common-sign.tiktokcdn-us.com/tos-maliva-avt-0068/7292638065779507206~tplv-tiktokx-cropcenter:100:100.jpg?dr=9640&refresh_token=62616b8e&x-expires=1780200000&x-signature=WpW%2FpAgdCNBgxjelez5sV2wt%2FoA%3D&t=4d5b0474&ps=13740610&shp=30310797&shcp=ff37627b&idc=useast8"
"Lo chistoso es que esos 3 aviones caza F5 son todos los que tiene la Fuerza Aérea jajajaja","138","12","2026-03-07T14:42:42.000Z","rzinxo","https://www.tiktok.com/@latinus_us/video/7614352986915163412","7086220545462010886","7614524134894453522","https://p19-common-sign.tiktokcdn-us.com/tos-maliva-avt-0068/ed184cbbfdef32ded559cacc15d00618~tplv-tiktokx-cropcenter:100:100.jpg?dr=9640&refresh_token=1856a455&x-expires=1780200000&x-signature=Yl8WGIhp9jZrs6TVuITSmKzrWSc%3D&t=4d5b0474&ps=13740610&shp=30310797&shcp=ff37627b&idc=useast8"
"peña nieto trajo el mundial","1","0","2026-05-28T05:29:41.000Z","josefranciscocruz82","https://www.tiktok.com/@ajplusespanol/video/7644374184180616456","7043989707915871237","7644810536701887253","https://p16-common-sign.tiktokcdn-eu.com/tos-maliva-avt-0068/94282d22b4c22142a662fcfa96a1a572~tplv-tiktokx-cropcenter:100:100.jpg?dr=10399&refresh_token=514bb80e&x-expires=1780200000&x-signature=hAI3keldGN742KOFAVU5hcgJMoY%3D&t=4d5b0474&ps=13740610&shp=30310797&shcp=ff37627b&idc=no1a"
"😞pan y circo control","7","0","2026-05-27T01:40:07.000Z","isabel.isabel587","https://www.tiktok.com/@ajplusespanol/video/7644374184180616456","7392601961332737030","7644380308477821697","https://p16-common-sign.tiktokcdn-eu.com/tos-maliva-avt-0068/ad095e6de1dfdae3cb8d98777951fee0~tplv-tiktokx-cropcenter:100:100.jpg?dr=10399&refresh_token=1622515d&x-expires=1780200000&x-signature=GyxKm9fHe%2Brmth%2BRziso4oIbMtk%3D&t=4d5b0474&ps=13740610&shp=30310797&shcp=ff37627b&idc=no1a"
"No bueno el PAN naranja fue lo mismo q fox, anunciando un cambio real, pero realmente dió atole con el dedo, fuerza hermanos jaliscienses 👏💗💗","5","0","2026-05-27T02:05:36.000Z","estoico8","https://www.tiktok.com/@ajplusespanol/video/7644374184180616456","6881277757290382342","7644386913138590465","https://p16-common-sign.tiktokcdn-eu.com/musically-maliva-obj/1594805258216454~tplv-tiktokx-cropcenter:100:100.jpg?dr=10399&refresh_token=4e4254cb&x-expires=1780200000&x-signature=ZwQE3W%2FYdO0RcGX4cEf22EDYdus%3D&t=4d5b0474&ps=13740610&shp=30310797&shcp=ff37627b&idc=no1a"
"https://vt.tiktok.com/ZSxCK1bp9/","2","4","2026-05-27T01:33:58.000Z","andreat_ortega","https://www.tiktok.com/@ajplusespanol/video/7644374184180616456","6819752736952878085","7644378720049054482","https://p16-common-sign.tiktokcdn-eu.com/tos-alisg-avt-0068/90462d2df05be7ced9727e209888076c~tplv-tiktokx-cropcenter:100:100.jpg?dr=10399&refresh_token=bd959d53&x-expires=1780200000&x-signature=BeIGQn5%2BNH5QPfIO4ElY5bZuYhg%3D&t=4d5b0474&ps=13740610&shp=30310797&shcp=ff37627b&idc=no1a"
"No sé preocupen el mundial será mayormente en eeuu","1","0","2026-05-30T00:19:52.000Z","_erick_fert","https://www.tiktok.com/@ajplusespanol/video/7644374184180616456","6897949260235555846","7645472607416894225","https://p16-common-sign.tiktokcdn-eu.com/tos-alisg-avt-0068/8f6256f983edf997948fd94e17fcf703~tplv-tiktokx-cropcenter:100:100.jpg?dr=10399&refresh_token=172c096c&x-expires=1780200000&x-signature=2sT8m39eckD6uebI1LB%2BLpLp2Q4%3D&t=4d5b0474&ps=13740610&shp=30310797&shcp=ff37627b&idc=no1a"
"Quieren tapar lo que no se puede ocultar, todo lo que pasa a diario","1","0","2026-05-30T00:01:16.000Z","_areksa_","https://www.tiktok.com/@ajplusespanol/video/7644374184180616456","7303810669659522054","7645466158918009608","https://p16-common-sign.tiktokcdn-eu.com/tos-maliva-avt-0068/b2e52ec9e000ecb631ceffef0ee671c2~tplv-tiktokx-cropcenter:100:100.jpg?dr=10399&refresh_token=256b4029&x-expires=1780200000&x-signature=mb8CqF09JrIszDiba6PZMt38lQI%3D&t=4d5b0474&ps=13740610&shp=30310797&shcp=ff37627b&idc=no1a"
"por algo.dice el.dicho: al.pueblo pan y circo, para mantenernos distraidosssss ojalá despierten la gente embobada del.futboll y demás...","4","0","2026-05-27T02:33:20.000Z","latiendita666","https://www.tiktok.com/@ajplusespanol/video/7644374184180616456","6882205257126118405","7644393972103136020","https://p16-common-sign.tiktokcdn-eu.com/tos-alisg-avt-0068/f574f242b276cd88fda8fed288bb8635~tplv-tiktokx-cropcenter:100:100.jpg?dr=10399&refresh_token=6f36a911&x-expires=1780200000&x-signature=k5f3ooNUwkJ%2FiecZpeKMPlUcT8s%3D&t=4d5b0474&ps=13740610&shp=30310797&shcp=ff37627b&idc=no1a"
"Todo el país debe manifestarse","1","0","2026-05-29T00:25:57.000Z","_wolfzzz_7","https://www.tiktok.com/@ajplusespanol/video/7644374184180616456","7020841098939466757","7645103401424159506","https://p16-common-sign.tiktokcdn-eu.com/tos-alisg-avt-0068/6041a2769f0aa75ad3e75f5952127a7d~tplv-tiktokx-cropcenter:100:100.jpg?dr=10399&refresh_token=1cd52de0&x-expires=1780200000&x-signature=U%2B09GATMiZNIbLbqCgmos%2BCBccw%3D&t=4d5b0474&ps=13740610&shp=30310797&shcp=ff37627b&idc=no1a"
"BOICOT AL MUNDIAAAAAAAL","2","0","2026-05-27T15:46:34.000Z","yestebes","https://www.tiktok.com/@ajplusespanol/video/7644374184180616456","6818050095645770758","7644598488806343432","https://p16-common-sign.tiktokcdn-eu.com/tos-alisg-avt-0068/e88fe676aacda2b35316ad0ecff623d7~tplv-tiktokx-cropcenter:100:100.jpg?dr=10399&refresh_token=500fafd4&x-expires=1780200000&x-signature=TmXUuhJEE1IkNcluTMxXNUkWy5I%3D&t=4d5b0474&ps=13740610&shp=30310797&shcp=ff37627b&idc=no1a"
"BLOQUEEN TODOS LOS PARTIDOS YA BASTA DE ESTA INJUSTICIA 😡","2","0","2026-05-27T15:36:19.000Z","jbom95","https://www.tiktok.com/@ajplusespanol/video/7644374184180616456","6950464200901149701","7644595811971859221","https://p16-common-sign.tiktokcdn-eu.com/tos-maliva-avt-0068/46416ff62bc831cdccbea78e5c9547df~tplv-tiktokx-cropcenter:100:100.jpg?dr=10399&refresh_token=4acc1ed5&x-expires=1780200000&x-signature=eWFsM50sXOezm0aZDpbHFknLIig%3D&t=4d5b0474&ps=13740610&shp=30310797&shcp=ff37627b&idc=no1a"
"y aparte el gobierno gastando millones para los 2/ 3 partidos pedorros que van a tener 🙄🙄🙄","1","0","2026-05-28T22:00:19.000Z","ricardosilva23","https://www.tiktok.com/@ajplusespanol/video/7644374184180616456","73040627067715584","7645065541275665168","https://p19-common-sign.tiktokcdn-eu.com/tos-maliva-avt-0068/7323987049499869189~tplv-tiktokx-cropcenter:100:100.jpg?dr=10399&refresh_token=154157d6&x-expires=1780200000&x-signature=ER0hDbT5wvOMBnors3pTRsEQ6D0%3D&t=4d5b0474&ps=13740610&shp=30310797&shcp=ff37627b&idc=no1a"
"Dios mío! Tantas personas desaparecidas, que triste de verdad.","2","0","2026-05-27T13:39:21.000Z","landoni_3","https://www.tiktok.com/@ajplusespanol/video/7644374184180616456","7608348675967173653","7644564762743407368","https://p16-common-sign.tiktokcdn-eu.com/tos-alisg-avt-0068/e736ec95fb4577ab4555cbb852b60826~tplv-tiktokx-cropcenter:100:100.jpg?dr=10399&refresh_token=39377d3b&x-expires=1780200000&x-signature=L160bh7aFzDF7ilkFgxMWC8c2Zw%3D&t=4d5b0474&ps=13740610&shp=30310797&shcp=ff37627b&idc=no1a"
"[Sticker] El gobierno viendo como están llenas las calles de desaparecidos.","1","0","2026-05-28T19:34:03.000Z","criz.69","https://www.tiktok.com/@ajplusespanol/video/7644374184180616456","6524412766558622735","7645028132144448277","https://p16-common-sign.tiktokcdn-eu.com/tos-alisg-avt-0068/cd3e125718a20fafd7b89f3068ef54bf~tplv-tiktokx-cropcenter:100:100.jpg?dr=10399&refresh_token=91f9249f&x-expires=1780200000&x-signature=stiG0cnyOCPS8twU8AOLZeayVTU%3D&t=4d5b0474&ps=13740610&shp=30310797&shcp=ff37627b&idc=no1a"
"ni uno más porque si nos falta uno nos faltan todos","2","0","2026-05-27T02:55:57.000Z","joseph.pea.lozano","https://www.tiktok.com/@ajplusespanol/video/7644374184180616456","7363748135830078470","7644399864432083733","https://p16-common-sign.tiktokcdn-eu.com/tos-maliva-avt-0068/9312e50d6b8e9194b83661005828d78e~tplv-tiktokx-cropcenter:100:100.jpg?dr=10399&refresh_token=4d8a2fee&x-expires=1780200000&x-signature=wSi6bfsI5J%2Br0GvtnwpvEX4n%2F1E%3D&t=4d5b0474&ps=13740610&shp=30310797&shcp=ff37627b&idc=no1a"
"[Sticker] Mexicanos unidos jamás serán vencidos!!!","1","0","2026-05-28T04:44:12.000Z","rusosvip","https://www.tiktok.com/@ajplusespanol/video/7644374184180616456","7434917325327991863","7644798818676769556","https://p16-common-sign.tiktokcdn-eu.com/tos-alisg-avt-0068/4a68420f2fce76b1ca452f96572d562d~tplv-tiktokx-cropcenter:100:100.jpg?dr=10399&refresh_token=78f4faaf&x-expires=1780200000&x-signature=Cw5YJ1y5f3Rm8WNigVF%2BOrRJABM%3D&t=4d5b0474&ps=13740610&shp=30310797&shcp=ff37627b&idc=no1a"
"lo más triste del asunto es que por más que luchen para que no haya mundial,el gobierno no les va hacer caso,van a seguir con el mundial y seguir invirtiendo en el mundial,es triste y da rabia","1","0","2026-05-28T02:24:37.000Z","juanfedelar","https://www.tiktok.com/@ajplusespanol/video/7644374184180616456","7099795282192598022","7644762851618423572","https://p16-common-sign.tiktokcdn-eu.com/tos-alisg-avt-0068/6df441c5fa827fe2e755e6f5743060ef~tplv-tiktokx-cropcenter:100:100.jpg?dr=10399&refresh_token=802c0332&x-expires=1780200000&x-signature=cdvzKIoThyO4a6%2BzuRYiMJhmPao%3D&t=4d5b0474&ps=13740610&shp=30310797&shcp=ff37627b&idc=no1a"
"Aquí en México, se preocupa más por pendejadas como el mundial, que por las cosas que verdaderamente importa a si es México","1","0","2026-05-28T02:00:47.000Z","blackdeath095","https://www.tiktok.com/@ajplusespanol/video/7644374184180616456","7491893687975625733","7644756690596266772","https://p16-common-sign.tiktokcdn-eu.com/tos-alisg-avt-0068/eddfa4b448cc6d060ec6f7494b327253~tplv-tiktokx-cropcenter:100:100.jpg?dr=10399&refresh_token=bce2fcc2&x-expires=1780200000&x-signature=FfYbKfOEJ0GWeTMlv%2FJt0PSbk3w%3D&t=4d5b0474&ps=13740610&shp=30310797&shcp=ff37627b&idc=no1a"
"in dia de mundial por años de desaparesidos mamas con el dolor de no saber de sus hijos mi mexico duele","1","0","2026-05-28T01:53:33.000Z","aglo111","https://www.tiktok.com/@ajplusespanol/video/7644374184180616456","7084985379406349358","7644754843660387102","https://p16-common-sign.tiktokcdn-eu.com/tos-maliva-avt-0068/3f231bec71af670f8a6114a02ecbc158~tplv-tiktokx-cropcenter:100:100.jpg?dr=10399&refresh_token=049e573d&x-expires=1780200000&x-signature=0MgiO36GJwGOLeDw5OEUm2FMkus%3D&t=4d5b0474&ps=13740610&shp=30310797&shcp=ff37627b&idc=no1a"
"haber cuantos turistas desaparecen durante el mundial","0","0","2026-05-28T01:36:42.000Z","lmv_fn","https://www.tiktok.com/@ajplusespanol/video/7644374184180616456","7009261919573066758","7644750512365699860","https://p16-common-sign.tiktokcdn-eu.com/tos-alisg-avt-0068/55d0207ef48f6f604040eff7f15bb993~tplv-tiktokx-cropcenter:100:100.jpg?dr=10399&refresh_token=d81bbb06&x-expires=1780200000&x-signature=il0TDYwwawI8I1D%2BzjG3rdhuTeA%3D&t=4d5b0474&ps=13740610&shp=30310797&shcp=ff37627b&idc=no1a"
"Reclámale a tu gobernador","1","0","2026-05-28T00:58:16.000Z","vicman1728","https://www.tiktok.com/@ajplusespanol/video/7644374184180616456","6813489141913797638","7644740571329561364","https://p16-common-sign.tiktokcdn-eu.com/tos-maliva-avt-0068/7329078940210102277~tplv-tiktokx-cropcenter:100:100.jpg?dr=10399&refresh_token=e878cd13&x-expires=1780200000&x-signature=2MN1u%2BqSykaFlwgStzFldS9kj6A%3D&t=4d5b0474&ps=13740610&shp=30310797&shcp=ff37627b&idc=no1a"
"No queremos Mundial, queremos seguridad en todo México, medicinas en los hospitales ya vasta que estén derrochando el poco dinero que hay .
😡😡😡😡😡","1","0","2026-05-27T23:02:50.000Z","gabycm45","https://www.tiktok.com/@ajplusespanol/video/7644374184180616456","6747847778691105798","7644710835877626632","https://p16-common-sign.tiktokcdn-eu.com/tos-alisg-avt-0068/7c69853f1f0b128109bb88f4711a2b12~tplv-tiktokx-cropcenter:100:100.jpg?dr=10399&refresh_token=6b0350fb&x-expires=1780200000&x-signature=0%2FaClrp%2FWQfx3GK1F7dMFpjWCEk%3D&t=4d5b0474&ps=13740610&shp=30310797&shcp=ff37627b&idc=no1a"
"[Sticker] Yo te apoyo por qué hoy son tus hijos,Mañana NO quiero que sean los míos ❌","1","0","2026-05-27T21:44:18.000Z","favela7804","https://www.tiktok.com/@ajplusespanol/video/7644374184180616456","7480942247393281030","7644690624722109191","https://p16-common-sign.tiktokcdn-eu.com/musically-maliva-obj/1594805258216454~tplv-tiktokx-cropcenter:100:100.jpg?dr=10399&refresh_token=4e4254cb&x-expires=1780200000&x-signature=ZwQE3W%2FYdO0RcGX4cEf22EDYdus%3D&t=4d5b0474&ps=13740610&shp=30310797&shcp=ff37627b&idc=no1a"
"muy bien, vergüenza es lo que no tiene el gobierno.","0","0","2026-05-30T04:10:19.000Z","labmerck","https://www.tiktok.com/@ajplusespanol/video/7644374184180616456","7087966446815822853","7645532324528325392","https://p16-common-sign.tiktokcdn-eu.com/tos-maliva-avt-0068/dd5f6bd4f4e83282521cb8c47ad366d8~tplv-tiktokx-cropcenter:100:100.jpg?dr=10399&refresh_token=6893f01f&x-expires=1780200000&x-signature=ic6%2BMIeFq4GXX1BenGUU9fZlFSQ%3D&t=4d5b0474&ps=13740610&shp=30310797&shcp=ff37627b&idc=no1a"
"deberíamos empezar a comentar con stickers de las fichas de lo desaparecidos en las páginas del gobierno","1","0","2026-05-27T19:20:16.000Z","carrera1817","https://www.tiktok.com/@ajplusespanol/video/7644374184180616456","6816599505108354054","7644653505882882834","https://p16-common-sign.tiktokcdn-eu.com/tos-alisg-avt-0068/969e3078190346e24c75464a0f3a675a~tplv-tiktokx-cropcenter:100:100.jpg?dr=10399&refresh_token=8d6b4f84&x-expires=1780200000&x-signature=4ZAr33cXUc0RtmWsYGvsr%2F8RSlo%3D&t=4d5b0474&ps=13740610&shp=30310797&shcp=ff37627b&idc=no1a"
"lamentable vivimos en un mundo capitalista no todo puede ser bonito y correcto y aun más con la corrupción son cosas que la única forma de corregir es revivir como una sociedad mejor","1","0","2026-05-27T18:48:40.000Z","stht64bl","https://www.tiktok.com/@ajplusespanol/video/7644374184180616456","7171779641529762821","7644645416747205383","https://p16-common-sign.tiktokcdn-eu.com/tos-maliva-avt-0068/95bbdfffa701f9f83d3f701b587defdb~tplv-tiktokx-cropcenter:100:100.jpg?dr=10399&refresh_token=25529568&x-expires=1780200000&x-signature=QdTWSJECJUAMigwSfesYTKPN6HM%3D&t=4d5b0474&ps=13740610&shp=30310797&shcp=ff37627b&idc=no1a"
"triste realidad de México 😡😡😡😡","1","0","2026-05-27T16:44:13.000Z","whiterise0","https://www.tiktok.com/@ajplusespanol/video/7644374184180616456","6822747289505776646","7644613179629028110","https://p16-common-sign.tiktokcdn-eu.com/tos-maliva-avt-0068/7326276242470830086~tplv-tiktokx-cropcenter:100:100.jpg?dr=10399&refresh_token=802bdb1f&x-expires=1780200000&x-signature=j1qQLtHfICyTkDVB%2FcDK5j67578%3D&t=4d5b0474&ps=13740610&shp=30310797&shcp=ff37627b&idc=no1a"
"Cierren las avenidas allá y en CDM.","1","0","2026-05-27T16:04:39.000Z","dayanaohdz24","https://www.tiktok.com/@ajplusespanol/video/7644374184180616456","6969087072742720517","7644603135818023700","https://p16-common-sign.tiktokcdn-eu.com/tos-alisg-avt-0068/4796e3242f6165186d5bb2cdd545ce7f~tplv-tiktokx-cropcenter:100:100.jpg?dr=10399&refresh_token=bc25c562&x-expires=1780200000&x-signature=wOOxar9nq02zB8Ja3U%2Fp4N5gfnQ%3D&t=4d5b0474&ps=13740610&shp=30310797&shcp=ff37627b&idc=no1a"
"Deberían apoyar más a las marchas y no ir al mundial o comprar boletos","1","0","2026-05-27T16:03:34.000Z","408.mariaa","https://www.tiktok.com/@ajplusespanol/video/7644374184180616456","6865163822203388933","7644602760802386718","https://p16-common-sign.tiktokcdn-eu.com/tos-maliva-avt-0068/15cd5938b8b2d504116d167c7b891ab7~tplv-tiktokx-cropcenter:100:100.jpg?dr=10399&refresh_token=80556cb1&x-expires=1780200000&x-signature=IvYm%2Fwjjkqtcpft%2B6DGu92JdpwM%3D&t=4d5b0474&ps=13740610&shp=30310797&shcp=ff37627b&idc=no1a"
"No queremos el mundial en México, no queremos el mundial en Jalisco","1","0","2026-05-27T16:03:00.000Z","araceliarambula2310","https://www.tiktok.com/@ajplusespanol/video/7644374184180616456","6955682428401140741","7644602606727660301","https://p16-common-sign.tiktokcdn-eu.com/tos-maliva-avt-0068/856b2dbee6b0c2cfec3ffcfb24d7e415~tplv-tiktokx-cropcenter:100:100.jpg?dr=10399&refresh_token=2fb6f35b&x-expires=1780200000&x-signature=8JeKxZapSk%2BTrYYioeL%2Fr3wCtDw%3D&t=4d5b0474&ps=13740610&shp=30310797&shcp=ff37627b&idc=no1a"
"Mejor que se use el dinero para buscar a los desaparecidos","1","0","2026-05-27T15:57:55.000Z","ebert.montoya4","https://www.tiktok.com/@ajplusespanol/video/7644374184180616456","7318460955284784134","7644601392100131591","https://p16-common-sign.tiktokcdn-eu.com/tos-maliva-avt-0068/d285e96a2c3b5b7b8094fe2ef3c36f27~tplv-tiktokx-cropcenter:100:100.jpg?dr=10399&refresh_token=4746e6ec&x-expires=1780200000&x-signature=n2Kx5BC0UwBzlP85R0KvEgaA54I%3D&t=4d5b0474&ps=13740610&shp=30310797&shcp=ff37627b&idc=no1a"
"No pos ojalá todos los días haya mundial porque solo así hacen algo","5","0","2026-03-08T01:25:07.000Z","malw4ree","https://www.tiktok.com/@latinus_us/video/7614352986915163412","7045514980732470277","7614689633750729479","https://p19-common-sign.tiktokcdn-us.com/tos-alisg-avt-0068/cc20f458938472259512900f347a87cb~tplv-tiktokx-cropcenter:100:100.jpg?dr=9640&refresh_token=3343ffce&x-expires=1780200000&x-signature=eZ9Kx2n3l8z7mD5GweR15rIuiaI%3D&t=4d5b0474&ps=13740610&shp=30310797&shcp=ff37627b&idc=useast5"
"Ahhh o sea que SI PUEDEN fortalecer la seguridad pero NO QUIEREN 🤔","3","0","2026-03-10T22:38:40.000Z","la.muneca.feaa","https://www.tiktok.com/@latinus_us/video/7614352986915163412","6890176284165719042","7615759999659541256","https://p16-common-sign.tiktokcdn-us.com/tos-maliva-avt-0068/b95de7e9c78d2fa73f81715516201099~tplv-tiktokx-cropcenter:100:100.jpg?dr=9640&refresh_token=cb983101&x-expires=1780200000&x-signature=Z8pyNUosLcFa%2FEA0m%2FG7sGlI%2FG4%3D&t=4d5b0474&ps=13740610&shp=30310797&shcp=ff37627b&idc=useast5"
"y si lo hacen el plan de seguridad todo el año? No, llámame loco.","3","0","2026-03-10T21:07:39.000Z","baptistaelement","https://www.tiktok.com/@latinus_us/video/7614352986915163412","7261324390767035419","7615736532159660822","https://p16-common-sign.tiktokcdn-us.com/tos-maliva-avt-0068/2bc468f0616e396e0aa998f7b52535c5~tplv-tiktokx-cropcenter:100:100.jpg?dr=9640&refresh_token=887eebcb&x-expires=1780200000&x-signature=Yl4gkeuspwBuCu%2BfzK2m6JD3CtM%3D&t=4d5b0474&ps=13740610&shp=30310797&shcp=ff37627b&idc=useast5"
"y la seguridad despues del Mundial que? cual plan ?🤔🤔🤔","3","0","2026-03-11T03:00:11.000Z","qg.construction","https://www.tiktok.com/@latinus_us/video/7614352986915163412","7020963145833399342","7615827357387490079","https://p16-common-sign.tiktokcdn-us.com/tos-useast8-avt-0068-tx2/b23172cf9aa571a099545310156961e4~tplv-tiktokx-cropcenter:100:100.jpg?dr=9640&refresh_token=05861d43&x-expires=1780200000&x-signature=xVaSTuYHqe7IwqrlEX9R%2FhWlsHY%3D&t=4d5b0474&ps=13740610&shp=30310797&shcp=ff37627b&idc=useast5"
"y le pusieron Kukulkan 😅😂😅😅","4","0","2026-03-07T07:42:43.000Z","xd62427","https://www.tiktok.com/@latinus_us/video/7614352986915163412","7369211897159533574","7614415889026990849","https://p16-common-sign.tiktokcdn-us.com/tos-alisg-avt-0068/38a77d166d3a2130f4dcecd6f255a4e6~tplv-tiktokx-cropcenter:100:100.jpg?dr=9640&refresh_token=8b62261f&x-expires=1780200000&x-signature=n3YOktESP1aJkzqYCC6GqP14M2Q%3D&t=4d5b0474&ps=13740610&shp=30310797&shcp=ff37627b&idc=useast5"
"Wey y porque no ablas de eeuu de nada","2","0","2026-03-13T03:51:19.000Z","miguel.angel.vida22","https://www.tiktok.com/@latinus_us/video/7614352986915163412","7331216093229925381","7616582737810834183","https://p19-common-sign.tiktokcdn-us.com/tos-maliva-avt-0068/bd3eea28262d750cb5de69bbd9d0cd28~tplv-tiktokx-cropcenter:100:100.jpg?dr=9640&refresh_token=97c5163e&x-expires=1780200000&x-signature=XHuL1ZBv3ZbyBSyYtmQg%2BH6RqpM%3D&t=4d5b0474&ps=13740610&shp=30310797&shcp=ff37627b&idc=useast5"
"De burla","2","0","2026-03-10T13:57:48.000Z","vanessaguena","https://www.tiktok.com/@latinus_us/video/7614352986915163412","6938582297328468998","7615625787971420949","https://p16-common-sign.tiktokcdn-us.com/tos-maliva-avt-0068/513911a88c407f3bc828fed5ae1ec377~tplv-tiktokx-cropcenter:100:100.jpg?dr=9640&refresh_token=50a74693&x-expires=1780200000&x-signature=LHE3YlbPtmd5yo3GgxJ%2FnVF5zkg%3D&t=4d5b0474&ps=13740610&shp=30310797&shcp=ff37627b&idc=useast5"
"Ojala nadie vaya es muy peligroso","2","0","2026-03-11T01:18:14.000Z","luistrejo950","https://www.tiktok.com/@latinus_us/video/7614352986915163412","7107028554068722731","7615801039309046542","https://p16-common-sign.tiktokcdn-us.com/tos-useast5-avt-0068-tx/70abc74b09e23418f550b23a1dec4da0~tplv-tiktokx-cropcenter:100:100.jpg?dr=9640&refresh_token=cfdf4648&x-expires=1780200000&x-signature=8JDP3gau4hA8ow1xfG4GY8t3fxI%3D&t=4d5b0474&ps=13740610&shp=30310797&shcp=ff37627b&idc=useast5"
"Entonces sí tiene el gobierno la capacidad para desplegar un plan estratégico para brindar seguridad a las personas pero sólo lo usarán para el mundial??","4","0","2026-03-10T01:03:18.000Z","margod171","https://www.tiktok.com/@latinus_us/video/7614352986915163412","6959010002271929349","7615426210893873936","https://p16-common-sign.tiktokcdn-us.com/tos-maliva-avt-0068/a2da29433bf5b2858c5a451e9d0c0506~tplv-tiktokx-cropcenter:100:100.jpg?dr=9640&refresh_token=d3b98f59&x-expires=1780200000&x-signature=ZcYWFM4%2BBSFELeJfteB9P6Rn5DA%3D&t=4d5b0474&ps=13740610&shp=30310797&shcp=ff37627b&idc=useast5"
"¿Y si mejor nos protegen a nosotros? 😅","3","0","2026-03-11T01:27:28.000Z","pepona_pona","https://www.tiktok.com/@latinus_us/video/7614352986915163412","7027112846005715974","7615803509132919559","https://p19-common-sign.tiktokcdn-us.com/tos-maliva-avt-0068/7324141089447460869~tplv-tiktokx-cropcenter:100:100.jpg?dr=9640&refresh_token=e6f696f6&x-expires=1780200000&x-signature=SAaaRH%2BV6zzHxxWNHY4LZLvfbCg%3D&t=4d5b0474&ps=13740610&shp=30310797&shcp=ff37627b&idc=useast5"
"y a usa no le van a decir nada?","2","0","2026-03-11T04:43:34.000Z","edge4130","https://www.tiktok.com/@latinus_us/video/7614352986915163412","7073209668643259398","7615854008159650581","https://p19-common-sign.tiktokcdn-us.com/tos-alisg-avt-0068/227ea530a0bf78cc4c95284da35aa462~tplv-tiktokx-cropcenter:100:100.jpg?dr=9640&refresh_token=e37962a6&x-expires=1780200000&x-signature=fJxBXFHGgigg5Yad9XzkbbyJjkQ%3D&t=4d5b0474&ps=13740610&shp=30310797&shcp=ff37627b&idc=useast5"
"pero nadie va a decir no al dinero que va a llegar al pais","2","0","2026-03-11T21:44:55.000Z","normaramirez6539","https://www.tiktok.com/@latinus_us/video/7614352986915163412","7193716545805485098","7616117191515538207","https://p19-common-sign.tiktokcdn-us.com/tos-useast5-avt-0068-tx/7196771415255679019~tplv-tiktokx-cropcenter:100:100.jpg?dr=9640&refresh_token=617a41f5&x-expires=1780200000&x-signature=Et9kSgnruIXrq%2BeqgKi%2B8OwOxco%3D&t=4d5b0474&ps=13740610&shp=30310797&shcp=ff37627b&idc=useast5"
"Ojala el mundial durará para siempre…","4","0","2026-03-09T15:16:04.000Z","maddium23","https://www.tiktok.com/@latinus_us/video/7614352986915163412","6879947294898701317","7615274787866936077","https://p16-common-sign.tiktokcdn-us.com/tos-useast5-avt-0068-tx/78a32f5a91f54d87590282c6011a0770~tplv-tiktokx-cropcenter:100:100.jpg?dr=9640&refresh_token=41f94492&x-expires=1780200000&x-signature=tIHXivoexIQuzmDozPXV1%2FT%2FmUI%3D&t=4d5b0474&ps=13740610&shp=30310797&shcp=ff37627b&idc=useast5"
"nada grita ""seguridad"" como estar constante rodeado de policías, militares y guardia nacional, no es una imagen muy acogedora y reconfortante.","1","0","2026-03-14T11:12:25.000Z","gohansm73","https://www.tiktok.com/@latinus_us/video/7614352986915163412","6814504897481655301","7617066700270666517","https://p19-common-sign.tiktokcdn-us.com/tos-maliva-avt-0068/6347058e84f5befa9133d35b32841101~tplv-tiktokx-cropcenter:100:100.jpg?dr=9640&refresh_token=f5299113&x-expires=1780200000&x-signature=2yL8VuSQRgk2SwC5a%2F5j4uyHFzQ%3D&t=4d5b0474&ps=13740610&shp=30310797&shcp=ff37627b&idc=useast5"
"Y mientras protegen a los turistas, en todos los demás estados vamos a estar desprotegidos.","1","0","2026-03-10T16:12:05.000Z","soyelmakoficial","https://www.tiktok.com/@latinus_us/video/7614352986915163412","6924735287269884934","7615660413481386759","https://p19-common-sign.tiktokcdn-us.com/tos-maliva-avt-0068/288178fb1b581f48d4f259afabc0eb20~tplv-tiktokx-cropcenter:100:100.jpg?dr=9640&refresh_token=e26e4b45&x-expires=1780200000&x-signature=cM33obacgr0AD5E1A0B1xrL8EHQ%3D&t=4d5b0474&ps=13740610&shp=30310797&shcp=ff37627b&idc=useast5"
"[Sticker] Great! Podré viajar a México","1","0","2026-03-11T04:40:57.000Z","josuelux187","https://www.tiktok.com/@latinus_us/video/7614352986915163412","7241558997844886571","7615853167021130527","https://p19-common-sign.tiktokcdn-us.com/tos-useast8-avt-0068-tx2/73e8092a3b780e36a23a8fa490f75795~tplv-tiktokx-cropcenter:100:100.jpg?dr=9640&refresh_token=6445e10f&x-expires=1780200000&x-signature=18LKS70YDLGlfcyvh1fASghXfWI%3D&t=4d5b0474&ps=13740610&shp=30310797&shcp=ff37627b&idc=useast5"
"eso significa después del mundial, seguiremos igual o peor😎","1","0","2026-03-10T21:43:31.000Z","cheocastello","https://www.tiktok.com/@latinus_us/video/7614352986915163412","7078000510612177926","7615745758780949269","https://p16-common-sign.tiktokcdn-us.com/tos-maliva-avt-0068/cb16481d12d3cb568477e748e38351e2~tplv-tiktokx-cropcenter:100:100.jpg?dr=9640&refresh_token=e3fdd136&x-expires=1780200000&x-signature=8nYPCYuc1S2ylTPvJ9h4iyNvyFs%3D&t=4d5b0474&ps=13740610&shp=30310797&shcp=ff37627b&idc=useast5"
"Soy peruano y ni así pienso ir","1","0","2026-03-10T15:17:54.000Z","ivanolivera45","https://www.tiktok.com/@latinus_us/video/7614352986915163412","6886821033279996933","7615646450508661522","https://p16-common-sign.tiktokcdn-us.com/tos-alisg-avt-0068/7335581702825181192~tplv-tiktokx-cropcenter:100:100.jpg?dr=9640&refresh_token=4a577e64&x-expires=1780200000&x-signature=oz18%2BLmPkz8zSM8uosDirTeDts4%3D&t=4d5b0474&ps=13740610&shp=30310797&shcp=ff37627b&idc=useast5"
"Terminando el mundial continuamos sin seguridad","1","0","2026-03-12T01:32:08.000Z","shepherdnava07","https://www.tiktok.com/@latinus_us/video/7614352986915163412","6521338833492005888","7616175799049487124","https://p16-common-sign.tiktokcdn-us.com/tos-maliva-avt-0068/d21afe0629cacf887c7407c995018aad~tplv-tiktokx-cropcenter:100:100.jpg?dr=9640&refresh_token=89e53b26&x-expires=1780200000&x-signature=rlA79Sb1%2BiNzy%2Brd2LACBPGn3x8%3D&t=4d5b0474&ps=13740610&shp=30310797&shcp=ff37627b&idc=useast5"
"Con ese plan se dan cuenta que si tienen todos los recursos para la seguridad pero no lo hacen? 😮","1","0","2026-03-11T13:33:33.000Z","cesar_disa","https://www.tiktok.com/@latinus_us/video/7614352986915163412","7576899847971128333","7615990473555641102","https://p16-common-sign.tiktokcdn-us.com/tos-useast5-avt-0068-tx/566d0d34eb7375a89fc385a6c35c54a6~tplv-tiktokx-cropcenter:100:100.jpg?dr=9640&refresh_token=9faedcb0&x-expires=1780200000&x-signature=T%2B9P5LPfWa7YYZNgUafRfdh9fBA%3D&t=4d5b0474&ps=13740610&shp=30310797&shcp=ff37627b&idc=useast5"
"para que tanta seguridad si se trata de un evento deportivo?","1","0","2026-03-11T13:26:11.000Z","gerardoguadarrama05","https://www.tiktok.com/@latinus_us/video/7614352986915163412","7174799597332087813","7615988061021684500","https://p19-common-sign.tiktokcdn-us.com/tos-maliva-avt-0068/7174800391098990597~tplv-tiktokx-cropcenter:100:100.jpg?dr=9640&refresh_token=6919717c&x-expires=1780200000&x-signature=lsC0ZUaGKDTMRCQVC8Iogs%2FbH%2Fs%3D&t=4d5b0474&ps=13740610&shp=30310797&shcp=ff37627b&idc=useast5"
"eso tendria que ser siempre no solo por el Mundial.","1","0","2026-03-12T03:25:16.000Z","rodtwins2","https://www.tiktok.com/@latinus_us/video/7614352986915163412","6961968857293030405","7616204835424486174","https://p16-common-sign.tiktokcdn-us.com/tos-useast8-avt-0068-tx2/49176d6546afd45ccab6604d00f4f5e5~tplv-tiktokx-cropcenter:100:100.jpg?dr=9640&refresh_token=1c8fe332&x-expires=1780200000&x-signature=cFNzIYBxelY6xmFAQc97TxbhwDw%3D&t=4d5b0474&ps=13740610&shp=30310797&shcp=ff37627b&idc=useast5"
"Muy bonito todo, pero es obvio que no se cuenta con el personal y mucho menos con el equipo táctico indispensable para garantizar seguridad","1","0","2026-03-10T20:24:34.000Z","user59374657758100","https://www.tiktok.com/@latinus_us/video/7614352986915163412","7440981493202322487","7615725459590038292","https://p16-common-sign.tiktokcdn-us.com/tos-maliva-avt-0068/3889e858cc94b112e31f26b2f7024288~tplv-tiktokx-cropcenter:100:100.jpg?dr=9640&refresh_token=d2fdb121&x-expires=1780200000&x-signature=biwgNM0IQ3LfNx8WKxw88i6m0X4%3D&t=4d5b0474&ps=13740610&shp=30310797&shcp=ff37627b&idc=useast5"
"pero que nombrecito 😁","1","0","2026-03-10T21:12:16.000Z","shelydel","https://www.tiktok.com/@latinus_us/video/7614352986915163412","7205549548466832390","7615737726621713160","https://p16-common-sign.tiktokcdn-us.com/tos-maliva-avt-0068/e81ac58712f380d4a6afe42d1bcfb01b~tplv-tiktokx-cropcenter:100:100.jpg?dr=9640&refresh_token=77a861b8&x-expires=1780200000&x-signature=%2BPk988yqcFtQm6W%2FSKZqDinrGIw%3D&t=4d5b0474&ps=13740610&shp=30310797&shcp=ff37627b&idc=useast5"
"""Entiendo la rabia, a todos nos urge esa seguridad a diario.
Pero el Plan ese no es un regalo para los turistas, es un requisito legal de la FIFA. Si México no cumple, nos quitan el evento y perdemos la inversión de nuestros impuestos. Pasó igual en Brasil, en Rusia y en Qatar; es logística pura, no preferencia.""","1","0","2026-03-11T23:36:39.000Z","readyextasis","https://www.tiktok.com/@latinus_us/video/7614352986915163412","6689203080146093062","7616146045298393877","https://p19-common-sign.tiktokcdn-us.com/tos-maliva-avt-0068/e4357718f209501a0aadc5b855e57ddb~tplv-tiktokx-cropcenter:100:100.jpg?dr=9640&refresh_token=19677d6d&x-expires=1780200000&x-signature=8pTnqyLL9P9uXGrB3Li36UweXKs%3D&t=4d5b0474&ps=13740610&shp=30310797&shcp=ff37627b&idc=useast5"
"Los policías también roban ojo ahí turistas ojalá no vengan 😐","0","0","2026-03-10T20:08:14.000Z","el__pulsarnoso","https://www.tiktok.com/@latinus_us/video/7614352986915163412","7485882344567784453","7615721248945537800","https://p16-common-sign.tiktokcdn-us.com/tos-alisg-avt-0068/b5aab88f5bdd7843a88c06ba62e95125~tplv-tiktokx-cropcenter:100:100.jpg?dr=9640&refresh_token=112a9868&x-expires=1780200000&x-signature=kmsiy1PABcPZ86IGKha8GbXdSu0%3D&t=4d5b0474&ps=13740610&shp=30310797&shcp=ff37627b&idc=useast5"
"si no hay paz para la gente, que no haya paz para el gobierno","1","0","2026-05-27T16:01:46.000Z","elida_orozco_","https://www.tiktok.com/@ajplusespanol/video/7644374184180616456","6968985866367665153","7644602406701548306","https://p16-common-sign.tiktokcdn.com/tos-alisg-avt-0068/7332688676691902485~tplv-tiktokx-cropcenter:100:100.jpg?dr=14579&refresh_token=169cd93d&x-expires=1780200000&x-signature=9VHb9F5ksYMITfGJPvV5EEePHpI%3D&t=4d5b0474&ps=13740610&shp=30310797&shcp=ff37627b&idc=my2"
"En México NO existe la delincuencia y menos la desaparición, recuerden que es desaparición “VOLUNTARIA” así como dice su presidentA. “NO NOS OLVIDEMOS DE LOS QUE NOS FALTAN”‼️","1","0","2026-05-27T15:48:30.000Z","paw_z01","https://www.tiktok.com/@ajplusespanol/video/7644374184180616456","6808741447174784006","7644598965466399496","https://p16-common-sign.tiktokcdn.com/tos-maliva-avt-0068/9e3001fc91f46bf871dd953a70593016~tplv-tiktokx-cropcenter:100:100.jpg?dr=14579&refresh_token=25b52d1c&x-expires=1780200000&x-signature=7j7KwWNq%2Fhet4Cz9qGUF9vhbbm8%3D&t=4d5b0474&ps=13740610&shp=30310797&shcp=ff37627b&idc=my2"
"El sábado fui al centro es una tristeza ver tantos carteles de personas desaparecidas !! Que miedo 🥹","1","0","2026-05-27T15:34:15.000Z","mariella.garcia2","https://www.tiktok.com/@ajplusespanol/video/7644374184180616456","7301868460991906821","7644595283460915988","https://p16-common-sign.tiktokcdn.com/tos-maliva-avt-0068/393465380bf8c6e5a24514c9d766a003~tplv-tiktokx-cropcenter:100:100.jpg?dr=14579&refresh_token=bf0aeecf&x-expires=1780200000&x-signature=NYRzDkVw7rBJEXmasw54fZfuKWE%3D&t=4d5b0474&ps=13740610&shp=30310797&shcp=ff37627b&idc=my2"
"pues el mundial es cada 4 años, desapareciones todos los días xdxd","1","0","2026-05-29T15:58:21.000Z","javicrasher","https://www.tiktok.com/@ajplusespanol/video/7644374184180616456","7034523680366380037","7645343660842566421","https://p16-common-sign.tiktokcdn.com/tos-alisg-avt-0068/198d8071ad0bc767e92c19552b8abbcd~tplv-tiktokx-cropcenter:100:100.jpg?dr=14579&refresh_token=0efa0d09&x-expires=1780200000&x-signature=HC346L4ha6HC61VE%2B5Sy8hLJt%2Bo%3D&t=4d5b0474&ps=13740610&shp=30310797&shcp=ff37627b&idc=my2"
"No al mundial 🚫 🇲🇽","2","0","2026-05-27T02:39:23.000Z","paorocketpower420","https://www.tiktok.com/@ajplusespanol/video/7644374184180616456","6815733977467487237","7644395579292123925","https://p16-common-sign.tiktokcdn.com/tos-maliva-avt-0068/04cce98ecd03652eb84231909ab06e1d~tplv-tiktokx-cropcenter:100:100.jpg?dr=14579&refresh_token=0f3f96cb&x-expires=1780200000&x-signature=bSZOYmScnztDLrJNOM%2Fc6TlCdM0%3D&t=4d5b0474&ps=13740610&shp=30310797&shcp=ff37627b&idc=my2"
"Si si aún que estamos ya entrando a la fiebre mundialista no hay que olvidar la realidad de nuestro país que tenemos cientos de desaparecido y no hay que ser indiferentes porque no sabes cuando alguien puede estar en esos zapatos de papas buscando a sus hijos","2","0","2026-05-27T02:15:21.000Z","arturo_oficial_","https://www.tiktok.com/@ajplusespanol/video/7644374184180616456","6982204229041619970","7644389424117695239","https://p16-common-sign.tiktokcdn.com/tos-alisg-avt-0068/e8715cfae80a4af8981975db3aeb2116~tplv-tiktokx-cropcenter:100:100.jpg?dr=14579&refresh_token=e370cb3c&x-expires=1780200000&x-signature=w1dSbqPhSqUhjZrmZ5wTV%2FWSChQ%3D&t=4d5b0474&ps=13740610&shp=30310797&shcp=ff37627b&idc=my2"
"3 mil millones en 3 focos ""esteticos"" en el metro...nmms","1","0","2026-05-27T20:54:46.000Z","axelruiz.087","https://www.tiktok.com/@ajplusespanol/video/7644374184180616456","7337940599767024646","7644677869028901652","https://p16-common-sign.tiktokcdn.com/tos-alisg-avt-0068/86ef2e1fb7f76fdd1caa7a9afade59ee~tplv-tiktokx-cropcenter:100:100.jpg?dr=14579&refresh_token=c3790469&x-expires=1780200000&x-signature=OlEvA6wGs6CIubU1x6NTar9I%2Fvs%3D&t=4d5b0474&ps=13740610&shp=30310797&shcp=ff37627b&idc=my2"
"Si se hacen manifestaciones el día de los partidos, yo creo que muchos jaliscienses los apoyamos","1","0","2026-05-27T19:16:05.000Z","mafervaladezm","https://www.tiktok.com/@ajplusespanol/video/7644374184180616456","6531056551753438223","7644652475421000466","https://p16-common-sign.tiktokcdn.com/tos-alisg-avt-0068/9a0c40744a0beb66aa905a195b37bbce~tplv-tiktokx-cropcenter:100:100.jpg?dr=14579&refresh_token=13a11e2f&x-expires=1780200000&x-signature=FNNnq1VOyPQzfIQ1KO%2FJnCI6rXU%3D&t=4d5b0474&ps=13740610&shp=30310797&shcp=ff37627b&idc=my2"
"Yo si los apoyo, Por qué yo no sé que haría si alguien forma parte de mi vida desapareciera. 🥹💔
#Noalmundial","0","0","2026-05-29T19:25:11.000Z","viviann.lop","https://www.tiktok.com/@ajplusespanol/video/7644374184180616456","254168823300423680","7645396951441769236","https://p19-common-sign.tiktokcdn-us.com/tos-maliva-avt-0068/b20bf548fd73f12acba420d30c37fefa~tplv-tiktokx-cropcenter:100:100.jpg?dr=9640&refresh_token=b6008b16&x-expires=1780200000&x-signature=ohFlT0OfDqyW5p8Kio8s7ykLGW8%3D&t=4d5b0474&ps=13740610&shp=30310797&shcp=ff37627b&idc=useast8"
"Hay que reforzar esas pegas los días de mundial! 💪💪💪","0","0","2026-05-30T01:06:41.000Z","asaambargarcia","https://www.tiktok.com/@ajplusespanol/video/7644374184180616456","7123707144205829125","7645484916063748885","https://p16-common-sign.tiktokcdn-us.com/tos-maliva-avt-0068/7145298616322621446~tplv-tiktokx-cropcenter:100:100.jpg?dr=9640&refresh_token=d5ee2156&x-expires=1780200000&x-signature=hkuScsgqyzRZYk5nhi76QNL72gk%3D&t=4d5b0474&ps=13740610&shp=30310797&shcp=ff37627b&idc=useast8"
"solo la gente entenderá cuando le pase a un familiar, tristemente","1","0","2026-05-27T14:09:40.000Z","rosse_muack","https://www.tiktok.com/@ajplusespanol/video/7644374184180616456","7187939376550593541","7644573522257429255","https://p19-common-sign.tiktokcdn-us.com/tos-alisg-avt-0068/fe6c8a3ad180342c8dbadc01e6b7e340~tplv-tiktokx-cropcenter:100:100.jpg?dr=9640&refresh_token=52990972&x-expires=1780200000&x-signature=Kvq3S6Ex0xB1K%2Fk99YxoWrIE39A%3D&t=4d5b0474&ps=13740610&shp=30310797&shcp=ff37627b&idc=useast8"
"la vrda si me da vergüenza decir que soy de méxico we","0","0","2026-05-29T14:40:13.000Z","alexander_zgck","https://www.tiktok.com/@ajplusespanol/video/7644374184180616456","7214392900108911621","7645323556783653653","https://p16-common-sign.tiktokcdn-us.com/tos-alisg-avt-0068/1127f93399bfd1199f9d42977090cf3a~tplv-tiktokx-cropcenter:100:100.jpg?dr=9640&refresh_token=2ea8dfca&x-expires=1780200000&x-signature=GgkZp4m%2B3fyeOsUtixXX6rSYw5I%3D&t=4d5b0474&ps=13740610&shp=30310797&shcp=ff37627b&idc=useast8"
"Ya no podemos seguir con esto! Necesitamos justicia","1","0","2026-05-27T15:48:40.000Z","lhong99","https://www.tiktok.com/@ajplusespanol/video/7644374184180616456","6901543140222829574","7644599018875863815","https://p19-common-sign.tiktokcdn-us.com/tos-maliva-avt-0068/7fd9d898ce9adf7c190dae06cb0014b0~tplv-tiktokx-cropcenter:100:100.jpg?dr=9640&refresh_token=4b41b252&x-expires=1780200000&x-signature=5Ep2bafcui4hW5SAmwwSuD4Ba2A%3D&t=4d5b0474&ps=13740610&shp=30310797&shcp=ff37627b&idc=useast8"
"México NIEGA la violencia y desapareciones","0","0","2026-05-29T14:44:24.000Z","comunidadanimesgo","https://www.tiktok.com/@ajplusespanol/video/7644374184180616456","7412423340998755334","7645324623503966996","https://p19-common-sign.tiktokcdn-us.com/tos-maliva-avt-0068/326df658557e2542bbcf71f1bab362e7~tplv-tiktokx-cropcenter:100:100.jpg?dr=9640&refresh_token=c7bc8405&x-expires=1780200000&x-signature=8GWR38YXTwEtvlWHKui9s%2BEXExE%3D&t=4d5b0474&ps=13740610&shp=30310797&shcp=ff37627b&idc=useast8"
"Se quejan y somos uno de los países que más consume este deporte","0","0","2026-05-30T01:12:32.000Z","elazdecorazones","https://www.tiktok.com/@ajplusespanol/video/7644374184180616456","6757451557513921541","7645486471525384980","https://p19-common-sign.tiktokcdn-us.com/tos-maliva-avt-0068/604b4c04d59097cc518ea1875919f120~tplv-tiktokx-cropcenter:100:100.jpg?dr=9640&refresh_token=1fecbe4e&x-expires=1780200000&x-signature=7n7V2UMwbf0ROdrk3IfCmTNc42w%3D&t=4d5b0474&ps=13740610&shp=30310797&shcp=ff37627b&idc=useast8"
"NO. QUEREMOS MUNDIAL. QUEREMOS QUE BUSQUEN A NUESTROS DESAPARECIDOS","0","0","2026-05-29T14:50:39.000Z","detzaa","https://www.tiktok.com/@ajplusespanol/video/7644374184180616456","6821321888338609158","7645326237254959890","https://p19-common-sign.tiktokcdn-us.com/tos-alisg-avt-0068/18d1540de02a31dc761cc654aa91091b~tplv-tiktokx-cropcenter:100:100.jpg?dr=9640&refresh_token=020d745d&x-expires=1780200000&x-signature=%2F7LPV%2BX5fqDcthfrEfZCWNXOCZQ%3D&t=4d5b0474&ps=13740610&shp=30310797&shcp=ff37627b&idc=useast8"
"encontrar a los desaparecidos, y subir los sueldos (no puede ser que en nuestro país casi un 70% trabajen en la informalidad o sin prestaciones de ley) y un 49% de los egresados de universidades se encuentran en desempleo","0","0","2026-05-30T02:02:39.000Z","soloanneamairani","https://www.tiktok.com/@ajplusespanol/video/7644374184180616456","7249882256197846021","7645499375566177045","https://p16-common-sign.tiktokcdn-us.com/tos-maliva-avt-0068/ef16861c0e284f5fe79fc0820ad343d7~tplv-tiktokx-cropcenter:100:100.jpg?dr=9640&refresh_token=5996abb9&x-expires=1780200000&x-signature=1FdwOPvZjD670mTjSfOcQYZLs0w%3D&t=4d5b0474&ps=13740610&shp=30310797&shcp=ff37627b&idc=useast8"
"ESTAN MARCANDO UNA DIFERENCIA Y QUE TRISTEZA QUE TANTAS FAMILIAS SIGAN LLORANDO POR SU DESAPARECIDO.","0","0","2026-05-29T20:06:25.000Z","jennyfor_19","https://www.tiktok.com/@ajplusespanol/video/7644374184180616456","7084364701504783366","7645407585730741000","https://p16-common-sign.tiktokcdn-us.com/tos-maliva-avt-0068/33637494f0b2295c075c5653130401da~tplv-tiktokx-cropcenter:100:100.jpg?dr=9640&refresh_token=86ffbee2&x-expires=1780200000&x-signature=mIYi6OxcCFWgrbV0juwG4hEDjcQ%3D&t=4d5b0474&ps=13740610&shp=30310797&shcp=ff37627b&idc=useast8"
"NECESITAMOS SEGURIDAD Y A TODOS LOS MEXICANOS QUE SE UNAN Y DIGAN NO AL MUNDIAL!!!😡😡😡","0","0","2026-05-29T14:53:45.000Z","guanajuato150","https://www.tiktok.com/@ajplusespanol/video/7644374184180616456","6993539684794860550","7645326943856427790","https://p19-common-sign.tiktokcdn-us.com/tos-useast5-avt-0068-tx/7351875946237919274~tplv-tiktokx-cropcenter:100:100.jpg?dr=9640&refresh_token=f1b3a80d&x-expires=1780200000&x-signature=xP65zdoEbH3kNN1t0ZfuVnaIBq4%3D&t=4d5b0474&ps=13740610&shp=30310797&shcp=ff37627b&idc=useast8"
"justicia mexicanos","0","0","2026-05-29T23:23:40.000Z","karla.velga","https://www.tiktok.com/@ajplusespanol/video/7644374184180616456","7319239078078923782","7645458366186554132","https://p16-common-sign.tiktokcdn-us.com/tos-maliva-avt-0068/7359836871100694533~tplv-tiktokx-cropcenter:100:100.jpg?dr=9640&refresh_token=2c7953e4&x-expires=1780200000&x-signature=Y7zXh0Qyr3M3PxQkX864F9ECH8E%3D&t=4d5b0474&ps=13740610&shp=30310797&shcp=ff37627b&idc=useast8"
"Mucha gente invierte en el mundial de que es difícil pero entonces debieron interponer todas las medidas para que no se celebrara en México, suena crudo.","0","0","2026-05-29T15:09:15.000Z","cavr58","https://www.tiktok.com/@ajplusespanol/video/7644374184180616456","7533768507071153160","7645331038268670738","https://p16-common-sign.tiktokcdn-us.com/tos-alisg-avt-0068/082ef8f6445c626aa225fff8cf37b269~tplv-tiktokx-cropcenter:100:100.jpg?dr=9640&refresh_token=800cf7f6&x-expires=1780200000&x-signature=M9PbNnhRHi3WKVPohb6mEENnKOw%3D&t=4d5b0474&ps=13740610&shp=30310797&shcp=ff37627b&idc=useast8"
"Gobierno de asco .....","0","0","2026-05-29T15:09:34.000Z","fany.quintero1","https://www.tiktok.com/@ajplusespanol/video/7644374184180616456","7543245570170094614","7645331084305449750","https://p16-common-sign.tiktokcdn-us.com/tos-maliva-avt-0068/fd4e5261a86d4060f885ffacec6781c3~tplv-tiktokx-cropcenter:100:100.jpg?dr=9640&refresh_token=fd05d78c&x-expires=1780200000&x-signature=KeTtwNy2xh0JGNaka4fNZV3o0a8%3D&t=4d5b0474&ps=13740610&shp=30310797&shcp=ff37627b&idc=useast8"
"Súper buena idea, este país NO es perfecto como lo quiere pintar la Presidena","0","0","2026-05-29T23:27:05.000Z","sadi_or","https://www.tiktok.com/@ajplusespanol/video/7644374184180616456","7258521973851554818","7645459315444351762","https://p16-common-sign.tiktokcdn-us.com/tos-alisg-avt-0068/a727c4547923780aeb82b3a7ba277d5a~tplv-tiktokx-cropcenter:100:100.jpg?dr=9640&refresh_token=25aa2720&x-expires=1780200000&x-signature=H71sVaYS%2BsQ8unNWbD3ElzbttYs%3D&t=4d5b0474&ps=13740610&shp=30310797&shcp=ff37627b&idc=useast8"
"[Sticker] Nmmz llevan pidiendo más de 90 años seguridad nunca se va acabar la delincuencia 🙁","0","0","2026-05-29T20:28:55.000Z","platano248","https://www.tiktok.com/@ajplusespanol/video/7644374184180616456","6993083740939912197","7645413333110178581","https://p19-common-sign.tiktokcdn-us.com/tos-maliva-avt-0068/7320243530708975621~tplv-tiktokx-cropcenter:100:100.jpg?dr=9640&refresh_token=31b1f2dd&x-expires=1780200000&x-signature=KWdcuxjfgW3mUayiIgzyNBgDmXA%3D&t=4d5b0474&ps=13740610&shp=30310797&shcp=ff37627b&idc=useast8"
"yo también tengo un hijo desaparecido y nadien me a escuchado no ay seguimiento de nada","0","0","2026-05-29T20:42:02.000Z","marivelgueritafarias","https://www.tiktok.com/@ajplusespanol/video/7644374184180616456","6812377509603607558","7645416759289922311","https://p19-common-sign.tiktokcdn-us.com/tos-alisg-avt-0068/a53e3924cc2c295ef4329d25cba52b29~tplv-tiktokx-cropcenter:100:100.jpg?dr=9640&refresh_token=8bd56be8&x-expires=1780200000&x-signature=6gcyadRLc2AAjnxoRMonIOEtmjA%3D&t=4d5b0474&ps=13740610&shp=30310797&shcp=ff37627b&idc=useast8"
"[Sticker] El bicho campeón","0","0","2026-05-29T23:34:20.000Z","santiagolimonoroz","https://www.tiktok.com/@ajplusespanol/video/7644374184180616456","6598539601681350661","7645461177266570000","https://p16-common-sign.tiktokcdn-us.com/tos-alisg-avt-0068/d47c61b9647c648d5fe177b0d4e44d23~tplv-tiktokx-cropcenter:100:100.jpg?dr=9640&refresh_token=63a795bc&x-expires=1780200000&x-signature=Ld0ZDG1OS5UZSeYYVSx%2BWZXCTjk%3D&t=4d5b0474&ps=13740610&shp=30310797&shcp=ff37627b&idc=useast8"
"[Sticker] pues lamento decirles que jamás los van a encontrar 😂","0","0","2026-05-29T20:42:22.000Z","henrykv_","https://www.tiktok.com/@ajplusespanol/video/7644374184180616456","7466248452872176646","7645416832716030728","https://p19-common-sign.tiktokcdn-us.com/tos-alisg-avt-0068/5407670200df9a086c4a4737a2330cdf~tplv-tiktokx-cropcenter:100:100.jpg?dr=9640&refresh_token=26e9e107&x-expires=1780200000&x-signature=4B%2BjAQ7YW5YvRy%2BWTOrZhX4EKX8%3D&t=4d5b0474&ps=13740610&shp=30310797&shcp=ff37627b&idc=useast8"
"el mundial es un tape de ojo Pará lo que se viene todo lo que roba el gobierno","0","0","2026-05-29T16:19:11.000Z","marisa.hernndez27","https://www.tiktok.com/@ajplusespanol/video/7644374184180616456","7485190571385734152","7645349019821146901","https://p19-common-sign.tiktokcdn-us.com/tos-alisg-avt-0068/ae9d8c0e1caa0ddb50d532c12be05097~tplv-tiktokx-cropcenter:100:100.jpg?dr=9640&refresh_token=f309f5ca&x-expires=1780200000&x-signature=9qc1wiyHfkF4tWmCpX3sPzY%2BHp0%3D&t=4d5b0474&ps=13740610&shp=30310797&shcp=ff37627b&idc=useast8"
"ese es el verdadero mexico .....","0","0","2026-05-29T20:47:30.000Z","arquitectonic38","https://www.tiktok.com/@ajplusespanol/video/7644374184180616456","7207626912071074822","7645418145830519573","https://p16-common-sign.tiktokcdn-us.com/tos-alisg-avt-0068/e8cb60f920c6238540f8cdf5ed8b23d3~tplv-tiktokx-cropcenter:100:100.jpg?dr=9640&refresh_token=8affbd50&x-expires=1780200000&x-signature=ctV2QP5GZkGcsgvvm0gsY66nX48%3D&t=4d5b0474&ps=13740610&shp=30310797&shcp=ff37627b&idc=useast8"
"","0","0","2026-05-29T16:38:16.000Z","katiriadelgado","https://www.tiktok.com/@ajplusespanol/video/7644374184180616456","6819084077417956357","7645353945641943829","https://p16-common-sign.tiktokcdn-us.com/tos-maliva-avt-0068/f5aa250d29f51b36c00b3ad47fb3896d~tplv-tiktokx-cropcenter:100:100.jpg?dr=9640&refresh_token=bed21c08&x-expires=1780200000&x-signature=zT9z%2BSiInimQkawz4ux8W%2FNl1T0%3D&t=4d5b0474&ps=13740610&shp=30310797&shcp=ff37627b&idc=useast8"
"Es correcto y Peña Nieto no hubiera aceptado el mundial que desde un inicio de ser aceptado se empiezan con gastos pequeños propaganda y otros gastos pequeños si desde los 43 normalistas que son 43 jóvenes que no dio explicaciones de donde quedaron así como muchos que han desaparecido años antes ningún presidente a puesto una jurisdicción especializada solo para personas desaparecidas que desde 1980 a estado pasando esto.","0","0","2026-05-29T16:40:23.000Z","patomejia15","https://www.tiktok.com/@ajplusespanol/video/7644374184180616456","7123383618521465861","7645354495350752021","https://p19-common-sign.tiktokcdn-us.com/tos-maliva-avt-0068/7123384465820712966~tplv-tiktokx-cropcenter:100:100.jpg?dr=9640&refresh_token=87f5a6da&x-expires=1780200000&x-signature=vaoKibJzEzaExK4Ph2jIrqiFTB4%3D&t=4d5b0474&ps=13740610&shp=30310797&shcp=ff37627b&idc=useast8"
"y están gastando. en campañas.","0","0","2026-05-29T12:53:55.000Z","lupitamares183","https://www.tiktok.com/@ajplusespanol/video/7644374184180616456","7409770115770287109","7645293627945665281","https://p16-common-sign.tiktokcdn-us.com/tos-maliva-avt-0068/7b803ec72c7eb32980c00c173b238d7a~tplv-tiktokx-cropcenter:100:100.jpg?dr=9640&refresh_token=86d96711&x-expires=1780200000&x-signature=v7r1o0vUpy60GqXm2DOdRl%2FGHNw%3D&t=4d5b0474&ps=13740610&shp=30310797&shcp=ff37627b&idc=useast5"
"@valex:@Beatrice🍓: @☆ manguito 🥭: :DIFUSIÓN 🙏🏻 DIFUSIÓN 🙏🏻 DIFUSIÓN 🙏🏻 DIFUSIÓN 🙏🏻 DIFUSIÓN 🙏🏻 DIFUSIÓN 🙏🏻 DIFUSIÓN 🙏🏻 DIFUSIÓN 🙏🏻 DIFUSIÓN 🙏🏻 DIFUSIÓN 🙏🏻 DIFUSIÓN 🙏🏻 DIFUSIÓN 🙏🏻 DIFUSIÓN 🙏🏻 DIFUSIÓN 🙏🏻 DIFUSIÓN 🙏🏻 DIFUSIÓN 🙏🏻 DIFUSIÓN 🙏🏻 DIFUSIÓN 🙏🏻 DIFUSIÓN 🙏🏻 DIFUSIÓN 🙏🏻 DIFUSIÓN 🙏🏻 DIFUSIÓN 🙏🏻 DIFUSIÓN 🙏🏻 DIFUSIÓN 🙏🏻 DIFUSIÓN 🙏🏻 DIFUSIÓN 🙏🏻 DIFUSIÓN 🙏🏻 DIFUSIÓN 🙏🏻 DIFUSIÓN 🙏🏻 DIFUSIÓN 🙏🏻 DIFUSIÓN 🙏🏻 DIFUSIÓN 🙏🏻 DIFUSIÓN 🙏🏻 DIFUSIÓN 🙏🏻 DIFUSIÓN 🙏🏻 DIFUSIÓN 🙏🏻 DIFUSIÓN 🙏🏻 DIFUSIÓN 🙏🏻 DIFUSIÓN 🙏🏻 DIFUSIÓN 🙏🏻 DIFUSIÓN 🙏🏻 DIFUSIÓN 🙏🏻 DIFUSIÓN 🙏🏻 DIFUSIÓN 🙏🏻 DIFUSIÓN 🙏🏻 DIFUSIÓN 🙏🏻 DIFUSIÓN 🙏🏻 DIFUSIÓN 🙏🏻 DIFUSIÓN 🙏🏻 DIFUSIÓN 🙏🏻 DIFUSIÓN 🙏🏻 DIFUSIÓN 🙏🏻 DIFUSIÓN 🙏🏻 DIFUSIÓN 🙏🏻DIFUSIÓN 🙏🏻 DIFUSIÓN 🙏🏻 DIFUSIÓN 🙏🏻 DIFUSIÓN 🙏🏻 DIFUSIÓN 🙏🏻 DIFUSIÓN 🙏🏻 DIFUSIÓN 🙏🏻 DIFUSIÓN 🙏🏻 DIFUSIÓN 🙏🏻 DIFUSIÓN 🙏🏻 DIFUSIÓN 🙏🏻 DIFUSIÓN 🙏🏻 DIFUSIÓN 🙏🏻 DIFUSIÓN 🙏🏻 DIFUSIÓN 🙏🏻 DIFUSIÓN 🙏🏻 DIFUSIÓN 🙏🏻 DIFUSIÓN 🙏🏻 DIFUSIÓN 🙏🏻 DIFUSIÓN 🙏🏻 DIFUSIÓN 🙏🏻 DIFUSIÓN 🙏🏻 DIFUSIÓN 🙏🏻 DIFUSIÓN 🙏🏻 DIFUSIÓN 🙏🏻 DIFUSIÓN 🙏🏻 DIFUSIÓN 🙏🏻 DIFUSIÓN 🙏🏻 DIFUSIÓN 🙏🏻 DIFUSIÓN 🙏🏻 DIFUSIÓN 🙏🏻 DIFUSIÓN 🙏🏻 DIFUSIÓN 🙏🏻 DIFUSIÓN 🙏🏻 DIFUSIÓN 🙏🏻 DIFUSIÓN 🙏🏻 DIFUSIÓN 🙏🏻 DIFUSIÓN 🙏🏻 DIFUSIÓN 🙏🏻 DIFUSIÓN 🙏🏻 DIFUSIÓN 🙏🏻 DIFUSIÓN 🙏🏻 DIFUSIÓN 🙏🏻 DIFUSIÓN 🙏🏻 DIFUSIÓN 🙏🏻 DIFUSIÓN 🙏🏻 DIFUSIÓN 🙏🏻 DIFUSIÓN 🙏🏻 DIFUSIÓN 🙏🏻 DIFUSIÓN 🙏🏻 DIFUSIÓN 🙏🏻 DIFUSIÓN 🙏🏻 DIFUSIÓN 🙏🏻 DIFUSIÓN 🙏🏻DIFUSIÓN 🙏🏻 DIFUSIÓN 🙏🏻 DIFUSIÓN 🙏🏻 DIFUSIÓN 🙏🏻 DIFUSIÓN 🙏🏻 DIFUSIÓN 🙏🏻 DIFUSIÓN 🙏🏻 DIFUSIÓN 🙏🏻 DIFUSIÓN 🙏🏻 DIFUSIÓN 🙏🏻 DIFUSIÓN 🙏🏻 DIFUSIÓN 🙏🏻 DIFUSIÓN 🙏🏻 DIFUSIÓN 🙏🏻 DIFUSIÓN 🙏🏻 DIFUSIÓN 🙏🏻 DIFUSIÓN 🙏🏻 DIFUSIÓN 🙏🏻 DIFUSIÓN 🙏🏻 DIFUSIÓN 🙏🏻 DIFUSIÓN 🙏🏻 DIFUSIÓN 🙏🏻 DIFUSIÓN 🙏🏻 DIFUSIÓN 🙏🏻 DIFUSIÓN 🙏🏻 DIFUSIÓN 🙏🏻 DIFUSIÓN 🙏🏻 DIFUSIÓN 🙏🏻 DIFUSIÓN 🙏🏻 DIFUSIÓN 🙏🏻 DIFUSIÓN 🙏🏻 DIFUSIÓN 🙏🏻 DIFUSIÓN 🙏🏻 DIFUSIÓN 🙏🏻 DIFUSIÓN 🙏🏻 DIFUSIÓN 🙏🏻 DIFUSIÓN 🙏🏻 DIFUSIÓN 🙏🏻 DIFUSIÓN 🙏🏻 DIFUSIÓNj🙏🏻 DIFUSIÓN 🙏🏻 DIFUSIÓN 🙏🏻","3","0","2026-05-27T06:04:30.000Z","sugarcoffee66","https://www.tiktok.com/@ajplusespanol/video/7644374184180616456","7190095500606440454","7644448483461677831","https://p16-common-sign.tiktokcdn-us.com/tos-alisg-avt-0068/ae029c955a6267c70a26b15dca758136~tplv-tiktokx-cropcenter:100:100.jpg?dr=9640&refresh_token=af4c0b82&x-expires=1780200000&x-signature=7le0N5IVl5T3SPnff%2FM2iBGiaGA%3D&t=4d5b0474&ps=13740610&shp=30310797&shcp=ff37627b&idc=useast5"
"@Beatrice🍓:@☆ manguito 🥭: :DIFUSIÓN 🙏🏻 DIFUSIÓN 🙏🏻 DIFUSIÓN 🙏🏻 DIFUSIÓN 🙏🏻 DIFUSIÓN 🙏🏻 DIFUSIÓN 🙏🏻 DIFUSIÓN 🙏🏻 DIFUSIÓN 🙏🏻 DIFUSIÓN 🙏🏻 DIFUSIÓN 🙏🏻 DIFUSIÓN 🙏🏻 DIFUSIÓN 🙏🏻 DIFUSIÓN 🙏🏻 DIFUSIÓN 🙏🏻 DIFUSIÓN 🙏🏻 DIFUSIÓN 🙏🏻 DIFUSIÓN 🙏🏻 DIFUSIÓN 🙏🏻 DIFUSIÓN 🙏🏻 DIFUSIÓN 🙏🏻 DIFUSIÓN 🙏🏻 DIFUSIÓN 🙏🏻 DIFUSIÓN 🙏🏻 DIFUSIÓN 🙏🏻 DIFUSIÓN 🙏🏻 DIFUSIÓN 🙏🏻 DIFUSIÓN 🙏🏻 DIFUSIÓN 🙏🏻 DIFUSIÓN 🙏🏻 DIFUSIÓN 🙏🏻 DIFUSIÓN 🙏🏻 DIFUSIÓN 🙏🏻 DIFUSIÓN 🙏🏻 DIFUSIÓN 🙏🏻 DIFUSIÓN 🙏🏻 DIFUSIÓN 🙏🏻 DIFUSIÓN 🙏🏻 DIFUSIÓN 🙏🏻 DIFUSIÓN 🙏🏻 DIFUSIÓN 🙏🏻 DIFUSIÓN 🙏🏻 DIFUSIÓN 🙏🏻 DIFUSIÓN 🙏🏻 DIFUSIÓN 🙏🏻 DIFUSIÓN 🙏🏻 DIFUSIÓN 🙏🏻 DIFUSIÓN 🙏🏻 DIFUSIÓN 🙏🏻 DIFUSIÓN 🙏🏻 DIFUSIÓN 🙏🏻 DIFUSIÓN 🙏🏻 DIFUSIÓN 🙏🏻 DIFUSIÓN 🙏🏻 DIFUSIÓN 🙏🏻DIFUSIÓN 🙏🏻 DIFUSIÓN 🙏🏻 DIFUSIÓN 🙏🏻 DIFUSIÓN 🙏🏻 DIFUSIÓN 🙏🏻 DIFUSIÓN 🙏🏻 DIFUSIÓN 🙏🏻 DIFUSIÓN 🙏🏻 DIFUSIÓN 🙏🏻 DIFUSIÓN 🙏🏻 DIFUSIÓN 🙏🏻 DIFUSIÓN 🙏🏻 DIFUSIÓN 🙏🏻 DIFUSIÓN 🙏🏻 DIFUSIÓN 🙏🏻 DIFUSIÓN 🙏🏻 DIFUSIÓN 🙏🏻 DIFUSIÓN 🙏🏻 DIFUSIÓN 🙏🏻 DIFUSIÓN 🙏🏻 DIFUSIÓN 🙏🏻 DIFUSIÓN 🙏🏻 DIFUSIÓN 🙏🏻 DIFUSIÓN 🙏🏻 DIFUSIÓN 🙏🏻 DIFUSIÓN 🙏🏻 DIFUSIÓN 🙏🏻 DIFUSIÓN 🙏🏻 DIFUSIÓN 🙏🏻 DIFUSIÓN 🙏🏻 DIFUSIÓN 🙏🏻 DIFUSIÓN 🙏🏻 DIFUSIÓN 🙏🏻 DIFUSIÓN 🙏🏻 DIFUSIÓN 🙏🏻 DIFUSIÓN 🙏🏻 DIFUSIÓN 🙏🏻 DIFUSIÓN 🙏🏻 DIFUSIÓN 🙏🏻 DIFUSIÓN 🙏🏻 DIFUSIÓN 🙏🏻 DIFUSIÓN 🙏🏻 DIFUSIÓN 🙏🏻 DIFUSIÓN 🙏🏻 DIFUSIÓN 🙏🏻 DIFUSIÓN 🙏🏻 DIFUSIÓN 🙏🏻 DIFUSIÓN 🙏🏻 DIFUSIÓN 🙏🏻 DIFUSIÓN 🙏🏻 DIFUSIÓN 🙏🏻 DIFUSIÓN 🙏🏻 DIFUSIÓN 🙏🏻 DIFUSIÓN 🙏🏻DIFUSIÓN 🙏🏻 DIFUSIÓN 🙏🏻 DIFUSIÓN 🙏🏻 DIFUSIÓN 🙏🏻 DIFUSIÓN 🙏🏻 DIFUSIÓN 🙏🏻 DIFUSIÓN 🙏🏻 DIFUSIÓN 🙏🏻 DIFUSIÓN 🙏🏻 DIFUSIÓN 🙏🏻 DIFUSIÓN 🙏🏻 DIFUSIÓN 🙏🏻 DIFUSIÓN 🙏🏻 DIFUSIÓN 🙏🏻 DIFUSIÓN 🙏🏻 DIFUSIÓN 🙏🏻 DIFUSIÓN 🙏🏻 DIFUSIÓN 🙏🏻 DIFUSIÓN 🙏🏻 DIFUSIÓN 🙏🏻 DIFUSIÓN 🙏🏻 DIFUSIÓN 🙏🏻 DIFUSIÓN 🙏🏻 DIFUSIÓN 🙏🏻 DIFUSIÓN 🙏🏻 DIFUSIÓN 🙏🏻 DIFUSIÓN 🙏🏻 DIFUSIÓN 🙏🏻 DIFUSIÓN 🙏🏻 DIFUSIÓN 🙏🏻 DIFUSIÓN 🙏🏻 DIFUSIÓN 🙏🏻 DIFUSIÓN 🙏🏻 DIFUSIÓN 🙏🏻 DIFUSIÓN 🙏🏻 DIFUSIÓN 🙏🏻 DIFUSIÓN 🙏🏻 DIFUSIÓN 🙏🏻 DIFUSIÓN 🙏🏻 DIFUSIÓNj🙏🏻 DIFUSIÓN 🙏🏻 DIFUSIÓN 🙏🏻","1","0","2026-05-27T12:32:39.000Z","yu3sh1","https://www.tiktok.com/@ajplusespanol/video/7644374184180616456","6963379341388579845","7644548470716810004","https://p19-common-sign.tiktokcdn-us.com/tos-alisg-avt-0068/b0644ddac1856b90f7321b0769072fac~tplv-tiktokx-cropcenter:100:100.jpg?dr=9640&refresh_token=f03e496f&x-expires=1780200000&x-signature=4zHrhwf5kXiXbl2yY5uVhRvZKfs%3D&t=4d5b0474&ps=13740610&shp=30310797&shcp=ff37627b&idc=useast5"
"[Sticker] ","0","0","2026-05-27T02:07:33.000Z","agrobarreto7","https://www.tiktok.com/@ajplusespanol/video/7644374184180616456","7363487633941218309","7644387369601139476","https://p19-common-sign.tiktokcdn-us.com/tos-alisg-avt-0068/0e64017cdfc10fbd6065d4619472d396~tplv-tiktokx-cropcenter:100:100.jpg?dr=9640&refresh_token=1b57c3e1&x-expires=1780200000&x-signature=8uZiid%2F3cxV68mU12ZCqFflmAZE%3D&t=4d5b0474&ps=13740610&shp=30310797&shcp=ff37627b&idc=useast5"
"@☆ manguito 🥭: :DIFUSIÓN 🙏🏻 DIFUSIÓN 🙏🏻 DIFUSIÓN 🙏🏻 DIFUSIÓN 🙏🏻 DIFUSIÓN 🙏🏻 DIFUSIÓN 🙏🏻 DIFUSIÓN 🙏🏻 DIFUSIÓN 🙏🏻 DIFUSIÓN 🙏🏻 DIFUSIÓN 🙏🏻 DIFUSIÓN 🙏🏻 DIFUSIÓN 🙏🏻 DIFUSIÓN 🙏🏻 DIFUSIÓN 🙏🏻 DIFUSIÓN 🙏🏻 DIFUSIÓN 🙏🏻 DIFUSIÓN 🙏🏻 DIFUSIÓN 🙏🏻 DIFUSIÓN 🙏🏻 DIFUSIÓN 🙏🏻 DIFUSIÓN 🙏🏻 DIFUSIÓN 🙏🏻 DIFUSIÓN 🙏🏻 DIFUSIÓN 🙏🏻 DIFUSIÓN 🙏🏻 DIFUSIÓN 🙏🏻 DIFUSIÓN 🙏🏻 DIFUSIÓN 🙏🏻 DIFUSIÓN 🙏🏻 DIFUSIÓN 🙏🏻 DIFUSIÓN 🙏🏻 DIFUSIÓN 🙏🏻 DIFUSIÓN 🙏🏻 DIFUSIÓN 🙏🏻 DIFUSIÓN 🙏🏻 DIFUSIÓN 🙏🏻 DIFUSIÓN 🙏🏻 DIFUSIÓN 🙏🏻 DIFUSIÓN 🙏🏻 DIFUSIÓN 🙏🏻 DIFUSIÓN 🙏🏻 DIFUSIÓN 🙏🏻 DIFUSIÓN 🙏🏻 DIFUSIÓN 🙏🏻 DIFUSIÓN 🙏🏻 DIFUSIÓN 🙏🏻 DIFUSIÓN 🙏🏻 DIFUSIÓN 🙏🏻 DIFUSIÓN 🙏🏻 DIFUSIÓN 🙏🏻 DIFUSIÓN 🙏🏻 DIFUSIÓN 🙏🏻 DIFUSIÓN 🙏🏻 DIFUSIÓN 🙏🏻DIFUSIÓN 🙏🏻 DIFUSIÓN 🙏🏻 DIFUSIÓN 🙏🏻 DIFUSIÓN 🙏🏻 DIFUSIÓN 🙏🏻 DIFUSIÓN 🙏🏻 DIFUSIÓN 🙏🏻 DIFUSIÓN 🙏🏻 DIFUSIÓN 🙏🏻 DIFUSIÓN 🙏🏻 DIFUSIÓN 🙏🏻 DIFUSIÓN 🙏🏻 DIFUSIÓN 🙏🏻 DIFUSIÓN 🙏🏻 DIFUSIÓN 🙏🏻 DIFUSIÓN 🙏🏻 DIFUSIÓN 🙏🏻 DIFUSIÓN 🙏🏻 DIFUSIÓN 🙏🏻 DIFUSIÓN 🙏🏻 DIFUSIÓN 🙏🏻 DIFUSIÓN 🙏🏻 DIFUSIÓN 🙏🏻 DIFUSIÓN 🙏🏻 DIFUSIÓN 🙏🏻 DIFUSIÓN 🙏🏻 DIFUSIÓN 🙏🏻 DIFUSIÓN 🙏🏻 DIFUSIÓN 🙏🏻 DIFUSIÓN 🙏🏻 DIFUSIÓN 🙏🏻 DIFUSIÓN 🙏🏻 DIFUSIÓN 🙏🏻 DIFUSIÓN 🙏🏻 DIFUSIÓN 🙏🏻 DIFUSIÓN 🙏🏻 DIFUSIÓN 🙏🏻 DIFUSIÓN 🙏🏻 DIFUSIÓN 🙏🏻 DIFUSIÓN 🙏🏻 DIFUSIÓN 🙏🏻 DIFUSIÓN 🙏🏻 DIFUSIÓN 🙏🏻 DIFUSIÓN 🙏🏻 DIFUSIÓN 🙏🏻 DIFUSIÓN 🙏🏻 DIFUSIÓN 🙏🏻 DIFUSIÓN 🙏🏻 DIFUSIÓN 🙏🏻 DIFUSIÓN 🙏🏻 DIFUSIÓN 🙏🏻 DIFUSIÓN 🙏🏻 DIFUSIÓN 🙏🏻 DIFUSIÓN 🙏🏻DIFUSIÓN 🙏🏻 DIFUSIÓN 🙏🏻 DIFUSIÓN 🙏🏻 DIFUSIÓN 🙏🏻 DIFUSIÓN 🙏🏻 DIFUSIÓN 🙏🏻 DIFUSIÓN 🙏🏻 DIFUSIÓN 🙏🏻 DIFUSIÓN 🙏🏻 DIFUSIÓN 🙏🏻 DIFUSIÓN 🙏🏻 DIFUSIÓN 🙏🏻 DIFUSIÓN 🙏🏻 DIFUSIÓN 🙏🏻 DIFUSIÓN 🙏🏻 DIFUSIÓN 🙏🏻 DIFUSIÓN 🙏🏻 DIFUSIÓN 🙏🏻 DIFUSIÓN 🙏🏻 DIFUSIÓN 🙏🏻 DIFUSIÓN 🙏🏻 DIFUSIÓN 🙏🏻 DIFUSIÓN 🙏🏻 DIFUSIÓN 🙏🏻 DIFUSIÓN 🙏🏻 DIFUSIÓN 🙏🏻 DIFUSIÓN 🙏🏻 DIFUSIÓN 🙏🏻 DIFUSIÓN 🙏🏻 DIFUSIÓN 🙏🏻 DIFUSIÓN 🙏🏻 DIFUSIÓN 🙏🏻 DIFUSIÓN 🙏🏻 DIFUSIÓN 🙏🏻 DIFUSIÓN 🙏🏻 DIFUSIÓN 🙏🏻 DIFUSIÓN 🙏🏻 DIFUSIÓN 🙏🏻 DIFUSIÓN 🙏🏻 DIFUSIÓNj🙏🏻 DIFUSIÓN 🙏🏻 DIFUSIÓN 🙏🏻","1","0","2026-05-27T13:06:13.000Z","ana0304","https://www.tiktok.com/@ajplusespanol/video/7644374184180616456","6663205856925270021","7644557118075781909","https://p19-common-sign.tiktokcdn-us.com/tos-maliva-avt-0068/0b7d9836336e37e80d03b1199da3a874~tplv-tiktokx-cropcenter:100:100.jpg?dr=9640&refresh_token=4d10bb15&x-expires=1780200000&x-signature=jHOmvYDIGz6HbFNmBYtcW15%2B2ok%3D&t=4d5b0474&ps=13740610&shp=30310797&shcp=ff37627b&idc=useast5"
"Huelgas en los estadios 🏟️sedes de mundial","1","0","2026-05-27T14:58:12.000Z","aaron_2496","https://www.tiktok.com/@ajplusespanol/video/7644374184180616456","6825304492729943045","7644586003651838727","https://p19-common-sign.tiktokcdn-us.com/tos-alisg-avt-0068/be52e19e4ffe0e63ecb427b6a8c63b11~tplv-tiktokx-cropcenter:100:100.jpg?dr=9640&refresh_token=1d65ae5d&x-expires=1780200000&x-signature=FDte4Rlg7zuq%2FPcHdGb5LNnG7O8%3D&t=4d5b0474&ps=13740610&shp=30310797&shcp=ff37627b&idc=useast5"
"Pq no ponen los letreros tmb en inglés para q los turistas entiendan q hay mucho mas cosas que cosas culturales en México","1","0","2026-05-27T05:26:35.000Z","cremitadeavellana.com","https://www.tiktok.com/@ajplusespanol/video/7644374184180616456","6785321519235023878","7644438566043206413","https://p19-common-sign.tiktokcdn-us.com/tos-useast5-avt-0068-tx/ced0929cbb41d63a0f4841193a877fcf~tplv-tiktokx-cropcenter:100:100.jpg?dr=9640&refresh_token=3c67d820&x-expires=1780200000&x-signature=pnSf0koXcmiKqKpxCl%2FPp35jYNQ%3D&t=4d5b0474&ps=13740610&shp=30310797&shcp=ff37627b&idc=useast5"
"digaselo a Peña Nieto,Ascarraga y Salinas Pliego ellos son los que trajeron el mundial y aceptaron las condiciones de la FIFA","1","0","2026-05-27T02:30:03.000Z","user5320431776152","https://www.tiktok.com/@ajplusespanol/video/7644374184180616456","7554087014371574804","7644393204955415317","https://p19-common-sign.tiktokcdn-us.com/musically-maliva-obj/1594805258216454~tplv-tiktokx-cropcenter:100:100.jpg?dr=9640&refresh_token=e340c4d0&x-expires=1780200000&x-signature=y0I6Dncomm86fyA9XjJdWa1HRzE%3D&t=4d5b0474&ps=13740610&shp=30310797&shcp=ff37627b&idc=useast5"
"este mundial está maldito, ya verán lo q está x venir","0","0","2026-05-29T04:13:50.000Z","adriana.mendoza419","https://www.tiktok.com/@ajplusespanol/video/7644374184180616456","7267394878173561861","7645162119638270728","https://p19-common-sign.tiktokcdn-us.com/tos-alisg-avt-0068/bc803851657863d7f9646b4b5e9a12a4~tplv-tiktokx-cropcenter:100:100.jpg?dr=9640&refresh_token=86b7f3e5&x-expires=1780200000&x-signature=raeeCpzdtMzGZn6aIJLDp0gsApE%3D&t=4d5b0474&ps=13740610&shp=30310797&shcp=ff37627b&idc=useast5"
"🗣️🗣️🗣️🗣️🗣️🗣️🗣️pero protesten","0","0","2026-05-29T09:32:20.000Z","anasofi_beltran","https://www.tiktok.com/@ajplusespanol/video/7644374184180616456","6830478203233567749","7645244203199791889","https://p19-common-sign.tiktokcdn-us.com/tos-alisg-avt-0068/6c568866d8bad89b1745276b6fe1d5e7~tplv-tiktokx-cropcenter:100:100.jpg?dr=9640&refresh_token=28583a99&x-expires=1780200000&x-signature=5p%2FszbS1EMUK%2FhjROnwRi%2FTIWMo%3D&t=4d5b0474&ps=13740610&shp=30310797&shcp=ff37627b&idc=useast5"
"este gobierno es una mierda. pura mierda","0","0","2026-05-29T18:23:58.000Z","jos.antonio.zaraz89","https://www.tiktok.com/@ajplusespanol/video/7644374184180616456","7491471703114482695","7645381201390322439","https://p19-common-sign.tiktokcdn-us.com/tos-maliva-avt-0068/18ffdf3960c411c080997d079f356665~tplv-tiktokx-cropcenter:100:100.jpg?dr=9640&refresh_token=6f2a480e&x-expires=1780200000&x-signature=LX1g6PPagvEImImCKgOMtWUwxcA%3D&t=4d5b0474&ps=13740610&shp=30310797&shcp=ff37627b&idc=useast5"
"lemus preocúpate por el pueblo","0","0","2026-05-29T18:28:41.000Z","fredy.morales1838","https://www.tiktok.com/@ajplusespanol/video/7644374184180616456","7575046641302193159","7645382430136075026","https://p19-common-sign.tiktokcdn-us.com/tos-alisg-avt-0068/cd0da6b4d8b3281de828b53d4fbbca99~tplv-tiktokx-cropcenter:100:100.jpg?dr=9640&refresh_token=ea6d7907&x-expires=1780200000&x-signature=BHYslCsfJsJouYREN3DVx1WefTA%3D&t=4d5b0474&ps=13740610&shp=30310797&shcp=ff37627b&idc=useast5"
"no entendí por que lo sacá si no a se nada los papeles ahí","0","0","2026-05-29T09:27:56.000Z","kiara.mendez351","https://www.tiktok.com/@ajplusespanol/video/7644374184180616456","7489272600335533072","7645243078022857489","https://p19-common-sign.tiktokcdn-us.com/tos-maliva-avt-0068/b9b67718b4135610798290ba46fad943~tplv-tiktokx-cropcenter:100:100.jpg?dr=9640&refresh_token=faef3346&x-expires=1780200000&x-signature=3IxawRqnHyfUtigNwJG8jbviouE%3D&t=4d5b0474&ps=13740610&shp=30310797&shcp=ff37627b&idc=useast5"
"híjole va a pasar lo mismo que Tlatelolco eh","0","0","2026-05-29T18:28:41.000Z","calebprincipe","https://www.tiktok.com/@ajplusespanol/video/7644374184180616456","7548611262810178561","7645381115872543509","https://p19-common-sign.tiktokcdn-us.com/tos-alisg-avt-0068/b5f97fb99f3caae559e9b11489b2cd11~tplv-tiktokx-cropcenter:100:100.jpg?dr=9640&refresh_token=d6ab25dd&x-expires=1780200000&x-signature=HVvanjHxLRoIixU8AoeG%2B%2Blgtes%3D&t=4d5b0474&ps=13740610&shp=30310797&shcp=ff37627b&idc=useast5"
"Si el gobierno mexicano le diera importancia a las personas que dia a día desaparecen como al mundial nadie se quejaria pero lastimosamente no hacen nada","0","0","2026-05-29T22:31:21.000Z","joel_alexiss","https://www.tiktok.com/@ajplusespanol/video/7644374184180616456","7050269509031330821","7645444714158097168","https://p19-common-sign.tiktokcdn-us.com/tos-alisg-avt-0068/a6c4621b0677abaed66e859ff5438663~tplv-tiktokx-cropcenter:100:100.jpg?dr=9640&refresh_token=47d11c1c&x-expires=1780200000&x-signature=W%2BkglESp6T%2BHtzm3SK67H2VMLUg%3D&t=4d5b0474&ps=13740610&shp=30310797&shcp=ff37627b&idc=useast5"
"👍 y parece que nadie conoce a los secuestradores solo es cuestión de investigación sería","0","0","2026-05-30T01:49:26.000Z","danii.gonzalez5","https://www.tiktok.com/@ajplusespanol/video/7644374184180616456","7267577036482135045","7645495992317575944","https://p16-common-sign.tiktokcdn-us.com/tos-maliva-avt-0068/7267577841192009733~tplv-tiktokx-cropcenter:100:100.jpg?dr=9640&refresh_token=49d91f53&x-expires=1780200000&x-signature=xU0%2Bgwv5IexV5lTzLRXPDsJinqI%3D&t=4d5b0474&ps=13740610&shp=30310797&shcp=ff37627b&idc=useast5"
"que horror me duele mis hermanos hispanos como los políticos los abandonan por un sueldo y vivir como millonarios","0","0","2026-05-29T10:35:14.000Z","betoyheymar","https://www.tiktok.com/@ajplusespanol/video/7644374184180616456","6884554220696863750","7645260348376023830","https://p16-common-sign.tiktokcdn-us.com/tos-useast2a-avt-0068-euttp/059712385f66302206a26e1fc43fac3a~tplv-tiktokx-cropcenter:100:100.jpg?dr=9640&refresh_token=a51e69ce&x-expires=1780200000&x-signature=zLIJ5cEt4M14%2F27Avu46TQ30vxA%3D&t=4d5b0474&ps=13740610&shp=30310797&shcp=ff37627b&idc=useast5"
"Cómo apoyo para que se haga eso en la cdmx también??","0","0","2026-05-29T13:28:42.000Z","doctorjacob","https://www.tiktok.com/@ajplusespanol/video/7644374184180616456","7036166859389993990","7645305105596662548","https://p16-common-sign.tiktokcdn-us.com/tos-alisg-avt-0068/4bff447adc844c9b860c333edb5586ec~tplv-tiktokx-cropcenter:100:100.jpg?dr=9640&refresh_token=8817a18b&x-expires=1780200000&x-signature=Fa01WxWCX1tjdYggGY9ogRK8pDI%3D&t=4d5b0474&ps=13740610&shp=30310797&shcp=ff37627b&idc=useast5"
"que hagan su trabajo no mundial tantas carencias necesidades para el mundial deberían plantarse en los estadios lo familiares de desaparecidos en protesta para que el mundo se de cuenta de lo que se vive","0","0","2026-05-29T13:34:45.000Z","user599079874746","https://www.tiktok.com/@ajplusespanol/video/7644374184180616456","7134908520847885318","7645306665194308372","https://p19-common-sign.tiktokcdn-us.com/tos-maliva-avt-0068/e46aaf8bdc5d96fb1204d57903ab4a4e~tplv-tiktokx-cropcenter:100:100.jpg?dr=9640&refresh_token=2d8c58ce&x-expires=1780200000&x-signature=chUO2%2B86vL28UnjLtFo3uIIkBd4%3D&t=4d5b0474&ps=13740610&shp=30310797&shcp=ff37627b&idc=useast5"
"los apoyo, y espero tengan una esperanza de encontrar a sus seres queridos. de corazón espero los encuentren. y el mundial que se valla alv.","0","0","2026-05-29T19:15:49.000Z","jorgefinixcastell","https://www.tiktok.com/@ajplusespanol/video/7644374184180616456","7071464362619814918","7645394543223636752","https://p16-common-sign.tiktokcdn-us.com/tos-maliva-avt-0068/7071465015844274181~tplv-tiktokx-cropcenter:100:100.jpg?dr=9640&refresh_token=c52d45fd&x-expires=1780200000&x-signature=8dVQH%2BzfLuOrDxf09gaSpFexzHc%3D&t=4d5b0474&ps=13740610&shp=30310797&shcp=ff37627b&idc=useast5"
"seguridad 😭😭 gobierno solo seguridad esto está de terror ya no vive uno ya no disfruta uno Asus hijos ya solo trae uno temor en que si regresará, así Balla a la esquina nuestros hijos 😭😭","0","0","2026-05-29T13:53:40.000Z","yaque.herrera2","https://www.tiktok.com/@ajplusespanol/video/7644374184180616456","7573436858416710664","7645311526525960981","https://p19-common-sign.tiktokcdn-us.com/tos-alisg-avt-0068/c4c5fe35dca4cf68d00afd53ce8f37a5~tplv-tiktokx-cropcenter:100:100.jpg?dr=9640&refresh_token=91e4bdc3&x-expires=1780200000&x-signature=G5RtqEUmpMJF8VMLMAzWkurFUYI%3D&t=4d5b0474&ps=13740610&shp=30310797&shcp=ff37627b&idc=useast5"
"están en contra del olvido de nuestros desaparecidos recuerda que el gobierno es el culpable de que el sistema este corrompido","0","0","2026-05-29T13:54:42.000Z","armancvv26m","https://www.tiktok.com/@ajplusespanol/video/7644374184180616456","7099265701131879430","7645311808002081557","https://p19-common-sign.tiktokcdn-us.com/tos-maliva-avt-0068/25594ac82455c80db3c277d25fdf1697~tplv-tiktokx-cropcenter:100:100.jpg?dr=9640&refresh_token=eafc1ebb&x-expires=1780200000&x-signature=UQMds5SCghBx%2BC%2FKkA5QQwGXQH4%3D&t=4d5b0474&ps=13740610&shp=30310797&shcp=ff37627b&idc=useast5"
"Esque el Gobierno es parte de los desaparecidos","0","0","2026-05-29T19:22:48.000Z","bil_ra97","https://www.tiktok.com/@ajplusespanol/video/7644374184180616456","7142619158877406214","7645396355343221505","https://p19-common-sign.tiktokcdn-us.com/tos-alisg-avt-0068/d353d9fc16d9dd1853cd37ca865f4499~tplv-tiktokx-cropcenter:100:100.jpg?dr=9640&refresh_token=2bff1180&x-expires=1780200000&x-signature=frLyFDGsjUgl2qcYzHDTjniatVg%3D&t=4d5b0474&ps=13740610&shp=30310797&shcp=ff37627b&idc=useast5"
"“No estamos en contra del Mundia... https://vt.tiktok.com/ZSxpVUysk/","0","0","2026-05-29T14:00:12.000Z","mariana._.rl","https://www.tiktok.com/@ajplusespanol/video/7644374184180616456","6620180214620241925","7645313222766396176","https://p16-common-sign.tiktokcdn-us.com/tos-alisg-avt-0068/9885873e6cac45da71a12ddb913b2307~tplv-tiktokx-cropcenter:100:100.jpg?dr=9640&refresh_token=b3f87325&x-expires=1780200000&x-signature=GZKxAEdnolr0DFxt%2BkkEc6qUYU4%3D&t=4d5b0474&ps=13740610&shp=30310797&shcp=ff37627b&idc=useast5"
"que tal si mandan hacer camisetas del Mundial con la foto del desaparecido y al reverso
MÉXICO NO BUSCA
acuden al estadio tanto dentro como fuera haciendo haci una protesta!!!","0","0","2026-05-29T21:13:00.000Z","vaneveliz5","https://www.tiktok.com/@ajplusespanol/video/7644374184180616456","6913307868327183366","7645424726969893640","https://p16-common-sign.tiktokcdn.com/tos-alisg-avt-0068/7326564687544320021~tplv-tiktokx-cropcenter:100:100.jpg?dr=14579&refresh_token=88a321ea&x-expires=1780200000&x-signature=Kh0CYHxuV63ykmiqaDkFrJuWqEc%3D&t=4d5b0474&ps=13740610&shp=30310797&shcp=ff37627b&idc=my"
"Es sabido que los gobiernos gastan mucho dinero para promocionar su imagen y ""logros"" desgraciadamente las personas desaparecidas no son negocio que es lo que ahorita quieren tener por el mundial","0","0","2026-05-29T18:01:27.000Z","ismaelbernal60","https://www.tiktok.com/@ajplusespanol/video/7644374184180616456","7387988017329423365","7645375410792284936","https://p16-common-sign.tiktokcdn.com/tos-maliva-avt-0068/b1f9eb864cf9e9acada1e50512aeb496~tplv-tiktokx-cropcenter:100:100.jpg?dr=14579&refresh_token=f7976ada&x-expires=1780200000&x-signature=A5T55gB9c51Exurd8k%2F2fM4fo%2FY%3D&t=4d5b0474&ps=13740610&shp=30310797&shcp=ff37627b&idc=my"
"Es una maldad que hagan este tipo de cosas con las familias que buscan a sus seres queridos","0","0","2026-05-29T17:54:26.000Z","reykoopa2026","https://www.tiktok.com/@ajplusespanol/video/7644374184180616456","7215658951882245126","7645373558630302484","https://p16-common-sign.tiktokcdn.com/tos-alisg-avt-0068/307690abfcc7cafc4cd80fd2528f8960~tplv-tiktokx-cropcenter:100:100.jpg?dr=14579&refresh_token=cf59f599&x-expires=1780200000&x-signature=J3zTXcEOQ9V7uxMVXkArqGFfR74%3D&t=4d5b0474&ps=13740610&shp=30310797&shcp=ff37627b&idc=my"
"es algo stpido que gasten más en un juego que en algo que importe","0","0","2026-05-29T17:35:03.000Z","hugodezaragoza","https://www.tiktok.com/@ajplusespanol/video/7644374184180616456","6821566083792110598","7645368581777703701","https://p16-common-sign.tiktokcdn.com/tos-maliva-avt-0068/7334661042624495621~tplv-tiktokx-cropcenter:100:100.jpg?dr=14579&refresh_token=5c52766a&x-expires=1780200000&x-signature=e5ou35DtqWluvTXEzjJu%2Bvs86eY%3D&t=4d5b0474&ps=13740610&shp=30310797&shcp=ff37627b&idc=my"
"los gobiernos quieren silenciar la molestia de la gente en tantos sectores que ya no saben que hacer y piensan que es puro boot","0","0","2026-05-29T17:29:38.000Z","milomandrake","https://www.tiktok.com/@ajplusespanol/video/7644374184180616456","6837481257821570054","7645367201025344263","https://p16-common-sign.tiktokcdn.com/tos-maliva-avt-0068/7331872853518647301~tplv-tiktokx-cropcenter:100:100.jpg?dr=14579&refresh_token=175ad96b&x-expires=1780200000&x-signature=VjoJ%2FQXiPOXceOyl2wlfoCRCTvM%3D&t=4d5b0474&ps=13740610&shp=30310797&shcp=ff37627b&idc=my"
"A veces no dimensionamos las situaciones hasta que nos pasan, no se que sería de mi si alguien de mi familia desaparece y poca madre de los gobernantes por hacerse pendejos con estos temas","0","0","2026-05-29T17:03:46.000Z","baluolss","https://www.tiktok.com/@ajplusespanol/video/7644374184180616456","7489493653862908933","7645360539934049042","https://p16-common-sign.tiktokcdn.com/tos-maliva-avt-0068/a825005359daea106211b266d4c345a9~tplv-tiktokx-cropcenter:100:100.jpg?dr=14579&refresh_token=e3bc0f12&x-expires=1780200000&x-signature=esS5JmoxAPeJuZnG7RmRK3nw7VE%3D&t=4d5b0474&ps=13740610&shp=30310797&shcp=ff37627b&idc=my"
"not0da la culpa la tiene el gobierno también es la educación dela casa la libertad ke les dan alos hijos casi no pasa eso hoy en día","0","0","2026-05-29T16:52:39.000Z","jonatan.aleman1","https://www.tiktok.com/@ajplusespanol/video/7644374184180616456","7537110276648371216","7645357650532729608","https://p16-common-sign.tiktokcdn.com/tos-alisg-avt-0068/9571005fc203d53678ed4c13c9d6c907~tplv-tiktokx-cropcenter:100:100.jpg?dr=14579&refresh_token=fdd09708&x-expires=1780200000&x-signature=%2BaVJ7IYVBUZCo7HF8DCUES6rPYk%3D&t=4d5b0474&ps=13740610&shp=30310797&shcp=ff37627b&idc=my"
"Yo soy madre,y se me duele ver a los familiares de chicos desaparecidos, ésa angustia y dolor permanente,las mamás que ya buscan a sus hijos en las fosas clandestinas,con la esperanza de encontrar a sus hijos,nadie conoce ése sufrimiento más que la madre o familiares lo están viviendo!!!","0","0","2026-05-29T16:43:47.000Z","r9295524","https://www.tiktok.com/@ajplusespanol/video/7644374184180616456","7310263131992851462","7645355399851705105","https://p16-common-sign.tiktokcdn.com/tos-maliva-avt-0068/dcd53ab819d1d1d2bf3491a8ac6f1e3e~tplv-tiktokx-cropcenter:100:100.jpg?dr=14579&refresh_token=9248ab49&x-expires=1780200000&x-signature=%2BPQAssFv6jiwBIViTqHUn%2Fv0F24%3D&t=4d5b0474&ps=13740610&shp=30310797&shcp=ff37627b&idc=my"
"Más gusto me dará cuando México haga el ridículo en el mundial, me encanta el fútbol pero jamás será más importante que situaciones como esta","0","0","2026-05-29T15:23:20.000Z","christianferrer059","https://www.tiktok.com/@ajplusespanol/video/7644374184180616456","7233656657203610630","7645334665988948744","https://p16-common-sign.tiktokcdn.com/tos-alisg-avt-0068/8e3fae071702538599a8a64c7c125951~tplv-tiktokx-cropcenter:100:100.jpg?dr=14579&refresh_token=fef46ec0&x-expires=1780200000&x-signature=h1A0%2Fp2CMwZmVLLlPfXDU9CYMHI%3D&t=4d5b0474&ps=13740610&shp=30310797&shcp=ff37627b&idc=my"
"deberían de acudir al cuadro del centro histórico, justo donde están pintando y remodelando y alli pedirle permiso a cada locatario para poner una pequeña lona en el exterior","0","0","2026-05-29T14:38:58.000Z","joelcordova5","https://www.tiktok.com/@ajplusespanol/video/7644374184180616456","6643593751066443781","7645323229720134420","https://p19-common-sign.tiktokcdn.com/tos-maliva-avt-0068/2d8f86a86d7c6881b7566a2f9d35e22a~tplv-tiktokx-cropcenter:100:100.jpg?dr=14579&refresh_token=36533716&x-expires=1780200000&x-signature=0Pn9xk2gQdOgvbwUKx5JyJlETfU%3D&t=4d5b0474&ps=13740610&shp=30310797&shcp=ff37627b&idc=my"
"prefiero seguridad que un stupido mundial de futbol","1","0","2026-05-27T15:56:27.000Z","daniel.bello7378","https://www.tiktok.com/@ajplusespanol/video/7644374184180616456","7409893925466866693","7644601027367617281","https://p16-common-sign.tiktokcdn.com/tos-alisg-avt-0068/13990c2b9863174c5e90d57bc623be56~tplv-tiktokx-cropcenter:100:100.jpg?dr=14579&refresh_token=7d29a2ae&x-expires=1780200000&x-signature=Zb%2FCnw%2Bdxi6vsYjYNq4HqkBvYA0%3D&t=4d5b0474&ps=13740610&shp=30310797&shcp=ff37627b&idc=my2"
"Hay más personas desaparecidas que los habitantes de una ciudad del interior de Panamá 😭😱😨","1","0","2026-05-27T15:41:58.000Z","einert.10","https://www.tiktok.com/@ajplusespanol/video/7644374184180616456","6782141862393185285","7644597289452995348","https://p16-common-sign.tiktokcdn.com/tos-maliva-avt-0068/840cf3a436e2cfb9d69d3de147b26548~tplv-tiktokx-cropcenter:100:100.jpg?dr=14579&refresh_token=b85337f5&x-expires=1780200000&x-signature=a%2FOXaE2xN9Mb8Ia9g9y8FKG2vbM%3D&t=4d5b0474&ps=13740610&shp=30310797&shcp=ff37627b&idc=my2"
"a la chingada el mundial","1","0","2026-05-27T15:29:36.000Z","venuscer1","https://www.tiktok.com/@ajplusespanol/video/7644374184180616456","6955501469031678982","7644594080937427732","https://p16-common-sign.tiktokcdn.com/tos-alisg-avt-0068/8e226324dd868584a0ea6b8c4deca6ce~tplv-tiktokx-cropcenter:100:100.jpg?dr=14579&refresh_token=fc56fbd6&x-expires=1780200000&x-signature=5lgUbMLzYAP244drPbvDigRFcug%3D&t=4d5b0474&ps=13740610&shp=30310797&shcp=ff37627b&idc=my2"
"Justicia para todos los desaparecidos! Es muy grave lo que están viviendo","1","0","2026-05-27T14:20:16.000Z","vane1768","https://www.tiktok.com/@ajplusespanol/video/7644374184180616456","6965485879163864070","7644576230444565266","https://p16-common-sign.tiktokcdn.com/tos-maliva-avt-0068/7331400716881723397~tplv-tiktokx-cropcenter:100:100.jpg?dr=14579&refresh_token=45881d8f&x-expires=1780200000&x-signature=gyPOqdGgh5FeqhlbqRgrN3OezsY%3D&t=4d5b0474&ps=13740610&shp=30310797&shcp=ff37627b&idc=my2"
"[Sticker] En Argentina también está pasando,muchas gente con hambre sin trabajo, jubilados con jubilaciones mínimas ,que ni si quiera les alcanza para comprarse la medicación. Universidades, des financiada, Ecosistema destruidos a propósito. Medios de comunicación corruptos. Fiscales y gobernadores que tapan la corrupción y muerte de gente inocente. Pero la gente se preocupa por un mundial y que Messi juegue en la selección, ignorando todo los demás .","1","0","2026-05-27T14:14:19.000Z","lucila.ayelen.gom","https://www.tiktok.com/@ajplusespanol/video/7644374184180616456","7316679915704452102","7644574671098233601","https://p16-common-sign.tiktokcdn.com/tos-maliva-avt-0068/a297784dcc3c62f6309cb4bbe385a730~tplv-tiktokx-cropcenter:100:100.jpg?dr=14579&refresh_token=91362a78&x-expires=1780200000&x-signature=HipH9ong6YFoUHPbFyJWYYentzM%3D&t=4d5b0474&ps=13740610&shp=30310797&shcp=ff37627b&idc=my2"
"nadie entiende este dolor hasta que lo vive en carne propia, para los que prefieren el mundial y defienden la propaganda, deseo que nunca tengan que pasar por una situación de un familiar, conocido o amigo desaparecido porque cuando pasa ya no existe la paz ni para dormir","0","0","2026-05-30T02:19:14.000Z","t22_felton_edits","https://www.tiktok.com/@ajplusespanol/video/7644374184180616456","6987592369878516741","7645503616683508500","https://p16-common-sign.tiktokcdn.com/tos-maliva-avt-0068/3083d560b6e845c1d3df8f31914437c9~tplv-tiktokx-cropcenter:100:100.jpg?dr=14579&refresh_token=399b1e41&x-expires=1780200000&x-signature=JzwEN2AfdXHm2kHDaITsAVjVqGM%3D&t=4d5b0474&ps=13740610&shp=30310797&shcp=ff37627b&idc=my2"
"no sé si todas las personas sepan lo que es perder un hijo, yo no! pero si me llegará a pasar sé que estaría con ellos buscando hasta en las coladeras, desiertos , etc.
y no me gustaría pasar ningún nadie pasara por eso. talvez no puedo apoyar directamente a toda esta gente buscadora.
pero no podemos ser indiferentes , así como sienten la unión en el mundial, diciéndonos hermanos, así deberíamos apoyar está ocasión.
Amo el fut pero es primero nuestro país y nuestra gente.","0","0","2026-05-30T00:22:18.000Z","elfink01","https://www.tiktok.com/@ajplusespanol/video/7644374184180616456","7083824816567108614","7645473500484141845","https://p16-common-sign.tiktokcdn.com/musically-maliva-obj/1594805258216454~tplv-tiktokx-cropcenter:100:100.jpg?dr=14579&refresh_token=fa307169&x-expires=1780200000&x-signature=mehcPq0GqZUJprcMKOYk31VuyvU%3D&t=4d5b0474&ps=13740610&shp=30310797&shcp=ff37627b&idc=my2"
"Oigan pero es sus fotos muy santitos no se ven","0","0","2026-05-30T00:09:15.000Z","bradyjimenez0","https://www.tiktok.com/@ajplusespanol/video/7644374184180616456","6588397761036386310","7645470151198982930","https://p16-common-sign.tiktokcdn.com/tos-alisg-avt-0068/e073a468c15ff5e9562b9c71de58e756~tplv-tiktokx-cropcenter:100:100.jpg?dr=14579&refresh_token=ab280050&x-expires=1780200000&x-signature=CwOCDj5jlIrEmJCHghNHUgDo%2B2w%3D&t=4d5b0474&ps=13740610&shp=30310797&shcp=ff37627b&idc=my2"
"Esos mundiales funcionan x tantos corruptos y x las personas aficionadas eso ya no ayuda en nada","0","0","2026-05-29T22:06:20.000Z","jackson91625","https://www.tiktok.com/@ajplusespanol/video/7644374184180616456","7095802382337311749","7645438493975380743","https://p16-common-sign.tiktokcdn.com/tos-maliva-avt-0068/5e18bec2d2de7936915ed104240a7fde~tplv-tiktokx-cropcenter:100:100.jpg?dr=14579&refresh_token=51036efe&x-expires=1780200000&x-signature=VOZgE6jF4P5PKCsbyfJqlz2Gyqo%3D&t=4d5b0474&ps=13740610&shp=30310797&shcp=ff37627b&idc=my2"
"cuál mundial si son como 10 pedorros partidos","0","0","2026-05-29T21:59:44.000Z","mar1oneta","https://www.tiktok.com/@ajplusespanol/video/7644374184180616456","7062971421748642821","7645436804430152465","https://p19-common-sign.tiktokcdn.com/tos-maliva-avt-0068/7063218760567652357~tplv-tiktokx-cropcenter:100:100.jpg?dr=14579&refresh_token=5df7dc15&x-expires=1780200000&x-signature=EkOMW9BtriDrm49PlMQy5MRb%2B94%3D&t=4d5b0474&ps=13740610&shp=30310797&shcp=ff37627b&idc=my2"
"o sea pero por qué todo lo quieren hacer el mero día del mundial ay no Dios mío con esta gente deje en el mundial en paz déjenos disfrutar el fútbol déjenos disfrutar algo que nos gusta","0","0","2026-05-29T21:44:53.000Z","frijo0508","https://www.tiktok.com/@ajplusespanol/video/7644374184180616456","7016001079843619846","7645432894786405141","https://p19-common-sign.tiktokcdn.com/tos-alisg-avt-0068/317e5e587728461ddaf1c94be21e5fae~tplv-tiktokx-cropcenter:100:100.jpg?dr=14579&refresh_token=08d03de7&x-expires=1780200000&x-signature=eHq5kD1YmO%2B46PsNyB5CtkXwJ0o%3D&t=4d5b0474&ps=13740610&shp=30310797&shcp=ff37627b&idc=my2"
"si supieran que el estadio es un panteón, mexico es una fosa gigante","0","0","2026-05-29T21:17:44.000Z","clarissaamairani2","https://www.tiktok.com/@ajplusespanol/video/7644374184180616456","6809424400271279109","7645425955242951444","https://p19-common-sign.tiktokcdn.com/tos-maliva-avt-0068/7329609214928781318~tplv-tiktokx-cropcenter:100:100.jpg?dr=14579&refresh_token=e94b026d&x-expires=1780200000&x-signature=L6xa64zgtdu77W%2BHP7yOEQjchTs%3D&t=4d5b0474&ps=13740610&shp=30310797&shcp=ff37627b&idc=my2"
"[Sticker] ","0","0","2026-05-28T03:06:37.000Z","carmen.mel77","https://www.tiktok.com/@ajplusespanol/video/7644374184180616456","7226483735378707502","7644773690886914847","https://p19-common-sign.tiktokcdn-us.com/tos-useast5-avt-0068-tx/cf6c3cd3e3a4ea43e78c6d8f31ec728b~tplv-tiktokx-cropcenter:100:100.jpg?dr=9640&refresh_token=ced2a203&x-expires=1780200000&x-signature=uB8mOtS5Ur9HNjwwp9RGGjRLnCw%3D&t=4d5b0474&ps=13740610&shp=30310797&shcp=ff37627b&idc=useast8"
"😡😡😡 Mientras la presidente recibe artistas y hace conciertos, defiende a los políticos señalados por USA, defiende a los hijos del ex presidente AMLO; a las madres y padres buscadores no los reciben y no atienden el problema.","0","0","2026-05-28T03:07:58.000Z","leti24244","https://www.tiktok.com/@ajplusespanol/video/7644374184180616456","6949947869865411589","7644774004822688532","https://p19-common-sign.tiktokcdn-us.com/tos-maliva-avt-0068/05eba96abb557e84b122d9c523ed9da5~tplv-tiktokx-cropcenter:100:100.jpg?dr=9640&refresh_token=8a0703b4&x-expires=1780200000&x-signature=ovIFbyexqKKZg5LbONRhlK9ADIc%3D&t=4d5b0474&ps=13740610&shp=30310797&shcp=ff37627b&idc=useast8"
"La mediocridad del Gobierno y la borregada no da pa más en fin .
#LA JUSTICIA NO EXISTE NI EXISTIRÁ MIENTRAS NO SE #REFORMEN LAS LEYES A FAVOR DE LAS VÍCTIMAS.","0","0","2026-05-28T04:19:35.000Z","betysalgado3","https://www.tiktok.com/@ajplusespanol/video/7644374184180616456","6887778262568518657","7644792459071963924","https://p19-common-sign.tiktokcdn-us.com/tos-maliva-avt-0068/257a61a056059742073c772a12b2588e~tplv-tiktokx-cropcenter:100:100.jpg?dr=9640&refresh_token=0088ea6f&x-expires=1780200000&x-signature=A75oAOFLyCRbTQYfljvhlzabNLQ%3D&t=4d5b0474&ps=13740610&shp=30310797&shcp=ff37627b&idc=useast8"
"Y no nada más por el mundial ala precidente le vale los desaparecidos prefiere aser conciertos que ayudar ala gente","0","0","2026-05-28T03:08:07.000Z","payasitototo","https://www.tiktok.com/@ajplusespanol/video/7644374184180616456","6632477761532461062","7644774020656005919","https://p16-common-sign.tiktokcdn-us.com/tos-maliva-avt-0068/7330758357554298885~tplv-tiktokx-cropcenter:100:100.jpg?dr=9640&refresh_token=712f8fa2&x-expires=1780200000&x-signature=KcHQuR1Qu4a2hXWlatVZNNGAbG0%3D&t=4d5b0474&ps=13740610&shp=30310797&shcp=ff37627b&idc=useast8"
"y mas de 200 mdp en remodelacion en Jalisco... que tristeza","0","0","2026-05-28T04:18:36.000Z","rdtraining","https://www.tiktok.com/@ajplusespanol/video/7644374184180616456","6950364396557091845","7644792258717319957","https://p19-common-sign.tiktokcdn-us.com/tos-alisg-avt-0068/a58f2851395bab5b17ae9b6aac21bd9e~tplv-tiktokx-cropcenter:100:100.jpg?dr=9640&refresh_token=ff76b523&x-expires=1780200000&x-signature=S8UIKteCx2rWGidQsyW0la2iQ7M%3D&t=4d5b0474&ps=13740610&shp=30310797&shcp=ff37627b&idc=useast8"
"Que triste 🥺es verdad da prioridad al mundial y lo que me imagino es que después del mundial preparan nueva pandemia","0","0","2026-05-28T03:08:31.000Z","barbararios0","https://www.tiktok.com/@ajplusespanol/video/7644374184180616456","6810235226401735685","7644774212993237776","https://p19-common-sign.tiktokcdn-us.com/tos-maliva-avt-0068/a2d7ad4b0015552b066e2e32e94f4405~tplv-tiktokx-cropcenter:100:100.jpg?dr=9640&refresh_token=e5f81f0d&x-expires=1780200000&x-signature=jLMVlAYhn7cerTwnnl5Zfiz%2FL9M%3D&t=4d5b0474&ps=13740610&shp=30310797&shcp=ff37627b&idc=useast8"
"Que triste la verdad, y mas triste a un que le valga un cacahuate a la presidenta","0","0","2026-05-28T04:16:33.000Z","davidgarsa0999","https://www.tiktok.com/@ajplusespanol/video/7644374184180616456","6808939435846091782","7644791661944226581","https://p19-common-sign.tiktokcdn-us.com/tos-alisg-avt-0068/68fd9ffd093bef067943740182046775~tplv-tiktokx-cropcenter:100:100.jpg?dr=9640&refresh_token=606a2426&x-expires=1780200000&x-signature=PbXFe4jAV%2FR4OelnpwtcT3fMsbI%3D&t=4d5b0474&ps=13740610&shp=30310797&shcp=ff37627b&idc=useast8"
"TODOS los mexicanos conocemos o sabemos de alguien que está desaparecido o ha sido afectado por el crimen.","0","0","2026-05-28T03:08:34.000Z","boxing_addict","https://www.tiktok.com/@ajplusespanol/video/7644374184180616456","6747319100894594053","7644774108925018893","https://p16-common-sign.tiktokcdn-us.com/tos-useast5-avt-0068-tx/43fb9deff477c49b2d95a0a4203a4611~tplv-tiktokx-cropcenter:100:100.jpg?dr=9640&refresh_token=4a9aa9d2&x-expires=1780200000&x-signature=d8%2BY8yr2i8NDwVCVCP2FljCA6es%3D&t=4d5b0474&ps=13740610&shp=30310797&shcp=ff37627b&idc=useast8"
