"text","diggCount","replyCommentTotal","createTimeISO","uniqueId","videoWebUrl","uid","cid","avatarThumbnail"
"Y con un país lleno de inseguridad, como le harán????","2701","41","2025-11-10T18:18:55.000Z","consuelogarza99","https://www.tiktok.com/@politicomx/video/7571117511932972296","6812765624838882309","7571162876518630162","https://p16-common-sign.tiktokcdn-us.com/tos-maliva-avt-0068/7168570272291127301~tplv-tiktokx-cropcenter:100:100.jpg?dr=9640&refresh_token=6bb49325&x-expires=1780200000&x-signature=0yDo0vm9WHI8CUnuaD5OGPJu0oI%3D&t=4d5b0474&ps=13740610&shp=30310797&shcp=ff37627b&idc=useast5"
"Que miedo ir a México","700","34","2025-11-10T21:54:22.000Z","escobar.franklin","https://www.tiktok.com/@politicomx/video/7571117511932972296","6877723077977146374","7571218385112957708","https://p16-common-sign.tiktokcdn-us.com/tos-maliva-avt-0068/901df4b0581e5cdde67acbe270bc9233~tplv-tiktokx-cropcenter:100:100.jpg?dr=9640&refresh_token=d9c3ca9d&x-expires=1780200000&x-signature=wIEaaAXbfvPwsfhiolqk0ipVxxY%3D&t=4d5b0474&ps=13740610&shp=30310797&shcp=ff37627b&idc=useast5"
"Parece buena idea cerrar calles","643","4","2025-11-10T15:28:38.000Z","robreyes15","https://www.tiktok.com/@politicomx/video/7571117511932972296","6825479373278626821","7571119003956265748","https://p16-common-sign.tiktokcdn-us.com/tos-maliva-avt-0068/7326226723060744197~tplv-tiktokx-cropcenter:100:100.jpg?dr=9640&refresh_token=1f713090&x-expires=1780200000&x-signature=n38i5%2B1%2BSUj1JsgLzMjAx7n3IVQ%3D&t=4d5b0474&ps=13740610&shp=30310797&shcp=ff37627b&idc=useast5"
"Tenemos mucha Presidenta!!😎
afortunadamente todavía 5 años más 👏👏","191","23","2025-11-10T16:07:52.000Z","angelesflores6670","https://www.tiktok.com/@politicomx/video/7571117511932972296","7067573973857469446","7571129101498368786","https://p16-common-sign.tiktokcdn-us.com/tos-alisg-avt-0068/fc71ffd24267bf1b7c6bc10383a74baf~tplv-tiktokx-cropcenter:100:100.jpg?dr=9640&refresh_token=85084076&x-expires=1780200000&x-signature=6zqlMSyKifUw3XnwB4sMNmQzYOM%3D&t=4d5b0474&ps=13740610&shp=30310797&shcp=ff37627b&idc=useast5"
"soy de Colombia y fui a México y hay mucha inseguridad la verdad","220","42","2025-11-11T00:56:19.000Z","angieesala5","https://www.tiktok.com/@politicomx/video/7571117511932972296","6943290752681542661","7571263978162111250","https://p16-common-sign.tiktokcdn-us.com/tos-alisg-avt-0068/25224ef5b1ee45066bdf3b0a557fd571~tplv-tiktokx-cropcenter:100:100.jpg?dr=9640&refresh_token=584bccd9&x-expires=1780200000&x-signature=0Uk8%2B2xHbun1FYdKQ0lzVtw82JM%3D&t=4d5b0474&ps=13740610&shp=30310797&shcp=ff37627b&idc=useast5"
"hay que hacer una tendencia para que fifa se lleve el mundial d3 México","393","7","2025-11-10T17:57:25.000Z","guineo24k","https://www.tiktok.com/@politicomx/video/7571117511932972296","231373918832439296","7571157327766110984","https://p16-common-sign.tiktokcdn-us.com/tos-maliva-avt-0068/22ef110f3a687f4618a6db38d586c143~tplv-tiktokx-cropcenter:100:100.jpg?dr=9640&refresh_token=a3170a3f&x-expires=1780200000&x-signature=v3n0cYkVUIBg7d1ANeQABmOZyj0%3D&t=4d5b0474&ps=13740610&shp=30310797&shcp=ff37627b&idc=useast5"
"Y van a trasparentar todo el ingreso o lo repartirán en la nómina de MORENA?","217","3","2025-11-10T15:31:53.000Z","aramis_san","https://www.tiktok.com/@politicomx/video/7571117511932972296","6879626645935703045","7571119839957222162","https://p16-common-sign.tiktokcdn-us.com/tos-alisg-avt-0068/e72d14549a3ff5276360593a4cd9b62d~tplv-tiktokx-cropcenter:100:100.jpg?dr=9640&refresh_token=8045f87f&x-expires=1780200000&x-signature=brP7NhJmWwSin1q3zQsdLJKVfiY%3D&t=4d5b0474&ps=13740610&shp=30310797&shcp=ff37627b&idc=useast5"
"NO QUEREMOS MUNDIAL QUEREMOS SEGURIDAD","7","1","2026-05-13T02:06:11.000Z","trigoarizmendi1","https://www.tiktok.com/@politicomx/video/7571117511932972296","7529359602846368786","7639191864842978066","https://p16-common-sign.tiktokcdn-us.com/tos-alisg-avt-0068/2fbae10aa311988801263018c4928955~tplv-tiktokx-cropcenter:100:100.jpg?dr=9640&refresh_token=4c40b3d0&x-expires=1780200000&x-signature=bmmjXoWXdP3vViS7Ye8W5JKJ9jQ%3D&t=4d5b0474&ps=13740610&shp=30310797&shcp=ff37627b&idc=useast5"
"PRIMERO MÉXICO Y DESPUÉS EL DINERO!! Ya no tenemos medicamentos y la delincuencia EL DIA DE HOY NO ME DEJA TRABAJAR!!! No necesito un mundial. NECESITO UN MEXICO SEGURO!! Para recibir ingresos HOY!!!!","17","0","2025-11-10T20:10:12.000Z","martina.martinez3102","https://www.tiktok.com/@politicomx/video/7571117511932972296","7548196023865721864","7571191522322924309","https://p16-common-sign.tiktokcdn-us.com/tos-alisg-avt-0068/23ef54b53db5f3b05c37c8814bdb3b02~tplv-tiktokx-cropcenter:100:100.jpg?dr=9640&refresh_token=430176a2&x-expires=1780200000&x-signature=7PnrHw2n5aRbvSGsH%2FC1q9qg1D4%3D&t=4d5b0474&ps=13740610&shp=30310797&shcp=ff37627b&idc=useast5"
"no puede con los del pais podra con visitas😂","66","1","2025-11-10T19:33:00.000Z","liiiiii532","https://www.tiktok.com/@politicomx/video/7571117511932972296","7310442957491635205","7571181901022806802","https://p16-common-sign.tiktokcdn-us.com/tos-alisg-avt-0068/bbf3ecd29a188b5d45e396b3fd774879~tplv-tiktokx-cropcenter:100:100.jpg?dr=9640&refresh_token=db4a1023&x-expires=1780200000&x-signature=663C%2FMS2gJQS%2BBX3dWGKctokbYY%3D&t=4d5b0474&ps=13740610&shp=30310797&shcp=ff37627b&idc=useast5"
"Hola, gente. Me gustaría saber qué tan seguro es México ahora mismo. Soy de España y quiero ir al Mundial en Guadalajara.","10","26","2025-11-10T20:26:40.000Z","santiago_5r0","https://www.tiktok.com/@politicomx/video/7571117511932972296","6901402649687966722","7571195785686221586","https://p19-common-sign.tiktokcdn-us.com/tos-alisg-avt-0068/ccb30f076e43f027e63e7f3d8d518858~tplv-tiktokx-cropcenter:100:100.jpg?dr=9640&refresh_token=43fa2dbb&x-expires=1780200000&x-signature=Ma%2BkeAMv7RPVA66VMsE7%2FjMzGWY%3D&t=4d5b0474&ps=13740610&shp=30310797&shcp=ff37627b&idc=useast5"
"Y van a ver todo el desmadre que hay en el país","152","6","2025-11-10T16:23:07.000Z","enriquesegurafern","https://www.tiktok.com/@politicomx/video/7571117511932972296","6794651723015209990","7571133043189695239","https://p19-common-sign.tiktokcdn-us.com/tos-maliva-avt-0068/ec5d0561ccf1c1788aff2383e9ff136a~tplv-tiktokx-cropcenter:100:100.jpg?dr=9640&refresh_token=3068d63f&x-expires=1780200000&x-signature=li%2BDWKvVZx%2B2%2F%2F7RHmaUgFw1c2c%3D&t=4d5b0474&ps=13740610&shp=30310797&shcp=ff37627b&idc=useast5"
"Yo a México no voy ni aunque me paguen el viaje todo pagado ❌","1","2","2025-11-11T04:50:38.000Z","hesler77","https://www.tiktok.com/@politicomx/video/7571117511932972296","6797893559804920838","7571325604050862862","https://p16-common-sign.tiktokcdn-us.com/tos-useast5-avt-0068-tx/6eb5359a1abb76d2bda5a437bbd0d5ed~tplv-tiktokx-cropcenter:100:100.jpg?dr=9640&refresh_token=5405425f&x-expires=1780200000&x-signature=3rD4uhkFeWLY8xVw1QJKZuk3aZ4%3D&t=4d5b0474&ps=13740610&shp=30310797&shcp=ff37627b&idc=useast5"
"Demasiado peligroso yo jamás viajo a México aunque me encanta mucho el Paiz pero muy peligroso.","18","5","2025-11-10T21:15:13.000Z","nestor.perez98","https://www.tiktok.com/@politicomx/video/7571117511932972296","7265803302280856581","7571208237485146888","https://p19-common-sign.tiktokcdn-us.com/tos-alisg-avt-0068/e6629afc129659633ca82c759880977a~tplv-tiktokx-cropcenter:100:100.jpg?dr=9640&refresh_token=6b610523&x-expires=1780200000&x-signature=Lrs6wWdePT5RJ0LY9BYyLP1vL%2Bg%3D&t=4d5b0474&ps=13740610&shp=30310797&shcp=ff37627b&idc=useast5"
"Ya lo canceló FIFA se va para Canadá oh EEUU","3","2","2025-11-10T23:58:45.000Z","lobaalfa27","https://www.tiktok.com/@politicomx/video/7571117511932972296","6892903030401680385","7571250432069239563","https://p19-common-sign.tiktokcdn-us.com/tos-alisg-avt-0068/0f403d5e9758177e7facec9023b695c1~tplv-tiktokx-cropcenter:100:100.jpg?dr=9640&refresh_token=f32c0b5c&x-expires=1780200000&x-signature=%2BP6uEktLLTIZgkPWzvOTz6ec%2BXw%3D&t=4d5b0474&ps=13740610&shp=30310797&shcp=ff37627b&idc=useast5"
"YA SE DIJO SE SUSPENDE EL MUNDIAL 2026 POR SER UNA PAIS MUY INSEGURO, SERA EN EEUU EL MUNDIAL","14","3","2025-11-10T18:43:21.000Z","alivpmucha","https://www.tiktok.com/@politicomx/video/7571117511932972296","6839440055116678149","7571169171883459348","https://p16-common-sign.tiktokcdn-us.com/tos-maliva-avt-0068/9ca650e9433027479b8796b274826f4e~tplv-tiktokx-cropcenter:100:100.jpg?dr=9640&refresh_token=232280a1&x-expires=1780200000&x-signature=Hi1ZvrBY0jFPbkw0hN9XOa7tnBk%3D&t=4d5b0474&ps=13740610&shp=30310797&shcp=ff37627b&idc=useast5"
"Yo creo que ya no vendrá nadie 😳","8","0","2026-02-24T09:49:08.000Z","donbonguito","https://www.tiktok.com/@politicomx/video/7571117511932972296","6976645894000149510","7610366536641069845","https://p16-common-sign.tiktokcdn-us.com/tos-alisg-avt-0068/dfad56d943c3ea7f2855c84f1a009cdb~tplv-tiktokx-cropcenter:100:100.jpg?dr=9640&refresh_token=b4d5464f&x-expires=1780200000&x-signature=%2BNWKKoHrdoCSOmLIg3qa%2F9508EU%3D&t=4d5b0474&ps=13740610&shp=30310797&shcp=ff37627b&idc=useast5"
"y tiktok inundando de turistas diciendo y aconsejando que no vayan a México por el tema de la inseguridad y por qué todo está carísimo 😂","2","2","2025-12-11T14:26:55.000Z","alexdareyoficial","https://www.tiktok.com/@politicomx/video/7571117511932972296","6807269425345496070","7582606732456510226","https://p16-common-sign.tiktokcdn-us.com/tos-maliva-avt-0068/b47860e6a542abc5f0f55d3f85cf3f93~tplv-tiktokx-cropcenter:100:100.jpg?dr=9640&refresh_token=09fd6146&x-expires=1780200000&x-signature=VKruo864V6sIDGFY9amyZ3UVVqM%3D&t=4d5b0474&ps=13740610&shp=30310797&shcp=ff37627b&idc=useast5"
"Los que opinan son de país que nunca han tenido un mundial","6","1","2025-11-10T22:30:03.000Z","mora10904","https://www.tiktok.com/@politicomx/video/7571117511932972296","7387172184806999082","7571227459820798775","https://p16-common-sign.tiktokcdn-us.com/tos-useast5-avt-0068-tx/4e0084ac7ad75bd570a2a5ec95710bda~tplv-tiktokx-cropcenter:100:100.jpg?dr=9640&refresh_token=502f4525&x-expires=1780200000&x-signature=LXRqNgpx4jOhYZRlUqm0MxAPxE8%3D&t=4d5b0474&ps=13740610&shp=30310797&shcp=ff37627b&idc=useast5"
"😂😂🤣😂 con la inseguridad quien va querer ir a mexico","15","4","2025-11-10T20:38:44.000Z","zuriel_violinista","https://www.tiktok.com/@politicomx/video/7571117511932972296","6640127712273317894","7571198859046503186","https://p19-common-sign.tiktokcdn-us.com/tos-alisg-avt-0068/ab276368663f4304eefe56688457d309~tplv-tiktokx-cropcenter:100:100.jpg?dr=9640&refresh_token=359f8088&x-expires=1780200000&x-signature=POJfxk8IgP06MhZtHcQ49APswUc%3D&t=4d5b0474&ps=13740610&shp=30310797&shcp=ff37627b&idc=useast5"
"Mejor lo veo aquí en Canadá!","5","4","2025-11-10T23:54:35.000Z","nancyalcantar16","https://www.tiktok.com/@politicomx/video/7571117511932972296","7063191949033112582","7571249296202318600","https://p19-common-sign.tiktokcdn-us.com/tos-maliva-avt-0068/d624acb2ef70feb0a28f65ccf7a5cbbd~tplv-tiktokx-cropcenter:100:100.jpg?dr=9640&refresh_token=425d5ae2&x-expires=1780200000&x-signature=0RVAd7OLLkjzldfpUJb1KQMsrPE%3D&t=4d5b0474&ps=13740610&shp=30310797&shcp=ff37627b&idc=useast5"
"Para los turistas si va ver mucha vigilancia y para los mexicanos que sigue la inseguridad 🤨🫤","5","0","2025-11-10T18:59:18.000Z","carmelita_954","https://www.tiktok.com/@politicomx/video/7571117511932972296","6974018231594370054","7571173249355449089","https://p19-common-sign.tiktokcdn-us.com/tos-alisg-avt-0068/a6928583e678095e754b6dd2a9d62bb8~tplv-tiktokx-cropcenter:100:100.jpg?dr=9640&refresh_token=2de2c5af&x-expires=1780200000&x-signature=%2FDC6d6K0YSirWeJF58lq7lLbnBo%3D&t=4d5b0474&ps=13740610&shp=30310797&shcp=ff37627b&idc=useast5"
"Ablan de todo menos de Carlos Manzo","2","1","2025-11-11T19:07:05.000Z","valente.martinez42","https://www.tiktok.com/@politicomx/video/7571117511932972296","7353483151074149418","7571546301461578527","https://p16-common-sign.tiktokcdn-us.com/tos-useast8-avt-0068-tx2/af9b467b70eb46a5d08700658d7db2cf~tplv-tiktokx-cropcenter:100:100.jpg?dr=9640&refresh_token=cee8b73a&x-expires=1780200000&x-signature=4e40MqMs%2BN2jIjSLv4QLHBGDnQ8%3D&t=4d5b0474&ps=13740610&shp=30310797&shcp=ff37627b&idc=useast5"
"que lo cancelen 😡 no queremos futbol queremos seguridad en todo Mexico","23","2","2025-11-10T21:47:50.000Z","jorgealfredocueva8","https://www.tiktok.com/@politicomx/video/7571117511932972296","7192622246191449093","7571216621848527636","https://p19-common-sign.tiktokcdn-us.com/tos-maliva-avt-0068/7192623227460878342~tplv-tiktokx-cropcenter:100:100.jpg?dr=9640&refresh_token=b48e8239&x-expires=1780200000&x-signature=YvuK6djXNjOzyl%2FpggFdWf2Ha1s%3D&t=4d5b0474&ps=13740610&shp=30310797&shcp=ff37627b&idc=useast5"
"y cuantos regresarán salvos a su casas","9","1","2025-11-10T18:57:34.000Z","lo12azul1","https://www.tiktok.com/@politicomx/video/7571117511932972296","7297466514821628934","7571172805523849991","https://p16-common-sign.tiktokcdn-us.com/tos-maliva-avt-0068/9276f1489c751e252b29db1f5effc94b~tplv-tiktokx-cropcenter:100:100.jpg?dr=9640&refresh_token=36e67eb3&x-expires=1780200000&x-signature=tm8b3BoFv0tfsOBGFUEyJub9QiQ%3D&t=4d5b0474&ps=13740610&shp=30310797&shcp=ff37627b&idc=useast5"
"y a esos también los va a desaparecer?","23","0","2025-11-10T18:31:08.000Z","dario.gabrie","https://www.tiktok.com/@politicomx/video/7571117511932972296","6801084474912719877","7571166005747221255","https://p16-common-sign.tiktokcdn-us.com/tos-alisg-avt-0068/93b66f6abded74b8fb024ad8c6ed7705~tplv-tiktokx-cropcenter:100:100.jpg?dr=9640&refresh_token=b60f194e&x-expires=1780200000&x-signature=iB4hWY890DxkE3osxXRLL6XvJOE%3D&t=4d5b0474&ps=13740610&shp=30310797&shcp=ff37627b&idc=useast5"
"ahorita con lo que está pasando lo dudo 💔","5","0","2026-02-23T08:20:25.000Z","svm_4920","https://www.tiktok.com/@politicomx/video/7571117511932972296","7235337062697059333","7609972575443632903","https://p19-common-sign.tiktokcdn-us.com/tos-alisg-avt-0068/29917d7c4bfc270b2b746325c709db2e~tplv-tiktokx-cropcenter:100:100.jpg?dr=9640&refresh_token=cbe9d20a&x-expires=1780200000&x-signature=sNI%2FifpBD310uVa1YarIDxnNlpY%3D&t=4d5b0474&ps=13740610&shp=30310797&shcp=ff37627b&idc=useast5"
"yo no iria mucha insegudad","1","0","2025-12-09T15:30:10.000Z","toro88858","https://www.tiktok.com/@politicomx/video/7571117511932972296","7356086454131426309","7581880868382442248","https://p19-common-sign.tiktokcdn-us.com/tos-maliva-avt-0068/7356087601679466502~tplv-tiktokx-cropcenter:100:100.jpg?dr=9640&refresh_token=9e9d8d1f&x-expires=1780200000&x-signature=DYOpM0lW%2Bcx4njwuff%2FUUAev4bM%3D&t=4d5b0474&ps=13740610&shp=30310797&shcp=ff37627b&idc=useast5"
"cuantos turistas ya no regresarán a sus países, así como está la inseguridad en México 😭😭","80","3","2025-11-10T19:59:55.000Z","davidnp1979","https://www.tiktok.com/@politicomx/video/7571117511932972296","6870168183300637702","7571188855404397329","https://p19-common-sign.tiktokcdn-us.com/tos-maliva-avt-0068/a85b4cde76c40890b31a93fe4b16a51d~tplv-tiktokx-cropcenter:100:100.jpg?dr=9640&refresh_token=9c3b9070&x-expires=1780200000&x-signature=YlV%2B5ogQoLC%2BIIJFl1R%2F%2Ff0lXG4%3D&t=4d5b0474&ps=13740610&shp=30310797&shcp=ff37627b&idc=useast5"
"ojalá que todos lleguen bien de regreso a su país xq aquí en México hay magia se desaparece la gente","7","0","2025-11-10T20:29:29.000Z","danieltravis5","https://www.tiktok.com/@politicomx/video/7571117511932972296","6828786116750394374","7571195811661464338","https://p16-common-sign.tiktokcdn-us.com/tos-maliva-avt-0068/1114a02de2833cafba4c3895e9d47f2d~tplv-tiktokx-cropcenter:100:100.jpg?dr=9640&refresh_token=a9e00a2d&x-expires=1780200000&x-signature=nMR4z5oQhQ7nA3z6VR7ePgLDF%2F0%3D&t=4d5b0474&ps=13740610&shp=30310797&shcp=ff37627b&idc=useast5"
"que miedo ir a México y eso que soy de México","8","0","2025-12-06T01:35:08.000Z","_.noesmiau._","https://www.tiktok.com/@politicomx/video/7571117511932972296","6928970705032823813","7580552366543799048","https://p16-common-sign.tiktokcdn-us.com/tos-maliva-avt-0068/305db5d212815bec987a65e686b9fa27~tplv-tiktokx-cropcenter:100:100.jpg?dr=9640&refresh_token=157451f9&x-expires=1780200000&x-signature=iYhZWj%2FvQE2SpTnB52ToaLohCWU%3D&t=4d5b0474&ps=13740610&shp=30310797&shcp=ff37627b&idc=useast5"
"por eso urge tapar la inseguridad","7","0","2025-11-10T19:06:13.000Z","user493668645","https://www.tiktok.com/@politicomx/video/7571117511932972296","6813869307538916357","7571175053723960085","https://p16-common-sign.tiktokcdn-us.com/tos-maliva-avt-0068/7336241619584155654~tplv-tiktokx-cropcenter:100:100.jpg?dr=9640&refresh_token=e1cea38d&x-expires=1780200000&x-signature=ZaUidPp8YS8H8rsfN9%2B1XkCfaf0%3D&t=4d5b0474&ps=13740610&shp=30310797&shcp=ff37627b&idc=useast5"
"Yo quisiera ir mas pero con la inseguridad se piensa dos veces .","5","1","2025-11-10T23:31:21.000Z","jdolave","https://www.tiktok.com/@politicomx/video/7571117511932972296","256710080929308672","7571243354424935223","https://p19-common-sign.tiktokcdn-us.com/tos-useast5-avt-0068-tx/a96428b102095702a5290bd711bf157f~tplv-tiktokx-cropcenter:100:100.jpg?dr=9640&refresh_token=ebfe62cd&x-expires=1780200000&x-signature=R7zYDHjonDE8bdlKVbhW5%2FFY99Y%3D&t=4d5b0474&ps=13740610&shp=30310797&shcp=ff37627b&idc=useast5"
"como si estan cerrados los aeropuertos.???????","6","0","2025-11-10T18:04:23.000Z","jesushernandezc611","https://www.tiktok.com/@politicomx/video/7571117511932972296","7372397527994319878","7571158109013803794","https://p19-common-sign.tiktokcdn-us.com/tos-maliva-avt-0068/7372398827545870341~tplv-tiktokx-cropcenter:100:100.jpg?dr=9640&refresh_token=252f4d89&x-expires=1780200000&x-signature=N6E1ZoRbBijX3v1elLhQMCKiYFc%3D&t=4d5b0474&ps=13740610&shp=30310797&shcp=ff37627b&idc=useast5"
"Qué manera de dejar de un lado todo lo que estamos pasando","5","0","2025-11-10T17:47:46.000Z","user7995654431100","https://www.tiktok.com/@politicomx/video/7571117511932972296","6706579389763273733","7571154849086227216","https://p16-common-sign.tiktokcdn-us.com/tos-maliva-avt-0068/7333352666678394885~tplv-tiktokx-cropcenter:100:100.jpg?dr=9640&refresh_token=5b2fe140&x-expires=1780200000&x-signature=QFCQ1t5khSC9wqazpQlZmNErZF0%3D&t=4d5b0474&ps=13740610&shp=30310797&shcp=ff37627b&idc=useast5"
"Televisa he hechara a perder con sus jugadores el evento ya se sabe!!","7","0","2025-11-10T16:29:14.000Z","fathimealice","https://www.tiktok.com/@politicomx/video/7571117511932972296","7517026256002647047","7571134623997313810","https://p19-common-sign.tiktokcdn-us.com/tos-alisg-avt-0068/5947caaa35fbd958109bac981de967bb~tplv-tiktokx-cropcenter:100:100.jpg?dr=9640&refresh_token=33b46297&x-expires=1780200000&x-signature=mB%2FKisf1IcPq5Heo5Vt7UBcwPS4%3D&t=4d5b0474&ps=13740610&shp=30310797&shcp=ff37627b&idc=useast5"
"Cuantos vuelos va a recibir el AIFA 😂😂😂","17","3","2025-11-10T20:00:08.000Z","carlosserrano244","https://www.tiktok.com/@politicomx/video/7571117511932972296","6802797585267590149","7571188910132282133","https://p16-common-sign.tiktokcdn-us.com/tos-maliva-avt-0068/f1a87b9597aa37238a65e7cc03de866f~tplv-tiktokx-cropcenter:100:100.jpg?dr=9640&refresh_token=854f95cb&x-expires=1780200000&x-signature=B3E5WstPQFi6hKCbCnI1wRtySNs%3D&t=4d5b0474&ps=13740610&shp=30310797&shcp=ff37627b&idc=useast5"
"Y Ciudad de México sin Aeropuerto con capacidad para el mundial 🤣","6","1","2025-11-10T17:16:36.000Z","danielsinfu","https://www.tiktok.com/@politicomx/video/7571117511932972296","6809407610228786182","7571146807004250901","https://p19-common-sign.tiktokcdn-us.com/tos-maliva-avt-0068/7321555575932878853~tplv-tiktokx-cropcenter:100:100.jpg?dr=9640&refresh_token=54eabbe4&x-expires=1780200000&x-signature=75ib2HCUYXx8%2F77KQABYnVONIQA%3D&t=4d5b0474&ps=13740610&shp=30310797&shcp=ff37627b&idc=useast5"
"que? que quiere manifestaciones??","33076","59","2026-04-18T20:00:35.000Z","raszakapics","https://www.tiktok.com/@marcosjimenezpere/video/7629973371505249557","6941107045367006214","7630191608226923271","https://p16-common-sign.tiktokcdn-us.com/tos-maliva-avt-0068/ac72f5ee67d61a879e4fbb73423d2eb2~tplv-tiktokx-cropcenter:100:100.jpg?dr=9640&refresh_token=4238de4f&x-expires=1780200000&x-signature=r3IuC5jsSo92zpw6tvEFkYVl39w%3D&t=4d5b0474&ps=13740610&shp=30310797&shcp=ff37627b&idc=useast5"
"Ni mi ex se avergonzó tanto de mí 😐","12078","24","2026-04-18T20:53:06.000Z","luispliego17","https://www.tiktok.com/@marcosjimenezpere/video/7629973371505249557","6925907355297989637","7630205124124115730","https://p16-common-sign.tiktokcdn-us.com/tos-maliva-avt-0068/70a4a763e1d4391fff46804953abcd76~tplv-tiktokx-cropcenter:100:100.jpg?dr=9640&refresh_token=316bfa72&x-expires=1780200000&x-signature=0TUd8Y9ZM9RX%2FHyLTYX7pq3Nebw%3D&t=4d5b0474&ps=13740610&shp=30310797&shcp=ff37627b&idc=useast5"
"[Sticker] que salgamos dice 😂😂","4408","7","2026-04-20T21:12:04.000Z","supergirl100s","https://www.tiktok.com/@marcosjimenezpere/video/7629973371505249557","7119888156133295110","7630952170025141000","https://p16-common-sign.tiktokcdn-us.com/tos-alisg-avt-0068/e5b0b4eeb4bfbabd3d2c5e12b1a6f798~tplv-tiktokx-cropcenter:100:100.jpg?dr=9640&refresh_token=54ed95f9&x-expires=1780200000&x-signature=BcPp9rl4l9a7Q0J7NGuSqREt6OY%3D&t=4d5b0474&ps=13740610&shp=30310797&shcp=ff37627b&idc=useast5"
"cómo que suspender clases 👀 en mi niñez el maestro nos puso a ver el partido en el salón de clase 🤣","17493","46","2026-04-18T18:59:36.000Z","candynepogal","https://www.tiktok.com/@marcosjimenezpere/video/7629973371505249557","7189056509560079366","7630175862265414408","https://p16-common-sign.tiktokcdn-us.com/tos-alisg-avt-0068/27eeb44208116b0cab151ceac51ab8b9~tplv-tiktokx-cropcenter:100:100.jpg?dr=9640&refresh_token=e0f9ac21&x-expires=1780200000&x-signature=CE%2FmMCX49T%2B0oxbudWkcIl9i8os%3D&t=4d5b0474&ps=13740610&shp=30310797&shcp=ff37627b&idc=useast5"
"es como si te dijera ""no salgas de tu cuarto, para que la visita se sienta agusto"" bro, aquí vivimos","4877","7","2026-04-20T07:15:05.000Z","rubiamediowey","https://www.tiktok.com/@marcosjimenezpere/video/7629973371505249557","6936721401883083781","7630736477962339093","https://p16-common-sign.tiktokcdn-us.com/tos-alisg-avt-0068/7af0aa01720e69bb9f592ae87271c433~tplv-tiktokx-cropcenter:100:100.jpg?dr=9640&refresh_token=2f94345c&x-expires=1780200000&x-signature=iZfl5YGFnq66%2FlKbFkzNkJl9vlo%3D&t=4d5b0474&ps=13740610&shp=30310797&shcp=ff37627b&idc=useast5"
"¿Y si mejor reparan las calles, mejoran el transporte público y todos los aspectos de movilidad en la ciudad para que no solo los turistas lo disfruten?
Digo, es una opción, que mejor forma de aparentar ser una ciudad de primera, que siendo una ciudad de primera","1964","12","2026-04-18T16:41:09.000Z","kaimjaeger","https://www.tiktok.com/@marcosjimenezpere/video/7629973371505249557","6875738139211678725","7630140208567517959","https://p19-common-sign.tiktokcdn-us.com/tos-maliva-avt-0068/ff93c1511d859efd7161e30ac1085b85~tplv-tiktokx-cropcenter:100:100.jpg?dr=9640&refresh_token=6525f7bd&x-expires=1780200000&x-signature=pIS9Kupab8PKQyl13MPE69r5l8w%3D&t=4d5b0474&ps=13740610&shp=30310797&shcp=ff37627b&idc=useast5"
"[Sticker] ahora con mas razón voy a salir","960","2","2026-04-20T12:10:16.000Z","thorfinn.97","https://www.tiktok.com/@marcosjimenezpere/video/7629973371505249557","7133648996345627653","7630812584400192272","https://p16-common-sign.tiktokcdn-us.com/tos-alisg-avt-0068/9ec44668c0b793aff1bd0568de7bc855~tplv-tiktokx-cropcenter:100:100.jpg?dr=9640&refresh_token=4a822443&x-expires=1780200000&x-signature=4w9WG22hRUJgKWe08s0gPvWpVCM%3D&t=4d5b0474&ps=13740610&shp=30310797&shcp=ff37627b&idc=useast5"
"si me pagan esos días con gusto no salgo ni a tomar la Luz del sol","5695","11","2026-04-18T14:17:12.000Z","rubnsnchez19","https://www.tiktok.com/@marcosjimenezpere/video/7629973371505249557","7195295697481122821","7630103118861910805","https://p19-common-sign.tiktokcdn-us.com/tos-maliva-avt-0068/7202407812784193542~tplv-tiktokx-cropcenter:100:100.jpg?dr=9640&refresh_token=7ebe5d40&x-expires=1780200000&x-signature=JnUbiJqQFoItiuNI5eAjYRxf3pU%3D&t=4d5b0474&ps=13740610&shp=30310797&shcp=ff37627b&idc=useast5"
"Que salgamos todos dicen","844","1","2026-04-18T17:12:13.000Z","yaal.gonzalez","https://www.tiktok.com/@marcosjimenezpere/video/7629973371505249557","7219831916902794246","7630148207499412244","https://p16-common-sign.tiktokcdn-us.com/tos-maliva-avt-0068/7313ca8574c1d61db9c03165beb603d3~tplv-tiktokx-cropcenter:100:100.jpg?dr=9640&refresh_token=5388c1e6&x-expires=1780200000&x-signature=jsCPH35Yp7FFGkQcXVLZ%2FizqvCI%3D&t=4d5b0474&ps=13740610&shp=30310797&shcp=ff37627b&idc=useast5"
"Ni me gusta el fútbol, pero por mis ovarios qué esos días, afuera voy a estar","4243","10","2026-04-18T23:13:22.000Z","vic_yoon","https://www.tiktok.com/@marcosjimenezpere/video/7629973371505249557","6753646295892427782","7630241214147085077","https://p19-common-sign.tiktokcdn-us.com/tos-maliva-avt-0068/12d545005e5894e54bf2953027f411ff~tplv-tiktokx-cropcenter:100:100.jpg?dr=9640&refresh_token=50889ef5&x-expires=1780200000&x-signature=jA9E%2FdOn6wz8GWf1AOd3HBvFp%2Fs%3D&t=4d5b0474&ps=13740610&shp=30310797&shcp=ff37627b&idc=useast5"
"A quien le importa el fut boll","372","6","2026-04-18T20:17:20.000Z","damian_biker_","https://www.tiktok.com/@marcosjimenezpere/video/7629973371505249557","7100615535763440645","7630195881913402129","https://p19-common-sign.tiktokcdn-us.com/tos-alisg-avt-0068/f49409d5b1b97aa43cbbc5e59ae204cf~tplv-tiktokx-cropcenter:100:100.jpg?dr=9640&refresh_token=0d10be87&x-expires=1780200000&x-signature=LhFMbgIM%2F6tzM7J8fnBdkFrcqCE%3D&t=4d5b0474&ps=13740610&shp=30310797&shcp=ff37627b&idc=useast5"
"[Sticker] YO NO QUERÍA SALIR PARA EVITAR EL TRÁFICO, ahora tendré que salir","276","0","2026-04-20T10:30:46.000Z","__xennie__","https://www.tiktok.com/@marcosjimenezpere/video/7629973371505249557","7104706836867089414","7630786933803860744","https://p19-common-sign.tiktokcdn-us.com/tos-alisg-avt-0068/9ae8c53b844380d354b19c3116656ed5~tplv-tiktokx-cropcenter:100:100.jpg?dr=9640&refresh_token=0f775326&x-expires=1780200000&x-signature=6xyr0lfD2FJfhbrTdv6ZaPNyZmw%3D&t=4d5b0474&ps=13740610&shp=30310797&shcp=ff37627b&idc=useast5"
"[Sticker] pues igual ni salgo pero del puro coraje esos días voy a salir","190","0","2026-04-20T07:29:53.000Z","not.in.themood","https://www.tiktok.com/@marcosjimenezpere/video/7629973371505249557","7008960501322875909","7630740285497459477","https://p16-common-sign.tiktokcdn-us.com/tos-alisg-avt-0068/38bdf5cc8e83ef41ab4279603a2a6bb2~tplv-tiktokx-cropcenter:100:100.jpg?dr=9640&refresh_token=3e92b0c4&x-expires=1780200000&x-signature=aEZRtmB6vDNx8%2Fec6fNgFe14XaM%3D&t=4d5b0474&ps=13740610&shp=30310797&shcp=ff37627b&idc=useast5"
"[Sticker] QUE SALGAMOS DICE!!!","77","0","2026-04-19T18:03:07.000Z","jack_goulding_","https://www.tiktok.com/@marcosjimenezpere/video/7629973371505249557","7434419537204462647","7630532427823481621","https://p19-common-sign.tiktokcdn-us.com/tos-alisg-avt-0068/7824d0a59e3fe3a9b9f8fa123bdae865~tplv-tiktokx-cropcenter:100:100.jpg?dr=9640&refresh_token=2500c831&x-expires=1780200000&x-signature=DgcfN8yQJKUOEnnhh9BD%2F83XlpQ%3D&t=4d5b0474&ps=13740610&shp=30310797&shcp=ff37627b&idc=useast5"
"ahora de puro coraje saldré el día del mundial","111","0","2026-04-20T03:12:59.000Z","lex_pravdin_","https://www.tiktok.com/@marcosjimenezpere/video/7629973371505249557","7358714972291728389","7630674116743627537","https://p16-common-sign.tiktokcdn-us.com/tos-maliva-avt-0068/7a7c44b9b4d86922e0532ff32ddba63f~tplv-tiktokx-cropcenter:100:100.jpg?dr=9640&refresh_token=e1b6b755&x-expires=1780200000&x-signature=fd6dj8NP2Vr%2BiCGkmGHKCtABUHg%3D&t=4d5b0474&ps=13740610&shp=30310797&shcp=ff37627b&idc=useast5"
"Irala,que salgamos como si hubiera tianguis 🥺","156","0","2026-04-18T23:30:21.000Z","immsorryboris","https://www.tiktok.com/@marcosjimenezpere/video/7629973371505249557","7593180142433649680","7630245610033431312","https://p16-common-sign.tiktokcdn-us.com/tos-alisg-avt-0068/96e8595cec29863bffd04bb664e36f72~tplv-tiktokx-cropcenter:100:100.jpg?dr=9640&refresh_token=d184ddbe&x-expires=1780200000&x-signature=4g6y8aaNI2YqP4O96Nbzr7m5CoQ%3D&t=4d5b0474&ps=13740610&shp=30310797&shcp=ff37627b&idc=useast5"
"Me iba a quedar en mi casa pero creo que ahora tengo que hacer planes con mis amigos","390","1","2026-04-18T22:38:37.000Z","amethyst.star0","https://www.tiktok.com/@marcosjimenezpere/video/7629973371505249557","7438695834445169720","7630232300974228232","https://p19-common-sign.tiktokcdn-us.com/tos-alisg-avt-0068/c1279f5cd575e2cfda181ce13005544f~tplv-tiktokx-cropcenter:100:100.jpg?dr=9640&refresh_token=aa9c18b3&x-expires=1780200000&x-signature=a9WN6DYWw7vnvIKh%2FLk8tE8e6RA%3D&t=4d5b0474&ps=13740610&shp=30310797&shcp=ff37627b&idc=useast5"
"[Sticker] Que salgamos dice","71","0","2026-04-22T20:24:26.000Z","el_pato0_23","https://www.tiktok.com/@marcosjimenezpere/video/7629973371505249557","6649904017932648453","7631682076421440274","https://p19-common-sign.tiktokcdn-us.com/tos-maliva-avt-0068/06e655a377ad9c4f85e301a55829de36~tplv-tiktokx-cropcenter:100:100.jpg?dr=9640&refresh_token=d52ed507&x-expires=1780200000&x-signature=Jd6iM9dvAcOZ3L4pvpJkqGhtd9w%3D&t=4d5b0474&ps=13740610&shp=30310797&shcp=ff37627b&idc=useast5"
"que quiere una manifestación","156","1","2026-04-20T13:41:47.000Z","desi08378","https://www.tiktok.com/@marcosjimenezpere/video/7629973371505249557","7603035204005217300","7630836178585600786","https://p16-common-sign.tiktokcdn-us.com/musically-maliva-obj/1594805258216454~tplv-tiktokx-cropcenter:100:100.jpg?dr=9640&refresh_token=f6d184af&x-expires=1780200000&x-signature=VW8UWPJqAaIplom5IP4ju2xgIsk%3D&t=4d5b0474&ps=13740610&shp=30310797&shcp=ff37627b&idc=useast5"
"Que salgamos todos dice jajajaja","74","0","2026-04-19T20:04:43.000Z","maale111","https://www.tiktok.com/@marcosjimenezpere/video/7629973371505249557","6823465325239141382","7630563747602547474","https://p19-common-sign.tiktokcdn-us.com/tos-maliva-avt-0068/1cc06fb1f89632af42d3b4be014f5695~tplv-tiktokx-cropcenter:100:100.jpg?dr=9640&refresh_token=cf5433aa&x-expires=1780200000&x-signature=QhNYGHRfUlYMrN%2FVk%2FGApvj%2F%2FyE%3D&t=4d5b0474&ps=13740610&shp=30310797&shcp=ff37627b&idc=useast5"
"[Sticker] que dice que vayamos y los saludemos","67","0","2026-04-20T21:46:42.000Z","stephania_gmm","https://www.tiktok.com/@marcosjimenezpere/video/7629973371505249557","7167891998631887877","7630961081897009927","https://p16-common-sign.tiktokcdn-us.com/tos-alisg-avt-0068/9737faf1f188fa148eb2117940a8b4c7~tplv-tiktokx-cropcenter:100:100.jpg?dr=9640&refresh_token=158d9410&x-expires=1780200000&x-signature=eWx7%2FKSGE1LQl%2FzSY8PnE%2F2tTUQ%3D&t=4d5b0474&ps=13740610&shp=30310797&shcp=ff37627b&idc=useast5"
"[Sticker] que salgamos dice","113","2","2026-04-18T23:12:56.000Z","karinacarter9","https://www.tiktok.com/@marcosjimenezpere/video/7629973371505249557","6965058798118962181","7630241124187259669","https://p19-common-sign.tiktokcdn-us.com/tos-alisg-avt-0068/6654e025019ea9e516e33f2ac71657a7~tplv-tiktokx-cropcenter:100:100.jpg?dr=9640&refresh_token=b2a46aeb&x-expires=1780200000&x-signature=D3C6IYaoFo7%2BkXljVyianjKJloE%3D&t=4d5b0474&ps=13740610&shp=30310797&shcp=ff37627b&idc=useast5"
"[Sticker] Usted tampoco querida","714","2","2026-04-18T19:30:45.000Z","duskrc1222","https://www.tiktok.com/@marcosjimenezpere/video/7629973371505249557","7177110634008708101","7630183908986782472","https://p19-common-sign.tiktokcdn-us.com/tos-alisg-avt-0068/4f4f12c213058a4a67724b8c3f774029~tplv-tiktokx-cropcenter:100:100.jpg?dr=9640&refresh_token=359ae592&x-expires=1780200000&x-signature=rtWr1W3IbbXuNC1udTosu4XJbtA%3D&t=4d5b0474&ps=13740610&shp=30310797&shcp=ff37627b&idc=useast5"
"[Sticker] Claro, nadie saldrá ese día…","162","0","2026-04-18T22:34:43.000Z","name_h23","https://www.tiktok.com/@marcosjimenezpere/video/7629973371505249557","6945725937686627334","7630231293187851015","https://p16-common-sign.tiktokcdn-us.com/tos-maliva-avt-0068/3303c43bc7e9d7cc25abe465afb753af~tplv-tiktokx-cropcenter:100:100.jpg?dr=9640&refresh_token=86da2f6a&x-expires=1780200000&x-signature=%2FUWaZpBUOj6mzct6FHSGwO1g%2FT8%3D&t=4d5b0474&ps=13740610&shp=30310797&shcp=ff37627b&idc=useast5"
"[Sticker] Ahora resulta 🙄","64","0","2026-04-21T04:41:58.000Z","lalbertosubaldo","https://www.tiktok.com/@marcosjimenezpere/video/7629973371505249557","7194704848520496134","7631068129380336404","https://p16-common-sign.tiktokcdn-us.com/tos-alisg-avt-0068/7720407f93a1b822dd4cc00cf8b273d9~tplv-tiktokx-cropcenter:100:100.jpg?dr=9640&refresh_token=886d3816&x-expires=1780200000&x-signature=Uhc1o8AOKnOTOqLZAnhClqoZL%2B8%3D&t=4d5b0474&ps=13740610&shp=30310797&shcp=ff37627b&idc=useast5"
"[Sticker] Que una manifestación dice","151","0","2026-04-18T20:58:00.000Z","imanie383","https://www.tiktok.com/@marcosjimenezpere/video/7629973371505249557","6837539392622838789","7630206357577024277","https://p19-common-sign.tiktokcdn-us.com/tos-maliva-avt-0068/9089fc31e4cd2c40b5a776b46c30b417~tplv-tiktokx-cropcenter:100:100.jpg?dr=9640&refresh_token=89b4f813&x-expires=1780200000&x-signature=RjP%2FWymNXdP2uvHPbmKKMyh5Zds%3D&t=4d5b0474&ps=13740610&shp=30310797&shcp=ff37627b&idc=useast5"
"no iba a salir pero ahora como que me están dando unas ganas de ir al ángel de la independencia varios dias seguidos","780","2","2026-04-18T16:18:24.000Z","carlosguevara8485","https://www.tiktok.com/@marcosjimenezpere/video/7629973371505249557","7034909954553627653","7630134369440547604","https://p16-common-sign.tiktokcdn-us.com/tos-maliva-avt-0068/7105141391541403654~tplv-tiktokx-cropcenter:100:100.jpg?dr=9640&refresh_token=fa215509&x-expires=1780200000&x-signature=YFc56%2FjuUvcXbPqtr%2BhmNs%2Bx%2BTk%3D&t=4d5b0474&ps=13740610&shp=30310797&shcp=ff37627b&idc=useast5"
"Cómo que me dan ganas de salir en pijama y despeinada todo el día","548","4","2026-04-20T01:58:22.000Z","turron_de_chamoy_2204","https://www.tiktok.com/@marcosjimenezpere/video/7629973371505249557","7251438444844205062","7630653986605597461","https://p16-common-sign.tiktokcdn-us.com/tos-alisg-avt-0068/8ee3cc39c6709e43b038813d41564e17~tplv-tiktokx-cropcenter:100:100.jpg?dr=9640&refresh_token=dab7de27&x-expires=1780200000&x-signature=O6OBdAAElASW1aas7SMjqbx%2B0PA%3D&t=4d5b0474&ps=13740610&shp=30310797&shcp=ff37627b&idc=useast5"
"Que me paseé en la troka con el audio de la llorona a las 3 de la mañana??? ok","480","13","2026-04-19T00:33:08.000Z","meeenany02","https://www.tiktok.com/@marcosjimenezpere/video/7629973371505249557","6653601428118028294","7630261779331531540","https://p19-common-sign.tiktokcdn-us.com/tos-alisg-avt-0068/d1fd579ee33564c9795c17a9c0cc4784~tplv-tiktokx-cropcenter:100:100.jpg?dr=9640&refresh_token=d50c3ecd&x-expires=1780200000&x-signature=ZSsU9Ri8t%2FuKhUD6zF9H8SuNjEU%3D&t=4d5b0474&ps=13740610&shp=30310797&shcp=ff37627b&idc=useast5"
"Ni mi papá intentó negarme tanto","84","0","2026-04-21T02:14:02.000Z","ginnlicea","https://www.tiktok.com/@marcosjimenezpere/video/7629973371505249557","7117992837266834438","7631029982915937042","https://p19-common-sign.tiktokcdn-us.com/tos-alisg-avt-0068/038b45b062cc79e4d29ba57887a22fd0~tplv-tiktokx-cropcenter:100:100.jpg?dr=9640&refresh_token=15047ef1&x-expires=1780200000&x-signature=tn0L5B08Xo%2BfhM1I03Y%2BbtYLt1c%3D&t=4d5b0474&ps=13740610&shp=30310797&shcp=ff37627b&idc=useast5"
"México quiere a Morena fuera","157","7","2025-11-10T16:12:10.000Z","djorkaeff68","https://www.tiktok.com/@politicomx/video/7571117511932972296","7326252756435665925","7571130209115603732","https://p16-common-sign.tiktokcdn.com/tos-alisg-avt-0068/33de381b92e6a037bb30c8a0358b2445~tplv-tiktokx-cropcenter:100:100.jpg?dr=14579&refresh_token=37c11e02&x-expires=1780200000&x-signature=m1nlAWwm1%2Fqb%2BCjFmN8K3Sv4kvI%3D&t=4d5b0474&ps=13740610&shp=30310797&shcp=ff37627b&idc=my2"
"y cuántos van a regresar con vida a sus ciudades?","7","1","2025-11-10T18:47:03.000Z","cris_esquivel","https://www.tiktok.com/@politicomx/video/7571117511932972296","6784552743614284805","7571170093591134984","https://p16-common-sign.tiktokcdn.com/tos-alisg-avt-0068/7a8191d490ae8bea67a76a9021531fd5~tplv-tiktokx-cropcenter:100:100.jpg?dr=14579&refresh_token=8b1beae1&x-expires=1780200000&x-signature=H589BkXkDMgdDV9QtsRw2lbaRXo%3D&t=4d5b0474&ps=13740610&shp=30310797&shcp=ff37627b&idc=my2"
"Hay que sabotear el mundial","3","2","2025-11-10T19:58:57.000Z","mariariosgranados","https://www.tiktok.com/@politicomx/video/7571117511932972296","6780117585947821062","7571188596167967508","https://p16-common-sign.tiktokcdn.com/tos-alisg-avt-0068/ba64f0cd777f621baf2338246599fda8~tplv-tiktokx-cropcenter:100:100.jpg?dr=14579&refresh_token=e4a70a42&x-expires=1780200000&x-signature=2agTs%2FQ%2BQoi4Y9E4R4bmwVLepAw%3D&t=4d5b0474&ps=13740610&shp=30310797&shcp=ff37627b&idc=my2"
"no van Nadien hasta que Salgan los corruptos Ahora mandamos no Mas dinero alos paises corruptos unance people","3","0","2025-11-11T13:18:20.000Z","wilsonwolfuzhca","https://www.tiktok.com/@politicomx/video/7571117511932972296","7206032537490211882","7571456221146284831","https://p16-common-sign.tiktokcdn.com/tos-maliva-avt-0068/7206033404994715691~tplv-tiktokx-cropcenter:100:100.jpg?dr=14579&refresh_token=92d75f8a&x-expires=1780200000&x-signature=NWosmVCu6%2B7HoZxtPXXW4NVpsgw%3D&t=4d5b0474&ps=13740610&shp=30310797&shcp=ff37627b&idc=my2"
"Conmigo no cuenten.!","1","0","2025-11-11T01:42:14.000Z","mycol75","https://www.tiktok.com/@politicomx/video/7571117511932972296","6958852042233775109","7571277058548220727","https://p16-common-sign.tiktokcdn.com/tos-maliva-avt-0068/6b832c44af69bf020b256b9377c445ba~tplv-tiktokx-cropcenter:100:100.jpg?dr=14579&refresh_token=43908611&x-expires=1780200000&x-signature=fjAuPq5wdxSHVb9lX7JJQuWscM4%3D&t=4d5b0474&ps=13740610&shp=30310797&shcp=ff37627b&idc=my2"
"Habló el experto","2","0","2025-11-11T03:36:16.000Z","n7_.___","https://www.tiktok.com/@politicomx/video/7571117511932972296","7345271370060039173","7571306508571869960","https://p16-common-sign.tiktokcdn.com/tos-alisg-avt-0068/41c4bf25946ee95a8ca4c0eba7f84c72~tplv-tiktokx-cropcenter:100:100.jpg?dr=14579&refresh_token=a3516482&x-expires=1780200000&x-signature=d5wcgczeaHzSdbwNiaoDsO4obWU%3D&t=4d5b0474&ps=13740610&shp=30310797&shcp=ff37627b&idc=my2"
"Estás segura ?","2","1","2025-11-10T15:59:35.000Z","eljeikjimenez","https://www.tiktok.com/@politicomx/video/7571117511932972296","7456979339092493318","7571126985356247815","https://p19-common-sign.tiktokcdn.com/tos-alisg-avt-0068/ebb6cd6f732b0d9e2c65a5d325e80fe6~tplv-tiktokx-cropcenter:100:100.jpg?dr=14579&refresh_token=99655d89&x-expires=1780200000&x-signature=fB5aOD5%2BYe%2Brnc8e9aYYMBBckRE%3D&t=4d5b0474&ps=13740610&shp=30310797&shcp=ff37627b&idc=my2"
"Ya se hubiera remodelado el AICM desde hace años, si no fuera por el capricho de construir el AIFA","6","0","2025-11-10T22:24:06.000Z","patyalor","https://www.tiktok.com/@politicomx/video/7571117511932972296","6741574859833476101","7571226002320507668","https://p16-common-sign.tiktokcdn.com/tos-alisg-avt-0068/6cbd05ee6101ab5ea99970d50a078516~tplv-tiktokx-cropcenter:100:100.jpg?dr=14579&refresh_token=df088841&x-expires=1780200000&x-signature=mIsipIcZhfj6ZYVh1F9HoVBIUms%3D&t=4d5b0474&ps=13740610&shp=30310797&shcp=ff37627b&idc=my2"
"Y por eso es que está viendo de dónde sacar dinero, subiendo impuestos, poniendo impuestos nuevos, dejando a la salud sin medicamentos, pero falta que la FIFA quiera por la violencia que hay en México","3","0","2025-11-10T17:50:34.000Z","zanahoriahuesuda","https://www.tiktok.com/@politicomx/video/7571117511932972296","7302494778112771078","7571155564777947922","https://p16-common-sign.tiktokcdn.com/tos-alisg-avt-0068/7e85f4dde16d9be496d3c15631ca9a47~tplv-tiktokx-cropcenter:100:100.jpg?dr=14579&refresh_token=adae7e25&x-expires=1780200000&x-signature=%2FxdqOe4o075OW2LAOq2B0SoGWIw%3D&t=4d5b0474&ps=13740610&shp=30310797&shcp=ff37627b&idc=my2"
"mis amigos y familiares que viajan s México desde Estados Unidos... regresan sin ninguna novedad, sanos y sin razguños y con mucha mercancía mexicana.","3","0","2025-11-10T23:11:50.000Z","kaley088","https://www.tiktok.com/@politicomx/video/7571117511932972296","7023983142541362182","7571235131730985741","https://p19-common-sign.tiktokcdn.com/tos-maliva-avt-0068/7351053283160490027~tplv-tiktokx-cropcenter:100:100.jpg?dr=14579&refresh_token=8a339306&x-expires=1780200000&x-signature=eJMDGhF6%2F4mgOQiwKZSEfiX1HYQ%3D&t=4d5b0474&ps=13740610&shp=30310797&shcp=ff37627b&idc=my2"
"eres grande precidentes 🥰🥰","1","0","2026-01-12T08:37:57.000Z","glenisraelvelazqu","https://www.tiktok.com/@politicomx/video/7571117511932972296","265070228525641728","7594391501771653906","https://p16-common-sign.tiktokcdn.com/tos-maliva-avt-0068/7328592465010065414~tplv-tiktokx-cropcenter:100:100.jpg?dr=14579&refresh_token=b2bc0958&x-expires=1780200000&x-signature=g1vWiEcffVoUzFe3TmcZlF2VH%2F8%3D&t=4d5b0474&ps=13740610&shp=30310797&shcp=ff37627b&idc=my2"
"A cómo está la inseguridad no creo que lleguen","2","0","2025-11-11T00:30:02.000Z","prezcapricornio","https://www.tiktok.com/@politicomx/video/7571117511932972296","7209723324396667947","7571258465201799967","https://p16-common-sign.tiktokcdn.com/tos-maliva-avt-0068/89187337f8abfdd27e837a684e690c6e~tplv-tiktokx-cropcenter:100:100.jpg?dr=14579&refresh_token=ae9ec481&x-expires=1780200000&x-signature=xe6W%2FE2ghvPJvXHGx%2B2phn7QRtU%3D&t=4d5b0474&ps=13740610&shp=30310797&shcp=ff37627b&idc=my2"
"[Sticker] mi mamá diciéndome que no salga de mi cuarto cuando hay visitas","116","1","2026-04-20T21:31:46.000Z","m0re_kike20","https://www.tiktok.com/@marcosjimenezpere/video/7629973371505249557","6627530865734172677","7630957258889036562","https://p19-common-sign.tiktokcdn-us.com/tos-alisg-avt-0068/285525a7533297144952e31720a24cbf~tplv-tiktokx-cropcenter:100:100.jpg?dr=9640&refresh_token=d1f6689d&x-expires=1780200000&x-signature=akfq6c9AwP5Yw%2BZssOs4KVs2LRU%3D&t=4d5b0474&ps=13740610&shp=30310797&shcp=ff37627b&idc=useast8"
"Mientras me den unos 1500 diarios qué es lo que gano al día, no salgo ni a la esquina","1337","40","2026-04-18T15:54:05.000Z","cesarnv23","https://www.tiktok.com/@marcosjimenezpere/video/7629973371505249557","256412764615766016","7630128091331724039","https://p16-common-sign.tiktokcdn-eu.com/tos-alisg-avt-0068/83ca6702ffaad7a0061d39d8e575a0f8~tplv-tiktokx-cropcenter:100:100.jpg?dr=10399&refresh_token=1670c05b&x-expires=1780200000&x-signature=FsNrurX2QlM8SHEqMxYnQ4nsAKk%3D&t=4d5b0474&ps=13740610&shp=30310797&shcp=ff37627b&idc=no1a"
"Es broma verdad?","83","7","2026-04-18T16:17:14.000Z","el_olafmfh","https://www.tiktok.com/@marcosjimenezpere/video/7629973371505249557","6948109648449881094","7630134043267351316","https://p16-common-sign.tiktokcdn-eu.com/tos-alisg-avt-0068/36a011ce5b9ed75387c7e82b02a912c0~tplv-tiktokx-cropcenter:100:100.jpg?dr=10399&refresh_token=48396b0f&x-expires=1780200000&x-signature=%2B39sZYspUKlCEX1O9xojSKrTIPE%3D&t=4d5b0474&ps=13740610&shp=30310797&shcp=ff37627b&idc=no1a"
"No dijo eso, pidió apoyo a los empresarios para que los trabajadores de oficina pudieran trabajar desde casa y disminuir el tráfico en el mundial","58","54","2026-04-18T19:14:41.000Z","erickgerardo01","https://www.tiktok.com/@marcosjimenezpere/video/7629973371505249557","6828593173192229893","7630179769679119111","https://p16-common-sign.tiktokcdn-eu.com/tos-maliva-avt-0068/7329170786746499078~tplv-tiktokx-cropcenter:100:100.jpg?dr=10399&refresh_token=20d13451&x-expires=1780200000&x-signature=jn9K72mjuIDTsvnHO5T42i6L5I0%3D&t=4d5b0474&ps=13740610&shp=30310797&shcp=ff37627b&idc=no1a"
"A quien se le ocurrió esa brillante idea? 🙄","1016","21","2026-04-18T14:40:23.000Z","rmd5977","https://www.tiktok.com/@marcosjimenezpere/video/7629973371505249557","7519586284546704401","7630109075641418512","https://p16-common-sign.tiktokcdn-eu.com/tos-alisg-avt-0068/ac93691f465597db8b5e49d6b333bde2~tplv-tiktokx-cropcenter:100:100.jpg?dr=10399&refresh_token=2a1f2fab&x-expires=1780200000&x-signature=SsXBOvLHsp8CxCEOJhJLhMI5pE8%3D&t=4d5b0474&ps=13740610&shp=30310797&shcp=ff37627b&idc=no1a"
"soluciones del bienestar","232","2","2026-04-18T14:52:46.000Z","__scp__049_","https://www.tiktok.com/@marcosjimenezpere/video/7629973371505249557","6830786790221595654","7630112299633656583","https://p16-common-sign.tiktokcdn-eu.com/tos-maliva-avt-0068/e8dc1a5397dc6dce5fc1f42f96a9ed6a~tplv-tiktokx-cropcenter:100:100.jpg?dr=10399&refresh_token=0fcfed93&x-expires=1780200000&x-signature=dfkESVaoFgAHC8TGUoYJHjuBxLY%3D&t=4d5b0474&ps=13740610&shp=30310797&shcp=ff37627b&idc=no1a"
"Entonces los comerciantes, guías turísticos, restaurantes, hoteles y demás no abran y disfrute su día en casita :)","72","4","2026-04-19T01:37:57.000Z","q_ann_t","https://www.tiktok.com/@marcosjimenezpere/video/7629973371505249557","7022783063072441349","7630278500356457232","https://p16-common-sign.tiktokcdn-eu.com/tos-maliva-avt-0068/2d56f4bdafbcebf17c7b530f7c1d77a0~tplv-tiktokx-cropcenter:100:100.jpg?dr=10399&refresh_token=31f64503&x-expires=1780200000&x-signature=fc5bBjl0OVC2OPXwA5HttC1C4Rk%3D&t=4d5b0474&ps=13740610&shp=30310797&shcp=ff37627b&idc=no1a"
"los que trabajamos en plazas, autoservicios, transportes públicos, etc, no hay que ir a trabajar para que no haya personal y Haci estén cerrados y que que lo sugirió la clara brugada","26","1","2026-04-20T02:27:16.000Z","vereliaa","https://www.tiktok.com/@marcosjimenezpere/video/7629973371505249557","6519567615373906944","7630662305303216917","https://p16-common-sign.tiktokcdn-eu.com/tos-alisg-avt-0068/03e8a71a67cbf317e2de11368222018e~tplv-tiktokx-cropcenter:100:100.jpg?dr=10399&refresh_token=e36c9169&x-expires=1780200000&x-signature=yYrg%2F7BAJj5SydP92AtkX%2FwSFI8%3D&t=4d5b0474&ps=13740610&shp=30310797&shcp=ff37627b&idc=no1a"
"Eso me sono a reto...😂","11","1","2026-04-21T04:52:59.000Z","yo_soy_saturno16","https://www.tiktok.com/@marcosjimenezpere/video/7629973371505249557","6843496520680178693","7631070952047100693","https://p16-common-sign.tiktokcdn-eu.com/tos-alisg-avt-0068/032d0c54797b58535036b59aff37c344~tplv-tiktokx-cropcenter:100:100.jpg?dr=10399&refresh_token=458b196d&x-expires=1780200000&x-signature=VNfKNwE6ScA%2BPTiBu2ie8C3h0jI%3D&t=4d5b0474&ps=13740610&shp=30310797&shcp=ff37627b&idc=no1a"
"pues suena bien, que las personas que puedan hacer home office lo hagan y así reducen el tráfico, eso no solo beneficiaria a los turistas también a los que trabajan en oficios que no son administrativos","13","8","2026-04-18T20:40:50.000Z","liz_liz25","https://www.tiktok.com/@marcosjimenezpere/video/7629973371505249557","6690633475550856198","7630201940836352788","https://p19-common-sign.tiktokcdn-eu.com/tos-maliva-avt-0068/27e4b66819d21d8831e9df847f9b9555~tplv-tiktokx-cropcenter:100:100.jpg?dr=10399&refresh_token=1888c208&x-expires=1780200000&x-signature=TycAmkvhTbE22Admce%2Fv88y8MaQ%3D&t=4d5b0474&ps=13740610&shp=30310797&shcp=ff37627b&idc=no1a"
"yo aún me preguntó,que tiene de importante el mundial de fútbol? que da o en qué beneficia esa madre?","64","4","2026-04-21T03:07:11.000Z","brandon.snchex","https://www.tiktok.com/@marcosjimenezpere/video/7629973371505249557","7522114748957279239","7631043702194160392","https://p16-common-sign.tiktokcdn-eu.com/tos-alisg-avt-0068/3ebbcc01c4d83989e1e57ffbfed97855~tplv-tiktokx-cropcenter:100:100.jpg?dr=10399&refresh_token=c85c6bff&x-expires=1780200000&x-signature=neAyFH5LRUOClHTxU8ip20zV2xw%3D&t=4d5b0474&ps=13740610&shp=30310797&shcp=ff37627b&idc=no1a"
"todo por eso hay que salir jajaj 🤭😂","33","2","2026-04-18T23:21:02.000Z","mildsfajardo","https://www.tiktok.com/@marcosjimenezpere/video/7629973371505249557","6686939455154816006","7630243151669035784","https://p16-common-sign.tiktokcdn-eu.com/tos-maliva-avt-0068/201379875e5694bdcd459f193a1f1d2c~tplv-tiktokx-cropcenter:100:100.jpg?dr=10399&refresh_token=5d44f346&x-expires=1780200000&x-signature=3ToEuFTYhjwHmiUQjdVOCgqg3tQ%3D&t=4d5b0474&ps=13740610&shp=30310797&shcp=ff37627b&idc=no1a"
"[Sticker] pero porqué? si la movilidad está al 100","68","0","2026-04-20T14:16:37.000Z","mayitab81","https://www.tiktok.com/@marcosjimenezpere/video/7629973371505249557","7041607114469114886","7630845142786802440","https://p19-common-sign.tiktokcdn-us.com/tos-maliva-avt-0068/763e54d52e3c0e381be651b24d62c214~tplv-tiktokx-cropcenter:100:100.jpg?dr=9640&refresh_token=e3cddb11&x-expires=1780200000&x-signature=ES9dA7oUCXFHePGhIoEQMeOlsgE%3D&t=4d5b0474&ps=13740610&shp=30310797&shcp=ff37627b&idc=useast5"
"[Sticker] Mi humilde opinión","54","0","2026-04-20T02:19:58.000Z","williams.hernndez63","https://www.tiktok.com/@marcosjimenezpere/video/7629973371505249557","7536844497126261767","7630660458483155720","https://p16-common-sign.tiktokcdn-us.com/tos-alisg-avt-0068/1cbbc3b5e5cf9c6fbfe0aec9a85d0693~tplv-tiktokx-cropcenter:100:100.jpg?dr=9640&refresh_token=c19de56f&x-expires=1780200000&x-signature=YPdznExuaxpGWlJyRBMB0knplVY%3D&t=4d5b0474&ps=13740610&shp=30310797&shcp=ff37627b&idc=useast5"
"[Sticker] vamos Todos !!!!","65","0","2026-04-20T21:43:55.000Z","vicariook","https://www.tiktok.com/@marcosjimenezpere/video/7629973371505249557","7514447574541108232","7630960307863978759","https://p16-common-sign.tiktokcdn-us.com/tos-alisg-avt-0068/1c2e2e307e1d3a5f3f86551dfb935f04~tplv-tiktokx-cropcenter:100:100.jpg?dr=9640&refresh_token=0d7c2efc&x-expires=1780200000&x-signature=RN8kSFyLaTZNsTRmrG%2BoLbctLhk%3D&t=4d5b0474&ps=13740610&shp=30310797&shcp=ff37627b&idc=useast5"
"[Sticker] ¿que salgan dice?","42","0","2026-04-20T14:49:58.000Z","don_titto","https://www.tiktok.com/@marcosjimenezpere/video/7629973371505249557","7292058414149092357","7630853726216028948","https://p16-common-sign.tiktokcdn-us.com/tos-maliva-avt-0068/5428d421763853ca73f0d1645011b7b2~tplv-tiktokx-cropcenter:100:100.jpg?dr=9640&refresh_token=6369f186&x-expires=1780200000&x-signature=7jJZIHTTyIM8GSjGkSJg9qd6lOU%3D&t=4d5b0474&ps=13740610&shp=30310797&shcp=ff37627b&idc=useast5"
"que quiere manifestaciones, dice","58","0","2026-04-18T22:36:33.000Z","im30205","https://www.tiktok.com/@marcosjimenezpere/video/7629973371505249557","7454702130730386438","7630231744352731925","https://p19-common-sign.tiktokcdn-us.com/tos-maliva-avt-0068/fe51087f6a681c360bfa4b082fea5139~tplv-tiktokx-cropcenter:100:100.jpg?dr=9640&refresh_token=18b40925&x-expires=1780200000&x-signature=hMz80VAol0%2B9l6OJtSnf%2FsW9%2FYQ%3D&t=4d5b0474&ps=13740610&shp=30310797&shcp=ff37627b&idc=useast5"
"[Sticker] que salgamos entendí","26","0","2026-04-19T02:25:07.000Z","frijoles_del_mal","https://www.tiktok.com/@marcosjimenezpere/video/7629973371505249557","6524458906567622658","7630290691739239175","https://p16-common-sign.tiktokcdn-us.com/tos-alisg-avt-0068/6553a3a0055200feae194c28536786ed~tplv-tiktokx-cropcenter:100:100.jpg?dr=9640&refresh_token=c7d95fd4&x-expires=1780200000&x-signature=mb%2FDN9L3N7La%2FE4pnKZdoMfd428%3D&t=4d5b0474&ps=13740610&shp=30310797&shcp=ff37627b&idc=useast5"
"yo no iba a salir, pero ahora me veo en la necesidad de salir esos días 👀","51","0","2026-04-21T03:38:55.000Z","vancarav","https://www.tiktok.com/@marcosjimenezpere/video/7629973371505249557","6882360101891965957","7631051891891667730","https://p19-common-sign.tiktokcdn-us.com/tos-alisg-avt-0068/3ff394b423586283e63ff2ac29ef6f9f~tplv-tiktokx-cropcenter:100:100.jpg?dr=9640&refresh_token=47d26aca&x-expires=1780200000&x-signature=Hzf2fiJcMx8pk%2FfXMeZxPnjw3GA%3D&t=4d5b0474&ps=13740610&shp=30310797&shcp=ff37627b&idc=useast5"
"Esto sonó como un reto de salir más 🤝","77","0","2026-04-20T23:29:20.000Z","susanacuervo_","https://www.tiktok.com/@marcosjimenezpere/video/7629973371505249557","7081068707958686725","7630987517342090002","https://p19-common-sign.tiktokcdn-us.com/tos-alisg-avt-0068/769a068186976b2014d58022d1c3ccfe~tplv-tiktokx-cropcenter:100:100.jpg?dr=9640&refresh_token=69db4559&x-expires=1780200000&x-signature=ALeMnAER4lvePcgl71bCcyefdd8%3D&t=4d5b0474&ps=13740610&shp=30310797&shcp=ff37627b&idc=useast5"
"no me agrada mucho salir, pero nomas por eso me voy a ir a dar la vuelta 😂","40","1","2026-04-20T21:33:34.000Z","mirsaarauz","https://www.tiktok.com/@marcosjimenezpere/video/7629973371505249557","7003202302019142661","7630957715384206101","https://p19-common-sign.tiktokcdn-us.com/tos-maliva-avt-0068/c4f4549414601164a33493f4f5a68c17~tplv-tiktokx-cropcenter:100:100.jpg?dr=9640&refresh_token=9221dade&x-expires=1780200000&x-signature=xFCg8Hb8Tb6irmmUEOKuwhwBlxo%3D&t=4d5b0474&ps=13740610&shp=30310797&shcp=ff37627b&idc=useast5"
"más bien salgamos hay que disfrutar de los turistas","54","0","2026-04-20T13:46:02.000Z","andrearomano9616","https://www.tiktok.com/@marcosjimenezpere/video/7629973371505249557","7269033071529460741","7630837279992513288","https://p19-common-sign.tiktokcdn-us.com/tos-alisg-avt-0068/9440a9fc66a8b965d54aae9ee7188ff8~tplv-tiktokx-cropcenter:100:100.jpg?dr=9640&refresh_token=4a4cc28f&x-expires=1780200000&x-signature=hqNZ17U3goELYByx29UIQBYACe8%3D&t=4d5b0474&ps=13740610&shp=30310797&shcp=ff37627b&idc=useast5"
"[Sticker] ni mi mamá se avergüenza tanto de mi","68","0","2026-04-20T23:47:20.000Z","shashenka_cv","https://www.tiktok.com/@marcosjimenezpere/video/7629973371505249557","7046272658514641925","7630992103532823317","https://p16-common-sign.tiktokcdn-us.com/tos-alisg-avt-0068/61aa1b0f5f44da36288eaeb843b814f0~tplv-tiktokx-cropcenter:100:100.jpg?dr=9640&refresh_token=35d7bd9a&x-expires=1780200000&x-signature=LKQnJNiOpugX2nXlW5IjdGhBGiQ%3D&t=4d5b0474&ps=13740610&shp=30310797&shcp=ff37627b&idc=useast5"
"Todos salimos en pijama jajaja","56","0","2026-04-20T14:28:31.000Z","sara_14.20","https://www.tiktok.com/@marcosjimenezpere/video/7629973371505249557","7236409626559693829","7630848187457307413","https://p19-common-sign.tiktokcdn-us.com/tos-maliva-avt-0068/7236410122736992262~tplv-tiktokx-cropcenter:100:100.jpg?dr=9640&refresh_token=207aa843&x-expires=1780200000&x-signature=qhQ%2F1nuhk7ZqROVQfbVxJnz4Fh4%3D&t=4d5b0474&ps=13740610&shp=30310797&shcp=ff37627b&idc=useast5"
"[Sticker] ayora pues si es mi casa","42","0","2026-04-21T00:02:52.000Z","syebnow.hr","https://www.tiktok.com/@marcosjimenezpere/video/7629973371505249557","6728190593460438021","7630996151689249554","https://p16-common-sign.tiktokcdn-us.com/tos-alisg-avt-0068/2a77738cf13433822efe553385dce010~tplv-tiktokx-cropcenter:100:100.jpg?dr=9640&refresh_token=ad3d97ed&x-expires=1780200000&x-signature=OclJ2HUv7K67i4LN%2FNpnnfC5FOQ%3D&t=4d5b0474&ps=13740610&shp=30310797&shcp=ff37627b&idc=useast5"
"Ahhh claro, dejen le aviso a mis profes que no iré porque los turistas quieren visitar","62","0","2026-04-20T04:12:23.000Z","starluvs.s","https://www.tiktok.com/@marcosjimenezpere/video/7629973371505249557","6946650888741012486","7630689401068651285","https://p16-common-sign.tiktokcdn-us.com/tos-alisg-avt-0068/7a2ad8407019c398e7731367eea43785~tplv-tiktokx-cropcenter:100:100.jpg?dr=9640&refresh_token=0cc96ef7&x-expires=1780200000&x-signature=SYyuknFodsve8GYQSxiZzam0nTU%3D&t=4d5b0474&ps=13740610&shp=30310797&shcp=ff37627b&idc=useast5"
"Ay bebé que crees me están dando hartas ganas de salir durante el mundial no más para estorbar e incomodar jajajaja","62","0","2026-04-21T02:38:42.000Z","arte_kari","https://www.tiktok.com/@marcosjimenezpere/video/7629973371505249557","6562970911532056581","7631036325836555016","https://p16-common-sign.tiktokcdn-us.com/tos-alisg-avt-0068/c7b0b2d11f3ab75cd03e57107ad0e3d2~tplv-tiktokx-cropcenter:100:100.jpg?dr=9640&refresh_token=d8bc2a47&x-expires=1780200000&x-signature=G7XoU5UrSU9UsNyrUPHgfJMoglU%3D&t=4d5b0474&ps=13740610&shp=30310797&shcp=ff37627b&idc=useast5"
"ahora resulta que, ni en mi propio país me quieren 😂😂😂","45","0","2026-04-18T23:14:37.000Z","marisol.lopez423","https://www.tiktok.com/@marcosjimenezpere/video/7629973371505249557","7259942200087577606","7630241564593406737","https://p16-common-sign.tiktokcdn-us.com/musically-maliva-obj/1594805258216454~tplv-tiktokx-cropcenter:100:100.jpg?dr=9640&refresh_token=f6d184af&x-expires=1780200000&x-signature=VW8UWPJqAaIplom5IP4ju2xgIsk%3D&t=4d5b0474&ps=13740610&shp=30310797&shcp=ff37627b&idc=useast5"
"[Sticker] que me van a pagar esos días o que?","48","0","2026-04-18T21:31:58.000Z","kitagawaharu20","https://www.tiktok.com/@marcosjimenezpere/video/7629973371505249557","6783406289924113414","7630215068077458197","https://p16-common-sign.tiktokcdn-us.com/tos-alisg-avt-0068/ef10af30bfa9b4f342314e5dafa906a2~tplv-tiktokx-cropcenter:100:100.jpg?dr=9640&refresh_token=32f5ff4a&x-expires=1780200000&x-signature=iWFlWNhlOJwW3WEQZhHva7UlPgk%3D&t=4d5b0474&ps=13740610&shp=30310797&shcp=ff37627b&idc=useast5"
"que salgan todos y muestren el hermoso tráfico de la vida diaria 👍🖤✨","47","0","2026-04-20T13:16:38.000Z","yorunaths","https://www.tiktok.com/@marcosjimenezpere/video/7629973371505249557","7039895002910442501","7630829670099649301","https://p16-common-sign.tiktokcdn-us.com/tos-maliva-avt-0068/9da10ea235a64fc4dc5bc8a6c898c9fb~tplv-tiktokx-cropcenter:100:100.jpg?dr=9640&refresh_token=29ab44c7&x-expires=1780200000&x-signature=QHCa0qK0PtsWFsm08DydvEwfxD4%3D&t=4d5b0474&ps=13740610&shp=30310797&shcp=ff37627b&idc=useast5"
"Yo no quería trabajar esos días pero creo que hasta caminando me voy a ir 😁","26","0","2026-04-22T15:26:42.000Z","dulcepaolasuarez","https://www.tiktok.com/@marcosjimenezpere/video/7629973371505249557","6904491466925605894","7631605350840763157","https://p16-common-sign.tiktokcdn-us.com/tos-maliva-avt-0068/7326688724484358149~tplv-tiktokx-cropcenter:100:100.jpg?dr=9640&refresh_token=1e2df489&x-expires=1780200000&x-signature=yKvYecmhfd5KRdLngwlBI8N%2FR1c%3D&t=4d5b0474&ps=13740610&shp=30310797&shcp=ff37627b&idc=useast5"
"no soy alguien de salir mucho, pero ya estuvo que esos días si o si voy a estar en la calle","50","0","2026-04-19T19:13:48.000Z","ii3nqkkai","https://www.tiktok.com/@marcosjimenezpere/video/7629973371505249557","7185413334794667013","7630550631346406162","https://p19-common-sign.tiktokcdn-us.com/tos-alisg-avt-0068/4996923a1d7fee6bd81af02ac86c9bc0~tplv-tiktokx-cropcenter:100:100.jpg?dr=9640&refresh_token=ea4df5c4&x-expires=1780200000&x-signature=ab1mYmJ2WhaRrOAI%2FwIEiQMIKkE%3D&t=4d5b0474&ps=13740610&shp=30310797&shcp=ff37627b&idc=useast5"
"A mi no me gusta salir pero solo por eso voy a salir justo cuando sea el mundial","85","1","2026-04-20T15:26:38.000Z","quetz_raro","https://www.tiktok.com/@marcosjimenezpere/video/7629973371505249557","6897098227008160769","7630863191967286034","https://p16-common-sign.tiktokcdn-us.com/tos-alisg-avt-0068/d23e1a031e2d8e1b58776577224d3508~tplv-tiktokx-cropcenter:100:100.jpg?dr=9640&refresh_token=9e9faddb&x-expires=1780200000&x-signature=CwHNnyN0az2sTfLkHhV3ACvB%2BkM%3D&t=4d5b0474&ps=13740610&shp=30310797&shcp=ff37627b&idc=useast5"
"Odio salir... Pero como soy bien necia esos días me la voy a pasar de vaga 😈","21","0","2026-04-21T02:33:21.000Z","togepim","https://www.tiktok.com/@marcosjimenezpere/video/7629973371505249557","6917671562348348421","7631034971943486229","https://p16-common-sign.tiktokcdn-us.com/tos-alisg-avt-0068/4f191fe8dd2217736e9aefe03e9d71b7~tplv-tiktokx-cropcenter:100:100.jpg?dr=9640&refresh_token=cd441e27&x-expires=1780200000&x-signature=ZAzQtJUG7rajhwkC79lidDlo1qg%3D&t=4d5b0474&ps=13740610&shp=30310797&shcp=ff37627b&idc=useast5"
"que pongamos música a todo volumen toda la noche entendido","39","0","2026-04-18T22:51:31.000Z","yang74372","https://www.tiktok.com/@marcosjimenezpere/video/7629973371505249557","6956260997738202118","7630235607918658325","https://p16-common-sign.tiktokcdn-us.com/tos-alisg-avt-0068/0121f5277491175245b7424d43d18131~tplv-tiktokx-cropcenter:100:100.jpg?dr=9640&refresh_token=8a5dcc57&x-expires=1780200000&x-signature=fYxWocbggCfsKB0r7Kcqgq5DQzk%3D&t=4d5b0474&ps=13740610&shp=30310797&shcp=ff37627b&idc=useast5"
"que dice que salgamos a las calles a disfrutar en familia como buenos mexicanos que somos jajajaj","34","0","2026-04-19T01:51:36.000Z","gatytamimoza","https://www.tiktok.com/@marcosjimenezpere/video/7629973371505249557","7201379531302585350","7630282031494906644","https://p16-common-sign.tiktokcdn-us.com/tos-maliva-avt-0068/427b17ad9a5a6c90e59ca9c812504a21~tplv-tiktokx-cropcenter:100:100.jpg?dr=9640&refresh_token=c358f058&x-expires=1780200000&x-signature=RosZ5Rxm4gMXMBE091uSgSsn0Qs%3D&t=4d5b0474&ps=13740610&shp=30310797&shcp=ff37627b&idc=useast5"
"Y QUE TAL SI MEJOR RENUNCIA","38","0","2026-04-18T22:46:11.000Z","pepelepepcastro","https://www.tiktok.com/@marcosjimenezpere/video/7629973371505249557","7209718696625013762","7630234229061911317","https://p16-common-sign.tiktokcdn-us.com/tos-maliva-avt-0068/8a764fe3aa563abb6eb9860e94bbcc2b~tplv-tiktokx-cropcenter:100:100.jpg?dr=9640&refresh_token=1c8b2c3b&x-expires=1780200000&x-signature=4O2EJ1YTJB3B55OS3ai9Ua60GcA%3D&t=4d5b0474&ps=13740610&shp=30310797&shcp=ff37627b&idc=useast5"
"GRACIAS PRESIDENTA TIENES TODO NUESTRO APOYO","7","0","2025-11-10T19:33:29.000Z","alexander.martine5194","https://www.tiktok.com/@politicomx/video/7571117511932972296","7560152893036692481","7571182048711623425","https://p16-common-sign.tiktokcdn-us.com/tos-alisg-avt-0068/248f324f181f6cd9b660e9b2bbe3feb3~tplv-tiktokx-cropcenter:100:100.jpg?dr=9640&refresh_token=75f4e1b2&x-expires=1780200000&x-signature=ngWaOHKnxKt8KI0cC09xCBlPrbY%3D&t=4d5b0474&ps=13740610&shp=30310797&shcp=ff37627b&idc=useast8"
"Y usted cree que la gente va a ir después de todo lo que está pasando en México 🇲🇽","2","0","2025-11-11T21:25:02.000Z","marlonmorales793","https://www.tiktok.com/@politicomx/video/7571117511932972296","7328425358420067334","7571581822061708033","https://p16-common-sign.tiktokcdn-us.com/tos-maliva-avt-0068/ee036b44312b56cf4b4f98c8c6bb7b36~tplv-tiktokx-cropcenter:100:100.jpg?dr=9640&refresh_token=3bb80011&x-expires=1780200000&x-signature=CB5hehUpdXRf6nQJ5auR02%2BBDA8%3D&t=4d5b0474&ps=13740610&shp=30310797&shcp=ff37627b&idc=useast8"
"A ver como le va, mucha inseguridad.","2","0","2025-11-12T00:22:30.000Z","angelz_9029","https://www.tiktok.com/@politicomx/video/7571117511932972296","6814205576513143814","7571627558544261895","https://p19-common-sign.tiktokcdn-us.com/tos-alisg-avt-0068/3bd34690ca5b0304e99fe649ccc4503f~tplv-tiktokx-cropcenter:100:100.jpg?dr=9640&refresh_token=a69aabe1&x-expires=1780200000&x-signature=%2FIujlk5jOBkZNRuiTe1QPIXl57o%3D&t=4d5b0474&ps=13740610&shp=30310797&shcp=ff37627b&idc=useast8"
"La policía se frota las manos , de imaginarse 😁😁😁😁😁","2","0","2025-11-11T12:02:55.000Z","user3379581685706","https://www.tiktok.com/@politicomx/video/7571117511932972296","7238065700019340330","7571436869704024846","https://p19-common-sign.tiktokcdn-us.com/tos-useast5-avt-0068-tx/5ea284769b47c710b76af3f72c8ace0e~tplv-tiktokx-cropcenter:100:100.jpg?dr=9640&refresh_token=016f349b&x-expires=1780200000&x-signature=WiFrViNicXtMdzUduSTx%2FbUYl48%3D&t=4d5b0474&ps=13740610&shp=30310797&shcp=ff37627b&idc=useast8"
"creo no se hará ya","2","0","2026-02-23T03:49:15.000Z","monttnaaaa","https://www.tiktok.com/@politicomx/video/7571117511932972296","7434049195734877190","7609902659827237653","https://p16-common-sign.tiktokcdn-us.com/tos-alisg-avt-0068/0299a1e98b8bba5f93522ed1d6e133a9~tplv-tiktokx-cropcenter:100:100.jpg?dr=9640&refresh_token=d6eee264&x-expires=1780200000&x-signature=dkVvcIas8tIsopbP5xIJMkFdv2Q%3D&t=4d5b0474&ps=13740610&shp=30310797&shcp=ff37627b&idc=useast8"
"A como están las cosas la vrdd deberían cambiar mejor todos los partidos a eu aunque nos duela a nosotros los mexas, la vrdd hay una inseguridad muy grande y los turistas pueden apeligrar entre ellos niños :(","3","0","2025-11-15T03:11:56.000Z","aleexiis99","https://www.tiktok.com/@politicomx/video/7571117511932972296","7223957142255223814","7572784562926420754","https://p19-common-sign.tiktokcdn-us.com/tos-alisg-avt-0068/30dfb4e299f40c50d5837c12e9a06c76~tplv-tiktokx-cropcenter:100:100.jpg?dr=9640&refresh_token=5ff9f09b&x-expires=1780200000&x-signature=%2FJZOa1CnNye2fbdDW4T%2F5gG%2FX4o%3D&t=4d5b0474&ps=13740610&shp=30310797&shcp=ff37627b&idc=useast8"
"nooooo creoooo","1","0","2026-02-25T21:52:01.000Z","anonymous_6.5yla40","https://www.tiktok.com/@politicomx/video/7571117511932972296","7237250112743867397","7610923857436918536","https://p19-common-sign.tiktokcdn-us.com/tos-maliva-avt-0068/6887dbd28ae861846348f571c670665f~tplv-tiktokx-cropcenter:100:100.jpg?dr=9640&refresh_token=123213e2&x-expires=1780200000&x-signature=jbZNinYDUdQlvsAM8VaWqWQEovM%3D&t=4d5b0474&ps=13740610&shp=30310797&shcp=ff37627b&idc=useast8"
"inversión para quien mejor invierte en la ceguridad y gente te gastas menos","4","0","2025-11-10T23:11:34.000Z","romeroromerito60","https://www.tiktok.com/@politicomx/video/7571117511932972296","6924820859949663238","7571238207984829204","https://p19-common-sign.tiktokcdn-us.com/tos-alisg-avt-0068/029031e7ee31e92e792eb44a3b650512~tplv-tiktokx-cropcenter:100:100.jpg?dr=9640&refresh_token=41bc3b9a&x-expires=1780200000&x-signature=BbN0v7HRZdw7ovvUpr8x8jurQz8%3D&t=4d5b0474&ps=13740610&shp=30310797&shcp=ff37627b&idc=useast8"
"todo aquel que quiera venir nuestro bello México todos sean bienvenidos, dejen de ver noticias amarillistas y tik tok, en todos los países hay inseguridad.","3","0","2025-12-12T00:48:12.000Z","marimar3013","https://www.tiktok.com/@politicomx/video/7571117511932972296","7460007984426025989","7582766785733706514","https://p19-common-sign.tiktokcdn-us.com/tos-maliva-avt-0068/ce2c011453787913a33498f1f32f4f5c~tplv-tiktokx-cropcenter:100:100.jpg?dr=9640&refresh_token=b62cae1a&x-expires=1780200000&x-signature=mAwYOheV%2BKSYViGtCN7MIIPJY0A%3D&t=4d5b0474&ps=13740610&shp=30310797&shcp=ff37627b&idc=useast8"
"Ya no doña","4","0","2025-11-10T23:38:47.000Z","josehuerta393y0","https://www.tiktok.com/@politicomx/video/7571117511932972296","6876973582502396933","7571245242705478430","https://p16-common-sign.tiktokcdn-us.com/tos-maliva-avt-0068/7325742091622547461~tplv-tiktokx-cropcenter:100:100.jpg?dr=9640&refresh_token=84a8345b&x-expires=1780200000&x-signature=R5dl2sANAlsf95sWzJRfZJNiwJQ%3D&t=4d5b0474&ps=13740610&shp=30310797&shcp=ff37627b&idc=useast8"
"No gracias esta dura la delinquencia","1","0","2025-11-11T01:47:31.000Z","djcdariel","https://www.tiktok.com/@politicomx/video/7571117511932972296","7207802041040094254","7571278358651765559","https://p16-common-sign.tiktokcdn-us.com/tos-useast5-avt-0068-tx/0198a285eb42d7e6e52699557273cbe6~tplv-tiktokx-cropcenter:100:100.jpg?dr=9640&refresh_token=c2fd212f&x-expires=1780200000&x-signature=D%2FBqZfDsveXrQMBhfe88Ti7jKUE%3D&t=4d5b0474&ps=13740610&shp=30310797&shcp=ff37627b&idc=useast8"
"Jaja","1","0","2025-11-11T05:38:17.000Z","yyyttfdsd","https://www.tiktok.com/@politicomx/video/7571117511932972296","7153685877787935749","7571337923523822344","https://p16-common-sign.tiktokcdn-us.com/tos-alisg-avt-0068/eb9419ee960741952cc70724f29374b9~tplv-tiktokx-cropcenter:100:100.jpg?dr=9640&refresh_token=a3a10b2d&x-expires=1780200000&x-signature=EX%2FaRKdIK6ZaSprdMD4yl9jHyik%3D&t=4d5b0474&ps=13740610&shp=30310797&shcp=ff37627b&idc=useast8"
"No es un país ceguro para un evento de esa magnitud","0","1","2025-11-11T12:30:57.000Z","saymonmtz22","https://www.tiktok.com/@politicomx/video/7571117511932972296","6858016120886379525","7571444177666425613","https://p16-common-sign.tiktokcdn-us.com/tos-useast5-avt-0068-tx/72d332a4a038f7eb3d09548991c98d10~tplv-tiktokx-cropcenter:100:100.jpg?dr=9640&refresh_token=6abff978&x-expires=1780200000&x-signature=%2FU1rNmv4gW%2B5na0qf7vNVwn8GWE%3D&t=4d5b0474&ps=13740610&shp=30310797&shcp=ff37627b&idc=useast8"
"con gobierno narcor país","3","0","2025-11-11T02:02:12.000Z","manny.manuel.mira","https://www.tiktok.com/@politicomx/video/7571117511932972296","7291849398227960875","7571282181584372493","https://p16-common-sign.tiktokcdn-us.com/tos-useast5-avt-0068-tx/42de9371c3cb60728ecdc3b24c486828~tplv-tiktokx-cropcenter:100:100.jpg?dr=9640&refresh_token=ddad47c0&x-expires=1780200000&x-signature=0EGXKJNO3zjugci0cPS8nybwZQg%3D&t=4d5b0474&ps=13740610&shp=30310797&shcp=ff37627b&idc=useast8"
"y la inseguridad","3","0","2025-11-10T20:29:25.000Z","logangarcis","https://www.tiktok.com/@politicomx/video/7571117511932972296","6808306905816007685","7571196437259584264","https://p19-common-sign.tiktokcdn-us.com/tos-alisg-avt-0068/487f7d422d399c9ba579d7213f17e93e~tplv-tiktokx-cropcenter:100:100.jpg?dr=9640&refresh_token=3bd1397c&x-expires=1780200000&x-signature=5upKgHkdgw37SXxnB7MOXUm9YSA%3D&t=4d5b0474&ps=13740610&shp=30310797&shcp=ff37627b&idc=useast8"
"Mejor invertir en las carreteras de los pueblos","1","1","2025-11-11T07:56:06.000Z","solocristosalva26","https://www.tiktok.com/@politicomx/video/7571117511932972296","6937745448258864133","7571372978211881759","https://p19-common-sign.tiktokcdn-us.com/tos-useast8-avt-0068-tx2/37ecb127cc557d550e79853a6536d390~tplv-tiktokx-cropcenter:100:100.jpg?dr=9640&refresh_token=4048719e&x-expires=1780200000&x-signature=1eiXqFt8s%2Fc1PEYns%2FkO2W3GfiY%3D&t=4d5b0474&ps=13740610&shp=30310797&shcp=ff37627b&idc=useast8"
"hojala y estén preparados para dar buenservicio","3","0","2025-11-10T21:36:11.000Z","conrado.ramos0","https://www.tiktok.com/@politicomx/video/7571117511932972296","7021353294677722117","7571213655833494286","https://p16-common-sign.tiktokcdn-us.com/tos-useast5-avt-0068-tx/7305907148267995182~tplv-tiktokx-cropcenter:100:100.jpg?dr=9640&refresh_token=4fd56694&x-expires=1780200000&x-signature=NUPMHoA3dWNyY6C4hCIWbF3z%2F0M%3D&t=4d5b0474&ps=13740610&shp=30310797&shcp=ff37627b&idc=useast8"
"Presidenta 🥰","1","1","2025-11-10T20:26:18.000Z","letelara27","https://www.tiktok.com/@politicomx/video/7571117511932972296","7046137846771647493","7571193550761132817","https://p19-common-sign.tiktokcdn-us.com/tos-alisg-avt-0068/8c1eb04aa917671643b7d94c9f42464c~tplv-tiktokx-cropcenter:100:100.jpg?dr=9640&refresh_token=350f2d9a&x-expires=1780200000&x-signature=aiWSie73T1aquOifQi0AQx5hrZ4%3D&t=4d5b0474&ps=13740610&shp=30310797&shcp=ff37627b&idc=useast5"
"Todo bien y no dijo nada de la inseguridad que tendrán los turistas","2","0","2025-11-10T18:44:16.000Z","rogerjim","https://www.tiktok.com/@politicomx/video/7571117511932972296","6797803948683363334","7571169420182078215","https://p16-common-sign.tiktokcdn-us.com/tos-maliva-avt-0068/7330213748126253061~tplv-tiktokx-cropcenter:100:100.jpg?dr=9640&refresh_token=9cd3d04a&x-expires=1780200000&x-signature=UkmBmNd1S6dlUEHJK5lKfNnSgMc%3D&t=4d5b0474&ps=13740610&shp=30310797&shcp=ff37627b&idc=useast5"
"si no hay maíz no hay mundial 😎","2","0","2025-11-27T16:09:14.000Z","balduino702","https://www.tiktok.com/@politicomx/video/7571117511932972296","7293302028066096134","7577437891774546695","https://p16-common-sign.tiktokcdn.com/tos-alisg-avt-0068/91884df4c1fbcdbb11530e5dc37b8ddf~tplv-tiktokx-cropcenter:100:100.jpg?dr=14579&refresh_token=e7ff8d51&x-expires=1780200000&x-signature=SRcLS%2FVINJ8PbV0e1sDC6Fl1wTY%3D&t=4d5b0474&ps=13740610&shp=30310797&shcp=ff37627b&idc=my"
"🔥🔥🔥 WWOW!!! VIVA MEXICOOOOO 🇲🇽🇲🇽🇲🇽🇲🇽🇲🇽","1","0","2025-12-06T00:27:56.000Z","renovacion025","https://www.tiktok.com/@politicomx/video/7571117511932972296","6815210401509442565","7580535068872114961","https://p16-common-sign.tiktokcdn.com/tos-maliva-avt-0068/afc9a135807b108013c49940cacc42c2~tplv-tiktokx-cropcenter:100:100.jpg?dr=14579&refresh_token=2c7f057b&x-expires=1780200000&x-signature=fRPob2PqdDgyEOovml0rGQDJDCw%3D&t=4d5b0474&ps=13740610&shp=30310797&shcp=ff37627b&idc=my"
"terror ir a México 😳😳😳😳😳😳","5","0","2025-11-10T23:47:38.000Z","arianamilagros59","https://www.tiktok.com/@politicomx/video/7571117511932972296","7500630146148860933","7571247532850004792","https://p16-common-sign.tiktokcdn.com/tos-maliva-avt-0068/19ecfc0841e538cab911ecc020e6150e~tplv-tiktokx-cropcenter:100:100.jpg?dr=14579&refresh_token=47afbf5c&x-expires=1780200000&x-signature=0O5iRY2i2RZ3x4xrJgpwElvTFGY%3D&t=4d5b0474&ps=13740610&shp=30310797&shcp=ff37627b&idc=my"
"excelente presidenta gracias 🫂","2","0","2025-11-10T22:45:44.000Z","lokillomd","https://www.tiktok.com/@politicomx/video/7571117511932972296","7400892253336405035","7571231482632897311","https://p16-common-sign.tiktokcdn.com/tos-maliva-avt-0068/5a6f779a405faabe38c0c1b684538105~tplv-tiktokx-cropcenter:100:100.jpg?dr=14579&refresh_token=0475d483&x-expires=1780200000&x-signature=BO%2B3e3dXb5DqfQ%2F%2B72rTTKQ%2FOXY%3D&t=4d5b0474&ps=13740610&shp=30310797&shcp=ff37627b&idc=my"
"iban a venir","2","1","2025-11-10T21:10:26.000Z","edwna","https://www.tiktok.com/@politicomx/video/7571117511932972296","6867526846999020549","7571207015185220360","https://p16-common-sign.tiktokcdn.com/tos-alisg-avt-0068/35542fdf3dfb92f8f84e1724deeec989~tplv-tiktokx-cropcenter:100:100.jpg?dr=14579&refresh_token=e1e342aa&x-expires=1780200000&x-signature=j9uxCy12T8mJNtP6pLWMpAXMxTw%3D&t=4d5b0474&ps=13740610&shp=30310797&shcp=ff37627b&idc=my"
"km mexicano no me gusta q compartamos mundial con EU Y CANADÁ me parece injusto siempre a sido d un solo país los mundiales q poca m...","1","0","2025-12-11T04:21:44.000Z","goretzka30","https://www.tiktok.com/@politicomx/video/7571117511932972296","7202099512927405061","7582450742754231041","https://p16-common-sign.tiktokcdn.com/tos-alisg-avt-0068/73cc50c17c07e46fdb043b38664f7d86~tplv-tiktokx-cropcenter:100:100.jpg?dr=14579&refresh_token=d5d2408d&x-expires=1780200000&x-signature=NZ7uJAOs3amW%2FebBF2LXhtHaApo%3D&t=4d5b0474&ps=13740610&shp=30310797&shcp=ff37627b&idc=my"
"Y el de Felipe Angeles.","1","1","2025-11-10T22:56:28.000Z","bulmaro776","https://www.tiktok.com/@politicomx/video/7571117511932972296","7493639883753636907","7571234322205950775","https://p19-common-sign.tiktokcdn.com/tos-maliva-avt-0068/d916d069fbd1da05d5215118dac754a4~tplv-tiktokx-cropcenter:100:100.jpg?dr=14579&refresh_token=d777e3ae&x-expires=1780200000&x-signature=rOFk8mr0s1%2BM2P5a%2BJIRSlvvn8Y%3D&t=4d5b0474&ps=13740610&shp=30310797&shcp=ff37627b&idc=my"
"Por q la gente le tienen miedo a México?
las extrangeras teresibimos con a plauso con mariachi y muchos mas","2","0","2025-11-10T23:11:09.000Z","bryan.mexicano.com","https://www.tiktok.com/@politicomx/video/7571117511932972296","6997238267134116870","7571238146962227981","https://p16-common-sign.tiktokcdn.com/tos-maliva-avt-0068/e791ce7a61a6997cb9d045cfad31f723~tplv-tiktokx-cropcenter:100:100.jpg?dr=14579&refresh_token=81890207&x-expires=1780200000&x-signature=eykhjYULquo1LmaZfb743r1Hxx0%3D&t=4d5b0474&ps=13740610&shp=30310797&shcp=ff37627b&idc=my"
"no creoooooo😂😂😂","3","0","2025-11-10T21:21:00.000Z","josehuizar539","https://www.tiktok.com/@politicomx/video/7571117511932972296","7162359820128011270","7571209736508916498","https://p16-common-sign.tiktokcdn.com/tos-alisg-avt-0068/924ed18c3559eabf012526c79bbf38d1~tplv-tiktokx-cropcenter:100:100.jpg?dr=14579&refresh_token=f17f7c60&x-expires=1780200000&x-signature=BajUm%2Fvw%2BTEjZNlQhQxckEoNMDo%3D&t=4d5b0474&ps=13740610&shp=30310797&shcp=ff37627b&idc=my"
"que muero ir a México","1","0","2025-12-11T14:27:04.000Z","alexdareyoficial","https://www.tiktok.com/@politicomx/video/7571117511932972296","6807269425345496070","7582606768485139218","https://p16-common-sign.tiktokcdn.com/tos-maliva-avt-0068/b47860e6a542abc5f0f55d3f85cf3f93~tplv-tiktokx-cropcenter:100:100.jpg?dr=14579&refresh_token=81be2395&x-expires=1780200000&x-signature=6p1v7npYkAvflNHgNhREntVgAdU%3D&t=4d5b0474&ps=13740610&shp=30310797&shcp=ff37627b&idc=my"
"No queremos mundial queremos seguridad y justicia.","2","0","2025-11-12T01:23:34.000Z","j3_sax","https://www.tiktok.com/@politicomx/video/7571117511932972296","7417312691154322438","7571641778329584392","https://p16-common-sign.tiktokcdn.com/tos-alisg-avt-0068/9d367d8044a5cb0db6c94b245359aef5~tplv-tiktokx-cropcenter:100:100.jpg?dr=14579&refresh_token=90d20f94&x-expires=1780200000&x-signature=Xw59O%2Big15iFVwDSHoAu8qRUjOM%3D&t=4d5b0474&ps=13740610&shp=30310797&shcp=ff37627b&idc=my"
"México no es seguro","6","0","2025-11-10T22:46:42.000Z","user48404231769794","https://www.tiktok.com/@politicomx/video/7571117511932972296","7320098467756753925","7571231762623300359","https://p16-common-sign.tiktokcdn.com/tos-alisg-avt-0068/fd558c7b81d1fc2d5934c5dda10cccd0~tplv-tiktokx-cropcenter:100:100.jpg?dr=14579&refresh_token=d92cf6fd&x-expires=1780200000&x-signature=dpTTURPIgrGtUM5V7%2BQEV9KU6qM%3D&t=4d5b0474&ps=13740610&shp=30310797&shcp=ff37627b&idc=my"
"si y van a mirar el desmadre que tiene México y aver si no se los levantan","2","0","2025-11-10T17:54:06.000Z","user3156718291986","https://www.tiktok.com/@politicomx/video/7571117511932972296","7327417827538912261","7571156482021032725","https://p19-common-sign.tiktokcdn.com/tos-alisg-avt-0068/7b6ac0e190a01ae570c7c2392e145819~tplv-tiktokx-cropcenter:100:100.jpg?dr=14579&refresh_token=446e2340&x-expires=1780200000&x-signature=rmKYEGGYBE639Djm3CCtY1%2BuQys%3D&t=4d5b0474&ps=13740610&shp=30310797&shcp=ff37627b&idc=my"
"A pero no sé habla de la demanda 🥺","1","0","2025-12-06T05:57:35.000Z","michh.exxe","https://www.tiktok.com/@politicomx/video/7571117511932972296","6900070587982447622","7580620051209323282","https://p16-common-sign.tiktokcdn.com/tos-alisg-avt-0068/10916dd95bb002651a140f09acbed79e~tplv-tiktokx-cropcenter:100:100.jpg?dr=14579&refresh_token=80b56de0&x-expires=1780200000&x-signature=lhXRmzXXGGXir7WPWl%2F0qXH6QnU%3D&t=4d5b0474&ps=13740610&shp=30310797&shcp=ff37627b&idc=my"
"No creoooooo","5","0","2025-11-10T23:14:15.000Z","miguel.ruiz8977","https://www.tiktok.com/@politicomx/video/7571117511932972296","7403314142759994410","7571238866520081166","https://p16-common-sign.tiktokcdn.com/tos-maliva-avt-0068/d93b4fe62688beb9379cb687686847ef~tplv-tiktokx-cropcenter:100:100.jpg?dr=14579&refresh_token=da192992&x-expires=1780200000&x-signature=GIKuIKP4cRgKYlo7qPktNf1cWaE%3D&t=4d5b0474&ps=13740610&shp=30310797&shcp=ff37627b&idc=my"
"el mismo gobierno se avergüenza de sus ciudadanos pero no del dinero que sale de sus carteras, mira nada más, cuando el turista vale más que el local","22","0","2026-04-20T09:08:09.000Z","aquainko","https://www.tiktok.com/@marcosjimenezpere/video/7629973371505249557","6802422855550649349","7630765657575211783","https://p19-common-sign.tiktokcdn-eu.com/tos-maliva-avt-0068/8e343caae2de7a647b599989c63cfb0a~tplv-tiktokx-cropcenter:100:100.jpg?dr=10399&refresh_token=38caf27b&x-expires=1780200000&x-signature=Dd%2F6GPZhmsX2beUzkNPFm1IhpWA%3D&t=4d5b0474&ps=13740610&shp=30310797&shcp=ff37627b&idc=no1a"
"creo que no entendieron jajaja aparte es el punto de vista,
estuve viendo más no investigando , se dice que esto se hizo por el impacto ambiental además de que ya está tan bien jodida la CDMX lo quieren aprovechar para visibilizar más lugares del país por lo que sería más un ""dispersar el turísmo por todo el país "" e impulsar la economía local si no me equivoco. si me equivoqué discúlpenme y los invito a investigar y corregirme","5","5","2026-04-19T02:34:16.000Z","the_aspectral","https://www.tiktok.com/@marcosjimenezpere/video/7629973371505249557","6955920077065569285","7630293026825716488","https://p16-common-sign.tiktokcdn-eu.com/tos-alisg-avt-0068/8e5656d44519ab43332dfdb269c3acb7~tplv-tiktokx-cropcenter:100:100.jpg?dr=10399&refresh_token=2365e8a6&x-expires=1780200000&x-signature=9jeCaIAbxKSomNwVwP9tugC7z1Q%3D&t=4d5b0474&ps=13740610&shp=30310797&shcp=ff37627b&idc=no1a"
"ok, paguen los días de trabajo que no podemos salir y me quedo en mi casa la vd","18","0","2026-04-20T21:30:52.000Z","sam_kslr","https://www.tiktok.com/@marcosjimenezpere/video/7629973371505249557","6902580694954918917","7630956956690465556","https://p16-common-sign.tiktokcdn-eu.com/tos-alisg-avt-0068/a3ceac47e188e9fbeaa635d8969c242d~tplv-tiktokx-cropcenter:100:100.jpg?dr=10399&refresh_token=90cf7a43&x-expires=1780200000&x-signature=H%2FxJkuQyWQTQkqJWssalFMJYjyg%3D&t=4d5b0474&ps=13740610&shp=30310797&shcp=ff37627b&idc=no1a"
"pues no tenía ganas hasta que ví esto","29","0","2026-04-20T12:22:32.000Z","thesolver2016","https://www.tiktok.com/@marcosjimenezpere/video/7629973371505249557","7324074421953004549","7630815746624357140","https://p16-common-sign.tiktokcdn-eu.com/tos-alisg-avt-0068/54bcadc4bdf795d77cd0df0e7e788139~tplv-tiktokx-cropcenter:100:100.jpg?dr=10399&refresh_token=1cde6c22&x-expires=1780200000&x-signature=YOsqbREoWqPYHtbjcE%2FoapVWLSE%3D&t=4d5b0474&ps=13740610&shp=30310797&shcp=ff37627b&idc=no1a"
"Eso dijo Paola Suárez ?","1","0","2026-04-20T10:15:28.000Z","oiwa295","https://www.tiktok.com/@marcosjimenezpere/video/7629973371505249557","7015993294027932678","7630782981343806216","https://p16-common-sign.tiktokcdn-eu.com/tos-alisg-avt-0068/7461d936b1c8d21058ab68b188d58b54~tplv-tiktokx-cropcenter:100:100.jpg?dr=10399&refresh_token=8a951d25&x-expires=1780200000&x-signature=xV%2FD4T7wIMAKq3rDlkxCLeEEK8s%3D&t=4d5b0474&ps=13740610&shp=30310797&shcp=ff37627b&idc=no1a"
"Cancelar clases cuando lo mejor es perder clase ""viendo"" el partido con amigos????!!!
(al menos yo no lo veía, yo me ponía a platicar con mis amigas xd)","14","0","2026-04-20T14:19:51.000Z","laximisxd","https://www.tiktok.com/@marcosjimenezpere/video/7629973371505249557","252300864055283712","7630845961204155156","https://p16-common-sign.tiktokcdn-eu.com/tos-maliva-avt-0068/e1f98706a328b7c9946039005cfa0927~tplv-tiktokx-cropcenter:100:100.jpg?dr=10399&refresh_token=cba057b8&x-expires=1780200000&x-signature=pttB9tluWFAHeiUKkieSs6VsYik%3D&t=4d5b0474&ps=13740610&shp=30310797&shcp=ff37627b&idc=no1a"
"Que salgamos dice","13","0","2026-04-20T14:59:56.000Z","gameon_ghost","https://www.tiktok.com/@marcosjimenezpere/video/7629973371505249557","6973275313279124486","7630856329128641287","https://p16-common-sign.tiktokcdn-eu.com/tos-alisg-avt-0068/2fa6ec45c5ecc485c9deff8ef9983238~tplv-tiktokx-cropcenter:100:100.jpg?dr=10399&refresh_token=017507c6&x-expires=1780200000&x-signature=iF1ZzIt5EEqNVFo89BUOdGAype4%3D&t=4d5b0474&ps=13740610&shp=30310797&shcp=ff37627b&idc=no1a"
"[Sticker] Osea vamos a salir","14","0","2026-04-20T22:39:13.000Z","hxhleon","https://www.tiktok.com/@marcosjimenezpere/video/7629973371505249557","7139173154732262405","7630974578101912341","https://p16-common-sign.tiktokcdn-eu.com/tos-alisg-avt-0068/1495a84f5913c1e6476734c6f376902d~tplv-tiktokx-cropcenter:100:100.jpg?dr=10399&refresh_token=883d21f3&x-expires=1780200000&x-signature=QRaIoeprUWNzRpbgXN3geOmrwYQ%3D&t=4d5b0474&ps=13740610&shp=30310797&shcp=ff37627b&idc=no1a"
"ni iba a salir porque que hueva y que oso el fútbol, pero adivina qué, mi ciela","19","0","2026-04-19T02:01:57.000Z","a..radian","https://www.tiktok.com/@marcosjimenezpere/video/7629973371505249557","6831538994779243526","7630284704092750612","https://p16-common-sign.tiktokcdn.com/tos-maliva-avt-0068/7322239449117491205~tplv-tiktokx-cropcenter:100:100.jpg?dr=14579&refresh_token=67751a62&x-expires=1780200000&x-signature=d7FKSVtAXb208oyLCSGB7d94Q2U%3D&t=4d5b0474&ps=13740610&shp=30310797&shcp=ff37627b&idc=my2"
"cómo que me dan ganas de viajar a CDMX ese día","25","0","2026-04-20T13:40:19.000Z","renlaboratories","https://www.tiktok.com/@marcosjimenezpere/video/7629973371505249557","7092240766940169221","7630835797763801864","https://p16-common-sign.tiktokcdn.com/tos-maliva-avt-0068/7092241293317210118~tplv-tiktokx-cropcenter:100:100.jpg?dr=14579&refresh_token=948d3c1a&x-expires=1780200000&x-signature=%2F43bn072MOsSvHFpviHIe0OKjVY%3D&t=4d5b0474&ps=13740610&shp=30310797&shcp=ff37627b&idc=my2"
"Si nos piden que salgamos, pues salimos","13","0","2026-04-20T23:46:24.000Z","austin198082","https://www.tiktok.com/@marcosjimenezpere/video/7629973371505249557","7521175540645430288","7630991907904586516","https://p16-common-sign.tiktokcdn.com/tos-alisg-avt-0068/5836990a2bba15467456a26dddb49d4d~tplv-tiktokx-cropcenter:100:100.jpg?dr=14579&refresh_token=da3fe5c2&x-expires=1780200000&x-signature=dqj2HG5FVk1Dn32GyecDGk3YCsA%3D&t=4d5b0474&ps=13740610&shp=30310797&shcp=ff37627b&idc=my2"
"[Sticker] chale, apenas q aprendí a comer con cubiertos y decir ""buenas tardes""","31","0","2026-04-20T22:22:53.000Z","writingtoyou0","https://www.tiktok.com/@marcosjimenezpere/video/7629973371505249557","7496996466613093394","7630970429905191701","https://p16-common-sign.tiktokcdn.com/tos-alisg-avt-0068/923551b5a7a8c6b326a21e40c360bb9d~tplv-tiktokx-cropcenter:100:100.jpg?dr=14579&refresh_token=f9a653aa&x-expires=1780200000&x-signature=D1Gxha3R31yHayOjWkoUwCaVoDg%3D&t=4d5b0474&ps=13740610&shp=30310797&shcp=ff37627b&idc=my2"
"creo que no es la persona indicada para decir eso 😅","31","0","2026-04-19T00:22:09.000Z","grandbluefantasy64","https://www.tiktok.com/@marcosjimenezpere/video/7629973371505249557","7061360027588068357","7630258003409191698","https://p16-common-sign.tiktokcdn.com/tos-maliva-avt-0068/7325218540519817222~tplv-tiktokx-cropcenter:100:100.jpg?dr=14579&refresh_token=6ee498f6&x-expires=1780200000&x-signature=JVtYgEKrHVWpEQH0OXflKQVfseo%3D&t=4d5b0474&ps=13740610&shp=30310797&shcp=ff37627b&idc=my2"
"¿Y si mejoran la infraestructura de la ciudad? ¿Y si mejoran los caminos? ¿Y si mejoran el transporte público? ¿Y si ponen primero a peatones y ciclistas, en vez de los vehículos? Ahora la culpa es de nosotros 🫠","18","0","2026-04-20T23:35:01.000Z","st44rz_are_lum1x","https://www.tiktok.com/@marcosjimenezpere/video/7629973371505249557","7043895723423663109","7630988946122867474","https://p16-common-sign.tiktokcdn.com/tos-alisg-avt-0068/4c82193ae7826401bc05aa3991806c22~tplv-tiktokx-cropcenter:100:100.jpg?dr=14579&refresh_token=cf86e13c&x-expires=1780200000&x-signature=lzNZynca%2BKRGK33c8IhObPA7vzY%3D&t=4d5b0474&ps=13740610&shp=30310797&shcp=ff37627b&idc=my2"
"seguramente voy a vender jamón por home ofice","34","0","2026-04-20T22:43:25.000Z","diablitahernandez27","https://www.tiktok.com/@marcosjimenezpere/video/7629973371505249557","7028442096341599238","7630975707740422932","https://p16-common-sign.tiktokcdn.com/tos-maliva-avt-0068/7336948542051155973~tplv-tiktokx-cropcenter:100:100.jpg?dr=14579&refresh_token=afc5054f&x-expires=1780200000&x-signature=w%2FGvEJ9XySOcllKfCEDQHM6F6qk%3D&t=4d5b0474&ps=13740610&shp=30310797&shcp=ff37627b&idc=my2"
"todos a salir de casa en junio...","21","0","2026-04-18T22:33:09.000Z","juankkisslow","https://www.tiktok.com/@marcosjimenezpere/video/7629973371505249557","7204324190470685702","7630230773304509185","https://p19-common-sign.tiktokcdn.com/tos-maliva-avt-0068/7344379584941162501~tplv-tiktokx-cropcenter:100:100.jpg?dr=14579&refresh_token=ec69c9dd&x-expires=1780200000&x-signature=wpMUQHQfbWX8bfcsTdc44gm7ZSI%3D&t=4d5b0474&ps=13740610&shp=30310797&shcp=ff37627b&idc=my2"
"manifestaciones manifestaciones","13","0","2026-04-18T22:47:01.000Z","geovanni.femat.he","https://www.tiktok.com/@marcosjimenezpere/video/7629973371505249557","7090275950714143749","7630234419165545236","https://p16-common-sign.tiktokcdn.com/tos-maliva-avt-0068/7276209594774257669~tplv-tiktokx-cropcenter:100:100.jpg?dr=14579&refresh_token=5463f530&x-expires=1780200000&x-signature=N1%2BLinEfvC%2FzLyia2%2FiOYnyRz6k%3D&t=4d5b0474&ps=13740610&shp=30310797&shcp=ff37627b&idc=my2"
"Pero si mis papás me obligaban a salir de mi cuarto para saludar a la visita 😳","28","0","2026-04-20T21:23:08.000Z","amogar965","https://www.tiktok.com/@marcosjimenezpere/video/7629973371505249557","7133767376018129925","7630955045382636304","https://p16-common-sign.tiktokcdn.com/tos-maliva-avt-0068/2a5b1b662cb72801110f0dd226445a1d~tplv-tiktokx-cropcenter:100:100.jpg?dr=14579&refresh_token=03fa93aa&x-expires=1780200000&x-signature=EkNXK909MHTIKebMhwpbFCzXigo%3D&t=4d5b0474&ps=13740610&shp=30310797&shcp=ff37627b&idc=my2"
"[Sticker] Manifestación..?","25","0","2026-04-20T12:22:39.000Z","jhonnytrix","https://www.tiktok.com/@marcosjimenezpere/video/7629973371505249557","6645328239261433862","7630815777411154706","https://p16-common-sign.tiktokcdn.com/tos-alisg-avt-0068/6d2b4057a2015f4b61b543b698d05a8c~tplv-tiktokx-cropcenter:100:100.jpg?dr=14579&refresh_token=a2eb000c&x-expires=1780200000&x-signature=TCa9toBwGy8H886%2B8GdqZ2u68mY%3D&t=4d5b0474&ps=13740610&shp=30310797&shcp=ff37627b&idc=my2"
"Me iba a quedar en mi casa para evitar tumultos pero ahora como que se me antoja sacar plan con mis amigos durante todos los días de la temporada del mundial","33","0","2026-04-19T20:28:06.000Z","a_crz_rz","https://www.tiktok.com/@marcosjimenezpere/video/7629973371505249557","6827621026558936069","7630569753492751120","https://p16-common-sign.tiktokcdn.com/tos-alisg-avt-0068/57aa380241c7b79fa42f79bcd8f7b909~tplv-tiktokx-cropcenter:100:100.jpg?dr=14579&refresh_token=87638f0f&x-expires=1780200000&x-signature=VJBfbUQRqrAJ%2BgUS8cIdI0r92%2Fw%3D&t=4d5b0474&ps=13740610&shp=30310797&shcp=ff37627b&idc=my2"
"que me pague el día en el trabajo y no salgo ni a la esquina","17","0","2026-04-19T00:26:42.000Z","michellepda","https://www.tiktok.com/@marcosjimenezpere/video/7629973371505249557","7244790580806337541","7630260095994446612","https://p16-common-sign.tiktokcdn.com/tos-maliva-avt-0068/66adb2fbd4e1b3d89509747bb48d16eb~tplv-tiktokx-cropcenter:100:100.jpg?dr=14579&refresh_token=1d99cc85&x-expires=1780200000&x-signature=IASESegiBCT7EUrqP%2BB6w3hHoPA%3D&t=4d5b0474&ps=13740610&shp=30310797&shcp=ff37627b&idc=my2"
"me dieron ganas de salir mucho en junio 😁","19","0","2026-04-18T22:26:51.000Z","ngel.27997","https://www.tiktok.com/@marcosjimenezpere/video/7629973371505249557","7573549675388814354","7630229274238534416","https://p16-common-sign.tiktokcdn.com/tos-alisg-avt-0068/b351f55da6b8c705f0f6ee0746995d55~tplv-tiktokx-cropcenter:100:100.jpg?dr=14579&refresh_token=ec05303b&x-expires=1780200000&x-signature=ESxOYJBcNL95yjQfTVUjV0XP87s%3D&t=4d5b0474&ps=13740610&shp=30310797&shcp=ff37627b&idc=my2"
"Normal mente ando en mi cueva pero esos días estaré en la calle todo el prro día","30","0","2026-04-19T19:45:19.000Z","kvar2603","https://www.tiktok.com/@marcosjimenezpere/video/7629973371505249557","6657288994705178629","7630558710990062356","https://p16-common-sign.tiktokcdn.com/tos-alisg-avt-0068/f3412d526cd6b9e22fefced0592119ae~tplv-tiktokx-cropcenter:100:100.jpg?dr=14579&refresh_token=f56ec556&x-expires=1780200000&x-signature=fbMf66izpWKe2zJulSbaY8RG2bQ%3D&t=4d5b0474&ps=13740610&shp=30310797&shcp=ff37627b&idc=my2"
"me gusta la idea pero solo si se pagan esos dias en los trabajos como dias de vacaciones","24","0","2026-04-18T23:17:34.000Z","monsemeza19","https://www.tiktok.com/@marcosjimenezpere/video/7629973371505249557","6834962699995776006","7630242319580939015","https://p16-common-sign.tiktokcdn.com/tos-maliva-avt-0068/738a4fe275dcafdcfda0744c681a2557~tplv-tiktokx-cropcenter:100:100.jpg?dr=14579&refresh_token=6e83d1a9&x-expires=1780200000&x-signature=OKobEqhvQFJ7acX0Yh8uioaDtiM%3D&t=4d5b0474&ps=13740610&shp=30310797&shcp=ff37627b&idc=my2"
"😭😭😭😭😭 Y LUEGO A MTY 😭","1","0","2025-11-10T23:14:35.000Z","angelgusss","https://www.tiktok.com/@politicomx/video/7571117511932972296","7057421076267320326","7571238998921102100","https://p16-common-sign.tiktokcdn-us.com/tos-alisg-avt-0068/aa263b213b39f064ab772a2bc6cdf1f9~tplv-tiktokx-cropcenter:100:100.jpg?dr=9640&refresh_token=6ad92eb5&x-expires=1780200000&x-signature=0nuFib6pXldP3G3V%2Fs3EbieBGb4%3D&t=4d5b0474&ps=13740610&shp=30310797&shcp=ff37627b&idc=useast8"
"no manches presidenta y como los vaz a mandar a cuidar mejor q sea en otro lado mi México es hermoso y ahora está en tinieblas","2","0","2025-11-10T20:49:07.000Z","marorozcochavez","https://www.tiktok.com/@politicomx/video/7571117511932972296","7507399964253209601","7571201547053794055","https://p16-common-sign.tiktokcdn-us.com/tos-alisg-avt-0068/dedc1ba09d9ea5dea5450a87d9521504~tplv-tiktokx-cropcenter:100:100.jpg?dr=9640&refresh_token=33c7bb8d&x-expires=1780200000&x-signature=Ev5V3P3ZFSRVBdhU8K4m6dTe8vk%3D&t=4d5b0474&ps=13740610&shp=30310797&shcp=ff37627b&idc=useast8"
"La neta nose porque Mexico se sigue estando en el top paises mas visitados del mundo y vienen literal de Europa y varias partes del mundo segun estatisticas apesar de saber lo Inseguro que es siguen yendo","2","0","2025-11-11T01:38:43.000Z","vibewdamusica","https://www.tiktok.com/@politicomx/video/7571117511932972296","7456683057518429227","7571276116931199774","https://p16-common-sign.tiktokcdn-us.com/tos-useast8-avt-0068-tx2/4f7ece9747a07e4511b7d5d11184d810~tplv-tiktokx-cropcenter:100:100.jpg?dr=9640&refresh_token=1642ee7e&x-expires=1780200000&x-signature=tUM1v11rXy9jxhW5mY%2F%2FJ34qBWg%3D&t=4d5b0474&ps=13740610&shp=30310797&shcp=ff37627b&idc=useast8"
"De eso si tiene información y hasta con detalle la señora pero qué tal de la inseguridad.","2","0","2025-11-10T17:59:59.000Z","daniauriazul10","https://www.tiktok.com/@politicomx/video/7571117511932972296","7018358589803332614","7571157996995576594","https://p16-common-sign.tiktokcdn-us.com/tos-maliva-avt-0068/ca123a173d98d56cd7bbdfe4d0f86627~tplv-tiktokx-cropcenter:100:100.jpg?dr=9640&refresh_token=45296dcb&x-expires=1780200000&x-signature=mZ0rrAP5IILxCrKiMorueUF51u8%3D&t=4d5b0474&ps=13740610&shp=30310797&shcp=ff37627b&idc=useast8"
"Me alegra, y verán en lo que convertiste México.","3","0","2025-11-10T16:48:06.000Z","yuyet16","https://www.tiktok.com/@politicomx/video/7571117511932972296","7206789630103323654","7571139477779858194","https://p19-common-sign.tiktokcdn-us.com/tos-alisg-avt-0068/f950737a25ebe02428a285d70ca0292c~tplv-tiktokx-cropcenter:100:100.jpg?dr=9640&refresh_token=41c4b8b9&x-expires=1780200000&x-signature=xf36TQBxodhAtVqdNW5QsxA2RAc%3D&t=4d5b0474&ps=13740610&shp=30310797&shcp=ff37627b&idc=useast8"
"a cerrar estadios","3","0","2025-11-10T16:11:22.000Z","calzadajuan96","https://www.tiktok.com/@politicomx/video/7571117511932972296","6796107549462676482","7571130004232487700","https://p16-common-sign.tiktokcdn-us.com/tos-alisg-avt-0068/710c8b402b9457f64a4829325cbd53b7~tplv-tiktokx-cropcenter:100:100.jpg?dr=9640&refresh_token=bd135e50&x-expires=1780200000&x-signature=g%2BOgvN8IO%2Bx9fTjCBG%2BCZRp4AqA%3D&t=4d5b0474&ps=13740610&shp=30310797&shcp=ff37627b&idc=useast8"
"no pudo brindarle seguridad a 1 y ya va quererle ofrece seguridad a todos ellos jajajajajajaja","2","0","2025-11-10T23:43:01.000Z","marcosmonroy35","https://www.tiktok.com/@politicomx/video/7571117511932972296","6777953789553230854","7571246335011046162","https://p19-common-sign.tiktokcdn-us.com/tos-maliva-avt-0068/7323978698712711173~tplv-tiktokx-cropcenter:100:100.jpg?dr=9640&refresh_token=8c519dcf&x-expires=1780200000&x-signature=vyqN2g1GuSKn0Hsrml%2FdDZJECZE%3D&t=4d5b0474&ps=13740610&shp=30310797&shcp=ff37627b&idc=useast8"
"vivo en México y tengo miedo de salir jajaja","1","0","2025-11-11T03:11:23.000Z","el.molca4","https://www.tiktok.com/@politicomx/video/7571117511932972296","7540843562033136648","7571300057091375873","https://p16-common-sign.tiktokcdn-us.com/tos-alisg-avt-0068/b09c159fff4eecbe643ded245bed8c6d~tplv-tiktokx-cropcenter:100:100.jpg?dr=9640&refresh_token=f6445142&x-expires=1780200000&x-signature=W0zB1jdWL3H8jHJbBzXHjvBXp6I%3D&t=4d5b0474&ps=13740610&shp=30310797&shcp=ff37627b&idc=useast8"
"Ya quiero ver a esos Futbolistas 🥴🥴🥴","1","0","2025-12-03T06:30:12.000Z","dulce.corales","https://www.tiktok.com/@politicomx/video/7571117511932972296","6923738374450004997","7579515171875685128","https://p19-common-sign.tiktokcdn-us.com/tos-maliva-avt-0068/ae3640fd1fc0097f67e0ce2f2d572512~tplv-tiktokx-cropcenter:100:100.jpg?dr=9640&refresh_token=49781896&x-expires=1780200000&x-signature=sjtqw6mf7Zavi4ZBH5AT6Ol49CU%3D&t=4d5b0474&ps=13740610&shp=30310797&shcp=ff37627b&idc=useast8"
"chin tiene que hacer un fuerte gasto para el mundial ojalá que con eso se pueda recuperar la bolsa","1","0","2025-12-07T20:17:43.000Z","clauxdlrouse","https://www.tiktok.com/@politicomx/video/7571117511932972296","6801884836014703622","7581212714879451922","https://p16-common-sign.tiktokcdn-us.com/tos-maliva-avt-0068/2353cbcf7748e0938ea907ad758b580a~tplv-tiktokx-cropcenter:100:100.jpg?dr=9640&refresh_token=d7486879&x-expires=1780200000&x-signature=5oWox2ftIXMi5nJs6wZFdOu5MME%3D&t=4d5b0474&ps=13740610&shp=30310797&shcp=ff37627b&idc=useast8"
"Ahora resulta que estar vivo en México es ilegal.
5.5millones me va conocer !
Que maravilla !!","1","0","2025-12-24T04:11:51.000Z","frankkgiorgio","https://www.tiktok.com/@politicomx/video/7571117511932972296","6970784975311782918","7587272328846050066","https://p19-common-sign.tiktokcdn-us.com/tos-alisg-avt-0068/52b012278004eb20b85b374ac85be674~tplv-tiktokx-cropcenter:100:100.jpg?dr=9640&refresh_token=aac5ff60&x-expires=1780200000&x-signature=OhXZgKCi0qwx%2FjCesqO%2BE74fWUg%3D&t=4d5b0474&ps=13740610&shp=30310797&shcp=ff37627b&idc=useast8"
"Cancela el mundial o lo vamos a echar a perder !!!","2","0","2025-11-10T19:18:58.000Z","4tadedonatello","https://www.tiktok.com/@politicomx/video/7571117511932972296","6994994112345605126","7571178305674281746","https://p16-common-sign.tiktokcdn-us.com/tos-alisg-avt-0068/a337e96086b70a7672ebc217093f994a~tplv-tiktokx-cropcenter:100:100.jpg?dr=9640&refresh_token=d8b310f2&x-expires=1780200000&x-signature=TaMOfmCOSpRlwmWDmJ9cGoq6F74%3D&t=4d5b0474&ps=13740610&shp=30310797&shcp=ff37627b&idc=useast8"
"para 10 partidos","2","0","2025-11-10T17:36:56.000Z","vic.omar.dobus","https://www.tiktok.com/@politicomx/video/7571117511932972296","7326549690470728710","7571152053742060296","https://p16-common-sign.tiktokcdn-us.com/tos-alisg-avt-0068/8c3d4e4686a96ebae8ce33f3b280c664~tplv-tiktokx-cropcenter:100:100.jpg?dr=9640&refresh_token=053e41fe&x-expires=1780200000&x-signature=n5IpgB%2FD3xCORsA0hBQftiuSgLc%3D&t=4d5b0474&ps=13740610&shp=30310797&shcp=ff37627b&idc=useast8"
"ya los contó o que?","2","0","2025-11-10T18:10:35.000Z","jepiano_","https://www.tiktok.com/@politicomx/video/7571117511932972296","6805744427870438405","7571160738270823175","https://p16-common-sign.tiktokcdn-us.com/tos-maliva-avt-0068/1a297edbcdd5ffa118679f15f6e99a9d~tplv-tiktokx-cropcenter:100:100.jpg?dr=9640&refresh_token=a046e990&x-expires=1780200000&x-signature=v%2BMZLvqNDt1Oo9P98dTEoJ%2BdfkA%3D&t=4d5b0474&ps=13740610&shp=30310797&shcp=ff37627b&idc=useast8"
"La marina de estados unidos va a visitar a Mexico 🤔","1","0","2025-11-11T01:34:03.000Z","rodrix415","https://www.tiktok.com/@politicomx/video/7571117511932972296","7027839598706230277","7571274870644245279","https://p19-common-sign.tiktokcdn-us.com/tos-maliva-avt-0068/7331962074328727557~tplv-tiktokx-cropcenter:100:100.jpg?dr=9640&refresh_token=7c507287&x-expires=1780200000&x-signature=LI8goa83Sjd14IU1HgoizuaEXkw%3D&t=4d5b0474&ps=13740610&shp=30310797&shcp=ff37627b&idc=useast8"
"wao que padre","3","0","2025-11-10T16:09:21.000Z","elizabeth.f355","https://www.tiktok.com/@politicomx/video/7571117511932972296","7561143013176149004","7571129498172228359","https://p16-common-sign.tiktokcdn-us.com/tos-alisg-avt-0068/d22b5a2010e7b90c791b0a5f83101f8b~tplv-tiktokx-cropcenter:100:100.jpg?dr=9640&refresh_token=ad751d49&x-expires=1780200000&x-signature=pltthkboURvoauC0%2BCywQQYDxWQ%3D&t=4d5b0474&ps=13740610&shp=30310797&shcp=ff37627b&idc=useast8"
"Mejor iré a usa a verlo","1","0","2025-11-11T02:14:44.000Z","user1761123355274","https://www.tiktok.com/@politicomx/video/7571117511932972296","6900006289402774530","7571285467216315192","https://p16-common-sign.tiktokcdn-us.com/tos-maliva-avt-0068/c4c1892d070c2f8eb235db2f3361c880~tplv-tiktokx-cropcenter:100:100.jpg?dr=9640&refresh_token=c977a0e6&x-expires=1780200000&x-signature=jzZK2dFfb14Qi9ktkaSKELwu4%2Fw%3D&t=4d5b0474&ps=13740610&shp=30310797&shcp=ff37627b&idc=useast8"
"y de los baches después hablamos verdad","0","1","2025-11-11T02:45:05.000Z","eduardo._.._","https://www.tiktok.com/@politicomx/video/7571117511932972296","6802374920858944518","7571293315313894162","https://p16-common-sign.tiktokcdn-eu.com/tos-alisg-avt-0068/20d82069f4bdeb196d99ef7b6e9acd9e~tplv-tiktokx-cropcenter:100:100.jpg?dr=10399&refresh_token=cf0bb648&x-expires=1780200000&x-signature=i%2FO1kqelIlmuFULOt3f3TqGJ3oE%3D&t=4d5b0474&ps=13740610&shp=30310797&shcp=ff37627b&idc=no1a"
"[Sticker] yo tengo otra idea","44","0","2026-04-18T20:43:45.000Z","alexisrs0","https://www.tiktok.com/@marcosjimenezpere/video/7629973371505249557","6811227462510887941","7630202706560992007","https://p16-common-sign.tiktokcdn-us.com/tos-alisg-avt-0068/83d9c8c8e7bf6419e948905328b44f2a~tplv-tiktokx-cropcenter:100:100.jpg?dr=9640&refresh_token=7a746638&x-expires=1780200000&x-signature=hHoaVxscQcxYywcd4IcbwTx1Sx8%3D&t=4d5b0474&ps=13740610&shp=30310797&shcp=ff37627b&idc=useast8"
"[Sticker] que salgamos ya dijo","31","0","2026-04-20T12:38:01.000Z","fernovatr","https://www.tiktok.com/@marcosjimenezpere/video/7629973371505249557","7052658795512742917","7630819726021100308","https://p19-common-sign.tiktokcdn-us.com/tos-alisg-avt-0068/f89ec2dcf9076e93bab38fb815fba272~tplv-tiktokx-cropcenter:100:100.jpg?dr=9640&refresh_token=25b10bcf&x-expires=1780200000&x-signature=H2zUeoOWKA47uMg14Sze93QUdKA%3D&t=4d5b0474&ps=13740610&shp=30310797&shcp=ff37627b&idc=useast8"
"Se me hace una falta de respeto✨","8","0","2026-04-22T18:18:40.000Z","grizelsegura","https://www.tiktok.com/@marcosjimenezpere/video/7629973371505249557","7011905049111593989","7631649681625678613","https://p16-common-sign.tiktokcdn-us.com/tos-alisg-avt-0068/d674e039e8c2f2e352ce8a3ea11296f4~tplv-tiktokx-cropcenter:100:100.jpg?dr=9640&refresh_token=7ce7cc2f&x-expires=1780200000&x-signature=dHi8v6DH7rE1hugFetyskV2OdBY%3D&t=4d5b0474&ps=13740610&shp=30310797&shcp=ff37627b&idc=useast8"
"y si mandamos una petición a la FIFA para que no haya mundial en México? cómo protesta, digo","35","0","2026-04-18T21:09:50.000Z","l_annette","https://www.tiktok.com/@marcosjimenezpere/video/7629973371505249557","7094864537555813381","7630209413131502356","https://p16-common-sign.tiktokcdn-us.com/tos-maliva-avt-0068/d9b815e3c7a7a5f27012d0db09cf4eae~tplv-tiktokx-cropcenter:100:100.jpg?dr=9640&refresh_token=f48db022&x-expires=1780200000&x-signature=TVh50%2BqWi34m6L5BKmQZ1%2FBJuq4%3D&t=4d5b0474&ps=13740610&shp=30310797&shcp=ff37627b&idc=useast8"
"me están dando más ganas de salir ahora no se porque","58","0","2026-04-18T16:11:40.000Z","betobsk.i","https://www.tiktok.com/@marcosjimenezpere/video/7629973371505249557","7119341823781782534","7630132611847226128","https://p16-common-sign.tiktokcdn-us.com/tos-maliva-avt-0068/bec10be18df7c1e699078b7ef34955c1~tplv-tiktokx-cropcenter:100:100.jpg?dr=9640&refresh_token=ad6b6db1&x-expires=1780200000&x-signature=CdF7KXKP8LNaZiUESl%2BXPhW80ho%3D&t=4d5b0474&ps=13740610&shp=30310797&shcp=ff37627b&idc=useast8"
"[Sticker] Que salgamos dice","19","0","2026-04-20T22:04:33.000Z","skinthelive","https://www.tiktok.com/@marcosjimenezpere/video/7629973371505249557","7286981936592651269","7630965697606435591","https://p16-common-sign.tiktokcdn-us.com/tos-alisg-avt-0068/09f4e10941725eb4a9ef0de41b712a56~tplv-tiktokx-cropcenter:100:100.jpg?dr=9640&refresh_token=7868fb72&x-expires=1780200000&x-signature=I8BfrL4xmjIsmRnGZqOGEPheq2M%3D&t=4d5b0474&ps=13740610&shp=30310797&shcp=ff37627b&idc=useast8"
"De repente me dieron ganas de salir 😁","10","0","2026-04-19T01:52:51.000Z","sweet.donnut","https://www.tiktok.com/@marcosjimenezpere/video/7629973371505249557","6979398242756854789","7630282333002482449","https://p19-common-sign.tiktokcdn-us.com/tos-maliva-avt-0068/bd3ec291d9d06744b88cc2ad8034f312~tplv-tiktokx-cropcenter:100:100.jpg?dr=9640&refresh_token=380da4b4&x-expires=1780200000&x-signature=i3IuyILVVrojkfc8FRLllhWnYoY%3D&t=4d5b0474&ps=13740610&shp=30310797&shcp=ff37627b&idc=useast8"
"que le pasa, iba a aprovechar para salir más jajajaja","9","0","2026-04-21T23:03:52.000Z","sugamin.0","https://www.tiktok.com/@marcosjimenezpere/video/7629973371505249557","6815377459433931782","7631350859024958228","https://p16-common-sign.tiktokcdn-us.com/tos-alisg-avt-0068/ba54f12aff3fa2962365e3471ab4fedd~tplv-tiktokx-cropcenter:100:100.jpg?dr=9640&refresh_token=1e82f998&x-expires=1780200000&x-signature=ml0MFZ94CDwFqa7JZgdbhFaJNC8%3D&t=4d5b0474&ps=13740610&shp=30310797&shcp=ff37627b&idc=useast8"
"😂😂😂😂 si ella le va a pagar el salario a mi mdre entonces si","9","0","2026-04-19T02:17:38.000Z","aretes_nix","https://www.tiktok.com/@marcosjimenezpere/video/7629973371505249557","7514586149064410129","7630288746638689040","https://p19-common-sign.tiktokcdn-us.com/tos-alisg-avt-0068/9dc9d92ce56c9c9a3e97f28918658f7d~tplv-tiktokx-cropcenter:100:100.jpg?dr=9640&refresh_token=3711bb8d&x-expires=1780200000&x-signature=LQEd3Z2gH332USEOfEFsUwZ%2FvpI%3D&t=4d5b0474&ps=13740610&shp=30310797&shcp=ff37627b&idc=useast8"
"Nmms jajaja","0","0","2026-05-30T00:06:48.000Z","drufromda2","https://www.tiktok.com/@marcosjimenezpere/video/7629973371505249557","7344046030697432107","7645469465769509645","https://p16-common-sign.tiktokcdn.com/tos-maliva-avt-0068/d71851e626040f85675d02aad866b562~tplv-tiktokx-cropcenter:100:100.jpg?dr=14579&refresh_token=cdcc937a&x-expires=1780200000&x-signature=R31k0QRr3kku1N3sHS%2BAInIh0To%3D&t=4d5b0474&ps=13740610&shp=30310797&shcp=ff37627b&idc=my"
"que te parece si previo al mundial optimizan los sistemas de trasporte para que la ciudadanía y los turistas no sufran por tráfico y otras averías constantes del trasporte público y vialidades, absurda!","17","0","2026-04-21T01:32:24.000Z","cojocoyotl","https://www.tiktok.com/@marcosjimenezpere/video/7629973371505249557","6944567056778527749","7631019211029086996","https://p16-common-sign.tiktokcdn.com/tos-maliva-avt-0068/39e6cdf2118dfccd922e8a0e715434f3~tplv-tiktokx-cropcenter:100:100.jpg?dr=14579&refresh_token=9af5ee82&x-expires=1780200000&x-signature=N1tBDbdKynQZorxZZgVFU0SKpqk%3D&t=4d5b0474&ps=13740610&shp=30310797&shcp=ff37627b&idc=my"
"Yo ni caso le voy a hacer","9","0","2026-04-21T03:41:38.000Z","palabraestelar","https://www.tiktok.com/@marcosjimenezpere/video/7629973371505249557","7234963431206978566","7631052592629465864","https://p19-common-sign.tiktokcdn-us.com/tos-maliva-avt-0068/c8be46b538f95e5954b1cb6e146f4b2a~tplv-tiktokx-cropcenter:100:100.jpg?dr=9640&refresh_token=2d473e30&x-expires=1780200000&x-signature=JTZz3iJGWykj2GNkf5iMOo7Lmws%3D&t=4d5b0474&ps=13740610&shp=30310797&shcp=ff37627b&idc=useast8"
"perdón!!??
cómo esta eso???","8","0","2026-04-21T03:01:16.000Z","rosa.maria.rios0","https://www.tiktok.com/@marcosjimenezpere/video/7629973371505249557","7403428627818464262","7631042159777661713","https://p16-common-sign.tiktokcdn-us.com/tos-maliva-avt-0068/27ae03d150af53b7e412f74c03252acc~tplv-tiktokx-cropcenter:100:100.jpg?dr=9640&refresh_token=e3b5b816&x-expires=1780200000&x-signature=cQS1tsGsNPfT9u9wM75szVoHIqw%3D&t=4d5b0474&ps=13740610&shp=30310797&shcp=ff37627b&idc=useast5"
"q salgamos dice","7","0","2026-04-20T04:43:43.000Z","fernandaaa7709","https://www.tiktok.com/@marcosjimenezpere/video/7629973371505249557","6838299008437765125","7630697451679236885","https://p16-common-sign.tiktokcdn-us.com/tos-alisg-avt-0068/b82f5a1a82d6f5acbcb7e1729526c22f~tplv-tiktokx-cropcenter:100:100.jpg?dr=9640&refresh_token=6b70fe80&x-expires=1780200000&x-signature=LAa0VBajF4vxXPZ9z4ZQnLSpTvM%3D&t=4d5b0474&ps=13740610&shp=30310797&shcp=ff37627b&idc=useast5"
"que salgamos diceee","6","0","2026-04-19T00:59:34.000Z","yukishi_7","https://www.tiktok.com/@marcosjimenezpere/video/7629973371505249557","7161199741865935877","7630268659650265874","https://p16-common-sign.tiktokcdn-us.com/tos-maliva-avt-0068/db3e8f7994cfaf0e1e72884e1c2497df~tplv-tiktokx-cropcenter:100:100.jpg?dr=9640&refresh_token=0edc332a&x-expires=1780200000&x-signature=iwIgMgzmmkx%2BlwADOnk2vFTOcFk%3D&t=4d5b0474&ps=13740610&shp=30310797&shcp=ff37627b&idc=useast5"
"[Sticker] De huevos me voy a salir","8","0","2026-04-25T04:57:17.000Z","kenia_monserat","https://www.tiktok.com/@marcosjimenezpere/video/7629973371505249557","6791302024103691270","7632556300023317278","https://p16-common-sign.tiktokcdn-us.com/tos-useast8-avt-0068-tx2/ec0ec6e909ad1670eb3772cf62d9dd08~tplv-tiktokx-cropcenter:100:100.jpg?dr=9640&refresh_token=4f0be144&x-expires=1780200000&x-signature=AwvSaln3p4ViNZmbd3erqiqODIA%3D&t=4d5b0474&ps=13740610&shp=30310797&shcp=ff37627b&idc=useast5"
"no sé quién voto por ella","16","0","2026-04-20T14:10:24.000Z","......nenu","https://www.tiktok.com/@marcosjimenezpere/video/7629973371505249557","6809323738790904838","7630843537886200596","https://p16-common-sign.tiktokcdn-us.com/tos-maliva-avt-0068/7ff594f90a3883e7a9f2b6a05a16c036~tplv-tiktokx-cropcenter:100:100.jpg?dr=9640&refresh_token=ff4de3a8&x-expires=1780200000&x-signature=Ap1fqC3riTqqYzeakVsRJeutadU%3D&t=4d5b0474&ps=13740610&shp=30310797&shcp=ff37627b&idc=useast5"
"ni mi casi nada me ocultó así","15","0","2026-04-18T22:51:45.000Z","estae99","https://www.tiktok.com/@marcosjimenezpere/video/7629973371505249557","6913250703754609670","7630235645848584976","https://p19-common-sign.tiktokcdn-us.com/tos-maliva-avt-0068/ff526e5924c6f73dccb8f08a7a57e405~tplv-tiktokx-cropcenter:100:100.jpg?dr=9640&refresh_token=5bc8a532&x-expires=1780200000&x-signature=qlxg5mHzcIlYIf3IV1q3y2Kt0kc%3D&t=4d5b0474&ps=13740610&shp=30310797&shcp=ff37627b&idc=useast5"
"ya ni mi ex cuando m presumio en cf💔","10","0","2026-04-21T04:38:00.000Z","whoz.cexr","https://www.tiktok.com/@marcosjimenezpere/video/7629973371505249557","6958286642901812230","7631067094030058247","https://p19-common-sign.tiktokcdn-us.com/tos-alisg-avt-0068/81e1cc309824a3f5b36482bb4cf85527~tplv-tiktokx-cropcenter:100:100.jpg?dr=9640&refresh_token=0cc022a6&x-expires=1780200000&x-signature=ttDh0ro%2BWqCP5%2Fapo4uoty8Ysfg%3D&t=4d5b0474&ps=13740610&shp=30310797&shcp=ff37627b&idc=useast5"
"Entonces no van a ir a trabajar? Todo estará cerrado?","6","0","2026-04-19T02:19:00.000Z","danielle_pon","https://www.tiktok.com/@marcosjimenezpere/video/7629973371505249557","7505996906373448712","7630289136284386056","https://p19-common-sign.tiktokcdn-us.com/tos-alisg-avt-0068/75b39a3ef1d9504c410fe25f9c311d06~tplv-tiktokx-cropcenter:100:100.jpg?dr=9640&refresh_token=715488a2&x-expires=1780200000&x-signature=qO3X20ZUu8A5BNi%2BMV2sP%2FJykVE%3D&t=4d5b0474&ps=13740610&shp=30310797&shcp=ff37627b&idc=useast5"
"Como que ya me dieron ganas de trabajar e ir a la oficina esos días, y lo mejor está a la vuelta del estadio 🫶🏻😉","8","0","2026-04-21T04:46:36.000Z","iesykhopebm","https://www.tiktok.com/@marcosjimenezpere/video/7629973371505249557","157108443252891648","7631069286967477012","https://p16-common-sign.tiktokcdn-us.com/tos-alisg-avt-0068/c2f58f9e3f4bb716549d25a219936f5a~tplv-tiktokx-cropcenter:100:100.jpg?dr=9640&refresh_token=b44b6656&x-expires=1780200000&x-signature=cOAKqHUt1djES2yo6M4VyeHNgMo%3D&t=4d5b0474&ps=13740610&shp=30310797&shcp=ff37627b&idc=useast5"
"no pensaba salir, pero ahora me lo tome personal","7","0","2026-04-20T07:23:49.000Z","vc_marinez","https://www.tiktok.com/@marcosjimenezpere/video/7629973371505249557","6847628433875289093","7630738752786531080","https://p16-common-sign.tiktokcdn-us.com/tos-alisg-avt-0068/7c55f4dace9c781a224ab1f3abead108~tplv-tiktokx-cropcenter:100:100.jpg?dr=9640&refresh_token=4ae4b1e5&x-expires=1780200000&x-signature=Djk2HobW1VIoFr%2BzBdPcd831Oc4%3D&t=4d5b0474&ps=13740610&shp=30310797&shcp=ff37627b&idc=useast5"
"creo que dijo que si hay que salir para disfrutar con los turistas eso dijo","25","0","2026-04-18T18:08:17.000Z","lobolunar231992","https://www.tiktok.com/@marcosjimenezpere/video/7629973371505249557","6973656209187914757","7630162652312060688","https://p19-common-sign.tiktokcdn-us.com/tos-maliva-avt-0068/ca8426f0eb7e178137e688659f3cc652~tplv-tiktokx-cropcenter:100:100.jpg?dr=9640&refresh_token=1cbc2f12&x-expires=1780200000&x-signature=HAEpN4Y4Npy8egjTs7KIxWFgJ%2B8%3D&t=4d5b0474&ps=13740610&shp=30310797&shcp=ff37627b&idc=useast5"
"si me dan el día en mi trabajo va","8","0","2026-04-19T01:32:13.000Z","angy_serrano07","https://www.tiktok.com/@marcosjimenezpere/video/7629973371505249557","283943015935741952","7630277025806566160","https://p19-common-sign.tiktokcdn-us.com/tos-maliva-avt-0068/8c7aa8eacc6d341c95d1e70a82531c2b~tplv-tiktokx-cropcenter:100:100.jpg?dr=9640&refresh_token=aa7b04b0&x-expires=1780200000&x-signature=4noDK7bYbolU1IlHLkmlCcfV9%2Bw%3D&t=4d5b0474&ps=13740610&shp=30310797&shcp=ff37627b&idc=useast5"
"nos pagarán por eso, yo me apunto, si me van a pagar bien","5","0","2026-04-19T19:06:27.000Z","mr.wednesday_452","https://www.tiktok.com/@marcosjimenezpere/video/7629973371505249557","7418734863249720326","7630548718685061908","https://p16-common-sign.tiktokcdn-us.com/tos-alisg-avt-0068/7c08ab08a4bcb8f5149602f665404bb0~tplv-tiktokx-cropcenter:100:100.jpg?dr=9640&refresh_token=5fb573c3&x-expires=1780200000&x-signature=ESu0Che9Uq%2B2V0HbBg28I1Wl%2FKU%3D&t=4d5b0474&ps=13740610&shp=30310797&shcp=ff37627b&idc=useast5"
"pues si me.pagan y vacaciones pagadas ni salgo 😎","6","0","2026-04-19T20:04:51.000Z","lee.yune.zenin","https://www.tiktok.com/@marcosjimenezpere/video/7629973371505249557","6956675745499284486","7630563717160190737","https://p19-common-sign.tiktokcdn-us.com/tos-alisg-avt-0068/e9edab84f1d04abe27cc9da8e8932f00~tplv-tiktokx-cropcenter:100:100.jpg?dr=9640&refresh_token=079cefde&x-expires=1780200000&x-signature=GMBJvCF1LK0Xzi7SR6W2GxIxC2U%3D&t=4d5b0474&ps=13740610&shp=30310797&shcp=ff37627b&idc=useast5"
"Depende si me pagan ni me asomo fuera de mi casa","7","0","2026-04-19T19:34:55.000Z","myumi8","https://www.tiktok.com/@marcosjimenezpere/video/7629973371505249557","6809461172158497798","7630556063431099153","https://p19-common-sign.tiktokcdn-us.com/tos-alisg-avt-0068/2ac208d1d9491123fe9f9880298ec019~tplv-tiktokx-cropcenter:100:100.jpg?dr=9640&refresh_token=163b4174&x-expires=1780200000&x-signature=xWUAMW9Iqw2QEyc4sxh2MCUNpf8%3D&t=4d5b0474&ps=13740610&shp=30310797&shcp=ff37627b&idc=useast5"
"Como que me dieron ganas de salir de mi casa","9","0","2026-04-19T20:05:36.000Z","ximenazb9","https://www.tiktok.com/@marcosjimenezpere/video/7629973371505249557","6929327833051497478","7630563977546285842","https://p16-common-sign.tiktokcdn-us.com/tos-maliva-avt-0068/240bb91ce024f53b330d0e1511a7e28f~tplv-tiktokx-cropcenter:100:100.jpg?dr=9640&refresh_token=e75a29ae&x-expires=1780200000&x-signature=TPRg04nxxOrvhGN4HOB%2BcE2ccB4%3D&t=4d5b0474&ps=13740610&shp=30310797&shcp=ff37627b&idc=useast5"
"yo voy a salir con mi familia y amigos!! aunque no tenga a que salír!!","5","0","2026-04-19T01:38:32.000Z","golfitomaverick","https://www.tiktok.com/@marcosjimenezpere/video/7629973371505249557","7068021517254509573","7630278651456275221","https://p19-common-sign.tiktokcdn-us.com/tos-alisg-avt-0068/903ab49886ff0e5f1ae10287008b730d~tplv-tiktokx-cropcenter:100:100.jpg?dr=9640&refresh_token=6c068782&x-expires=1780200000&x-signature=GffsetGF5Ki7Be1j9%2BvxzUPFM8k%3D&t=4d5b0474&ps=13740610&shp=30310797&shcp=ff37627b&idc=useast5"
"me han dado ganas de turistear mi ciudad con todos mis amigos y familia😳","5","0","2026-04-21T02:53:57.000Z","taekooka75","https://www.tiktok.com/@marcosjimenezpere/video/7629973371505249557","7146990648838423558","7631040250513670932","https://p16-common-sign.tiktokcdn-us.com/tos-alisg-avt-0068/a156b2faf893c73c214d6bb84d18364e~tplv-tiktokx-cropcenter:100:100.jpg?dr=9640&refresh_token=4356ce21&x-expires=1780200000&x-signature=PEJF6LBMoZnNO8plZxfeHbTW70g%3D&t=4d5b0474&ps=13740610&shp=30310797&shcp=ff37627b&idc=useast5"
"Que salgamos todos dicen!!!!","6","0","2026-04-18T19:49:25.000Z","juizguica","https://www.tiktok.com/@marcosjimenezpere/video/7629973371505249557","6986860810161177606","7630188698646971152","https://p16-common-sign.tiktokcdn-us.com/tos-maliva-avt-0068/7327444705939128326~tplv-tiktokx-cropcenter:100:100.jpg?dr=9640&refresh_token=353a66e2&x-expires=1780200000&x-signature=%2FfPJjhFZIQNBQE7BJfHsPkEc8to%3D&t=4d5b0474&ps=13740610&shp=30310797&shcp=ff37627b&idc=useast5"
"no lo dijo exactamente con esas palabras, pero es lo que dió a entender","15","0","2026-04-18T15:37:13.000Z","randall.flagg55","https://www.tiktok.com/@marcosjimenezpere/video/7629973371505249557","7349771635471762438","7630123756752831249","https://p16-common-sign.tiktokcdn-eu.com/tos-alisg-avt-0068/99c55896f3e20e5be88067bc7fd94c5c~tplv-tiktokx-cropcenter:100:100.jpg?dr=10399&refresh_token=a053c442&x-expires=1780200000&x-signature=pXlGj5TulBFHgv2trmJBxgerkzM%3D&t=4d5b0474&ps=13740610&shp=30310797&shcp=ff37627b&idc=no1a"
"cuando pensó que era buena idea? 🙃","13","0","2026-04-18T14:55:06.000Z","jorgesanchez2335","https://www.tiktok.com/@marcosjimenezpere/video/7629973371505249557","7009478348427723781","7630112904033092359","https://p16-common-sign.tiktokcdn-eu.com/tos-maliva-avt-0068/7ef7fbf40b74646608dcfc06f7a9fbd4~tplv-tiktokx-cropcenter:100:100.jpg?dr=10399&refresh_token=b6c94157&x-expires=1780200000&x-signature=2kr8Coh5E8XRFV%2BrJDhjjDd0ElA%3D&t=4d5b0474&ps=13740610&shp=30310797&shcp=ff37627b&idc=no1a"
"No sería mejor reparar el metro para que todas las líneas y las unidades estén en funcionamiento.","12","0","2026-04-18T17:09:50.000Z","miguel220819","https://www.tiktok.com/@marcosjimenezpere/video/7629973371505249557","6778665297861248005","7630147580941157137","https://p16-common-sign.tiktokcdn-eu.com/tos-maliva-avt-0068/c5482a9f31f4af4715a54049189f0949~tplv-tiktokx-cropcenter:100:100.jpg?dr=10399&refresh_token=3113a711&x-expires=1780200000&x-signature=xMEKRaHy7zNqwGMvl%2FWiEptv%2FDs%3D&t=4d5b0474&ps=13740610&shp=30310797&shcp=ff37627b&idc=no1a"
"[Sticker] cómo no soy de la ciudad soy turista no?","10","0","2026-04-18T21:04:28.000Z","aseret.20","https://www.tiktok.com/@marcosjimenezpere/video/7629973371505249557","163335950951940096","7630208002402714388","https://p16-common-sign.tiktokcdn-eu.com/tos-alisg-avt-0068/cd52fe65485872a56584f6834f93c21c~tplv-tiktokx-cropcenter:100:100.jpg?dr=10399&refresh_token=23a7ea6e&x-expires=1780200000&x-signature=pW%2BM26cI4aByW8ASWWzWMlF%2Ffv4%3D&t=4d5b0474&ps=13740610&shp=30310797&shcp=ff37627b&idc=no1a"
"no,no y no","7","0","2026-04-18T22:26:09.000Z","mpm_43","https://www.tiktok.com/@marcosjimenezpere/video/7629973371505249557","6952638462516397062","7630229037227590407","https://p16-common-sign.tiktokcdn-eu.com/tos-maliva-avt-0068/cae5e7722c98c02ac3dd9d38b846230d~tplv-tiktokx-cropcenter:100:100.jpg?dr=10399&refresh_token=65cfba23&x-expires=1780200000&x-signature=wYJqYfukx14GEZJYT4Qxp1EuxGk%3D&t=4d5b0474&ps=13740610&shp=30310797&shcp=ff37627b&idc=no1a"
"no hay que ser groseros, me dice mi mamá que cuando haya visita tengo que salir a saludar","6","0","2026-04-20T21:50:02.000Z","mirissdaa","https://www.tiktok.com/@marcosjimenezpere/video/7629973371505249557","7428137078439560198","7630961931654202132","https://p16-common-sign.tiktokcdn-eu.com/tos-maliva-avt-0068/0c1eb1b0274aa2c3e593d21eb7ac0fc1~tplv-tiktokx-cropcenter:100:100.jpg?dr=10399&refresh_token=e0a39804&x-expires=1780200000&x-signature=jahGSgqV5Bwlh7plLDS%2Bm%2Bbo7vY%3D&t=4d5b0474&ps=13740610&shp=30310797&shcp=ff37627b&idc=no1a"
"Ojalá cancelen la FIFA, a menos de que hagan algo con su narco gobierno","0","0","2025-11-11T04:36:57.000Z","lemusito","https://www.tiktok.com/@politicomx/video/7571117511932972296","6808530524811412485","7571322139937686290","https://p16-common-sign.tiktokcdn-eu.com/tos-alisg-avt-0068/90efaec2f6b0a992b91d41c09c21a9b6~tplv-tiktokx-cropcenter:100:100.jpg?dr=10399&refresh_token=fa4cf02e&x-expires=1780200000&x-signature=SkJXfo%2Br8OucZButm2aStolg2sA%3D&t=4d5b0474&ps=13740610&shp=30310797&shcp=ff37627b&idc=no1a"
"Como le van a hacer para darle servicios.?? El aeropuerto apenas puede mover a los locales","2","0","2025-11-10T18:10:12.000Z","vic570631","https://www.tiktok.com/@politicomx/video/7571117511932972296","7429379211595482118","7571160620332090120","https://p16-common-sign.tiktokcdn-eu.com/tos-maliva-avt-0068/c2e51a9d873546eb95f8a72369959830~tplv-tiktokx-cropcenter:100:100.jpg?dr=10399&refresh_token=1c387ef2&x-expires=1780200000&x-signature=pzxVdzwVDjWOBfJf0HiUHzYQ%2BVk%3D&t=4d5b0474&ps=13740610&shp=30310797&shcp=ff37627b&idc=no1a"
"Que acaso la FIFA no lo cancelo y va hacer ahora en EU 🤷❓","0","0","2025-11-11T00:50:48.000Z","nelybetsy1","https://www.tiktok.com/@politicomx/video/7571117511932972296","6768658841774146566","7571263803124843272","https://p16-common-sign.tiktokcdn-eu.com/tos-maliva-avt-0068/a326e3ca6817c6de23d0f97d1e35e2ba~tplv-tiktokx-cropcenter:100:100.jpg?dr=10399&refresh_token=37f5a216&x-expires=1780200000&x-signature=408UFwrljp5xM7qY3V7M6Dkc8PI%3D&t=4d5b0474&ps=13740610&shp=30310797&shcp=ff37627b&idc=no1a"
"No qe la FIFA lo había cancelado?","0","0","2025-11-11T01:53:20.000Z","gatitoo15","https://www.tiktok.com/@politicomx/video/7571117511932972296","6809359742470882309","7571279915519083280","https://p16-common-sign.tiktokcdn-eu.com/tos-maliva-avt-0068/7322554727161004038~tplv-tiktokx-cropcenter:100:100.jpg?dr=10399&refresh_token=73262d04&x-expires=1780200000&x-signature=vPurYfv88FkNtwnxAd7hC472LVc%3D&t=4d5b0474&ps=13740610&shp=30310797&shcp=ff37627b&idc=no1a"
"se han dado cuenta que cómo quieres sabotear el pri y el pan los eventos y así todavía creen que alguien va a quererlos tener en la presidencia","3","0","2025-11-10T20:59:42.000Z","carlos.jimenez887","https://www.tiktok.com/@politicomx/video/7571117511932972296","7313026761234727941","7571204231014892308","https://p16-common-sign.tiktokcdn-eu.com/tos-maliva-avt-0068/7313027200112918534~tplv-tiktokx-cropcenter:100:100.jpg?dr=10399&refresh_token=246a50fb&x-expires=1780200000&x-signature=dltNJqOPvCazW5UMBa4Ecfhm4gw%3D&t=4d5b0474&ps=13740610&shp=30310797&shcp=ff37627b&idc=no1a"
"Ni mi ex se avergüenzo tanto de mi","8","0","2026-04-18T16:54:51.000Z","jamesalvarezc","https://www.tiktok.com/@marcosjimenezpere/video/7629973371505249557","6797856506106643461","7630143760453813000","https://p19-common-sign.tiktokcdn-us.com/tos-maliva-avt-0068/b26797ff17390a24060b2a344611a251~tplv-tiktokx-cropcenter:100:100.jpg?dr=9640&refresh_token=043d43ae&x-expires=1780200000&x-signature=0A6wA1ZNo%2BOpi6s6MgBW8gMPoj0%3D&t=4d5b0474&ps=13740610&shp=30310797&shcp=ff37627b&idc=useast5"
"viva mi presidenta","1","0","2025-11-11T00:11:51.000Z","maria.ronquillo120","https://www.tiktok.com/@politicomx/video/7571117511932972296","7496337062455903240","7571253785105040148","https://p16-common-sign.tiktokcdn-us.com/tos-alisg-avt-0068/8640a01ff061d7c5124bb252abbffb48~tplv-tiktokx-cropcenter:100:100.jpg?dr=9640&refresh_token=3fe2bcb2&x-expires=1780200000&x-signature=3MB3xPOcssT4GyENZzcb8qXWQ0M%3D&t=4d5b0474&ps=13740610&shp=30310797&shcp=ff37627b&idc=useast5"
"la FIFA ya cancelo por mucha inseguridad en México","1","0","2025-11-10T23:51:07.000Z","user1062617605546","https://www.tiktok.com/@politicomx/video/7571117511932972296","7561989101286622229","7571246909484221196","https://p19-common-sign.tiktokcdn-us.com/musically-maliva-obj/1594805258216454~tplv-tiktokx-cropcenter:100:100.jpg?dr=9640&refresh_token=e340c4d0&x-expires=1780200000&x-signature=y0I6Dncomm86fyA9XjJdWa1HRzE%3D&t=4d5b0474&ps=13740610&shp=30310797&shcp=ff37627b&idc=useast5"
"LE PREOCUPA MAS EL MUNDIAL LA SEÑORA, QUE EL PAÍS ESTA MAL","1","0","2025-11-10T18:59:16.000Z","jrmz007","https://www.tiktok.com/@politicomx/video/7571117511932972296","6884424464794240006","7571173260081447688","https://p16-common-sign.tiktokcdn-us.com/tos-maliva-avt-0068/7390492582633668613~tplv-tiktokx-cropcenter:100:100.jpg?dr=9640&refresh_token=49c0de2d&x-expires=1780200000&x-signature=atO3LtERflAN1o2mWlDAq2of6Ws%3D&t=4d5b0474&ps=13740610&shp=30310797&shcp=ff37627b&idc=useast5"
"Y todos los ingresos los utilizará para abastecer hospitales y personal médico o lo seguirá regalando a los ninis ?","1","0","2025-11-10T20:34:53.000Z","danielamendez094","https://www.tiktok.com/@politicomx/video/7571117511932972296","6803808208349316101","7571197857719517960","https://p16-common-sign.tiktokcdn-us.com/tos-maliva-avt-0068/635c92278ad2fef7a89c674ff24770c7~tplv-tiktokx-cropcenter:100:100.jpg?dr=9640&refresh_token=9d3a8058&x-expires=1780200000&x-signature=UkfgLf%2BdshS8yEfU1%2Bb886KblC8%3D&t=4d5b0474&ps=13740610&shp=30310797&shcp=ff37627b&idc=useast5"
"ya les diría que es mui inseguro","1","0","2025-11-10T21:21:57.000Z","juancarlosbarr116","https://www.tiktok.com/@politicomx/video/7571117511932972296","7020119351077258245","7571210013973152519","https://p16-common-sign.tiktokcdn-us.com/tos-maliva-avt-0068/f29c60c3fcb0145082b6c589871b9bb7~tplv-tiktokx-cropcenter:100:100.jpg?dr=9640&refresh_token=dd11de8a&x-expires=1780200000&x-signature=kz1MgxKW98tiKxSnTb5ybaSOghE%3D&t=4d5b0474&ps=13740610&shp=30310797&shcp=ff37627b&idc=useast5"
"mil veces aldita Claudia","1","0","2025-11-10T23:33:41.000Z","manuellesanz","https://www.tiktok.com/@politicomx/video/7571117511932972296","7458090443755570181","7571243893595194132","https://p19-common-sign.tiktokcdn-us.com/tos-maliva-avt-0068/b4e3fff4bab91b5f127d68e19cc996f5~tplv-tiktokx-cropcenter:100:100.jpg?dr=9640&refresh_token=ccaf5c78&x-expires=1780200000&x-signature=u5foRRZfdMjPTrXwJUTk78mUxrE%3D&t=4d5b0474&ps=13740610&shp=30310797&shcp=ff37627b&idc=useast5"
"En el aeropuerto de Felipe Angeles, esperé mi vuelo nos más por 28 hs.","1","0","2025-11-10T19:07:13.000Z","quehay575","https://www.tiktok.com/@politicomx/video/7571117511932972296","7340330270492935174","7571175296302449416","https://p16-common-sign.tiktokcdn-us.com/tos-alisg-avt-0068/60fe6dd139e20669b6bc0e84f318e56e~tplv-tiktokx-cropcenter:100:100.jpg?dr=9640&refresh_token=3836a1ed&x-expires=1780200000&x-signature=WFhDTvLd%2Ba%2FEiFV03MSXeJEJyz4%3D&t=4d5b0474&ps=13740610&shp=30310797&shcp=ff37627b&idc=useast5"
"y va a ir a tulam 🤔","1","0","2025-11-10T16:58:47.000Z","mashdavila","https://www.tiktok.com/@politicomx/video/7571117511932972296","7111463941872894981","7571142238160470795","https://p19-common-sign.tiktokcdn-us.com/tos-maliva-avt-0068/7111490496958038022~tplv-tiktokx-cropcenter:100:100.jpg?dr=9640&refresh_token=fbaef0db&x-expires=1780200000&x-signature=vTT%2FyiuYUmYtOAeDD7O8wZjIGMs%3D&t=4d5b0474&ps=13740610&shp=30310797&shcp=ff37627b&idc=useast5"
"","1","0","2025-11-10T16:31:11.000Z","raulbarrientosgarcia","https://www.tiktok.com/@politicomx/video/7571117511932972296","7064457282876982277","7571135113905636104","https://p16-common-sign.tiktokcdn-us.com/tos-maliva-avt-0068/7088830126888222726~tplv-tiktokx-cropcenter:100:100.jpg?dr=9640&refresh_token=cc8e793c&x-expires=1780200000&x-signature=wvyye3PdZQ91OQRL2TU%2F793uQAk%3D&t=4d5b0474&ps=13740610&shp=30310797&shcp=ff37627b&idc=useast5"
"con la inseguridad no creo","1","0","2025-11-10T17:29:47.000Z","rockson.gomez","https://www.tiktok.com/@politicomx/video/7571117511932972296","6935041870293828613","7571150201886327572","https://p19-common-sign.tiktokcdn-us.com/tos-alisg-avt-0068/ca7f1534eebadf5421ec3db58776da71~tplv-tiktokx-cropcenter:100:100.jpg?dr=9640&refresh_token=29b70d0c&x-expires=1780200000&x-signature=MRF4vPFZBoBpmrmDWeRvp4f96UU%3D&t=4d5b0474&ps=13740610&shp=30310797&shcp=ff37627b&idc=useast5"
"2 de octubre no se olvida","1","0","2025-11-28T11:35:47.000Z","armandososa4289","https://www.tiktok.com/@politicomx/video/7571117511932972296","7522828047314240520","7577738522099942152","https://p16-common-sign.tiktokcdn-us.com/tos-alisg-avt-0068/02cba9f257ceff708c07f9957a045cd0~tplv-tiktokx-cropcenter:100:100.jpg?dr=9640&refresh_token=d9481584&x-expires=1780200000&x-signature=ZI77fgf2Mw6gjeksMdTyYYdXlhI%3D&t=4d5b0474&ps=13740610&shp=30310797&shcp=ff37627b&idc=useast5"
"o creo con tanto desorden que hay","2","0","2025-11-10T15:27:33.000Z","ruben.montenegro535","https://www.tiktok.com/@politicomx/video/7571117511932972296","7415320662619653126","7571118727660765960","https://p19-common-sign.tiktokcdn-us.com/tos-maliva-avt-0068/cf44197f0f5ba0354c5c8fb8f63e41c2~tplv-tiktokx-cropcenter:100:100.jpg?dr=9640&refresh_token=650845e7&x-expires=1780200000&x-signature=2gz9OQ0b6ya4r1%2FKsazo7AjfyTY%3D&t=4d5b0474&ps=13740610&shp=30310797&shcp=ff37627b&idc=useast5"
"Mejor le hubieran puesto aeropuerto Maximiliano de Habsburgo o Aeropuerto Emperatriz Carlota","1","0","2025-11-10T17:04:22.000Z","alexmedinaservin","https://www.tiktok.com/@politicomx/video/7571117511932972296","6866815993412240390","7571143662412808978","https://p16-common-sign.tiktokcdn-us.com/tos-maliva-avt-0068/8995a713b2f6b9e30a9548ba56f6ec5b~tplv-tiktokx-cropcenter:100:100.jpg?dr=9640&refresh_token=dc5d9ca1&x-expires=1780200000&x-signature=jpKKvMZTTocsOuHvQIJu4ayKzGk%3D&t=4d5b0474&ps=13740610&shp=30310797&shcp=ff37627b&idc=useast5"
"y a esos si los va a cuidar o como a los mexicanos????","1","0","2025-11-10T17:56:43.000Z","guineo24k","https://www.tiktok.com/@politicomx/video/7571117511932972296","231373918832439296","7571157156414931720","https://p19-common-sign.tiktokcdn-us.com/tos-maliva-avt-0068/22ef110f3a687f4618a6db38d586c143~tplv-tiktokx-cropcenter:100:100.jpg?dr=9640&refresh_token=261b6c0f&x-expires=1780200000&x-signature=qP6E49upYCfHJTJF1rVffVPNMCc%3D&t=4d5b0474&ps=13740610&shp=30310797&shcp=ff37627b&idc=useast5"
"México no , lo quieres tu 😂","0","0","2025-12-06T21:42:53.000Z","usuario_olvidado09","https://www.tiktok.com/@politicomx/video/7571117511932972296","6867585484852855813","7580863559228719873","https://p19-common-sign.tiktokcdn-us.com/tos-maliva-avt-0068/4bb7cb712f6a665e8df85dbb7a5ff8b3~tplv-tiktokx-cropcenter:100:100.jpg?dr=9640&refresh_token=d3ffd05c&x-expires=1780200000&x-signature=6oZftWRpj0VnNHNS%2BDdIpwhTrhM%3D&t=4d5b0474&ps=13740610&shp=30310797&shcp=ff37627b&idc=useast5"
"no creo vengan muchos después del sorteo pues puro relleno y ninguna selección importante vendrá","0","0","2025-12-07T03:45:09.000Z","rodrigo.nesta","https://www.tiktok.com/@politicomx/video/7571117511932972296","7450636174308328454","7580957012318831368","https://p19-common-sign.tiktokcdn-us.com/tos-alisg-avt-0068/e4294cf89400e9bd29cb7302e3c98a51~tplv-tiktokx-cropcenter:100:100.jpg?dr=9640&refresh_token=ec2ffefd&x-expires=1780200000&x-signature=cM4%2BErAI%2F9W2ygAot44TqypumZY%3D&t=4d5b0474&ps=13740610&shp=30310797&shcp=ff37627b&idc=useast5"
"Ya un político habla de eso?… esas noticias son para canales de noticias","0","0","2025-11-11T13:05:43.000Z","erik656251","https://www.tiktok.com/@politicomx/video/7571117511932972296","7538298731662902285","7571453125820465933","https://p19-common-sign.tiktokcdn-us.com/tos-useast5-avt-0068-tx/aa8a28150cd2fbd04837665c8706551d~tplv-tiktokx-cropcenter:100:100.jpg?dr=9640&refresh_token=b4de5fec&x-expires=1780200000&x-signature=2Amhy02xRYlgz4DjkqntCwNuAKg%3D&t=4d5b0474&ps=13740610&shp=30310797&shcp=ff37627b&idc=useast5"
"9mil millones de pesos??? y que pasa con las calles, baches, mejor que invierta en las calles remodele bulevares","0","0","2026-05-19T06:34:50.000Z","verxx_6","https://www.tiktok.com/@politicomx/video/7571117511932972296","7172063893421523973","7641487594182836993","https://p19-common-sign.tiktokcdn-us.com/tos-alisg-avt-0068/45c81f3cd6e0fad981ada64c99fa06f1~tplv-tiktokx-cropcenter:100:100.jpg?dr=9640&refresh_token=f255b5ee&x-expires=1780200000&x-signature=4IjKf%2Fp4W5qme5IyeYsU2JzAvfI%3D&t=4d5b0474&ps=13740610&shp=30310797&shcp=ff37627b&idc=useast5"
"No gracias","0","0","2025-11-11T15:53:20.000Z","raul.aceves8","https://www.tiktok.com/@politicomx/video/7571117511932972296","7430292826553680942","7571496242502599455","https://p19-common-sign.tiktokcdn-us.com/tos-useast8-avt-0068-tx2/6e2c1516162a077d41ce309482443c6a~tplv-tiktokx-cropcenter:100:100.jpg?dr=9640&refresh_token=6535f3aa&x-expires=1780200000&x-signature=SILSBeOyRXiIWo6uGSm%2F0QW5CeA%3D&t=4d5b0474&ps=13740610&shp=30310797&shcp=ff37627b&idc=useast5"
"el aifa","0","0","2026-05-13T20:10:29.000Z","alanperes099","https://www.tiktok.com/@politicomx/video/7571117511932972296","7483706477669516306","7639471257252332306","https://p19-common-sign.tiktokcdn-us.com/tos-alisg-avt-0068/4fc44fcf3e581284938230eebe4ec01f~tplv-tiktokx-cropcenter:100:100.jpg?dr=9640&refresh_token=af4ddae4&x-expires=1780200000&x-signature=jXK2MuxlYXXq9e4EtYKer0j%2BGz8%3D&t=4d5b0474&ps=13740610&shp=30310797&shcp=ff37627b&idc=useast5"
"Tendremos más visitantes que EU y eso es por que la mayoría quiere visitar México 🇲🇽","0","0","2025-12-03T06:29:35.000Z","dulce.corales","https://www.tiktok.com/@politicomx/video/7571117511932972296","6923738374450004997","7579515015180878610","https://p19-common-sign.tiktokcdn-us.com/tos-maliva-avt-0068/ae3640fd1fc0097f67e0ce2f2d572512~tplv-tiktokx-cropcenter:100:100.jpg?dr=9640&refresh_token=49781896&x-expires=1780200000&x-signature=sjtqw6mf7Zavi4ZBH5AT6Ol49CU%3D&t=4d5b0474&ps=13740610&shp=30310797&shcp=ff37627b&idc=useast5"
"será el mejor mundial y el pais muy hermoso","0","0","2025-11-11T06:26:51.000Z","kristal.291190","https://www.tiktok.com/@politicomx/video/7571117511932972296","6822658224136881158","7571350417126769425","https://p16-common-sign.tiktokcdn-us.com/tos-alisg-avt-0068/01146106c6d38f64e94952f6e7ea7d92~tplv-tiktokx-cropcenter:100:100.jpg?dr=9640&refresh_token=10d2e999&x-expires=1780200000&x-signature=lrWUabhRkV%2B0zjKgOlvlZFHKLpU%3D&t=4d5b0474&ps=13740610&shp=30310797&shcp=ff37627b&idc=useast5"
"Y pur culpa de la disque presidente ya no se va hacer","0","0","2025-11-11T07:22:36.000Z","elmanzano35","https://www.tiktok.com/@politicomx/video/7571117511932972296","6782043368891139077","7571364647065355021","https://p19-common-sign.tiktokcdn-us.com/tos-useast5-avt-0068-tx/eac0f3f8e1b7a6ba2aca82359c4261c2~tplv-tiktokx-cropcenter:100:100.jpg?dr=9640&refresh_token=2c419dc1&x-expires=1780200000&x-signature=v9vpJDJ6kxJERUspNy0Ohtq8kRc%3D&t=4d5b0474&ps=13740610&shp=30310797&shcp=ff37627b&idc=useast5"
"como se atreve si esta viendo el pais como esta","1","0","2025-11-11T05:00:22.000Z","javier.vilalobos","https://www.tiktok.com/@politicomx/video/7571117511932972296","7478551023583151109","7571328155417740040","https://p16-common-sign.tiktokcdn-us.com/tos-alisg-avt-0068/581271c770b6c4021620db6824203f58~tplv-tiktokx-cropcenter:100:100.jpg?dr=9640&refresh_token=b0151488&x-expires=1780200000&x-signature=DSWXHkGzKCgIr6opE9LRU63T%2FRk%3D&t=4d5b0474&ps=13740610&shp=30310797&shcp=ff37627b&idc=useast5"
"hay weyyyyy","0","0","2025-11-30T02:57:31.000Z","eltocateca628","https://www.tiktok.com/@politicomx/video/7571117511932972296","7326650945617822726","7578347143174357777","https://p16-common-sign.tiktokcdn-us.com/tos-maliva-avt-0068/5be4026876b9713482fed0e8ab300711~tplv-tiktokx-cropcenter:100:100.jpg?dr=9640&refresh_token=50b6c5d7&x-expires=1780200000&x-signature=06Y1IaiYqWjZxRlyPRxplHAz%2FQ0%3D&t=4d5b0474&ps=13740610&shp=30310797&shcp=ff37627b&idc=useast5"
"En conclusión tendré más dinero y como es obvio no lo compartiré con el pueblo","0","0","2025-11-29T22:16:32.000Z","vic_12182010","https://www.tiktok.com/@politicomx/video/7571117511932972296","7567152279376593937","7578274668722176785","https://p19-common-sign.tiktokcdn-us.com/tos-alisg-avt-0068/7edda175cc593c8d93dff89d1fbcef0f~tplv-tiktokx-cropcenter:100:100.jpg?dr=9640&refresh_token=a86e3310&x-expires=1780200000&x-signature=M75u6Qgi6G2zCLdeGAekaOKZ4OI%3D&t=4d5b0474&ps=13740610&shp=30310797&shcp=ff37627b&idc=useast5"
"a si como está la seguridad no creo","0","0","2025-11-10T21:25:41.000Z","audiozonejr7","https://www.tiktok.com/@politicomx/video/7571117511932972296","7501164560129229831","7571210971797177096","https://p19-common-sign.tiktokcdn-us.com/tos-alisg-avt-0068/6c131bc716a9c4c549bfa3f791a9f150~tplv-tiktokx-cropcenter:100:100.jpg?dr=9640&refresh_token=825421d1&x-expires=1780200000&x-signature=WqcKm66Qvuz9zlHxNo4EaUR5G7E%3D&t=4d5b0474&ps=13740610&shp=30310797&shcp=ff37627b&idc=useast5"
"manifestación ya yeaaaaaa","5","0","2026-04-20T13:12:42.000Z","sassenachanalopez","https://www.tiktok.com/@marcosjimenezpere/video/7629973371505249557","6934572744836203525","7630828653979763474","https://p19-common-sign.tiktokcdn-us.com/tos-maliva-avt-0068/7333210097482792966~tplv-tiktokx-cropcenter:100:100.jpg?dr=9640&refresh_token=0ae05597&x-expires=1780200000&x-signature=nKejSkJtlHbD5FSiK1t%2Bw7qTHfI%3D&t=4d5b0474&ps=13740610&shp=30310797&shcp=ff37627b&idc=useast5"
"Si por eso quiero salir, para ver gente diferente 😂😂","5","0","2026-04-20T13:32:09.000Z","luisana_lua","https://www.tiktok.com/@marcosjimenezpere/video/7629973371505249557","6794153255763018757","7630833684700234503","https://p16-common-sign.tiktokcdn-us.com/tos-alisg-avt-0068/0331a2eff124481b1bb6c84902874da7~tplv-tiktokx-cropcenter:100:100.jpg?dr=9640&refresh_token=b975cb10&x-expires=1780200000&x-signature=WaVg4oIPXwaH1RMB0p9cHFm45ec%3D&t=4d5b0474&ps=13740610&shp=30310797&shcp=ff37627b&idc=useast5"
"cosas que literalmente nunca dijo
🙄🙄😂😂","4","0","2026-04-20T14:05:13.000Z","ricardoalejandros27","https://www.tiktok.com/@marcosjimenezpere/video/7629973371505249557","7290783473685840901","7630842209042465557","https://p16-common-sign.tiktokcdn-us.com/tos-alisg-avt-0068/f861ab6139fd07fec631d8a389d7cb6e~tplv-tiktokx-cropcenter:100:100.jpg?dr=9640&refresh_token=8a7948ab&x-expires=1780200000&x-signature=UZvZD5UWU1vtXFH00O46SaVvpTI%3D&t=4d5b0474&ps=13740610&shp=30310797&shcp=ff37627b&idc=useast5"
"va ser el mundial más aburrido sí es que no pasa algo canónico","6","0","2026-04-18T22:49:46.000Z","oscarfernandoibar2","https://www.tiktok.com/@marcosjimenezpere/video/7629973371505249557","6925168760362501126","7630235143651361557","https://p16-common-sign.tiktokcdn-us.com/tos-maliva-avt-0068/969495ab0bc5609876c892405fa0bda5~tplv-tiktokx-cropcenter:100:100.jpg?dr=9640&refresh_token=d0539fbe&x-expires=1780200000&x-signature=zFe5V%2FSUKwcmU37AYe%2F3HmSVv44%3D&t=4d5b0474&ps=13740610&shp=30310797&shcp=ff37627b&idc=useast5"
"lo que dice es que ese día los niños no tengan clases y que la gente trabaje en Home Office para que puedan disfrutar del mundial","7","0","2026-04-18T19:51:23.000Z","ferchire","https://www.tiktok.com/@marcosjimenezpere/video/7629973371505249557","7438326762901816376","7630189225271231240","https://p19-common-sign.tiktokcdn-us.com/tos-maliva-avt-0068/e6ca12895f5fbfbd9049319034234a6a~tplv-tiktokx-cropcenter:100:100.jpg?dr=9640&refresh_token=c60e86af&x-expires=1780200000&x-signature=rje3316%2B5d%2F029nmsEbuNIZ4kMc%3D&t=4d5b0474&ps=13740610&shp=30310797&shcp=ff37627b&idc=useast5"
"Ok que salgamos pues","5","0","2026-04-20T23:44:29.000Z","alesitatamayotina","https://www.tiktok.com/@marcosjimenezpere/video/7629973371505249557","6651787092496252934","7630991432350302994","https://p16-common-sign.tiktokcdn-us.com/tos-maliva-avt-0068/c46a0fbf608484fde81d2a789d056a7f~tplv-tiktokx-cropcenter:100:100.jpg?dr=9640&refresh_token=336ceb1c&x-expires=1780200000&x-signature=%2B59zinw1A62y0KiFiguNUZQna58%3D&t=4d5b0474&ps=13740610&shp=30310797&shcp=ff37627b&idc=useast5"
"apoyo lo de trabajar en casa... para mi trabajo paso por el Akron y es un caos cada que hay partidos/eventos","6","0","2026-04-18T19:45:11.000Z","betotm.22","https://www.tiktok.com/@marcosjimenezpere/video/7629973371505249557","7036879536206414854","7630187609382355733","https://p16-common-sign.tiktokcdn-us.com/tos-maliva-avt-0068/df914291ef6f8637bc240587b207125b~tplv-tiktokx-cropcenter:100:100.jpg?dr=9640&refresh_token=78748ffd&x-expires=1780200000&x-signature=giHef%2FpbypO%2BoKJRmdK7M%2Bj1N4I%3D&t=4d5b0474&ps=13740610&shp=30310797&shcp=ff37627b&idc=useast5"
"Que ese día no haya clases? Porque el futbol es tan importante .","5","0","2026-04-20T14:13:04.000Z","melaniemarvas","https://www.tiktok.com/@marcosjimenezpere/video/7629973371505249557","189758890279075840","7630844234291168001","https://p19-common-sign.tiktokcdn-us.com/tos-alisg-avt-0068/02d079ad648b2edb60f81dfd6f48b418~tplv-tiktokx-cropcenter:100:100.jpg?dr=9640&refresh_token=3a2b2a33&x-expires=1780200000&x-signature=s4Az%2FYLv9Vc9Ag6DGDCexy0Ctks%3D&t=4d5b0474&ps=13740610&shp=30310797&shcp=ff37627b&idc=useast5"
"ora! pues si vamos a salir y hasta más 😏😁","5","0","2026-04-19T00:10:36.000Z","dulzura287","https://www.tiktok.com/@marcosjimenezpere/video/7629973371505249557","6807995600279536646","7630255969432437520","https://p19-common-sign.tiktokcdn-us.com/tos-alisg-avt-0068/0038ef6c89d844ab0c31bf87398d7166~tplv-tiktokx-cropcenter:100:100.jpg?dr=9640&refresh_token=b6884aa9&x-expires=1780200000&x-signature=kXPrc9hXBXos2jT%2BLaFcDZAde9g%3D&t=4d5b0474&ps=13740610&shp=30310797&shcp=ff37627b&idc=useast5"
"fijate que no estaría mal yo trabajo de didi podré aaer home Office desde mi casa","6","0","2026-04-18T16:08:21.000Z","moskarguezmtz","https://www.tiktok.com/@marcosjimenezpere/video/7629973371505249557","6796063916696814597","7630131753114649365","https://p19-common-sign.tiktokcdn-us.com/tos-maliva-avt-0068/634c43f032ada2bddbbdd48d7ef5d245~tplv-tiktokx-cropcenter:100:100.jpg?dr=9640&refresh_token=a919110a&x-expires=1780200000&x-signature=9gS0M7aPTt0hKTHwIibZF7gkglg%3D&t=4d5b0474&ps=13740610&shp=30310797&shcp=ff37627b&idc=useast5"
"[Sticker] ","9","0","2026-04-18T13:57:38.000Z","freddyazgon","https://www.tiktok.com/@marcosjimenezpere/video/7629973371505249557","7122866682955908102","7630098030113309457","https://p16-common-sign.tiktokcdn-us.com/tos-alisg-avt-0068/22934c955fe7d47d6cb2743164bc1c2e~tplv-tiktokx-cropcenter:100:100.jpg?dr=9640&refresh_token=52f5c76e&x-expires=1780200000&x-signature=UBWCyf2WclgXIhjHNR4%2BukXYjTQ%3D&t=4d5b0474&ps=13740610&shp=30310797&shcp=ff37627b&idc=useast5"
"Pon el video o la nota , un foto con un escrito como prueba ? 😂","1","6","2026-04-27T12:54:17.000Z","lpapasfrys","https://www.tiktok.com/@marcosjimenezpere/video/7629973371505249557","6792771287364174854","7633421277269197598","https://p16-common-sign.tiktokcdn-us.com/tos-useast8-avt-0068-tx2/c528b400b8a578ed972fffc1a55e2ec6~tplv-tiktokx-cropcenter:100:100.jpg?dr=9640&refresh_token=3c93c7bd&x-expires=1780200000&x-signature=PYxkJcIDOzjM4eFWi5TyMLUFwb0%3D&t=4d5b0474&ps=13740610&shp=30310797&shcp=ff37627b&idc=useast5"
"[Sticker] ","1","0","2026-04-19T01:39:53.000Z","crixstylesx","https://www.tiktok.com/@marcosjimenezpere/video/7629973371505249557","6859729760173245445","7630278989056459541","https://p16-common-sign.tiktokcdn-us.com/tos-alisg-avt-0068/9d8c64ed58d19a7414cb8fae8119ec7c~tplv-tiktokx-cropcenter:100:100.jpg?dr=9640&refresh_token=c66549a4&x-expires=1780200000&x-signature=CcR6ED%2BEvPYVzGi660xPttbUI2s%3D&t=4d5b0474&ps=13740610&shp=30310797&shcp=ff37627b&idc=useast5"
"[Sticker] ","1","0","2026-04-21T00:09:32.000Z","axel.demian.gb","https://www.tiktok.com/@marcosjimenezpere/video/7629973371505249557","7245486510874625030","7630997889422721799","https://p16-common-sign.tiktokcdn-us.com/tos-alisg-avt-0068/1a959a810fafca2c01c07b54d8866ecf~tplv-tiktokx-cropcenter:100:100.jpg?dr=9640&refresh_token=2e1af051&x-expires=1780200000&x-signature=ggj8%2BnJJwhKx6cvh9x1gx3v1USk%3D&t=4d5b0474&ps=13740610&shp=30310797&shcp=ff37627b&idc=useast5"
"por eso suspendieron las clases? 🤔","4","0","2026-04-19T01:00:43.000Z","sergioernesto78","https://www.tiktok.com/@marcosjimenezpere/video/7629973371505249557","7096184528339518470","7630268861762749204","https://p16-common-sign.tiktokcdn-us.com/tos-maliva-avt-0068/87154dc45a43afa02e661e1585e87240~tplv-tiktokx-cropcenter:100:100.jpg?dr=9640&refresh_token=d1de7040&x-expires=1780200000&x-signature=dpdrUZsbPoO9Lqxojl8qIjCnTc0%3D&t=4d5b0474&ps=13740610&shp=30310797&shcp=ff37627b&idc=useast5"
"Ps tiene un punto, si todos salen imagínate el desastre que causaría la hora pico","2","2","2026-04-19T19:25:02.000Z","alphonseg_mvp","https://www.tiktok.com/@marcosjimenezpere/video/7629973371505249557","7341278835675792390","7630553478473581328","https://p19-common-sign.tiktokcdn-us.com/tos-maliva-avt-0068/a0dba54636d0a55a01712d5923d369ec~tplv-tiktokx-cropcenter:100:100.jpg?dr=9640&refresh_token=45aeae6a&x-expires=1780200000&x-signature=SrXq6SQJc9%2BWDQkniw1GT8AyS%2BA%3D&t=4d5b0474&ps=13740610&shp=30310797&shcp=ff37627b&idc=useast5"
"que agamos una marcha dicee!!😅😅😅","3","0","2026-04-19T05:09:22.000Z","villagomez.nery","https://www.tiktok.com/@marcosjimenezpere/video/7629973371505249557","7242454050876048389","7630333017106121480","https://p16-common-sign.tiktokcdn-us.com/tos-maliva-avt-0068/3210b3b93f55fef79cdac808d65d08f4~tplv-tiktokx-cropcenter:100:100.jpg?dr=9640&refresh_token=6f6f315c&x-expires=1780200000&x-signature=VY6Hw6RJO7pKJf3Rsxxg0x%2B45nw%3D&t=4d5b0474&ps=13740610&shp=30310797&shcp=ff37627b&idc=useast5"
"Si eso significa Home Office, por mi, Fabuloso 🫶","2","0","2026-04-20T15:46:31.000Z","joseaag44","https://www.tiktok.com/@marcosjimenezpere/video/7629973371505249557","6804635759237252101","7630868321269367569","https://p19-common-sign.tiktokcdn-us.com/tos-alisg-avt-0068/f2d4b79994145fc5e2f6209f053714fe~tplv-tiktokx-cropcenter:100:100.jpg?dr=9640&refresh_token=aefe7bd6&x-expires=1780200000&x-signature=QrkC0mDIWqzEr%2FA%2F%2F35aH2kG538%3D&t=4d5b0474&ps=13740610&shp=30310797&shcp=ff37627b&idc=useast5"
"q me pague y no salgo","3","0","2026-04-18T23:27:31.000Z","muelas8568","https://www.tiktok.com/@marcosjimenezpere/video/7629973371505249557","7385790572059132934","7630244913795351304","https://p19-common-sign.tiktokcdn-us.com/tos-alisg-avt-0068/3902b7264b175336f2456d58325b190d~tplv-tiktokx-cropcenter:100:100.jpg?dr=9640&refresh_token=ec034f65&x-expires=1780200000&x-signature=b3afKdg4snOc4sT0oSvi2%2BiA3fs%3D&t=4d5b0474&ps=13740610&shp=30310797&shcp=ff37627b&idc=useast5"
"y mi me darán home office esos dias asi por mi bien","4","0","2026-05-10T15:56:20.000Z","darzemos","https://www.tiktok.com/@marcosjimenezpere/video/7629973371505249557","6918996854337094662","7638292570992313095","https://p16-common-sign.tiktokcdn-us.com/tos-maliva-avt-0068/7327518227009765381~tplv-tiktokx-cropcenter:100:100.jpg?dr=9640&refresh_token=d2bc629d&x-expires=1780200000&x-signature=4tSwC%2BhfPhThiSVmAy4K3ICaU2U%3D&t=4d5b0474&ps=13740610&shp=30310797&shcp=ff37627b&idc=useast5"
"Si no te cancelan el mundial 🤣🤣🤣...","1","0","2025-11-10T23:12:26.000Z","gerardoprieto.1984","https://www.tiktok.com/@politicomx/video/7571117511932972296","7281523847609533446","7571238459432960785","https://p19-common-sign.tiktokcdn-us.com/tos-alisg-avt-0068/c87e83fdf8831e317fa8472a1bb12cb3~tplv-tiktokx-cropcenter:100:100.jpg?dr=9640&refresh_token=a5fc01c0&x-expires=1780200000&x-signature=zeCA711za75eOuzmvbb7BPvzt%2B0%3D&t=4d5b0474&ps=13740610&shp=30310797&shcp=ff37627b&idc=useast5"
"El Peso de la Copa","3","0","2026-04-21T16:20:19.000Z","yes_ryuji_li","https://www.tiktok.com/@marcosjimenezpere/video/7629973371505249557","6840242456191386630","7631248111797584648","https://p16-common-sign.tiktokcdn-us.com/tos-alisg-avt-0068/96975ccb8056e3019eb5ac751c64f616~tplv-tiktokx-cropcenter:100:100.jpg?dr=9640&refresh_token=930852d4&x-expires=1780200000&x-signature=%2BOr0T5t%2FyV8a7%2FDdch%2BdEGTDRLc%3D&t=4d5b0474&ps=13740610&shp=30310797&shcp=ff37627b&idc=useast5"
"Es broma verdad 😂","4","0","2026-04-20T15:02:22.000Z","beatriz.alvarez76","https://www.tiktok.com/@marcosjimenezpere/video/7629973371505249557","6547089957201122304","7630856922212729621","https://p19-common-sign.tiktokcdn-us.com/tos-maliva-avt-0068/7321670936344363013~tplv-tiktokx-cropcenter:100:100.jpg?dr=9640&refresh_token=09c23e60&x-expires=1780200000&x-signature=1fQQH7ZZV4tR1uBswQ%2Fy2ues1ag%3D&t=4d5b0474&ps=13740610&shp=30310797&shcp=ff37627b&idc=useast5"
"que estupidez dijo","3","0","2026-04-18T19:20:42.000Z","albertosg7","https://www.tiktok.com/@marcosjimenezpere/video/7629973371505249557","6807061605613995014","7630181282379727637","https://p16-common-sign.tiktokcdn-us.com/tos-maliva-avt-0068/7336291072628260870~tplv-tiktokx-cropcenter:100:100.jpg?dr=9640&refresh_token=7f539371&x-expires=1780200000&x-signature=FQEHXADhR%2BWz%2FzWf%2FHhyPIOteII%3D&t=4d5b0474&ps=13740610&shp=30310797&shcp=ff37627b&idc=useast5"
"pues mientras me paguen mis días de trabajo yo con gusto me quedo a descansar a mi casa 🛌","5","0","2026-04-18T18:20:44.000Z","airamgonzlez83","https://www.tiktok.com/@marcosjimenezpere/video/7629973371505249557","7486334249274049552","7630165865824781077","https://p19-common-sign.tiktokcdn.com/tos-alisg-avt-0068/3fc7c9cd730b3addaf6828ad3e1760d9~tplv-tiktokx-cropcenter:100:100.jpg?dr=14579&refresh_token=e395e94d&x-expires=1780200000&x-signature=dOZbfFTknn8IhQSCYwoNEXr8b9k%3D&t=4d5b0474&ps=13740610&shp=30310797&shcp=ff37627b&idc=my"
"déjame adivinar es otra frase sacada de contexto verdad?","3","2","2026-04-20T22:25:36.000Z","tsudzuku1","https://www.tiktok.com/@marcosjimenezpere/video/7629973371505249557","6960479794481382406","7630971093742142229","https://p16-common-sign.tiktokcdn.com/tos-maliva-avt-0068/7327334941910401030~tplv-tiktokx-cropcenter:100:100.jpg?dr=14579&refresh_token=ec629626&x-expires=1780200000&x-signature=sPa9EIlTOtLwHxOndwY0wWrKD24%3D&t=4d5b0474&ps=13740610&shp=30310797&shcp=ff37627b&idc=my"
"y ahi que se puede hacer?","4","2","2026-04-19T01:46:38.000Z","elias_hdz04","https://www.tiktok.com/@marcosjimenezpere/video/7629973371505249557","6935547799396664325","7630280782707540754","https://p16-common-sign.tiktokcdn.com/tos-alisg-avt-0068/a081c68f10d541f7a1b41e376909e2a1~tplv-tiktokx-cropcenter:100:100.jpg?dr=14579&refresh_token=457d5bd4&x-expires=1780200000&x-signature=KXfI5zzKFn1g3WLW9evVglKeZjY%3D&t=4d5b0474&ps=13740610&shp=30310797&shcp=ff37627b&idc=my"
"Suban la información bien, si lo dijo por escrito suban las capturas, si lo dijo en un en vivo suban la parte del en vivo. Si van a informar, informen bien.","1","2","2026-04-19T21:18:09.000Z","aaataraaaxiaaa","https://www.tiktok.com/@marcosjimenezpere/video/7629973371505249557","6871706156806652930","7630582588277981972","https://p16-common-sign.tiktokcdn.com/tos-maliva-avt-0068/0220808d64c328a4bfe068b9453b7f31~tplv-tiktokx-cropcenter:100:100.jpg?dr=14579&refresh_token=048e255e&x-expires=1780200000&x-signature=zJDe3NlIMh12lvXWNrl8kI48%2BcQ%3D&t=4d5b0474&ps=13740610&shp=30310797&shcp=ff37627b&idc=my"
"concuerdo con ella","1","2","2026-04-18T19:49:18.000Z","ramses_smith","https://www.tiktok.com/@marcosjimenezpere/video/7629973371505249557","7079116122125632518","7630188664568873735","https://p16-common-sign.tiktokcdn.com/tos-maliva-avt-0068/82cb05f95164bbaebfdf91a36f0f520a~tplv-tiktokx-cropcenter:100:100.jpg?dr=14579&refresh_token=9408c3f0&x-expires=1780200000&x-signature=yydCnIRngxLrJ%2FNEsQiq6u%2BOXNs%3D&t=4d5b0474&ps=13740610&shp=30310797&shcp=ff37627b&idc=my"
"y de a cómo estamos hablando? 😅","4","0","2026-04-18T14:58:49.000Z","andres20273","https://www.tiktok.com/@marcosjimenezpere/video/7629973371505249557","7147380379044922374","7630113850919535368","https://p16-common-sign.tiktokcdn.com/tos-alisg-avt-0068/3e963a39823ea47787bb3640880d7fe5~tplv-tiktokx-cropcenter:100:100.jpg?dr=14579&refresh_token=82ab484c&x-expires=1780200000&x-signature=APPrW8B1XtdTgX9fdSDPzjMRkG4%3D&t=4d5b0474&ps=13740610&shp=30310797&shcp=ff37627b&idc=my"
"Soy de Perú","1","1","2026-04-20T13:35:49.000Z","claudialuciamedianero29","https://www.tiktok.com/@marcosjimenezpere/video/7629973371505249557","7112501113497043973","7630834605994590992","https://p16-common-sign.tiktokcdn.com/tos-maliva-avt-0068/2713c234e235021a5452dc17a1c10507~tplv-tiktokx-cropcenter:100:100.jpg?dr=14579&refresh_token=3a44a3c1&x-expires=1780200000&x-signature=SU4Ir%2BL%2BHqgtwrJK5MBhYXWwj5g%3D&t=4d5b0474&ps=13740610&shp=30310797&shcp=ff37627b&idc=my"
"Mientras me paguen mi salario no hay pex me quedo en mi casa","3","1","2026-04-18T22:55:40.000Z","aleksierra17","https://www.tiktok.com/@marcosjimenezpere/video/7629973371505249557","6902611526609077253","7630236668184118036","https://p16-common-sign.tiktokcdn.com/tos-alisg-avt-0068/7332566094126776328~tplv-tiktokx-cropcenter:100:100.jpg?dr=14579&refresh_token=5e6d95c1&x-expires=1780200000&x-signature=snZQSEwLJHXf5qZuScYJpes%2FMfQ%3D&t=4d5b0474&ps=13740610&shp=30310797&shcp=ff37627b&idc=my"
"entendido! que salgamos todos ❤️","2","0","2026-04-20T03:59:41.000Z","winnieandbrownnie","https://www.tiktok.com/@marcosjimenezpere/video/7629973371505249557","7426148253408805893","7630686097647993601","https://p16-common-sign.tiktokcdn-us.com/tos-alisg-avt-0068/ade78561653d5c9df8b48b0e3547d1cb~tplv-tiktokx-cropcenter:100:100.jpg?dr=9640&refresh_token=0870e797&x-expires=1780200000&x-signature=a9g1HqvOXD1tyJ6Z%2BpIE6j6uPYo%3D&t=4d5b0474&ps=13740610&shp=30310797&shcp=ff37627b&idc=useast5"
"Mate eso nunca pasó","2","0","2026-04-28T11:47:57.000Z","novathekingstar","https://www.tiktok.com/@marcosjimenezpere/video/7629973371505249557","7589121620977009684","7633775489400324885","https://p19-common-sign.tiktokcdn-us.com/tos-alisg-avt-0068/f37288883201baf43078cb8de9726e53~tplv-tiktokx-cropcenter:100:100.jpg?dr=9640&refresh_token=4cff59f7&x-expires=1780200000&x-signature=7rofS2z3%2FkVJy67%2Fx9zw9CvWVIw%3D&t=4d5b0474&ps=13740610&shp=30310797&shcp=ff37627b&idc=useast5"
"con más razón voy a salir","4","0","2026-04-20T13:48:17.000Z","cheerito_1tar","https://www.tiktok.com/@marcosjimenezpere/video/7629973371505249557","7439762599396361271","7630837835016946453","https://p16-common-sign.tiktokcdn-us.com/tos-alisg-avt-0068/eb3c5af4e93a8afadfdf73e63e616b51~tplv-tiktokx-cropcenter:100:100.jpg?dr=9640&refresh_token=1a7f817a&x-expires=1780200000&x-signature=JpsFKAA3X2b7%2F8D0wkFEQMc2pCg%3D&t=4d5b0474&ps=13740610&shp=30310797&shcp=ff37627b&idc=useast5"
"JAJAJAJAJAJAJAJAJAJAJAJAJAJ","3","0","2026-04-18T23:23:40.000Z","_artico","https://www.tiktok.com/@marcosjimenezpere/video/7629973371505249557","7212510246933349382","7630243831917691668","https://p19-common-sign.tiktokcdn-us.com/tos-maliva-avt-0068/b671028d2d5b0fcd4bc2712ef89fca9a~tplv-tiktokx-cropcenter:100:100.jpg?dr=9640&refresh_token=c4c2be28&x-expires=1780200000&x-signature=qhAfEGVuUS%2Fn5TCrXOzin8TmNgI%3D&t=4d5b0474&ps=13740610&shp=30310797&shcp=ff37627b&idc=useast5"
"Cuba?🇨🇺","1","0","2026-04-18T20:31:04.000Z","miguel.htt","https://www.tiktok.com/@marcosjimenezpere/video/7629973371505249557","7059619538404475910","7630199419695481608","https://p16-common-sign.tiktokcdn-us.com/tos-alisg-avt-0068/45fc6cd0685143d4d923324c2d11fecd~tplv-tiktokx-cropcenter:100:100.jpg?dr=9640&refresh_token=0c016f83&x-expires=1780200000&x-signature=c4FyVxvkwQZ5Ot10R2gz7eVdAr0%3D&t=4d5b0474&ps=13740610&shp=30310797&shcp=ff37627b&idc=useast5"
"wey yo no soy de la cdmx, pero el día del mundial viajaré allá con toda mi familia 😁","3","0","2026-04-20T13:07:13.000Z","romicho_r8m","https://www.tiktok.com/@marcosjimenezpere/video/7629973371505249557","6907791138352399361","7630827241304408839","https://p19-common-sign.tiktokcdn-us.com/tos-alisg-avt-0068/494cae379406b9db6e013ef06409aaae~tplv-tiktokx-cropcenter:100:100.jpg?dr=9640&refresh_token=cc4892d4&x-expires=1780200000&x-signature=16akSsNUOxBTf69r73vSHhUpfTM%3D&t=4d5b0474&ps=13740610&shp=30310797&shcp=ff37627b&idc=useast5"
"jajaja nunca dijo eso jajaj","2","0","2026-04-19T01:19:00.000Z","user1107632748900","https://www.tiktok.com/@marcosjimenezpere/video/7629973371505249557","6883551209878406149","7630273624730092305","https://p16-common-sign.tiktokcdn-us.com/tos-alisg-avt-0068/66bed9b1b3ea08780097da12213cdff2~tplv-tiktokx-cropcenter:100:100.jpg?dr=9640&refresh_token=82ba2287&x-expires=1780200000&x-signature=EqWHSi0q15g3jlmIN3G8KZwex8o%3D&t=4d5b0474&ps=13740610&shp=30310797&shcp=ff37627b&idc=useast5"
"[Sticker] Que hagamos fiesta al lado del mundial dice","3","0","2026-04-25T17:14:48.000Z","j3zuz.3","https://www.tiktok.com/@marcosjimenezpere/video/7629973371505249557","7103223468472517675","7632746383146451725","https://p16-common-sign.tiktokcdn-us.com/tos-useast5-avt-0068-tx/71705509fc83fdbb34e3195a7de8f00c~tplv-tiktokx-cropcenter:100:100.jpg?dr=9640&refresh_token=b22162a0&x-expires=1780200000&x-signature=MIiMAQlSo87%2BsPauQBVp9YjWU0k%3D&t=4d5b0474&ps=13740610&shp=30310797&shcp=ff37627b&idc=useast5"
"[Sticker] ¿QUEEEEEE?","3","0","2026-04-20T21:15:25.000Z","everosas321","https://www.tiktok.com/@marcosjimenezpere/video/7629973371505249557","6811325417372632069","7630953017982714642","https://p16-common-sign.tiktokcdn-us.com/tos-alisg-avt-0068/ce9bc0ce1806d26974757fa698bd1577~tplv-tiktokx-cropcenter:100:100.jpg?dr=9640&refresh_token=85481a67&x-expires=1780200000&x-signature=rV2Ugw7uCRf%2B1dUXn89js8QPEfI%3D&t=4d5b0474&ps=13740610&shp=30310797&shcp=ff37627b&idc=useast5"
"[Sticker] Yo cuando salga a ver a los turistas","3","0","2026-04-20T14:48:43.000Z","netblus","https://www.tiktok.com/@marcosjimenezpere/video/7629973371505249557","7179779153969218566","7630853420195087112","https://p16-common-sign.tiktokcdn-us.com/tos-maliva-avt-0068/aaca62214f24d2d2431f51ce23a5db95~tplv-tiktokx-cropcenter:100:100.jpg?dr=9640&refresh_token=c8f53b41&x-expires=1780200000&x-signature=EBROn1WesaUqZ02zcX62zbMLOQM%3D&t=4d5b0474&ps=13740610&shp=30310797&shcp=ff37627b&idc=useast5"
"que salgamos dice","2","0","2026-04-19T01:00:51.000Z","oscargomezcame","https://www.tiktok.com/@marcosjimenezpere/video/7629973371505249557","6777464399307506694","7630268967730856720","https://p16-common-sign.tiktokcdn-us.com/tos-maliva-avt-0068/0c4a10d9009d074ef22ad5997448db45~tplv-tiktokx-cropcenter:100:100.jpg?dr=9640&refresh_token=61bef0f8&x-expires=1780200000&x-signature=xq5cvnY028xv83pmKl9CwPHS9TM%3D&t=4d5b0474&ps=13740610&shp=30310797&shcp=ff37627b&idc=useast5"
"[Sticker] oilaaaaaa","2","0","2026-04-21T02:42:20.000Z","lolithamagali","https://www.tiktok.com/@marcosjimenezpere/video/7629973371505249557","7172041836164301829","7631037288562590465","https://p19-common-sign.tiktokcdn-us.com/tos-maliva-avt-0068/ceadd2f2860340f0d05730148c93452a~tplv-tiktokx-cropcenter:100:100.jpg?dr=9640&refresh_token=ed21889e&x-expires=1780200000&x-signature=vjp2md2fVJE2gU%2BfZO2%2BgRLR04Q%3D&t=4d5b0474&ps=13740610&shp=30310797&shcp=ff37627b&idc=useast5"
"que hagamos desfile dice","2","0","2026-04-23T07:28:23.000Z","black_winged_fox","https://www.tiktok.com/@marcosjimenezpere/video/7629973371505249557","7281850484523500549","7631853157920998145","https://p16-common-sign.tiktokcdn-us.com/tos-alisg-avt-0068/837aab378a47d8c8f0ae40b2d1125863~tplv-tiktokx-cropcenter:100:100.jpg?dr=9640&refresh_token=37c13d96&x-expires=1780200000&x-signature=1OD7Y53Dtm4OBqLvO54FHspRc5k%3D&t=4d5b0474&ps=13740610&shp=30310797&shcp=ff37627b&idc=useast5"
"perdonen cuando es el mundial?:(","2","0","2026-04-19T00:53:45.000Z","erh523","https://www.tiktok.com/@marcosjimenezpere/video/7629973371505249557","7276648623567373318","7630267087957590800","https://p19-common-sign.tiktokcdn-us.com/tos-maliva-avt-0068/7395061210964000774~tplv-tiktokx-cropcenter:100:100.jpg?dr=9640&refresh_token=d96db0f0&x-expires=1780200000&x-signature=DQty8ZAtLNeju0P7WIKgurkviV8%3D&t=4d5b0474&ps=13740610&shp=30310797&shcp=ff37627b&idc=useast5"
"La cancion de ""la carencia"" de panteón rococo fue lo único que se me vino a la cabeza al leer esto","2","0","2026-04-22T19:51:04.000Z","cris_lara1","https://www.tiktok.com/@marcosjimenezpere/video/7629973371505249557","6699248405225948166","7631673466442367751","https://p19-common-sign.tiktokcdn-us.com/tos-alisg-avt-0068/1d8d047b7890665a0839307545301944~tplv-tiktokx-cropcenter:100:100.jpg?dr=9640&refresh_token=d6f58605&x-expires=1780200000&x-signature=WTaxGN%2FoeTFVsVg0BgwR6QkTVco%3D&t=4d5b0474&ps=13740610&shp=30310797&shcp=ff37627b&idc=useast5"
"Sale, entonces me muero de hambre","1","0","2026-04-19T02:36:12.000Z","username_username_usrnm3","https://www.tiktok.com/@marcosjimenezpere/video/7629973371505249557","7088084896224855046","7630293505252950805","https://p19-common-sign.tiktokcdn-us.com/tos-alisg-avt-0068/08829a4937fd28fc622ba1f2bd0bd036~tplv-tiktokx-cropcenter:100:100.jpg?dr=9640&refresh_token=e6f7cb17&x-expires=1780200000&x-signature=i0VRQbQFgOP2obC%2BDML6xoinWog%3D&t=4d5b0474&ps=13740610&shp=30310797&shcp=ff37627b&idc=useast5"
"JAJAJA, wtf","2","0","2026-04-21T00:01:35.000Z","ary.a_667","https://www.tiktok.com/@marcosjimenezpere/video/7629973371505249557","7432310825044050949","7630995793240228615","https://p19-common-sign.tiktokcdn-us.com/tos-alisg-avt-0068/218e3af1334cd025f94f31cc02625d94~tplv-tiktokx-cropcenter:100:100.jpg?dr=9640&refresh_token=1cc69660&x-expires=1780200000&x-signature=24WXvofto57fg7LLhsvkqeSDKf8%3D&t=4d5b0474&ps=13740610&shp=30310797&shcp=ff37627b&idc=useast5"
"Que salgamos dice 😎","1","0","2026-04-18T23:14:32.000Z","vyck.trevio","https://www.tiktok.com/@marcosjimenezpere/video/7629973371505249557","7357408381898703878","7630241557609792274","https://p16-common-sign.tiktokcdn-us.com/tos-alisg-avt-0068/d5b02445058d8d2f0e2ab8beb0e3a2c0~tplv-tiktokx-cropcenter:100:100.jpg?dr=9640&refresh_token=326b55af&x-expires=1780200000&x-signature=IUoz3TsWhrxITMrFRxc9ZNdLwg4%3D&t=4d5b0474&ps=13740610&shp=30310797&shcp=ff37627b&idc=useast5"
"jajaja y luego...?","3","0","2026-04-18T20:38:23.000Z","arapibe","https://www.tiktok.com/@marcosjimenezpere/video/7629973371505249557","7184552507339195398","7630201335891657489","https://p16-common-sign.tiktokcdn-us.com/tos-maliva-avt-0068/a14ef6eeb001c134f859a92846fd54f6~tplv-tiktokx-cropcenter:100:100.jpg?dr=9640&refresh_token=91be43cc&x-expires=1780200000&x-signature=hXA1QqjqSc7NSxYc%2FV3xb8uJueA%3D&t=4d5b0474&ps=13740610&shp=30310797&shcp=ff37627b&idc=useast5"
"keeeeeeeeee ?😳","2","0","2026-04-20T22:29:09.000Z","demimldz888","https://www.tiktok.com/@marcosjimenezpere/video/7629973371505249557","7380870033084072966","7630971994495042322","https://p19-common-sign.tiktokcdn-us.com/tos-alisg-avt-0068/cae43e10a374a9c696ab51b391dfb45a~tplv-tiktokx-cropcenter:100:100.jpg?dr=9640&refresh_token=f364a92d&x-expires=1780200000&x-signature=W86qK8ibHLtKkDWBMpm1nt3q5Y0%3D&t=4d5b0474&ps=13740610&shp=30310797&shcp=ff37627b&idc=useast5"
"Que?? Nosotros somos el atractivo 🥰","1","0","2026-04-21T00:20:32.000Z","bassym.granados","https://www.tiktok.com/@marcosjimenezpere/video/7629973371505249557","6522512369694807040","7631000695022191381","https://p16-common-sign.tiktokcdn-us.com/tos-maliva-avt-0068/1dc51790c91d7c8c8f9bb4d19567f4d8~tplv-tiktokx-cropcenter:100:100.jpg?dr=9640&refresh_token=0530b15b&x-expires=1780200000&x-signature=iRI%2BiqGfKejn07i3tjejTFJ2MRE%3D&t=4d5b0474&ps=13740610&shp=30310797&shcp=ff37627b&idc=useast5"
"no haremos caso 😂","1","0","2026-04-20T03:15:08.000Z","stephany.hernande90","https://www.tiktok.com/@marcosjimenezpere/video/7629973371505249557","7510047718790857744","7630674615577019153","https://p19-common-sign.tiktokcdn-us.com/tos-alisg-avt-0068/ae12cbedf2d34c2f5c59d178aca12efa~tplv-tiktokx-cropcenter:100:100.jpg?dr=9640&refresh_token=4a3a4fdd&x-expires=1780200000&x-signature=Xjdt9OLe0auuzAZ%2FiqrMT5Io3tc%3D&t=4d5b0474&ps=13740610&shp=30310797&shcp=ff37627b&idc=useast5"
"lo más gracioso que dijo qué vara movilizar en transporte público o a los turistas","4","0","2026-04-18T17:02:53.000Z","alexisjavierprezc","https://www.tiktok.com/@marcosjimenezpere/video/7629973371505249557","7180853830002017285","7630145831584301842","https://p16-common-sign.tiktokcdn-us.com/tos-maliva-avt-0068/7190549062461390853~tplv-tiktokx-cropcenter:100:100.jpg?dr=9640&refresh_token=5b770f7f&x-expires=1780200000&x-signature=rCPnfMhOrx9CX5wB8e7M3lNTPho%3D&t=4d5b0474&ps=13740610&shp=30310797&shcp=ff37627b&idc=useast5"
"Pero si solo habrá 13 paridos y varía de local de México , dudo mucho con todo respeto que haya más de 1 millón de personas","0","0","2025-11-11T02:24:19.000Z","andres.mendez1511","https://www.tiktok.com/@politicomx/video/7571117511932972296","7392805073716315179","7571287939474146062","https://p19-common-sign.tiktokcdn-us.com/tos-useast5-avt-0068-tx/7392805516717588522~tplv-tiktokx-cropcenter:100:100.jpg?dr=9640&refresh_token=e0b8797b&x-expires=1780200000&x-signature=hppyBl%2Fv%2BoX%2BEaD%2BrCZGgQ3HpPo%3D&t=4d5b0474&ps=13740610&shp=30310797&shcp=ff37627b&idc=useast5"
"No creo","0","0","2025-11-11T01:50:14.000Z","manuel3lagunas","https://www.tiktok.com/@politicomx/video/7571117511932972296","6532045200951361538","7571279142148031246","https://p16-common-sign.tiktokcdn-us.com/tos-useast5-avt-0068-tx/7349151151679340587~tplv-tiktokx-cropcenter:100:100.jpg?dr=9640&refresh_token=9c5325ec&x-expires=1780200000&x-signature=rzonYZSEJsCrAr4Y4yoJ57CrPMY%3D&t=4d5b0474&ps=13740610&shp=30310797&shcp=ff37627b&idc=useast5"
"con las ganas sequedaron ya esta confirmado no habrá mundial en México la culpa la tiene la presidenta por la inseguridad que se vive","0","0","2025-11-11T01:50:09.000Z","cherlie12bautista3","https://www.tiktok.com/@politicomx/video/7571117511932972296","7348253125121721386","7571279122027660045","https://p16-common-sign.tiktokcdn-us.com/tos-useast5-avt-0068-tx/b1dddf3c507197de56e6911d394b2be8~tplv-tiktokx-cropcenter:100:100.jpg?dr=9640&refresh_token=1c7498d6&x-expires=1780200000&x-signature=qC3AnF0MLn%2FCLb3psUWp8hDdFEo%3D&t=4d5b0474&ps=13740610&shp=30310797&shcp=ff37627b&idc=useast5"
"si tan solo hubiera empezado el aeropuerto de peñas nieto otra casa sería.","0","0","2025-11-11T02:59:44.000Z","davidmedina6625","https://www.tiktok.com/@politicomx/video/7571117511932972296","6972212973080609798","7571297066548167445","https://p16-common-sign.tiktokcdn-us.com/tos-maliva-avt-0068/7335576764402302981~tplv-tiktokx-cropcenter:100:100.jpg?dr=9640&refresh_token=26d06464&x-expires=1780200000&x-signature=ICgc0n0QoAP5VNf88cMxx2oy0Rg%3D&t=4d5b0474&ps=13740610&shp=30310797&shcp=ff37627b&idc=useast5"
"cuántos dices que vendrán ???
dime","0","0","2025-11-11T02:02:24.000Z","mi.marido15","https://www.tiktok.com/@politicomx/video/7571117511932972296","7444415186357322807","7571282310893945607","https://p16-common-sign.tiktokcdn-us.com/tos-maliva-avt-0068/503ae289e683fe27529e2e2c2aa929b7~tplv-tiktokx-cropcenter:100:100.jpg?dr=9640&refresh_token=6f3537ef&x-expires=1780200000&x-signature=qWi26%2BR3otBe2f01wX8qK%2BHkhBk%3D&t=4d5b0474&ps=13740610&shp=30310797&shcp=ff37627b&idc=useast5"
"K dijo","0","0","2025-11-11T02:02:16.000Z","apple.user5963321","https://www.tiktok.com/@politicomx/video/7571117511932972296","7356036545549812779","7571282221463929614","https://p16-common-sign.tiktokcdn-us.com/tos-useast5-avt-0068-tx/7368839917398392875~tplv-tiktokx-cropcenter:100:100.jpg?dr=9640&refresh_token=faebddb2&x-expires=1780200000&x-signature=KTz1pxRmdeOT4vkZ95VYbMXDFVM%3D&t=4d5b0474&ps=13740610&shp=30310797&shcp=ff37627b&idc=useast5"
"y que vas a hacer con todo ese dinero?","0","0","2025-11-11T01:25:17.000Z","carlitos.montejo3","https://www.tiktok.com/@politicomx/video/7571117511932972296","7508151508497417234","7571272697700680469","https://p16-common-sign.tiktokcdn-us.com/tos-alisg-avt-0068/80621bfb90d04f547520ad3b8e1e8af5~tplv-tiktokx-cropcenter:100:100.jpg?dr=9640&refresh_token=b96b841f&x-expires=1780200000&x-signature=waQsoeqttcBAjnbm3tQV1VBQ%2BJg%3D&t=4d5b0474&ps=13740610&shp=30310797&shcp=ff37627b&idc=useast5"
"Que Miedo🤣🤣🤣🤣🤣","0","0","2025-11-11T00:40:57.000Z","mauriciovazquezgu","https://www.tiktok.com/@politicomx/video/7571117511932972296","6959010304743523334","7571261271431365384","https://p19-common-sign.tiktokcdn-us.com/tos-maliva-avt-0068/7336287618521137158~tplv-tiktokx-cropcenter:100:100.jpg?dr=9640&refresh_token=4fccea2f&x-expires=1780200000&x-signature=4HRgTtUkpujeqgiEDO8Ys8HkNrc%3D&t=4d5b0474&ps=13740610&shp=30310797&shcp=ff37627b&idc=useast5"
"😂orale que descanses","0","0","2025-11-11T01:55:27.000Z","user4520728748579","https://www.tiktok.com/@politicomx/video/7571117511932972296","7407152436446675974","7571280516805051144","https://p16-common-sign.tiktokcdn-us.com/tos-alisg-avt-0068/d13fa2693f8f9365b6fa67c297c8f6e7~tplv-tiktokx-cropcenter:100:100.jpg?dr=9640&refresh_token=90a71cb7&x-expires=1780200000&x-signature=I8cuy9zfwH4sNUyE2av44FuBcU0%3D&t=4d5b0474&ps=13740610&shp=30310797&shcp=ff37627b&idc=useast5"
"No mija ya es diciembre.. el bono y pues no marcame enenero","0","0","2025-11-22T06:22:03.000Z","ale.peralez.jacob","https://www.tiktok.com/@politicomx/video/7571117511932972296","7293367376342762502","7575431159623648008","https://p19-common-sign.tiktokcdn-us.com/tos-maliva-avt-0068/7293540287283920901~tplv-tiktokx-cropcenter:100:100.jpg?dr=9640&refresh_token=b97d936e&x-expires=1780200000&x-signature=jdhymzGeA2Gij5Z%2F1GwM02C8m48%3D&t=4d5b0474&ps=13740610&shp=30310797&shcp=ff37627b&idc=useast5"
"uuufffff!!! que complicado si en México desgraciadamente la inseguridad es el tema más importante","0","0","2025-11-11T02:30:15.000Z","djpolux9000","https://www.tiktok.com/@politicomx/video/7571117511932972296","6937438551585604614","7571289463496131335","https://p19-common-sign.tiktokcdn-us.com/tos-maliva-avt-0068/e3291b055ab6e09e264b7539331bdb0f~tplv-tiktokx-cropcenter:100:100.jpg?dr=9640&refresh_token=cbcd2cd1&x-expires=1780200000&x-signature=S%2F6AnEpLJQOyYeKsCqU9YmLiLqM%3D&t=4d5b0474&ps=13740610&shp=30310797&shcp=ff37627b&idc=useast5"
"Si la FIFA está considerando quitarle la cede por la inseguridad jajaja que se puso a hablar","0","0","2025-11-11T01:00:58.000Z","ferblasquez12","https://www.tiktok.com/@politicomx/video/7571117511932972296","6921934185390523398","7571266409701245717","https://p19-common-sign.tiktokcdn-us.com/tos-alisg-avt-0068/95a3eedc35367e477cbbf04ac8240662~tplv-tiktokx-cropcenter:100:100.jpg?dr=9640&refresh_token=e61267a9&x-expires=1780200000&x-signature=y1QfVhWQqLP0uiQzEaD%2F75pOx94%3D&t=4d5b0474&ps=13740610&shp=30310797&shcp=ff37627b&idc=useast5"
"Que miedo ir a Mexico es uno de los países mas peligrosos de latinoamerica","0","0","2025-11-11T12:27:29.000Z","edgar.cisnero.c4","https://www.tiktok.com/@politicomx/video/7571117511932972296","7499188268606440494","7571443129729401631","https://p19-common-sign.tiktokcdn-us.com/tos-useast8-avt-0068-tx2/55270e142f0705af0de57f3ae3148fd5~tplv-tiktokx-cropcenter:100:100.jpg?dr=9640&refresh_token=32851d2f&x-expires=1780200000&x-signature=%2BqvbYK9%2Fx5sidwHUFD7JdG7HAXY%3D&t=4d5b0474&ps=13740610&shp=30310797&shcp=ff37627b&idc=useast5"
"ya cancelaron El mundial para mexico ya esta confirmado los partidos seran en estados unidos y Canada en mexico no ay seguridad","0","0","2025-11-11T05:57:57.000Z","maralmen1383","https://www.tiktok.com/@politicomx/video/7571117511932972296","6794601656502076421","7571342761308488479","https://p19-common-sign.tiktokcdn-us.com/musically-maliva-obj/1594805258216454~tplv-tiktokx-cropcenter:100:100.jpg?dr=9640&refresh_token=e340c4d0&x-expires=1780200000&x-signature=y0I6Dncomm86fyA9XjJdWa1HRzE%3D&t=4d5b0474&ps=13740610&shp=30310797&shcp=ff37627b&idc=useast5"
"Parece perfecta idea para desviar la atención 💀","0","0","2025-11-11T00:40:01.000Z","emivalcova","https://www.tiktok.com/@politicomx/video/7571117511932972296","208592081357864960","7571261020918121223","https://p19-common-sign.tiktokcdn-us.com/tos-alisg-avt-0068/5e7a401bbe170aeb9e3424d21ae40ca5~tplv-tiktokx-cropcenter:100:100.jpg?dr=9640&refresh_token=fbce7a75&x-expires=1780200000&x-signature=z7fyuJ52cr5ABOH0aUp%2BRvwhYtQ%3D&t=4d5b0474&ps=13740610&shp=30310797&shcp=ff37627b&idc=useast5"
"Valió venga eso","0","0","2025-11-11T07:11:04.000Z","javier.af84","https://www.tiktok.com/@politicomx/video/7571117511932972296","7524014359174726670","7571361553086677790","https://p16-common-sign.tiktokcdn-us.com/tos-useast5-avt-0068-tx/31330d2e69cb6e92a2129bb5d66940f0~tplv-tiktokx-cropcenter:100:100.jpg?dr=9640&refresh_token=cdff394e&x-expires=1780200000&x-signature=VW10X%2BLuCuEBajr2RtXgyne2y4Q%3D&t=4d5b0474&ps=13740610&shp=30310797&shcp=ff37627b&idc=useast5"
"pues por ahí dicen q la FIFA ya no quiere ir a México","0","0","2025-11-11T01:36:32.000Z","hdz1321","https://www.tiktok.com/@politicomx/video/7571117511932972296","6815679320507024389","7571275620273881887","https://p16-common-sign.tiktokcdn-us.com/tos-useast8-avt-0068-tx2/89b17102ce19bf9fb3d329bb818f1896~tplv-tiktokx-cropcenter:100:100.jpg?dr=9640&refresh_token=f7163c10&x-expires=1780200000&x-signature=UVzadi280qC804hebttPr%2FOiRYI%3D&t=4d5b0474&ps=13740610&shp=30310797&shcp=ff37627b&idc=useast5"
"Que miedo ir al mundial a México","0","0","2025-11-11T01:16:28.000Z","chrisrivas413","https://www.tiktok.com/@politicomx/video/7571117511932972296","6960509231355708421","7571270431800443656","https://p19-common-sign.tiktokcdn-us.com/tos-maliva-avt-0068/dcd4bde40f3f974fe01668c8319299fd~tplv-tiktokx-cropcenter:100:100.jpg?dr=9640&refresh_token=fbe4dfd5&x-expires=1780200000&x-signature=yehK71esWRcXIv33GhCxusW%2F14Y%3D&t=4d5b0474&ps=13740610&shp=30310797&shcp=ff37627b&idc=useast5"
"solo al verla 😡","0","0","2025-11-11T01:39:00.000Z","sbeusksn","https://www.tiktok.com/@politicomx/video/7571117511932972296","7498172769348633608","7571276286937744146","https://p19-common-sign.tiktokcdn-us.com/tos-alisg-avt-0068/748bfbdd72e7f007c9e948b623a8be1e~tplv-tiktokx-cropcenter:100:100.jpg?dr=9640&refresh_token=55f2ad85&x-expires=1780200000&x-signature=uQmUR%2F0R0EY6%2BbTLAbKwNqX8L1Y%3D&t=4d5b0474&ps=13740610&shp=30310797&shcp=ff37627b&idc=useast5"
"también van a detener las construcciones que están sobre paseo de la reforma","4","0","2026-04-19T02:03:51.000Z","phoenix.hernandez3","https://www.tiktok.com/@marcosjimenezpere/video/7629973371505249557","7275578055447397382","7630285197531071233","https://p16-common-sign.tiktokcdn-us.com/tos-maliva-avt-0068/314f1f73c9aa7aa7ccad7a94436b837d~tplv-tiktokx-cropcenter:100:100.jpg?dr=9640&refresh_token=0163821c&x-expires=1780200000&x-signature=yKkdfBv7mbDOR%2Fb0n9Z2vQJrxEU%3D&t=4d5b0474&ps=13740610&shp=30310797&shcp=ff37627b&idc=useast8"
"cómo e dicho no porque sean de Morena quiere decir que son buenos políticos. eso hubiera pesando antes de el mundial como solucionar ese problema","4","0","2026-04-18T23:26:54.000Z","magui_mon","https://www.tiktok.com/@marcosjimenezpere/video/7629973371505249557","6605418576235872261","7630244720581247752","https://p16-common-sign.tiktokcdn-us.com/tos-alisg-avt-0068/034beb172941792e583c0d8e2b470055~tplv-tiktokx-cropcenter:100:100.jpg?dr=9640&refresh_token=282bc606&x-expires=1780200000&x-signature=Th7dyMlj3Hkw7f6RyRzDlBUhP3k%3D&t=4d5b0474&ps=13740610&shp=30310797&shcp=ff37627b&idc=useast8"
"a vaya en nuestro país ya no vamos a poder salir 🤔🤔🤔","1","0","2026-04-20T13:42:50.000Z","satiricon29","https://www.tiktok.com/@marcosjimenezpere/video/7629973371505249557","6853557691475592197","7630836409772327700","https://p19-common-sign.tiktokcdn-us.com/musically-maliva-obj/1594805258216454~tplv-tiktokx-cropcenter:100:100.jpg?dr=9640&refresh_token=e340c4d0&x-expires=1780200000&x-signature=y0I6Dncomm86fyA9XjJdWa1HRzE%3D&t=4d5b0474&ps=13740610&shp=30310797&shcp=ff37627b&idc=useast8"
"si me dan para ir de vacaciones yo con gusto me largo los días para los que me alcancen","2","0","2026-04-18T17:04:28.000Z","veronicacruz75082","https://www.tiktok.com/@marcosjimenezpere/video/7629973371505249557","7539580470520038407","7630146202424951572","https://p16-common-sign.tiktokcdn-us.com/tos-alisg-avt-0068/6b3687b4da334b46962b079624d842ce~tplv-tiktokx-cropcenter:100:100.jpg?dr=9640&refresh_token=b50b04e5&x-expires=1780200000&x-signature=CsP9W%2FynW2r7mz4kQOXH8VxdLYc%3D&t=4d5b0474&ps=13740610&shp=30310797&shcp=ff37627b&idc=useast8"
"que salga? bueno","2","0","2026-04-19T00:45:55.000Z","lasaventurasdesorix","https://www.tiktok.com/@marcosjimenezpere/video/7629973371505249557","6904293706690987013","7630265061865440020","https://p19-common-sign.tiktokcdn-us.com/tos-alisg-avt-0068/e3b3c1d73970dd119b026327523a026f~tplv-tiktokx-cropcenter:100:100.jpg?dr=9640&refresh_token=a838e29b&x-expires=1780200000&x-signature=kT92nh7o4b21q%2FTw9psdwGbUdRM%3D&t=4d5b0474&ps=13740610&shp=30310797&shcp=ff37627b&idc=useast8"
"Qué? Porqué? 😳","2","0","2026-04-20T14:29:01.000Z","eli.ma63","https://www.tiktok.com/@marcosjimenezpere/video/7629973371505249557","7321196272995206149","7630848316956394241","https://p16-common-sign.tiktokcdn-us.com/tos-alisg-avt-0068/060d40b37ef90c87feaf4c391fdb53a8~tplv-tiktokx-cropcenter:100:100.jpg?dr=9640&refresh_token=61839356&x-expires=1780200000&x-signature=kdKf0IZ95r%2BlO%2Fiew18k81d%2BYPM%3D&t=4d5b0474&ps=13740610&shp=30310797&shcp=ff37627b&idc=useast8"
"[Sticker] jajaja","2","0","2026-04-20T14:51:09.000Z","jigglysanty","https://www.tiktok.com/@marcosjimenezpere/video/7629973371505249557","7116175504382313478","7630854022036357908","https://p19-common-sign.tiktokcdn-us.com/tos-maliva-avt-0068/f7ee447e5e34258c092580ee2c9e8745~tplv-tiktokx-cropcenter:100:100.jpg?dr=9640&refresh_token=5b4f1bee&x-expires=1780200000&x-signature=DNtLNWjy%2BMSsv03SsmyJUfByd%2FQ%3D&t=4d5b0474&ps=13740610&shp=30310797&shcp=ff37627b&idc=useast8"
"Que dice Helen? 😳","3","0","2026-04-18T22:34:48.000Z","yiinjossma","https://www.tiktok.com/@marcosjimenezpere/video/7629973371505249557","310383921420992512","7630231318340993809","https://p19-common-sign.tiktokcdn-us.com/tos-maliva-avt-0068/12440dde7026478652d4da510f155037~tplv-tiktokx-cropcenter:100:100.jpg?dr=9640&refresh_token=bfc236cb&x-expires=1780200000&x-signature=HDNEOVA2hSZUVNytDADes%2F471t0%3D&t=4d5b0474&ps=13740610&shp=30310797&shcp=ff37627b&idc=useast8"
"Disculpa soy Mexicana, que no me quedé en casa YO así entendí 🤣🤣","3","0","2026-04-20T22:00:58.000Z","coraline.253","https://www.tiktok.com/@marcosjimenezpere/video/7629973371505249557","7175656229653120006","7630964685886849813","https://p19-common-sign.tiktokcdn-us.com/tos-maliva-avt-0068/7175657477961482245~tplv-tiktokx-cropcenter:100:100.jpg?dr=9640&refresh_token=d847fcea&x-expires=1780200000&x-signature=vMYKqiY58kDsW9YpVbEVbDYj6Ts%3D&t=4d5b0474&ps=13740610&shp=30310797&shcp=ff37627b&idc=useast8"
"Que me vale y tengo que ir a trabajar dice😂","1","0","2026-04-20T13:42:50.000Z","jeremy.garcia658","https://www.tiktok.com/@marcosjimenezpere/video/7629973371505249557","7341534425053037574","7630836440328160007","https://p19-common-sign.tiktokcdn-us.com/tos-maliva-avt-0068/7343431874248245253~tplv-tiktokx-cropcenter:100:100.jpg?dr=9640&refresh_token=58221335&x-expires=1780200000&x-signature=foeLZZURNmk1pM2PucV6AWdzq7Q%3D&t=4d5b0474&ps=13740610&shp=30310797&shcp=ff37627b&idc=useast8"
"Es que no van a terminar los arreglos del transporte a tiempo y no vamos a caber en los rtp, metro ni Mexibús","3","0","2026-04-20T22:14:04.000Z","atole8910","https://www.tiktok.com/@marcosjimenezpere/video/7629973371505249557","7532880043496899602","7630968138452517639","https://p19-common-sign.tiktokcdn-us.com/tos-alisg-avt-0068/a0127365bd155bbb4fdf51520c0e70a7~tplv-tiktokx-cropcenter:100:100.jpg?dr=9640&refresh_token=eb046bd3&x-expires=1780200000&x-signature=5Fp%2BbbOYyrQt0pukZAxPPmqb7EI%3D&t=4d5b0474&ps=13740610&shp=30310797&shcp=ff37627b&idc=useast8"
"[Sticker] ","4","0","2026-04-18T14:16:31.000Z","emili_vazquez666","https://www.tiktok.com/@marcosjimenezpere/video/7629973371505249557","269030269503012864","7630102942616519431","https://p16-common-sign.tiktokcdn-us.com/tos-alisg-avt-0068/aaee9c9483f6b41a86e4d4c709be8647~tplv-tiktokx-cropcenter:100:100.jpg?dr=9640&refresh_token=617762f3&x-expires=1780200000&x-signature=of6wvqy9WPN8BiAPw8XSsBmuAis%3D&t=4d5b0474&ps=13740610&shp=30310797&shcp=ff37627b&idc=useast8"
"que van a cerrar reforma que que","3","0","2026-04-18T21:18:38.000Z","carlos.valenzuela75","https://www.tiktok.com/@marcosjimenezpere/video/7629973371505249557","7275552385681359878","7630210941473751828","https://p16-common-sign.tiktokcdn-us.com/tos-alisg-avt-0068/921633db76ce6d2ac13debdbd0e1ca70~tplv-tiktokx-cropcenter:100:100.jpg?dr=9640&refresh_token=f189d2c9&x-expires=1780200000&x-signature=F%2BXkuraCW%2Fqwb2McYpIZBD7knbo%3D&t=4d5b0474&ps=13740610&shp=30310797&shcp=ff37627b&idc=useast8"
"bueno empiece por cancelar las citas en imss","1","0","2026-04-19T02:14:53.000Z","clmpt","https://www.tiktok.com/@marcosjimenezpere/video/7629973371505249557","6804929989097178118","7630288057686197000","https://p16-common-sign.tiktokcdn-us.com/tos-maliva-avt-0068/7329261167481651205~tplv-tiktokx-cropcenter:100:100.jpg?dr=9640&refresh_token=08194395&x-expires=1780200000&x-signature=mRPvs7GaR5c%2B8MWFOS73tyNta9g%3D&t=4d5b0474&ps=13740610&shp=30310797&shcp=ff37627b&idc=useast8"
"Que salgamos todos dice 😂","1","0","2026-04-20T14:11:59.000Z","andreasalinas_23","https://www.tiktok.com/@marcosjimenezpere/video/7629973371505249557","6796121649827120133","7630843963871691528","https://p19-common-sign.tiktokcdn-us.com/tos-alisg-avt-0068/980a1bc07b870c45de32afee37e1d692~tplv-tiktokx-cropcenter:100:100.jpg?dr=9640&refresh_token=3f36f96e&x-expires=1780200000&x-signature=o2yhwYDT%2FpAotTW1jBd0jVpLrV0%3D&t=4d5b0474&ps=13740610&shp=30310797&shcp=ff37627b&idc=useast8"
"[Sticker] Espera.... Qué?","0","0","2026-04-22T13:05:18.000Z","yukiaragime","https://www.tiktok.com/@marcosjimenezpere/video/7629973371505249557","7179680341623718918","7631568941269975815","https://p19-common-sign.tiktokcdn-us.com/tos-maliva-avt-0068/e41dfb465d34ae11ef627ae89925de89~tplv-tiktokx-cropcenter:100:100.jpg?dr=9640&refresh_token=f5b493a2&x-expires=1780200000&x-signature=%2BuUFh6OaVwS2ox8aJgl2trUc99M%3D&t=4d5b0474&ps=13740610&shp=30310797&shcp=ff37627b&idc=useast8"
"a caray, y quién nos va a mantener.","2","1","2026-04-18T20:29:11.000Z","crissballesteros1","https://www.tiktok.com/@marcosjimenezpere/video/7629973371505249557","6930660543686951941","7630198960817095442","https://p16-common-sign.tiktokcdn-us.com/tos-maliva-avt-0068/7331952333888159749~tplv-tiktokx-cropcenter:100:100.jpg?dr=9640&refresh_token=47696d77&x-expires=1780200000&x-signature=KwoF7hv0NLnWG%2Ff%2Fz0bSLaqG0%2FU%3D&t=4d5b0474&ps=13740610&shp=30310797&shcp=ff37627b&idc=useast8"
"eso antes debieron de preveer","3","0","2026-04-18T15:28:34.000Z","alfredomunoz79","https://www.tiktok.com/@marcosjimenezpere/video/7629973371505249557","6910938794180494341","7630121508912939797","https://p16-common-sign.tiktokcdn-us.com/tos-alisg-avt-0068/f28947b230449b1d072fb592f4700270~tplv-tiktokx-cropcenter:100:100.jpg?dr=9640&refresh_token=2197eb2e&x-expires=1780200000&x-signature=bIJJ%2BhsSesrAC0s6c34w%2F60I4DU%3D&t=4d5b0474&ps=13740610&shp=30310797&shcp=ff37627b&idc=useast8"
"no debe haber 😡","1","0","2026-04-20T13:01:18.000Z","alinne.soriano","https://www.tiktok.com/@marcosjimenezpere/video/7629973371505249557","7514191158719120402","7630825729399603988","https://p19-common-sign.tiktokcdn-us.com/tos-alisg-avt-0068/0215463aaf1f67ab4adbda5690e28f94~tplv-tiktokx-cropcenter:100:100.jpg?dr=9640&refresh_token=2a1e18b2&x-expires=1780200000&x-signature=7ZnfK%2BB1eqgLzsCsDafAfN3Uif4%3D&t=4d5b0474&ps=13740610&shp=30310797&shcp=ff37627b&idc=useast8"
"En Mty el samuel tambien dijo algo asi 😅","1","0","2026-04-21T02:33:56.000Z","sicaria.pubg","https://www.tiktok.com/@marcosjimenezpere/video/7629973371505249557","7219108626752177158","7631035112721056529","https://p16-common-sign.tiktokcdn-us.com/tos-alisg-avt-0068/19185ffb7943e34d7c90a14212b29cc8~tplv-tiktokx-cropcenter:100:100.jpg?dr=9640&refresh_token=891778ef&x-expires=1780200000&x-signature=HxvkvTEfM7npa4C7wKeCUdymXkk%3D&t=4d5b0474&ps=13740610&shp=30310797&shcp=ff37627b&idc=useast8"
"Jajajja me sentí como bebé paloma escondido por que le avergüenzo a mis padres jsjsjsjs","1","0","2026-04-22T18:14:33.000Z","fumifaust","https://www.tiktok.com/@marcosjimenezpere/video/7629973371505249557","6806748578448688133","7631648585630794516","https://p19-common-sign.tiktokcdn-us.com/tos-alisg-avt-0068/cd1668112cf2aea29d1d85864a2ff4e2~tplv-tiktokx-cropcenter:100:100.jpg?dr=9640&refresh_token=e5d46210&x-expires=1780200000&x-signature=cYDLjy%2BLvfq3JNzcHSS%2FgIFkwfU%3D&t=4d5b0474&ps=13740610&shp=30310797&shcp=ff37627b&idc=useast8"
"Jajjajaja wue no mameeee","1","0","2026-04-20T21:49:16.000Z","virygomalvaez","https://www.tiktok.com/@marcosjimenezpere/video/7629973371505249557","6793916827363886085","7630961716403553025","https://p16-common-sign.tiktokcdn-us.com/tos-alisg-avt-0068/193e3369e724abd5f8ea22e2025a31b9~tplv-tiktokx-cropcenter:100:100.jpg?dr=9640&refresh_token=a8fd2663&x-expires=1780200000&x-signature=hD1a0PEgUh5MO%2B1LKyr6iOluUSA%3D&t=4d5b0474&ps=13740610&shp=30310797&shcp=ff37627b&idc=useast8"
"jajajajajaja suerte con las empresas que hacen producción","1","0","2026-04-20T21:56:11.000Z","f_por_felipe96","https://www.tiktok.com/@marcosjimenezpere/video/7629973371505249557","7038760747891557381","7630963532230574866","https://p16-common-sign.tiktokcdn-us.com/tos-alisg-avt-0068/aaa4907df78917c01c62e26fe75703bc~tplv-tiktokx-cropcenter:100:100.jpg?dr=9640&refresh_token=6d2b73ad&x-expires=1780200000&x-signature=7AmpMlzZYqvrpqqkXD1mslaYh%2BE%3D&t=4d5b0474&ps=13740610&shp=30310797&shcp=ff37627b&idc=useast8"
"lo tomaré pero me ofende muchísimo
y por que no dejarlo así después del mundial?","1","0","2026-04-21T02:59:53.000Z","crashjales95","https://www.tiktok.com/@marcosjimenezpere/video/7629973371505249557","6866531891697517574","7631041819001783061","https://p19-common-sign.tiktokcdn-us.com/musically-maliva-obj/1594805258216454~tplv-tiktokx-cropcenter:100:100.jpg?dr=9640&refresh_token=e340c4d0&x-expires=1780200000&x-signature=y0I6Dncomm86fyA9XjJdWa1HRzE%3D&t=4d5b0474&ps=13740610&shp=30310797&shcp=ff37627b&idc=useast8"
"y quién va a poner el ambiente 🙆🏽‍♀️","1","0","2026-04-18T19:55:33.000Z","vero158259","https://www.tiktok.com/@marcosjimenezpere/video/7629973371505249557","7514466205463364625","7630190299323646728","https://p19-common-sign.tiktokcdn-us.com/tos-alisg-avt-0068/ac7c071a7d1e3dcdca3db977cb8cc6a8~tplv-tiktokx-cropcenter:100:100.jpg?dr=9640&refresh_token=0e4acb3c&x-expires=1780200000&x-signature=XtG1sRYmN2CMzcKmNHFcBm6zFRQ%3D&t=4d5b0474&ps=13740610&shp=30310797&shcp=ff37627b&idc=useast8"
"ya escucho jefe... que no voy a poder salir😅","1","0","2026-04-20T23:08:46.000Z","carlasotomayormen9","https://www.tiktok.com/@marcosjimenezpere/video/7629973371505249557","6561094543285714950","7630982102822421249","https://p19-common-sign.tiktokcdn-us.com/tos-alisg-avt-0068/f0284e21f10928c3e1bd696ede55d3eb~tplv-tiktokx-cropcenter:100:100.jpg?dr=9640&refresh_token=10e802f7&x-expires=1780200000&x-signature=G6KXiedQ4vzfrQ1C8j0N%2F1FUgso%3D&t=4d5b0474&ps=13740610&shp=30310797&shcp=ff37627b&idc=useast8"
"En Jalisco van a suspender clases para que no haya tanta gente en la calle 🫠.","1","0","2026-04-18T22:37:25.000Z","lizz.kennedy","https://www.tiktok.com/@marcosjimenezpere/video/7629973371505249557","6959325354179904518","7630231896463852308","https://p19-common-sign.tiktokcdn-us.com/tos-alisg-avt-0068/afa9968f887ee43151c821b1e19ad61e~tplv-tiktokx-cropcenter:100:100.jpg?dr=9640&refresh_token=a0daa058&x-expires=1780200000&x-signature=ApLO1%2BxkrVE8PDvSDz8IRePkDZU%3D&t=4d5b0474&ps=13740610&shp=30310797&shcp=ff37627b&idc=useast8"
"Sólo me parece bien lo de las escuelas por temas de seguridad a los niños","2","0","2026-04-18T15:21:39.000Z","flow_erx","https://www.tiktok.com/@marcosjimenezpere/video/7629973371505249557","6888108679024624645","7630119723287675668","https://p16-common-sign.tiktokcdn-us.com/tos-maliva-avt-0068/de8c4ba2340b41cb53e9f742f4ada35d~tplv-tiktokx-cropcenter:100:100.jpg?dr=9640&refresh_token=bd33b753&x-expires=1780200000&x-signature=UDhdyF%2F2Z8HZvsqHCyfUBmKrEdY%3D&t=4d5b0474&ps=13740610&shp=30310797&shcp=ff37627b&idc=useast8"
"El tren que menciona que está por el AIFA, es tren que viene de Pachuca?","0","0","2025-11-10T22:54:29.000Z","ivan_grantt","https://www.tiktok.com/@politicomx/video/7571117511932972296","7354563936153601029","7571233845698544392","https://p16-common-sign.tiktokcdn-us.com/tos-alisg-avt-0068/42df5a038ea9b981c9794c63bac2599c~tplv-tiktokx-cropcenter:100:100.jpg?dr=9640&refresh_token=3f54f5fb&x-expires=1780200000&x-signature=g%2BHcbX6hTUZUuOonZL3WdE05Zgg%3D&t=4d5b0474&ps=13740610&shp=30310797&shcp=ff37627b&idc=useast5"
"sorry nosotros no iremos 😁😁😁😁","0","0","2025-11-11T01:28:18.000Z","ronniebarahona1","https://www.tiktok.com/@politicomx/video/7571117511932972296","6875431957078443013","7571273481750119182","https://p16-common-sign.tiktokcdn-us.com/tos-useast5-avt-0068-tx/b16fae33c9c84878c04a1edb9b8363a6~tplv-tiktokx-cropcenter:100:100.jpg?dr=9640&refresh_token=046d1a39&x-expires=1780200000&x-signature=EHwoxdYCKTmrrV6esHVj9dX1%2B%2Bc%3D&t=4d5b0474&ps=13740610&shp=30310797&shcp=ff37627b&idc=useast5"
"Urge la Revocación de Mandato","0","0","2025-11-10T22:00:53.000Z","user448814401031","https://www.tiktok.com/@politicomx/video/7571117511932972296","7254753614010729478","7571220039073104648","https://p16-common-sign.tiktokcdn-us.com/musically-maliva-obj/1594805258216454~tplv-tiktokx-cropcenter:100:100.jpg?dr=9640&refresh_token=f6d184af&x-expires=1780200000&x-signature=VW8UWPJqAaIplom5IP4ju2xgIsk%3D&t=4d5b0474&ps=13740610&shp=30310797&shcp=ff37627b&idc=useast5"
"México es inseguro no vallan se arrepentiran","0","0","2025-11-11T02:19:07.000Z","antonio.juan90","https://www.tiktok.com/@politicomx/video/7571117511932972296","7570447867799962679","7571286494171611934","https://p16-common-sign.tiktokcdn-us.com/tos-useast5-avt-0068-tx/ef349cb73a20ba612eefa3ce842b8fa5~tplv-tiktokx-cropcenter:100:100.jpg?dr=9640&refresh_token=3aa3c920&x-expires=1780200000&x-signature=BOL4M%2BwrFB1CtpdkkijvbvlKTZM%3D&t=4d5b0474&ps=13740610&shp=30310797&shcp=ff37627b&idc=useast5"
"Que valor de los turistas","0","0","2025-11-10T23:47:09.000Z","aathalwolff","https://www.tiktok.com/@politicomx/video/7571117511932972296","7317304164559684613","7571247414846866184","https://p19-common-sign.tiktokcdn-us.com/tos-alisg-avt-0068/8b20e1c4f52b54f5c7975afdefed43e3~tplv-tiktokx-cropcenter:100:100.jpg?dr=9640&refresh_token=019db393&x-expires=1780200000&x-signature=KgIxGnK%2F4knBaNPOJtgXK9dmtPQ%3D&t=4d5b0474&ps=13740610&shp=30310797&shcp=ff37627b&idc=useast5"
"Iban a ir😂😂😂😂😂","4","0","2025-11-10T19:19:43.000Z","interceptor1234","https://www.tiktok.com/@politicomx/video/7571117511932972296","6951960519587726341","7571178541607273228","https://p16-common-sign.tiktokcdn-us.com/tos-maliva-avt-0068/f74488963a52d084c438fbe1451fdca2~tplv-tiktokx-cropcenter:100:100.jpg?dr=9640&refresh_token=d4042c04&x-expires=1780200000&x-signature=%2FHAbky23hDr4trfteR9htAjvGn8%3D&t=4d5b0474&ps=13740610&shp=30310797&shcp=ff37627b&idc=useast5"
"pero los vuelos para bajar a cdmx en los dos están muy caros para bajar desde tijuana yo compre a morelia m salio la mitad q iva a pagar de 5000 a 2200","4","0","2025-11-10T22:17:45.000Z","vidalhernandez74","https://www.tiktok.com/@politicomx/video/7571117511932972296","6605818217225486342","7571224347541832465","https://p16-common-sign.tiktokcdn-us.com/tos-maliva-avt-0068/5f3a68ed7b18237b52a895401a0b081f~tplv-tiktokx-cropcenter:100:100.jpg?dr=9640&refresh_token=a2e5a247&x-expires=1780200000&x-signature=lHjg7CH4eqwg4yZWzyVctdmZcRU%3D&t=4d5b0474&ps=13740610&shp=30310797&shcp=ff37627b&idc=useast5"
"ya están pensando cuánto va irse a los bolsillos de cada uno de ellos, mentira que va hacer para mejorar en todo el país. o ustedes que opinan. 👍","1","0","2025-11-10T19:03:53.000Z","guillermocruz921","https://www.tiktok.com/@politicomx/video/7571117511932972296","7108957323029464069","7571174450533057298","https://p16-common-sign.tiktokcdn-us.com/tos-alisg-avt-0068/6fcff46c4f68c2d64336d876d250f311~tplv-tiktokx-cropcenter:100:100.jpg?dr=9640&refresh_token=ba713cd9&x-expires=1780200000&x-signature=0B%2Fy41b833CK7rq15Ry%2FzKferRw%3D&t=4d5b0474&ps=13740610&shp=30310797&shcp=ff37627b&idc=useast5"
"sino nos pueden cuidar a nosotros menos los turistas","0","0","2025-11-10T23:09:39.000Z","housemclean1","https://www.tiktok.com/@politicomx/video/7571117511932972296","7381822252658361349","7571237713828971285","https://p16-common-sign.tiktokcdn-us.com/tos-alisg-avt-0068/f7fe9b23a9c884a8064d902c71cca9b3~tplv-tiktokx-cropcenter:100:100.jpg?dr=9640&refresh_token=6e6c28f3&x-expires=1780200000&x-signature=lnIW08%2Ba4qpbb2S1wvX%2BMNMVSKI%3D&t=4d5b0474&ps=13740610&shp=30310797&shcp=ff37627b&idc=useast5"
"Remodelando con 9 mil millones de pesos 😳💔🤯🤯cuanto me dura eso como tres vidas , presidenta regáleme un millón que le cuesta 🤞🏼🥹🫶😔🫂😅","0","0","2025-12-05T22:18:56.000Z","edumarguez","https://www.tiktok.com/@politicomx/video/7571117511932972296","7055099970580300806","7580501745069490952","https://p16-common-sign.tiktokcdn-us.com/tos-alisg-avt-0068/8a0f24293ac2830a0221315935fa48b7~tplv-tiktokx-cropcenter:100:100.jpg?dr=9640&refresh_token=646278aa&x-expires=1780200000&x-signature=Q2t9UEsOrgWNf1zsMDLnnjsd2%2B0%3D&t=4d5b0474&ps=13740610&shp=30310797&shcp=ff37627b&idc=useast5"
"Jajaja y con esta inseguridad","0","0","2025-11-11T02:36:05.000Z","luisangelfiguer5q","https://www.tiktok.com/@politicomx/video/7571117511932972296","6844010909402219526","7571290981841371911","https://p16-common-sign.tiktokcdn-us.com/tos-maliva-avt-0068/337d559c7e6955a5cc57a9b7314bc2ea~tplv-tiktokx-cropcenter:100:100.jpg?dr=9640&refresh_token=03f5d150&x-expires=1780200000&x-signature=f%2FF7TUB1SVJrysjKmT9VWJiLZ6k%3D&t=4d5b0474&ps=13740610&shp=30310797&shcp=ff37627b&idc=useast5"
"#claudianoestassola","5","2","2025-11-10T16:01:49.000Z","amlousamx","https://www.tiktok.com/@politicomx/video/7571117511932972296","7296593255554401326","7571127382809133854","https://p16-common-sign.tiktokcdn-us.com/tos-useast8-avt-0068-tx2/41fee2067714046d5a1ba6cf65ac95af~tplv-tiktokx-cropcenter:100:100.jpg?dr=9640&refresh_token=a55addce&x-expires=1780200000&x-signature=Z9uYB4y1aGxCvZSsaTtCJehfx%2BA%3D&t=4d5b0474&ps=13740610&shp=30310797&shcp=ff37627b&idc=useast5"
"No creo la FIFA ya lo cánselo porque que tu gobierno está manchando de sangre Claudia 🩸🇲🇽🩸🇲🇽🩸🇲🇽🩸🇲🇽🩸🇲🇽🩸","3","0","2025-11-10T23:18:23.000Z","elchingon3333","https://www.tiktok.com/@politicomx/video/7571117511932972296","7217975455855592491","7571240035614229303","https://p16-common-sign.tiktokcdn-us.com/tos-useast5-avt-0068-tx/aee0c49c558b65758d671103433b7109~tplv-tiktokx-cropcenter:100:100.jpg?dr=9640&refresh_token=442c6b4b&x-expires=1780200000&x-signature=cjBM2sQahGQj6oLyX82efMc9pjA%3D&t=4d5b0474&ps=13740610&shp=30310797&shcp=ff37627b&idc=useast5"
"uyyy los meros estados q goviernan los malillos cuidadooo cuidadooo.","2","0","2025-11-10T21:15:06.000Z","carlos060291","https://www.tiktok.com/@politicomx/video/7571117511932972296","7174833188463559723","7571208216294753054","https://p16-common-sign.tiktokcdn-us.com/tos-useast5-avt-0068-tx/878f91ef28ffa0f59886e342e72efdcb~tplv-tiktokx-cropcenter:100:100.jpg?dr=9640&refresh_token=e8ff72eb&x-expires=1780200000&x-signature=hXz2%2FZuJo1zLtDFU61gn9hq%2BMW8%3D&t=4d5b0474&ps=13740610&shp=30310797&shcp=ff37627b&idc=useast5"
"pues y cuántos regresarán porque pues con tanta desaparición de gente ya no se sabe","3","0","2025-11-10T17:57:01.000Z","borgitos1987","https://www.tiktok.com/@politicomx/video/7571117511932972296","6691488826298991621","7571157202075058960","https://p16-common-sign.tiktokcdn-us.com/tos-maliva-avt-0068/667f7a61ea473186c4a03b4096bc5d24~tplv-tiktokx-cropcenter:100:100.jpg?dr=9640&refresh_token=75d26baa&x-expires=1780200000&x-signature=CODGRnV4y2GsgmzsobT4mdeu7Nc%3D&t=4d5b0474&ps=13740610&shp=30310797&shcp=ff37627b&idc=useast5"
"Lo siento mi distinguida presidenta, ya el mundial no se llevará a cabo en México, todo gracias a la inseguridad, me imagino que ya tiene una carpeta de investigación 😂","1","0","2025-11-10T23:18:21.000Z","jerryw900","https://www.tiktok.com/@politicomx/video/7571117511932972296","7419809695127061546","7571240017424384782","https://p16-common-sign.tiktokcdn-us.com/tos-useast5-avt-0068-tx/5e2b02acb9d16bd3169f77cf9116574e~tplv-tiktokx-cropcenter:100:100.jpg?dr=9640&refresh_token=fe1b8d11&x-expires=1780200000&x-signature=P9%2B3sHB6d8CR7Dz9RBjR%2BBWLfzM%3D&t=4d5b0474&ps=13740610&shp=30310797&shcp=ff37627b&idc=useast5"
"cuánta lana tubo que soltar o acaso es otra cortina de humo para no Aser la marcha el 14 o 15 de noviembre 🇲🇽🤠","2","0","2025-11-10T17:44:22.000Z","missaelrodriguezgarza","https://www.tiktok.com/@politicomx/video/7571117511932972296","6807904909993952262","7571153954917647124","https://p16-common-sign.tiktokcdn-us.com/tos-maliva-avt-0068/62cce2c082741098c205351e1d32a968~tplv-tiktokx-cropcenter:100:100.jpg?dr=9640&refresh_token=66178631&x-expires=1780200000&x-signature=wsBoZVNMWaPp8rtKyRfuBZET32g%3D&t=4d5b0474&ps=13740610&shp=30310797&shcp=ff37627b&idc=useast5"
"ahorita no estamos para esas cosas que se cancele","2","0","2025-11-10T17:53:23.000Z","angelsunsent","https://www.tiktok.com/@politicomx/video/7571117511932972296","6802661037428868102","7571156307869434642","https://p19-common-sign.tiktokcdn-us.com/tos-alisg-avt-0068/751fd21b58a05b192887088f202dfd95~tplv-tiktokx-cropcenter:100:100.jpg?dr=9640&refresh_token=012936e1&x-expires=1780200000&x-signature=tFWizutVUC5iEvDJhvIVY6dNuW0%3D&t=4d5b0474&ps=13740610&shp=30310797&shcp=ff37627b&idc=useast5"
"no que se cancelaba los de Mexico?","2","0","2025-11-10T16:58:15.000Z","vanness723","https://www.tiktok.com/@politicomx/video/7571117511932972296","6819101275327267842","7571141901802947358","https://p16-common-sign.tiktokcdn-us.com/tos-maliva-avt-0068/7324824644786061317~tplv-tiktokx-cropcenter:100:100.jpg?dr=9640&refresh_token=8ebedd73&x-expires=1780200000&x-signature=R6NbIt2hWu2OCYzEe25eIFADQm0%3D&t=4d5b0474&ps=13740610&shp=30310797&shcp=ff37627b&idc=useast5"
"Y no le da vergüenza tanta inseguridad?","1","0","2025-11-10T21:43:00.000Z","vicenttorres806","https://www.tiktok.com/@politicomx/video/7571117511932972296","7052088047575696390","7571215437237617416","https://p16-common-sign.tiktokcdn-us.com/tos-maliva-avt-0068/7146049404623912965~tplv-tiktokx-cropcenter:100:100.jpg?dr=9640&refresh_token=d2637b5e&x-expires=1780200000&x-signature=zEZkNvHAEA%2BeVtrYaY9HDqEZwBY%3D&t=4d5b0474&ps=13740610&shp=30310797&shcp=ff37627b&idc=useast5"
"pero .no abra balazos ?? ose abrirá una investigación??","7","0","2025-11-10T21:01:29.000Z","elcocunda_56_","https://www.tiktok.com/@politicomx/video/7571117511932972296","7009852844379915270","7571204681696969473","https://p16-common-sign.tiktokcdn-eu.com/tos-alisg-avt-0068/8604f4409e3ccb755ce0d0e1045febfb~tplv-tiktokx-cropcenter:100:100.jpg?dr=10399&refresh_token=f3c12e39&x-expires=1780200000&x-signature=sFgNnCIvgtwrGzvRZTJu0gkeGSQ%3D&t=4d5b0474&ps=13740610&shp=30310797&shcp=ff37627b&idc=no1a"
"hablar de seguridad ❌️hablar de fútbol 💀✅️","4","0","2025-11-11T03:35:10.000Z","pako7808","https://www.tiktok.com/@politicomx/video/7571117511932972296","7260659797648557061","7571306226726748946","https://p16-common-sign.tiktokcdn-eu.com/tos-maliva-avt-0068/ac6f4da3da56ff804d74f45968b54155~tplv-tiktokx-cropcenter:100:100.jpg?dr=10399&refresh_token=49a671cb&x-expires=1780200000&x-signature=cAWllw2ILtU4Yqdlj9cqA%2FrkPEE%3D&t=4d5b0474&ps=13740610&shp=30310797&shcp=ff37627b&idc=no1a"
"Manifestación en los aeropuertos cuando sea el mundial. No estamos para festejar ni invertir en esos temas 😒","5","0","2025-11-11T04:11:28.000Z","denysse__..__","https://www.tiktok.com/@politicomx/video/7571117511932972296","7124804258759132166","7571315515844363024","https://p16-common-sign.tiktokcdn-eu.com/tos-maliva-avt-0068/10388b9d662ef45c8ff355ccc01701de~tplv-tiktokx-cropcenter:100:100.jpg?dr=10399&refresh_token=5728b039&x-expires=1780200000&x-signature=b0NnmWEpV6HQVx%2FtBVhWPfgrHpA%3D&t=4d5b0474&ps=13740610&shp=30310797&shcp=ff37627b&idc=no1a"
"🚨 ATENCIÓN, MÉXICO 🚨
Este 06 de diciembre | 9:00 AM arranca LA GRAN MARCHA a favor de Claudia Sheinbaum.
📍 Del Ángel de la Independencia al Zócalo.
🔥 Que todo el país se entere: la 4T está más viva que nunca. 🇲🇽
Copia, pega y comparte ‼️¿Vas a estar en la marcha o solo viendo los videos en TikTok?.....","2","0","2025-11-22T19:41:24.000Z","axel25752","https://www.tiktok.com/@politicomx/video/7571117511932972296","7543310119175160839","7575637096085078802","https://p16-common-sign.tiktokcdn-eu.com/tos-alisg-avt-0068/c8a96e01b83fa7034c18acd7656a527c~tplv-tiktokx-cropcenter:100:100.jpg?dr=10399&refresh_token=1e056cc6&x-expires=1780200000&x-signature=sxzdkBSJqTGIyfvTaLT0wSygeD4%3D&t=4d5b0474&ps=13740610&shp=30310797&shcp=ff37627b&idc=no1a"
"y con ese recurso recabado aumentara la seguridad? para los mexicanos","6","0","2025-11-10T18:14:13.000Z","alvarin098","https://www.tiktok.com/@politicomx/video/7571117511932972296","7142880754589582341","7571161645705216776","https://p16-common-sign.tiktokcdn-eu.com/tos-alisg-avt-0068/1e07004f98f9c4fa172d1ec603eb1744~tplv-tiktokx-cropcenter:100:100.jpg?dr=10399&refresh_token=7c82f0cc&x-expires=1780200000&x-signature=SguobGg6qMn6dClLyJCG9tgtF58%3D&t=4d5b0474&ps=13740610&shp=30310797&shcp=ff37627b&idc=no1a"
"se va a quedar con las ganas de ver eso","3","0","2025-11-10T22:44:32.000Z","user2719alf","https://www.tiktok.com/@politicomx/video/7571117511932972296","7065735162043450374","7571231232454837013","https://p19-common-sign.tiktokcdn-eu.com/tos-maliva-avt-0068/318416a8f93e99e23bf778f1afaa6ca5~tplv-tiktokx-cropcenter:100:100.jpg?dr=10399&refresh_token=46fe6474&x-expires=1780200000&x-signature=tJWkf%2BUkrf4R17Gr0Ru5JJN%2Fmxo%3D&t=4d5b0474&ps=13740610&shp=30310797&shcp=ff37627b&idc=no1a"
"Y la mentira jajaja","1","0","2026-04-20T14:19:14.000Z","mkloving1","https://www.tiktok.com/@marcosjimenezpere/video/7629973371505249557","7044716115738706949","7630845811082412807","https://p19-common-sign.tiktokcdn-us.com/tos-alisg-avt-0068/3dd6c613e9c85692d6b1f7c9e74e927d~tplv-tiktokx-cropcenter:100:100.jpg?dr=9640&refresh_token=a4a7dd03&x-expires=1780200000&x-signature=0OrKUbR3QWQkTJmVC8DZQRjKRoA%3D&t=4d5b0474&ps=13740610&shp=30310797&shcp=ff37627b&idc=useast5"
"[Sticker] Creo que esos días le voy a pedir a mi jefa que no sea home office 😂, a ver a donde salgo","1","0","2026-04-19T02:13:39.000Z","iamalexreb","https://www.tiktok.com/@marcosjimenezpere/video/7629973371505249557","6691378580839384069","7630287730673271559","https://p16-common-sign.tiktokcdn-eu.com/tos-alisg-avt-0068/bc7541d6dbbd3dd4c11d886d1e7cb315~tplv-tiktokx-cropcenter:100:100.jpg?dr=10399&refresh_token=0646608c&x-expires=1780200000&x-signature=6UKOfLCTfnyOMnRG%2FKnz1m5apRw%3D&t=4d5b0474&ps=13740610&shp=30310797&shcp=ff37627b&idc=no1a"
"que no es por eso sí no para no tener un impacto ambiental peorr","1","0","2026-04-18T21:12:56.000Z","bluvii_2","https://www.tiktok.com/@marcosjimenezpere/video/7629973371505249557","7525183609129993223","7630210218663904020","https://p16-common-sign.tiktokcdn-eu.com/tos-alisg-avt-0068/2a7004ff426a7561022fd5df7c967454~tplv-tiktokx-cropcenter:100:100.jpg?dr=10399&refresh_token=84038636&x-expires=1780200000&x-signature=2zbEAJIA6zMcgg42ZaCvuWjkyC4%3D&t=4d5b0474&ps=13740610&shp=30310797&shcp=ff37627b&idc=no1a"
"si we dame dinero pa quedarme todo ese tiempo en mi ksa y paga netflix pa entretenerme erra","1","0","2026-04-18T20:46:35.000Z","lucky.strike7828","https://www.tiktok.com/@marcosjimenezpere/video/7629973371505249557","7494220580365304849","7630203439230796562","https://p16-common-sign.tiktokcdn-eu.com/tos-alisg-avt-0068/8ec4e889ebfd5a1d8cdcdaf1a3043570~tplv-tiktokx-cropcenter:100:100.jpg?dr=10399&refresh_token=a17d051f&x-expires=1780200000&x-signature=jfJeNTCGLK6TyDlSGoc4Pz894Z4%3D&t=4d5b0474&ps=13740610&shp=30310797&shcp=ff37627b&idc=no1a"
"deme $40000 a la semana mientras dure el mundial y tenemos trato","1","0","2026-04-18T19:50:59.000Z","greyhammercrash","https://www.tiktok.com/@marcosjimenezpere/video/7629973371505249557","6835381405162849285","7630189092946035477","https://p16-common-sign.tiktokcdn-eu.com/tos-maliva-avt-0068/7b6456a2f96f6ceb1646651d9259009a~tplv-tiktokx-cropcenter:100:100.jpg?dr=10399&refresh_token=ad394c71&x-expires=1780200000&x-signature=zljFI3EMXk%2BsPRlEOSTvyVUkD8k%3D&t=4d5b0474&ps=13740610&shp=30310797&shcp=ff37627b&idc=no1a"
"las soluciones del Bienestar.","1","0","2026-04-18T15:10:01.000Z","georamos389","https://www.tiktok.com/@marcosjimenezpere/video/7629973371505249557","6860253759986369541","7630116719210955536","https://p16-common-sign.tiktokcdn-eu.com/tos-maliva-avt-0068/7336335923460800518~tplv-tiktokx-cropcenter:100:100.jpg?dr=10399&refresh_token=1bbe27d1&x-expires=1780200000&x-signature=86MepnObH6AiQ%2FYv8m5%2BlMlVk4c%3D&t=4d5b0474&ps=13740610&shp=30310797&shcp=ff37627b&idc=no1a"
"jamaaaaaaaas","1","0","2026-04-18T06:13:09.000Z","robert63059","https://www.tiktok.com/@marcosjimenezpere/video/7629973371505249557","7276475773015819269","7629978388849066759","https://p16-common-sign.tiktokcdn-eu.com/tos-maliva-avt-0068/bb9474246696fe321072a73ed320bf29~tplv-tiktokx-cropcenter:100:100.jpg?dr=10399&refresh_token=e34107dc&x-expires=1780200000&x-signature=N6syCR873BUvJ2TD%2FD8PRm0blhg%3D&t=4d5b0474&ps=13740610&shp=30310797&shcp=ff37627b&idc=no1a"
"que nos paguen y así no salimos ni a tocar la luz del poco jajaajjajaja","0","0","2026-05-24T17:43:44.000Z","cally._.lauf","https://www.tiktok.com/@marcosjimenezpere/video/7629973371505249557","7057652400212296709","7643515417180848913","https://p16-common-sign.tiktokcdn-eu.com/tos-alisg-avt-0068/2326a7dca9a4aec3c3eed86efe499235~tplv-tiktokx-cropcenter:100:100.jpg?dr=10399&refresh_token=fd2d6586&x-expires=1780200000&x-signature=vO3GMq4oy5eTao4WpYl6rAVfbvc%3D&t=4d5b0474&ps=13740610&shp=30310797&shcp=ff37627b&idc=no1a"
"[Sticker] podré negar a mi ex, pero jamás le pediría que no salga de su casa","0","0","2026-05-12T14:51:17.000Z","jana_2401","https://www.tiktok.com/@marcosjimenezpere/video/7629973371505249557","6994150196390347782","7639017952843825938","https://p16-common-sign.tiktokcdn-eu.com/tos-maliva-avt-0068/4903998fe23d735f5879cd2116b3a431~tplv-tiktokx-cropcenter:100:100.jpg?dr=10399&refresh_token=b4b5a2e1&x-expires=1780200000&x-signature=zk5OXs2YGNFHSt9Ml6UF9s7x2nY%3D&t=4d5b0474&ps=13740610&shp=30310797&shcp=ff37627b&idc=no1a"
"que dijo que salgamos todos para que nos vean los turistas jajajajaa","0","0","2026-04-29T13:00:35.000Z","erikbenjaminmarqu","https://www.tiktok.com/@marcosjimenezpere/video/7629973371505249557","7088798068151714862","7634165138543559437","https://p16-common-sign.tiktokcdn-eu.com/tos-maliva-avt-0068/7346969805833895978~tplv-tiktokx-cropcenter:100:100.jpg?dr=10399&refresh_token=4a876d02&x-expires=1780200000&x-signature=Ae8LQTkxewCYo6P7LB0VrKuVbbs%3D&t=4d5b0474&ps=13740610&shp=30310797&shcp=ff37627b&idc=no1a"
"no tengo pedos de hacer Home","0","0","2026-04-22T18:58:01.000Z","chinita93880","https://www.tiktok.com/@marcosjimenezpere/video/7629973371505249557","7131101778439177221","7631659817639297813","https://p16-common-sign.tiktokcdn-eu.com/tos-alisg-avt-0068/e086a91c28f91ae569d27a1552326a23~tplv-tiktokx-cropcenter:100:100.jpg?dr=10399&refresh_token=fc7aeb15&x-expires=1780200000&x-signature=WfNbrSY4weE1qBb67b9XeY7ck8k%3D&t=4d5b0474&ps=13740610&shp=30310797&shcp=ff37627b&idc=no1a"
"[Sticker] ","0","0","2026-04-22T12:08:17.000Z","casandradix","https://www.tiktok.com/@marcosjimenezpere/video/7629973371505249557","6902857767368819718","7631554232656036616","https://p16-common-sign.tiktokcdn-eu.com/tos-alisg-avt-0068/5d4efb7e36bf8e0200bf905cd4ed143c~tplv-tiktokx-cropcenter:100:100.jpg?dr=10399&refresh_token=3e0bde26&x-expires=1780200000&x-signature=ZUG2xAb0WKPIo32%2FTpJjTUxQQzE%3D&t=4d5b0474&ps=13740610&shp=30310797&shcp=ff37627b&idc=no1a"
"[Sticker] ","0","0","2026-04-22T00:54:26.000Z","rebeca.rob","https://www.tiktok.com/@marcosjimenezpere/video/7629973371505249557","6807624062286922758","7631380560233054983","https://p16-common-sign.tiktokcdn-eu.com/tos-maliva-avt-0068/47a848c5180d1999da07c74d592ec11e~tplv-tiktokx-cropcenter:100:100.jpg?dr=10399&refresh_token=d948a1a5&x-expires=1780200000&x-signature=dpU8Sm6F%2BreqVtlfBmrDRLa3t%2F4%3D&t=4d5b0474&ps=13740610&shp=30310797&shcp=ff37627b&idc=no1a"
"JAJAJKAJA neta no es rage bait?🙃","0","0","2026-04-21T22:24:12.000Z","cabashos","https://www.tiktok.com/@marcosjimenezpere/video/7629973371505249557","7075337793115489285","7631341821592683282","https://p16-common-sign.tiktokcdn-eu.com/tos-maliva-avt-0068/af18f561aa0c4862150958cd0e6e89aa~tplv-tiktokx-cropcenter:100:100.jpg?dr=10399&refresh_token=0ff96088&x-expires=1780200000&x-signature=MQ5VlZFmfd7p%2BsW6prYxIJpx%2BQU%3D&t=4d5b0474&ps=13740610&shp=30310797&shcp=ff37627b&idc=no1a"
"","0","0","2026-04-21T18:24:18.000Z","felix.felix0796","https://www.tiktok.com/@marcosjimenezpere/video/7629973371505249557","6803946258819089413","7631280041204843285","https://p16-common-sign.tiktokcdn-eu.com/tos-alisg-avt-0068/f3b67cd4e04b6e9e4b974211966d3e49~tplv-tiktokx-cropcenter:100:100.jpg?dr=10399&refresh_token=e06dde53&x-expires=1780200000&x-signature=yN%2BbQFCmxM2cmP48BmbkOF9o0q0%3D&t=4d5b0474&ps=13740610&shp=30310797&shcp=ff37627b&idc=no1a"
"[Sticker] ","0","0","2026-04-21T04:56:05.000Z","java..lava","https://www.tiktok.com/@marcosjimenezpere/video/7629973371505249557","6586793113863045125","7631071773551690504","https://p16-common-sign.tiktokcdn-eu.com/tos-alisg-avt-0068/db2493757eff5ab631f4aa8599eef146~tplv-tiktokx-cropcenter:100:100.jpg?dr=10399&refresh_token=ea80b374&x-expires=1780200000&x-signature=wbicWyhduxCq8yYew2RBsmkMQag%3D&t=4d5b0474&ps=13740610&shp=30310797&shcp=ff37627b&idc=no1a"
"[Sticker] ","0","0","2026-04-21T04:08:08.000Z","dona_ailed","https://www.tiktok.com/@marcosjimenezpere/video/7629973371505249557","153717489602965507","7631059401998992136","https://p16-common-sign.tiktokcdn-eu.com/tos-alisg-avt-0068/53e8ce7666868ae0380c5956b8bab2e2~tplv-tiktokx-cropcenter:100:100.jpg?dr=10399&refresh_token=e8a9a0bb&x-expires=1780200000&x-signature=EeRXZbeawb3hYwysvFXg4h%2BqQEc%3D&t=4d5b0474&ps=13740610&shp=30310797&shcp=ff37627b&idc=no1a"
"ok, ya entendí que busquemos el programa de los eventos en el mundial para asistir a todos.","0","0","2026-04-21T00:15:12.000Z","almaduarte153","https://www.tiktok.com/@marcosjimenezpere/video/7629973371505249557","7188204675484566534","7630999318866707220","https://p16-common-sign.tiktokcdn-eu.com/tos-maliva-avt-0068/7192792680471920646~tplv-tiktokx-cropcenter:100:100.jpg?dr=10399&refresh_token=4e6b4df7&x-expires=1780200000&x-signature=fXqObqKJwEq%2BjmVe4VW%2B33OwqbY%3D&t=4d5b0474&ps=13740610&shp=30310797&shcp=ff37627b&idc=no1a"
"","0","0","2026-04-21T00:00:07.000Z","lettirom","https://www.tiktok.com/@marcosjimenezpere/video/7629973371505249557","6870107741614392326","7630995427647177480","https://p16-common-sign.tiktokcdn-eu.com/tos-alisg-avt-0068/d10f95f8b95798083632e62df38ac30b~tplv-tiktokx-cropcenter:100:100.jpg?dr=10399&refresh_token=f9813d37&x-expires=1780200000&x-signature=TR%2B3gnC33qv5IxQyFVAyjWsuwfM%3D&t=4d5b0474&ps=13740610&shp=30310797&shcp=ff37627b&idc=no1a"
"[Sticker] ","0","0","2026-04-20T23:50:46.000Z","adrixalih","https://www.tiktok.com/@marcosjimenezpere/video/7629973371505249557","6801541464498963462","7630993087677907720","https://p16-common-sign.tiktokcdn-eu.com/tos-alisg-avt-0068/45865c5f6c89d741d82f42c3636fac5d~tplv-tiktokx-cropcenter:100:100.jpg?dr=10399&refresh_token=c049d476&x-expires=1780200000&x-signature=r2qxmS54il0IFaIQlifudt4C5SA%3D&t=4d5b0474&ps=13740610&shp=30310797&shcp=ff37627b&idc=no1a"
"[Sticker] ","0","0","2026-04-20T23:50:10.000Z","yizhan9185","https://www.tiktok.com/@marcosjimenezpere/video/7629973371505249557","6735874205881435142","7630992844455723796","https://p16-common-sign.tiktokcdn-eu.com/tos-maliva-avt-0068/6aabe362f6a5ebe4b9697646141c5807~tplv-tiktokx-cropcenter:100:100.jpg?dr=10399&refresh_token=281076fe&x-expires=1780200000&x-signature=VldK68DsfWDFeigUPpaDtGyuexw%3D&t=4d5b0474&ps=13740610&shp=30310797&shcp=ff37627b&idc=no1a"
"[Sticker] ","0","0","2026-04-20T23:44:50.000Z","wambii2","https://www.tiktok.com/@marcosjimenezpere/video/7629973371505249557","6846502172231500805","7630991516491678485","https://p16-common-sign.tiktokcdn-eu.com/tos-maliva-avt-0068/21aced1f8f402eb322f6e79cc466b463~tplv-tiktokx-cropcenter:100:100.jpg?dr=10399&refresh_token=014a18d3&x-expires=1780200000&x-signature=aa9cqkYMXGdD7Bv5P5Fq1%2BHmbcw%3D&t=4d5b0474&ps=13740610&shp=30310797&shcp=ff37627b&idc=no1a"
"Yahahahaahhaa😂","1","0","2026-04-20T23:41:24.000Z","lindam.j","https://www.tiktok.com/@marcosjimenezpere/video/7629973371505249557","6820545108246971398","7630990563832087313","https://p16-common-sign.tiktokcdn-eu.com/tos-maliva-avt-0068/7335963879076757510~tplv-tiktokx-cropcenter:100:100.jpg?dr=10399&refresh_token=13d0daa6&x-expires=1780200000&x-signature=U5ZK6hGaLmfK5smplWNAmBVdENg%3D&t=4d5b0474&ps=13740610&shp=30310797&shcp=ff37627b&idc=no1a"
"[Sticker] ","0","0","2026-04-20T23:35:25.000Z","fabulousmisspiggy","https://www.tiktok.com/@marcosjimenezpere/video/7629973371505249557","7563042184536327185","7630988967656227601","https://p16-common-sign.tiktokcdn-eu.com/tos-alisg-avt-0068/f8322cd101e85993386dcf39d36cf42f~tplv-tiktokx-cropcenter:100:100.jpg?dr=10399&refresh_token=76499aac&x-expires=1780200000&x-signature=DnwRwV59pNNfgV3AyUCdB%2BXojLg%3D&t=4d5b0474&ps=13740610&shp=30310797&shcp=ff37627b&idc=no1a"
"no lo creo q cuánto sinismo","2","0","2025-11-10T17:10:26.000Z","alejandro.serrano692","https://www.tiktok.com/@politicomx/video/7571117511932972296","7409383221165310982","7571145211243676434","https://p19-common-sign.tiktokcdn-us.com/tos-alisg-avt-0068/89f66184adeae88d89d21372e4de7f8c~tplv-tiktokx-cropcenter:100:100.jpg?dr=9640&refresh_token=d0586537&x-expires=1780200000&x-signature=TW%2B0NqgW85WmwxUpJXxRmZjR7Yg%3D&t=4d5b0474&ps=13740610&shp=30310797&shcp=ff37627b&idc=useast5"
"Dice la secretaria que regalar su boleto, traducción: “no quiero ser expuesta a una rechifla monumental” miedo le llaman","1","0","2025-11-10T22:55:53.000Z","aramis_san","https://www.tiktok.com/@politicomx/video/7571117511932972296","6879626645935703045","7571234191678046994","https://p16-common-sign.tiktokcdn-us.com/tos-alisg-avt-0068/e72d14549a3ff5276360593a4cd9b62d~tplv-tiktokx-cropcenter:100:100.jpg?dr=9640&refresh_token=8045f87f&x-expires=1780200000&x-signature=brP7NhJmWwSin1q3zQsdLJKVfiY%3D&t=4d5b0474&ps=13740610&shp=30310797&shcp=ff37627b&idc=useast5"
"No queremos mundial, queremos seguridad, queremos revocacion de mandato","2","0","2025-11-10T16:25:09.000Z","franciscozeravla","https://www.tiktok.com/@politicomx/video/7571117511932972296","6979382243715531781","7571133561190662933","https://p19-common-sign.tiktokcdn-us.com/tos-maliva-avt-0068/ed914d236b9c0499e0bd6eac2b346c16~tplv-tiktokx-cropcenter:100:100.jpg?dr=9640&refresh_token=57bce19b&x-expires=1780200000&x-signature=2ls1BFm4A4EjoMXVuUNPCQYx%2FLU%3D&t=4d5b0474&ps=13740610&shp=30310797&shcp=ff37627b&idc=useast5"
"Carlos Manzo","3","0","2025-11-10T16:07:48.000Z","ruben.sotelo629","https://www.tiktok.com/@politicomx/video/7571117511932972296","7036173229518406662","7571129094407979783","https://p16-common-sign.tiktokcdn-us.com/tos-alisg-avt-0068/8c3606037568daac535dab44cbf9a0d2~tplv-tiktokx-cropcenter:100:100.jpg?dr=9640&refresh_token=cba670f8&x-expires=1780200000&x-signature=hWVVqGN%2BOgElz%2F0meleAUu4pdDI%3D&t=4d5b0474&ps=13740610&shp=30310797&shcp=ff37627b&idc=useast5"
"Uy sí, se ve bien orgullosa 🙄. Para el mundial claro que hay remodelación, ahí sí todo es rapidísimo. Pero para los mexicanos que llevan AÑOS pidiendo mejoras, nada: baches, inseguridad, policías corruptos… y todavía lo presume como si fuera un logro enorme. 😒","2","0","2025-11-10T16:19:51.000Z","yaz95223","https://www.tiktok.com/@politicomx/video/7571117511932972296","6805612346573423622","7571132185476088597","https://p16-common-sign.tiktokcdn-us.com/tos-alisg-avt-0068/cd287e53853dc2dd30ec7eb7b83b7780~tplv-tiktokx-cropcenter:100:100.jpg?dr=9640&refresh_token=082980c0&x-expires=1780200000&x-signature=X3Ty4NkQuvREwhfMwBHPRs0y130%3D&t=4d5b0474&ps=13740610&shp=30310797&shcp=ff37627b&idc=useast5"
"Seria glorioso que la FIFA anunciará que no habrá mundial por la inseguridad, para ver qué dice la incompetente de Claudia y sus solovinos del bienestar 😂","2","0","2025-11-10T16:37:23.000Z","19062007e","https://www.tiktok.com/@politicomx/video/7571117511932972296","7378163079396738054","7571136657011245825","https://p19-common-sign.tiktokcdn-us.com/tos-alisg-avt-0068/446382be559e6ce584fc1930caeb4aa9~tplv-tiktokx-cropcenter:100:100.jpg?dr=9640&refresh_token=b57e8129&x-expires=1780200000&x-signature=Yf2nlkh1DKulykxoL5wwYEPVIsk%3D&t=4d5b0474&ps=13740610&shp=30310797&shcp=ff37627b&idc=useast5"
"Si señora pero no es gracias a morena el mundial no es gracias a morenaaa","4","1","2025-11-10T15:37:25.000Z","hectormcu","https://www.tiktok.com/@politicomx/video/7571117511932972296","6996462565094228997","7571121161175270157","https://p16-common-sign.tiktokcdn-us.com/tos-useast5-avt-0068-tx/7350535909688737838~tplv-tiktokx-cropcenter:100:100.jpg?dr=9640&refresh_token=33c6a7b2&x-expires=1780200000&x-signature=J1sbNtRSpn6IbeRkS3R4%2FmUo4rA%3D&t=4d5b0474&ps=13740610&shp=30310797&shcp=ff37627b&idc=useast5"
"La barredora se está frotando las manos","1","0","2025-11-10T16:50:26.000Z","trebol187","https://www.tiktok.com/@politicomx/video/7571117511932972296","7217587863372760107","7571139942317310751","https://p16-common-sign.tiktokcdn-us.com/musically-maliva-obj/1594805258216454~tplv-tiktokx-cropcenter:100:100.jpg?dr=9640&refresh_token=f6d184af&x-expires=1780200000&x-signature=VW8UWPJqAaIplom5IP4ju2xgIsk%3D&t=4d5b0474&ps=13740610&shp=30310797&shcp=ff37627b&idc=useast5"
"a cerrar estadios, aunque nos cueste que en México nunca haya mundiales.","1","0","2025-11-10T16:48:56.000Z","todo.1940","https://www.tiktok.com/@politicomx/video/7571117511932972296","6945114979423044613","7571139699771802375","https://p16-common-sign.tiktokcdn-us.com/tos-maliva-avt-0068/09421eb15434a197d0cb74c94d0f1f44~tplv-tiktokx-cropcenter:100:100.jpg?dr=9640&refresh_token=0c51715b&x-expires=1780200000&x-signature=WVKeWikARwDz9BLQfpPZonIDx1w%3D&t=4d5b0474&ps=13740610&shp=30310797&shcp=ff37627b&idc=useast5"
"así hubiera invertido en los hospitales 👀👀","1","0","2025-11-10T17:03:33.000Z","roseteaj","https://www.tiktok.com/@politicomx/video/7571117511932972296","6781538067670664198","7571143461781947144","https://p16-common-sign.tiktokcdn-us.com/tos-maliva-avt-0068/316519b9182369c096ff82a1dd9f2d19~tplv-tiktokx-cropcenter:100:100.jpg?dr=9640&refresh_token=2aa18dcf&x-expires=1780200000&x-signature=NdXLO5HZ6McJIZnVd3%2Bb7%2BfrWaU%3D&t=4d5b0474&ps=13740610&shp=30310797&shcp=ff37627b&idc=useast5"
"Ponte a trabajar las calles de la Ciudad de México y bueno no se diga el Estado de México 🤨🙄están de la chingada","1","0","2025-11-10T17:47:59.000Z","bettercallsaulit0","https://www.tiktok.com/@politicomx/video/7571117511932972296","6601692416410304517","7571154900689568530","https://p19-common-sign.tiktokcdn-us.com/tos-maliva-avt-0068/fe120d8cb05eaf87531f70e4d17a2220~tplv-tiktokx-cropcenter:100:100.jpg?dr=9640&refresh_token=38ae2bbb&x-expires=1780200000&x-signature=5b%2F%2FenQSbQ2Fah5b2lNdqZ0pAQ8%3D&t=4d5b0474&ps=13740610&shp=30310797&shcp=ff37627b&idc=useast5"
"evento para hacer a los ricos más ricos y a los pobres más pobres","1","0","2025-11-10T16:09:49.000Z","gonzalolopez9040","https://www.tiktok.com/@politicomx/video/7571117511932972296","6959893716085588998","7571129599427609352","https://p16-common-sign.tiktokcdn-us.com/tos-maliva-avt-0068/484568756e5559359dcea32994446a22~tplv-tiktokx-cropcenter:100:100.jpg?dr=9640&refresh_token=a13c04bd&x-expires=1780200000&x-signature=GH5FRxYeb0JPR1zkR0a2MJPK04w%3D&t=4d5b0474&ps=13740610&shp=30310797&shcp=ff37627b&idc=useast5"
"Ya se le olvidó lo de cambiar los Manzo","0","0","2025-11-10T22:01:48.000Z","user448814401031","https://www.tiktok.com/@politicomx/video/7571117511932972296","7254753614010729478","7571220248398496530","https://p16-common-sign.tiktokcdn-us.com/musically-maliva-obj/1594805258216454~tplv-tiktokx-cropcenter:100:100.jpg?dr=9640&refresh_token=f6d184af&x-expires=1780200000&x-signature=VW8UWPJqAaIplom5IP4ju2xgIsk%3D&t=4d5b0474&ps=13740610&shp=30310797&shcp=ff37627b&idc=useast5"
"Pobre de ellos ojalá no los maten","0","0","2025-11-10T21:58:30.000Z","ajawindumentaria","https://www.tiktok.com/@politicomx/video/7571117511932972296","6918836301257360390","7571219345981883156","https://p16-common-sign.tiktokcdn-us.com/tos-maliva-avt-0068/7be49e68f34964b87e54ce83596d0e3a~tplv-tiktokx-cropcenter:100:100.jpg?dr=9640&refresh_token=548062de&x-expires=1780200000&x-signature=hG4KreVEeuPzDFJCTVgoKQ2s33s%3D&t=4d5b0474&ps=13740610&shp=30310797&shcp=ff37627b&idc=useast5"
"No vengan hagan caso antes de que lo lamenten","0","0","2026-02-11T22:49:09.000Z","yurbodpnd","https://www.tiktok.com/@politicomx/video/7571117511932972296","7383098239057282053","7605743340664374036","https://p16-common-sign.tiktokcdn-us.com/tos-alisg-avt-0068/90bcd2d0cfb9627ad37245c2fbec6fe6~tplv-tiktokx-cropcenter:100:100.jpg?dr=9640&refresh_token=4a991696&x-expires=1780200000&x-signature=0i21LddPJFjm0ShO0jwp6plobWE%3D&t=4d5b0474&ps=13740610&shp=30310797&shcp=ff37627b&idc=useast5"
"hiban a venir 🤣😂😂🤣😂","0","0","2026-02-23T04:16:09.000Z","salazarlarios","https://www.tiktok.com/@politicomx/video/7571117511932972296","6828242252965135365","7609909623613588244","https://p16-common-sign.tiktokcdn-us.com/tos-maliva-avt-0068/7333979884862636037~tplv-tiktokx-cropcenter:100:100.jpg?dr=9640&refresh_token=700f5160&x-expires=1780200000&x-signature=k8tRrpy10TpqWG61ijz11a2F4uk%3D&t=4d5b0474&ps=13740610&shp=30310797&shcp=ff37627b&idc=useast5"
"Ojalá y no se haga de chidos","0","0","2026-02-23T23:24:33.000Z","zaratustrack","https://www.tiktok.com/@politicomx/video/7571117511932972296","6952888425092645893","7610205511318209301","https://p19-common-sign.tiktokcdn-us.com/tos-maliva-avt-0068/e1548660f7ed06b23a867eeeb3d1e881~tplv-tiktokx-cropcenter:100:100.jpg?dr=9640&refresh_token=5c64a92d&x-expires=1780200000&x-signature=aTwqFMERIUHtYR%2Bxs53kylI8IsU%3D&t=4d5b0474&ps=13740610&shp=30310797&shcp=ff37627b&idc=useast5"
"Cd Juarez ya no existe el turismo como antes que Ivan gringos de Texas New Mexico Denver pero no le inporta cd Juarez Chihuahua","0","0","2025-11-11T00:57:19.000Z","baualexander","https://www.tiktok.com/@politicomx/video/7571117511932972296","6679589625764545541","7571265499893662519","https://p19-common-sign.tiktokcdn-us.com/tos-maliva-avt-0068/7333596501510127621~tplv-tiktokx-cropcenter:100:100.jpg?dr=9640&refresh_token=8472ba03&x-expires=1780200000&x-signature=%2FYDw%2BRkYBbH%2FXDy53%2FUtqMzysSI%3D&t=4d5b0474&ps=13740610&shp=30310797&shcp=ff37627b&idc=useast5"
"Les dije!!! Ya se les olvidó el gobernador que renunciaron y todo 😂","0","0","2025-11-10T23:25:27.000Z","cg8725","https://www.tiktok.com/@politicomx/video/7571117511932972296","7155654473016706091","7571241816122819341","https://p16-common-sign.tiktokcdn-us.com/tos-useast5-avt-0068-tx/7351832556741853226~tplv-tiktokx-cropcenter:100:100.jpg?dr=9640&refresh_token=83f931ce&x-expires=1780200000&x-signature=UsMSikPRw5QJpkvwq34ItofcC%2Bg%3D&t=4d5b0474&ps=13740610&shp=30310797&shcp=ff37627b&idc=useast5"
"Ya no habrá mundial por la inseguridad que hay en México","0","0","2025-11-10T21:57:42.000Z","huacon01","https://www.tiktok.com/@politicomx/video/7571117511932972296","6962655494330745862","7571219192718164754","https://p19-common-sign.tiktokcdn-us.com/tos-alisg-avt-0068/d8af869c75d3d61a6aa51ddb332f8496~tplv-tiktokx-cropcenter:100:100.jpg?dr=9640&refresh_token=53a2fed4&x-expires=1780200000&x-signature=jM%2F9S9JX65nwVYyHNJVBLVCi8eI%3D&t=4d5b0474&ps=13740610&shp=30310797&shcp=ff37627b&idc=useast5"
"😂😂 el peor pais para ir de turistas no se arriesgen gente","0","0","2025-11-11T02:54:15.000Z","lalo.alberto6","https://www.tiktok.com/@politicomx/video/7571117511932972296","7498870842287752235","7571295568083174174","https://p16-common-sign.tiktokcdn-us.com/tos-useast8-avt-0068-tx2/81e8b0151d9f08897eb5fd2e37538dee~tplv-tiktokx-cropcenter:100:100.jpg?dr=9640&refresh_token=c61ede89&x-expires=1780200000&x-signature=l9QpD%2FiUEDcKn82M3%2FYhllV14no%3D&t=4d5b0474&ps=13740610&shp=30310797&shcp=ff37627b&idc=useast5"
"[Sticker] Shiembaum diciéndole adiós a esos visitantes jajajaja","0","0","2026-02-24T15:58:25.000Z","rodguitarhernan","https://www.tiktok.com/@politicomx/video/7571117511932972296","6807566703195620357","7610461678874755848","https://p16-common-sign.tiktokcdn-us.com/tos-alisg-avt-0068/2b769a94eb8fec1c69af83d0f413d399~tplv-tiktokx-cropcenter:100:100.jpg?dr=9640&refresh_token=b2327efc&x-expires=1780200000&x-signature=HiJEhYtjtPIV5hGxfOLn%2Bqy3wvo%3D&t=4d5b0474&ps=13740610&shp=30310797&shcp=ff37627b&idc=useast5"
"Soy de Guadalajara y me da vergüenza de cómo está de sucia la ciudad, sobretodo en zonas como la americana y zona centro, quitaron los botes de basura 🚮 según porque ya no les pagaron la concesión. Alguien sabe algo de esto?","0","0","2025-12-24T17:09:04.000Z","sunshinegtz","https://www.tiktok.com/@politicomx/video/7571117511932972296","6858726865819272198","7587472610624881428","https://p19-common-sign.tiktokcdn-us.com/tos-alisg-avt-0068/ed41f8117ef92dd04a700f855d2b57e7~tplv-tiktokx-cropcenter:100:100.jpg?dr=9640&refresh_token=99dcfb67&x-expires=1780200000&x-signature=Mtj192TuXk4PlArIeQaNc4L6SUo%3D&t=4d5b0474&ps=13740610&shp=30310797&shcp=ff37627b&idc=useast5"
"[Sticker] ","0","0","2026-05-19T17:34:32.000Z","daniela.camacho7","https://www.tiktok.com/@politicomx/video/7571117511932972296","7253292451526394885","7641657635879584519","https://p19-common-sign.tiktokcdn-us.com/tos-alisg-avt-0068/14410594ae6cdb1c6dc05eec036fceb8~tplv-tiktokx-cropcenter:100:100.jpg?dr=9640&refresh_token=b18cdb93&x-expires=1780200000&x-signature=FHg29IJak41gCAMPcD6%2F5mQIcK8%3D&t=4d5b0474&ps=13740610&shp=30310797&shcp=ff37627b&idc=useast5"
"Hmmm dinero y le brillan los ojos a la querida presidenta con A","0","0","2026-05-29T06:18:32.000Z","lorenn1226","https://www.tiktok.com/@politicomx/video/7571117511932972296","6944938445811893254","7645194230852616980","https://p19-common-sign.tiktokcdn-us.com/tos-maliva-avt-0068/5d5f434399fbf9b7ee561274058fe848~tplv-tiktokx-cropcenter:100:100.jpg?dr=9640&refresh_token=7ff850c1&x-expires=1780200000&x-signature=sLXySQGsR56yIw5uz18a28HcKWI%3D&t=4d5b0474&ps=13740610&shp=30310797&shcp=ff37627b&idc=useast5"
"Está horrible viajar en México el tráfico está horrible y la inseguridad","0","0","2025-11-11T01:16:43.000Z","oscarguerrerooo","https://www.tiktok.com/@politicomx/video/7571117511932972296","6800116108097225734","7571270508957287182","https://p16-common-sign.tiktokcdn-us.com/tos-maliva-avt-0068/7335391396801150982~tplv-tiktokx-cropcenter:100:100.jpg?dr=9640&refresh_token=ec3593b9&x-expires=1780200000&x-signature=q57z9rjZ24EJy2fstPc56UziKMc%3D&t=4d5b0474&ps=13740610&shp=30310797&shcp=ff37627b&idc=useast5"
"los que vayan cuidence mucho por la casa inseguridad 🥺","0","0","2025-11-11T00:25:40.000Z","juancarlosloren39faty","https://www.tiktok.com/@politicomx/video/7571117511932972296","7044344959084545029","7571257326100955924","https://p19-common-sign.tiktokcdn-us.com/tos-alisg-avt-0068/a979af040d2b81aa74d5908f53352dc9~tplv-tiktokx-cropcenter:100:100.jpg?dr=9640&refresh_token=43a22805&x-expires=1780200000&x-signature=u%2FhZU84yVfKKwaAZYWplHKsc4cM%3D&t=4d5b0474&ps=13740610&shp=30310797&shcp=ff37627b&idc=useast5"
"revocación de mandato","0","0","2026-01-23T15:18:05.000Z","user998660011316","https://www.tiktok.com/@politicomx/video/7571117511932972296","7431719092204176389","7598576586172515090","https://p16-common-sign.tiktokcdn-us.com/musically-maliva-obj/1594805258216454~tplv-tiktokx-cropcenter:100:100.jpg?dr=9640&refresh_token=f6d184af&x-expires=1780200000&x-signature=VW8UWPJqAaIplom5IP4ju2xgIsk%3D&t=4d5b0474&ps=13740610&shp=30310797&shcp=ff37627b&idc=useast5"
"buena idea ,mala explicación de ella","2","0","2026-04-18T17:05:19.000Z","dulcedeunicornio","https://www.tiktok.com/@marcosjimenezpere/video/7629973371505249557","6821704229289231365","7630146436416160532","https://p16-common-sign.tiktokcdn.com/tos-maliva-avt-0068/7322800180251557894~tplv-tiktokx-cropcenter:100:100.jpg?dr=14579&refresh_token=58056532&x-expires=1780200000&x-signature=PQUn8lhuRhZR1kdRQE4VJLdKNTY%3D&t=4d5b0474&ps=13740610&shp=30310797&shcp=ff37627b&idc=sg1"
"[Sticker] ","1","0","2026-04-30T17:33:53.000Z","_socrastiven_","https://www.tiktok.com/@marcosjimenezpere/video/7629973371505249557","7046150507886543878","7634606816521175809","https://p16-common-sign.tiktokcdn.com/tos-maliva-avt-0068/c2832471f24dd2919e0bd6d125cdb2a3~tplv-tiktokx-cropcenter:100:100.jpg?dr=14579&refresh_token=e428cef0&x-expires=1780200000&x-signature=dtGH3sZ1ty1i869UP1Q9HIybgYY%3D&t=4d5b0474&ps=13740610&shp=30310797&shcp=ff37627b&idc=sg1"
"","1","0","2026-04-23T01:14:49.000Z","jasoncdmx","https://www.tiktok.com/@marcosjimenezpere/video/7629973371505249557","6903069127511049222","7631756870688899858","https://p16-common-sign.tiktokcdn.com/tos-alisg-avt-0068/2ac41ec801f80d878964fbe4f4948370~tplv-tiktokx-cropcenter:100:100.jpg?dr=14579&refresh_token=ac443061&x-expires=1780200000&x-signature=HI0dpdOLLys8RaRKd8r9z020UcM%3D&t=4d5b0474&ps=13740610&shp=30310797&shcp=ff37627b&idc=sg1"
"ni mi ex me escondía tanto 😂","1","0","2026-04-21T00:16:05.000Z","mab_1499","https://www.tiktok.com/@marcosjimenezpere/video/7629973371505249557","7413650744031298566","7630999521905607444","https://p16-common-sign.tiktokcdn.com/tos-alisg-avt-0068/2f96d3c9e88c4ac3ad8b8de0e593e837~tplv-tiktokx-cropcenter:100:100.jpg?dr=14579&refresh_token=a6baa5aa&x-expires=1780200000&x-signature=uqlDekzmlAGhOuyHaG6GYmkYbV4%3D&t=4d5b0474&ps=13740610&shp=30310797&shcp=ff37627b&idc=sg1"
"Ya no se va hacer cambiaron de opinión No hay mal, que por bien no venga.","0","0","2025-11-16T08:33:59.000Z","maramagdalenatrej","https://www.tiktok.com/@politicomx/video/7571117511932972296","7183146060201362437","7573238636856066824","https://p16-common-sign.tiktokcdn-us.com/tos-maliva-avt-0068/7183578949069799429~tplv-tiktokx-cropcenter:100:100.jpg?dr=9640&refresh_token=038d9b2e&x-expires=1780200000&x-signature=UwUTaKMJWvtFapA43CZYCAojHug%3D&t=4d5b0474&ps=13740610&shp=30310797&shcp=ff37627b&idc=useast5"
"De por sí ya es un caos la CDMX 🙄","1","0","2025-11-11T02:50:31.000Z","diegoacontr3ras","https://www.tiktok.com/@politicomx/video/7571117511932972296","6631373851942158342","7571294698196747016","https://p16-common-sign.tiktokcdn.com/tos-alisg-avt-0068/1d86634d7f12ec41ddd4516345fa1366~tplv-tiktokx-cropcenter:100:100.jpg?dr=14579&refresh_token=de1889f1&x-expires=1780200000&x-signature=u%2FbhmZv2MmMt3AleRZgd1wLS0vw%3D&t=4d5b0474&ps=13740610&shp=30310797&shcp=ff37627b&idc=my3"
"Queremos seguridad y medicinas, al pueblo no le interesa.","1","0","2025-11-11T02:49:42.000Z","soyelcompalucas","https://www.tiktok.com/@politicomx/video/7571117511932972296","7317472987963229189","7571294516485833490","https://p16-common-sign.tiktokcdn.com/tos-alisg-avt-0068/a32502726d6c534f8ad626e3f0d8fb68~tplv-tiktokx-cropcenter:100:100.jpg?dr=14579&refresh_token=2c3d543f&x-expires=1780200000&x-signature=Sa7rrjDbpkwSeFx1RQNtQfKoa8k%3D&t=4d5b0474&ps=13740610&shp=30310797&shcp=ff37627b&idc=my3"
"cuántos secuestrados va haber...","1","0","2025-11-11T02:31:27.000Z","user95099533374783","https://www.tiktok.com/@politicomx/video/7571117511932972296","7536843363270755345","7571289769264890631","https://p16-common-sign.tiktokcdn.com/musically-maliva-obj/1594805258216454~tplv-tiktokx-cropcenter:100:100.jpg?dr=14579&refresh_token=fa307169&x-expires=1780200000&x-signature=mehcPq0GqZUJprcMKOYk31VuyvU%3D&t=4d5b0474&ps=13740610&shp=30310797&shcp=ff37627b&idc=my3"
"ya Claudia con un México inseguro es mejor los que nos vienen a visitar que mi venga a México es duro la inseguridad","1","0","2025-11-11T00:17:49.000Z","martincs12","https://www.tiktok.com/@politicomx/video/7571117511932972296","6990512356766254086","7571255341757907732","https://p19-common-sign.tiktokcdn.com/tos-maliva-avt-0068/7d1ebfa4115b15712fcc5e0d42336d5f~tplv-tiktokx-cropcenter:100:100.jpg?dr=14579&refresh_token=34dbe544&x-expires=1780200000&x-signature=ReaQ5%2FkCn0gJNVMXib2t8RKvG0s%3D&t=4d5b0474&ps=13740610&shp=30310797&shcp=ff37627b&idc=my3"
"ni a palos","1","0","2025-11-11T00:12:01.000Z","wilsonarmando14","https://www.tiktok.com/@politicomx/video/7571117511932972296","6959208278493955077","7571253853640147768","https://p16-common-sign.tiktokcdn.com/tos-alisg-avt-0068/0e487a1cce3c2fc05849b6495b65c371~tplv-tiktokx-cropcenter:100:100.jpg?dr=14579&refresh_token=c2bb36cc&x-expires=1780200000&x-signature=N0RxuyASestw69w8zhuKfxG3ChU%3D&t=4d5b0474&ps=13740610&shp=30310797&shcp=ff37627b&idc=my3"
"y la inseguridad","1","0","2025-11-10T21:45:09.000Z","italianus..._","https://www.tiktok.com/@politicomx/video/7571117511932972296","6990319823780971526","7571215988373586695","https://p16-common-sign.tiktokcdn.com/tos-maliva-avt-0068/a97de4eb0a59e137b6f74501f2809d77~tplv-tiktokx-cropcenter:100:100.jpg?dr=14579&refresh_token=7af0ab57&x-expires=1780200000&x-signature=uZ7yfrEXhUEL5tEGfca853nmoo4%3D&t=4d5b0474&ps=13740610&shp=30310797&shcp=ff37627b&idc=my3"
"como cuidara a esos visitantes??? 🤔🤔🤔","11","0","2025-11-10T19:03:02.000Z","labonne57","https://www.tiktok.com/@politicomx/video/7571117511932972296","7252943508766770181","7571174151890993936","https://p16-common-sign.tiktokcdn.com/tos-alisg-avt-0068/c3887a8df595fd6f0843bbf075bf9f19~tplv-tiktokx-cropcenter:100:100.jpg?dr=14579&refresh_token=cc704855&x-expires=1780200000&x-signature=OFv%2FHJsKLONOYU80KOFBhx4W7x0%3D&t=4d5b0474&ps=13740610&shp=30310797&shcp=ff37627b&idc=my"
"Ya esta listo Messi, hay que estar a prevenidos, pa cualquier cosa 😉","1","0","2025-11-14T19:26:05.000Z","mv65843","https://www.tiktok.com/@politicomx/video/7571117511932972296","7468516030621844485","7572664410239943440","https://p16-common-sign.tiktokcdn.com/tos-alisg-avt-0068/30a736909dd54649818191e9e7033535~tplv-tiktokx-cropcenter:100:100.jpg?dr=14579&refresh_token=af5c9732&x-expires=1780200000&x-signature=gyh5Gn2ThP2sdeXnUh%2FtTU84h7Y%3D&t=4d5b0474&ps=13740610&shp=30310797&shcp=ff37627b&idc=my"
"no puedes con los mexicanos 💀","1","0","2025-11-11T06:32:14.000Z","hernangava","https://www.tiktok.com/@politicomx/video/7571117511932972296","7158536877619708934","7571351835262403335","https://p16-common-sign.tiktokcdn.com/tos-maliva-avt-0068/7176525392244572166~tplv-tiktokx-cropcenter:100:100.jpg?dr=14579&refresh_token=9026d4e9&x-expires=1780200000&x-signature=4y6dHHexAFIaP8dvUs%2Bhj7WOFG8%3D&t=4d5b0474&ps=13740610&shp=30310797&shcp=ff37627b&idc=my"
"le faltó el aeropuerto de Toluca y el tren de Toluca a la CDMX y viceversa","1","0","2025-11-11T05:16:28.000Z","alitohuerta7","https://www.tiktok.com/@politicomx/video/7571117511932972296","6915194240235029509","7571332326962381575","https://p16-common-sign.tiktokcdn.com/tos-alisg-avt-0068/30157e514dfd940f013a0bd83092f3d6~tplv-tiktokx-cropcenter:100:100.jpg?dr=14579&refresh_token=723832a0&x-expires=1780200000&x-signature=M6ql0AyryjGeJ5saV7N0dnN0G90%3D&t=4d5b0474&ps=13740610&shp=30310797&shcp=ff37627b&idc=my"
"Y la seguridad ? Dónde quedó?🤦‍♂️","1","0","2025-11-11T04:55:22.000Z","blackmarquez7","https://www.tiktok.com/@politicomx/video/7571117511932972296","6821923014235210758","7571326766721155871","https://p16-common-sign.tiktokcdn.com/tos-maliva-avt-0068/e6fdb773510ee3d0e7646b9c08a5b7e6~tplv-tiktokx-cropcenter:100:100.jpg?dr=14579&refresh_token=a27f0893&x-expires=1780200000&x-signature=rFyzzfQMjN%2F35oBDqlRRbNIC7RE%3D&t=4d5b0474&ps=13740610&shp=30310797&shcp=ff37627b&idc=my"
"God Bless Mexico 🇲🇽 🇲🇽🇲🇽🇲🇽🇲🇽🙏🙏🙏🙏","1","0","2025-11-11T04:22:31.000Z","josegalarza307","https://www.tiktok.com/@politicomx/video/7571117511932972296","7114771067642823722","7571318307967337271","https://p16-common-sign.tiktokcdn.com/tos-maliva-avt-0068/6416c49ec3075209b6be23d740724600~tplv-tiktokx-cropcenter:100:100.jpg?dr=14579&refresh_token=c3b0c915&x-expires=1780200000&x-signature=T3o3aWgRP5pDbBPpqc660Y2MzjU%3D&t=4d5b0474&ps=13740610&shp=30310797&shcp=ff37627b&idc=my"
"Y de que sirve si no pagarán Impuestos y nosotros seguimos pagando. Ojalá y no vengan y se cancelen los partidos de México","1","0","2025-11-11T04:01:44.000Z","nerakgranda","https://www.tiktok.com/@politicomx/video/7571117511932972296","6818616968959181830","7571313045332034324","https://p16-common-sign.tiktokcdn.com/tos-alisg-avt-0068/3a34fa005cd777cbec521e6609b7e53f~tplv-tiktokx-cropcenter:100:100.jpg?dr=14579&refresh_token=39a1952a&x-expires=1780200000&x-signature=Giweee7DEceE952crXy4DN5XXdA%3D&t=4d5b0474&ps=13740610&shp=30310797&shcp=ff37627b&idc=my"
"","1","0","2025-11-11T03:56:50.000Z","frank94277","https://www.tiktok.com/@politicomx/video/7571117511932972296","7233649791325127722","7571311780547773215","https://p16-common-sign.tiktokcdn.com/musically-maliva-obj/1594805258216454~tplv-tiktokx-cropcenter:100:100.jpg?dr=14579&refresh_token=fa307169&x-expires=1780200000&x-signature=mehcPq0GqZUJprcMKOYk31VuyvU%3D&t=4d5b0474&ps=13740610&shp=30310797&shcp=ff37627b&idc=my"
"HOY SOLO SE HABLA DE FUDBOL","1","0","2025-11-11T03:20:11.000Z","bkr_mj","https://www.tiktok.com/@politicomx/video/7571117511932972296","6958608912477291525","7571302326738371348","https://p16-common-sign.tiktokcdn.com/tos-alisg-avt-0068/5d95e1e3bff76e3ba41da4678344b2fc~tplv-tiktokx-cropcenter:100:100.jpg?dr=14579&refresh_token=b98b5fde&x-expires=1780200000&x-signature=kpLDxfHvhF1AUpkFFflEXpz2oEw%3D&t=4d5b0474&ps=13740610&shp=30310797&shcp=ff37627b&idc=my"
"cosas que nunca dijo","1","0","2026-04-18T15:33:21.000Z","urieldiaz812","https://www.tiktok.com/@marcosjimenezpere/video/7629973371505249557","7064695133606970374","7630122753332921108","https://p16-common-sign.tiktokcdn-us.com/tos-maliva-avt-0068/7303962259721486342~tplv-tiktokx-cropcenter:100:100.jpg?dr=9640&refresh_token=522ed552&x-expires=1780200000&x-signature=WUAuS8zow73vfiE50ZjWpYW5mKs%3D&t=4d5b0474&ps=13740610&shp=30310797&shcp=ff37627b&idc=useast5"
"Jajajaj que que dijoooo que saliéramos todo el dia va","2","0","2026-04-18T14:36:51.000Z","taco.de.pastor970","https://www.tiktok.com/@marcosjimenezpere/video/7629973371505249557","7094036761190859782","7630108186750157589","https://p19-common-sign.tiktokcdn-us.com/tos-alisg-avt-0068/601ae6dc9c95905924a77a1c1709b349~tplv-tiktokx-cropcenter:100:100.jpg?dr=9640&refresh_token=65b790cd&x-expires=1780200000&x-signature=qUvW4qJXEYQxRvLQiPgxWzNoevE%3D&t=4d5b0474&ps=13740610&shp=30310797&shcp=ff37627b&idc=useast5"
"To de por sí no salgo 😔","1","0","2026-04-18T17:25:56.000Z","marielyloove","https://www.tiktok.com/@marcosjimenezpere/video/7629973371505249557","6986861823623889925","7630151769598853909","https://p16-common-sign.tiktokcdn-us.com/tos-alisg-avt-0068/81902b4c779d7aa3799120fb1a03edb6~tplv-tiktokx-cropcenter:100:100.jpg?dr=9640&refresh_token=f90a89b6&x-expires=1780200000&x-signature=n%2B445yJzcR5l0PpissTs%2FQQeihI%3D&t=4d5b0474&ps=13740610&shp=30310797&shcp=ff37627b&idc=useast5"
"México","0","0","2026-04-20T23:03:08.000Z","d1anacortez","https://www.tiktok.com/@marcosjimenezpere/video/7629973371505249557","7339731040145474565","7630980788754154258","https://p16-common-sign.tiktokcdn-us.com/tos-alisg-avt-0068/11df01322eaaae9ef08bd5a320c40904~tplv-tiktokx-cropcenter:100:100.jpg?dr=9640&refresh_token=4bf93a17&x-expires=1780200000&x-signature=AZ33dV2%2F6pNxqQU2i%2BIrtYc0fAw%3D&t=4d5b0474&ps=13740610&shp=30310797&shcp=ff37627b&idc=useast5"
"lo del home office esta bien para evitar el embotellamiento pero de igual forma porque prohibir salir solo para que los turistas no se incomoden?","0","0","2026-04-20T14:15:12.000Z","elhogmexa","https://www.tiktok.com/@marcosjimenezpere/video/7629973371505249557","7194613232672637957","7630844779907334920","https://p19-common-sign.tiktokcdn-us.com/tos-maliva-avt-0068/809c6134d97885438a91cf0bad8b8d31~tplv-tiktokx-cropcenter:100:100.jpg?dr=9640&refresh_token=35e5a416&x-expires=1780200000&x-signature=xrdbFb6oyaWsufsADniw879yroY%3D&t=4d5b0474&ps=13740610&shp=30310797&shcp=ff37627b&idc=useast5"
"pues uno de los atractivo turístico de mexico es la gente por que somos cotorros amables divertidos si no no van a tener la experiencia completa","0","0","2026-04-18T20:46:19.000Z","esba77","https://www.tiktok.com/@marcosjimenezpere/video/7629973371505249557","6666256675592929285","7630203340438668040","https://p19-common-sign.tiktokcdn-us.com/tos-alisg-avt-0068/7334318287678865409~tplv-tiktokx-cropcenter:100:100.jpg?dr=9640&refresh_token=22e5130b&x-expires=1780200000&x-signature=fpvvMNEDeVtl%2BWnRf3vFie9oHeo%3D&t=4d5b0474&ps=13740610&shp=30310797&shcp=ff37627b&idc=useast5"
"que nos espera a todo allá? bueno","0","0","2026-04-20T23:10:17.000Z","sacg2005","https://www.tiktok.com/@marcosjimenezpere/video/7629973371505249557","7070336016275801093","7630982638060667655","https://p19-common-sign.tiktokcdn.com/tos-alisg-avt-0068/a27a7806ae458d6711c06b7c8801d1fa~tplv-tiktokx-cropcenter:100:100.jpg?dr=14579&refresh_token=da4c3749&x-expires=1780200000&x-signature=cWhyFob4WR0Wp2RNkcS9ZpzLT%2Fg%3D&t=4d5b0474&ps=13740610&shp=30310797&shcp=ff37627b&idc=my2"
"[Sticker] ","0","0","2026-04-20T23:09:38.000Z","no139817","https://www.tiktok.com/@marcosjimenezpere/video/7629973371505249557","7584936608001868808","7630982412508365588","https://p16-common-sign.tiktokcdn.com/tos-alisg-avt-0068/c192780084f5a91d78a6d1d65c6070b1~tplv-tiktokx-cropcenter:100:100.jpg?dr=14579&refresh_token=3adaa7d0&x-expires=1780200000&x-signature=J8P%2BC8Y8152izTUB6dzOZ1zukYw%3D&t=4d5b0474&ps=13740610&shp=30310797&shcp=ff37627b&idc=my2"
"[Sticker] ajá 😂😞","0","0","2026-04-20T22:59:37.000Z","verwest.25","https://www.tiktok.com/@marcosjimenezpere/video/7629973371505249557","6867220438331425794","7630979835981382407","https://p16-common-sign.tiktokcdn.com/tos-alisg-avt-0068/1753abcb7f9f8d7f2bf61ecbc7dd1f74~tplv-tiktokx-cropcenter:100:100.jpg?dr=14579&refresh_token=5630399e&x-expires=1780200000&x-signature=fLbcaV0VPdzOFL%2F5tFa2%2F%2BfpfhQ%3D&t=4d5b0474&ps=13740610&shp=30310797&shcp=ff37627b&idc=my2"
"","0","0","2026-04-20T22:49:28.000Z","cris271794","https://www.tiktok.com/@marcosjimenezpere/video/7629973371505249557","6859438729388688390","7630977281678148360","https://p16-common-sign.tiktokcdn.com/tos-alisg-avt-0068/d9a4ea704233aa33227b017fde214640~tplv-tiktokx-cropcenter:100:100.jpg?dr=14579&refresh_token=eb3b2ee9&x-expires=1780200000&x-signature=mVwME6D3rgRqzsrR%2BPVM12j7CnI%3D&t=4d5b0474&ps=13740610&shp=30310797&shcp=ff37627b&idc=my2"
"[Sticker] ","0","0","2026-04-20T22:47:35.000Z","nadine3710","https://www.tiktok.com/@marcosjimenezpere/video/7629973371505249557","7028239503710635014","7630976745660039943","https://p16-common-sign.tiktokcdn.com/tos-maliva-avt-0068/9c3cbef0db167127e6e230b9bc62b714~tplv-tiktokx-cropcenter:100:100.jpg?dr=14579&refresh_token=0ed84be3&x-expires=1780200000&x-signature=mC2hGDIhlL0DQk7h3pr05ucto7M%3D&t=4d5b0474&ps=13740610&shp=30310797&shcp=ff37627b&idc=my2"
"Jajajajaj","0","0","2026-04-20T22:20:54.000Z","alesandro.lancaster","https://www.tiktok.com/@marcosjimenezpere/video/7629973371505249557","6701038926297547782","7630969834235249428","https://p16-common-sign.tiktokcdn.com/tos-alisg-avt-0068/ef87cc9b1202497b0762da6dd87255fc~tplv-tiktokx-cropcenter:100:100.jpg?dr=14579&refresh_token=300182db&x-expires=1780200000&x-signature=zWkVF4ne4fGfXgSruxoGYLwyedY%3D&t=4d5b0474&ps=13740610&shp=30310797&shcp=ff37627b&idc=my2"
"[Sticker] ","0","0","2026-04-20T22:15:55.000Z","colagritosstore","https://www.tiktok.com/@marcosjimenezpere/video/7629973371505249557","6935512630131966982","7630968584256881429","https://p16-common-sign.tiktokcdn.com/tos-alisg-avt-0068/3bb836747117b97a61d8369bab3c57a9~tplv-tiktokx-cropcenter:100:100.jpg?dr=14579&refresh_token=5cf2719a&x-expires=1780200000&x-signature=TsR1qmGRePt5iesTdaXutboB0CI%3D&t=4d5b0474&ps=13740610&shp=30310797&shcp=ff37627b&idc=my2"
"Ok pero díganselo a mi jefecito porque me obliga a venir a la oficina","0","0","2026-04-20T21:45:13.000Z","karlasosa94","https://www.tiktok.com/@marcosjimenezpere/video/7629973371505249557","6778605343779963910","7630960684611961617","https://p16-common-sign.tiktokcdn.com/tos-alisg-avt-0068/1a9c126516cd33d9332474cb5848a2d9~tplv-tiktokx-cropcenter:100:100.jpg?dr=14579&refresh_token=f5cd5e97&x-expires=1780200000&x-signature=tmGP5MxCcLRAZ%2FllNjMM3rV80RY%3D&t=4d5b0474&ps=13740610&shp=30310797&shcp=ff37627b&idc=my2"
"El punto medio lo entendí pero fue muy mal planteado xdd","0","0","2026-04-20T15:10:00.000Z","destrozz35","https://www.tiktok.com/@marcosjimenezpere/video/7629973371505249557","7317144803442689030","7630858896320807696","https://p16-common-sign.tiktokcdn.com/tos-alisg-avt-0068/60d9af63cbf802d058f1bb73ad1a925b~tplv-tiktokx-cropcenter:100:100.jpg?dr=14579&refresh_token=1d2525f3&x-expires=1780200000&x-signature=PiApi6twvcMK2mApwCwpWeWHEIo%3D&t=4d5b0474&ps=13740610&shp=30310797&shcp=ff37627b&idc=my2"
"que smosh en la plaza dice","0","0","2026-04-19T01:19:45.000Z","kilta_rm","https://www.tiktok.com/@marcosjimenezpere/video/7629973371505249557","7446618944507118597","7630273796264526613","https://p16-common-sign.tiktokcdn.com/tos-alisg-avt-0068/770d93393795e117f2604d92226a9432~tplv-tiktokx-cropcenter:100:100.jpg?dr=14579&refresh_token=9bcb3af6&x-expires=1780200000&x-signature=8mAFef%2FnY4FaG01sf%2F0hUEKMTU8%3D&t=4d5b0474&ps=13740610&shp=30310797&shcp=ff37627b&idc=my2"
"hay que bendición trabajar desde tu casa bien cómodo","1","0","2026-04-20T03:36:24.000Z","karlavaladez38","https://www.tiktok.com/@marcosjimenezpere/video/7629973371505249557","6745113748762117126","7630680137466217234","https://p16-common-sign.tiktokcdn.com/tos-alisg-avt-0068/df08eb3b1214d998a8f90673cacb2772~tplv-tiktokx-cropcenter:100:100.jpg?dr=14579&refresh_token=7dd8a035&x-expires=1780200000&x-signature=OtBPkb8Ysgs0GkG%2BrsN4Yp6CVTY%3D&t=4d5b0474&ps=13740610&shp=30310797&shcp=ff37627b&idc=my2"
"Que hagamos manifestaciones enfrente de los estadios a la hora de los partidos dice","10","1","2026-04-21T18:23:31.000Z","paolalopez3961","https://www.tiktok.com/@marcosjimenezpere/video/7629973371505249557","7287022097561830406","7631279852713050887","https://p16-common-sign.tiktokcdn.com/tos-alisg-avt-0068/bcd71794841864c48165b2d926a3fa19~tplv-tiktokx-cropcenter:100:100.jpg?dr=14579&refresh_token=6e820a5f&x-expires=1780200000&x-signature=tz5YedjQPtJ7Ja1ohiU2tbePLvc%3D&t=4d5b0474&ps=13740610&shp=30310797&shcp=ff37627b&idc=my2"
"CREO QUE QUIERE MANIFESTACIONES","21","0","2026-04-20T13:53:53.000Z","andrewturpo4","https://www.tiktok.com/@marcosjimenezpere/video/7629973371505249557","7615437900353111047","7630839290868499218","https://p16-common-sign.tiktokcdn.com/tos-alisg-avt-0068/14c7231dfd22e3302acb6bf710ccf7b6~tplv-tiktokx-cropcenter:100:100.jpg?dr=14579&refresh_token=5dfe4edb&x-expires=1780200000&x-signature=pEUSpNM0LhIiSxECS9zS4K76HOc%3D&t=4d5b0474&ps=13740610&shp=30310797&shcp=ff37627b&idc=my2"
"[Sticker] Ok dice que vayamos a la capital a manifestarnos!!","15","0","2026-04-20T05:48:31.000Z","jannel925","https://www.tiktok.com/@marcosjimenezpere/video/7629973371505249557","7553878144378897416","7630714167561863956","https://p16-common-sign.tiktokcdn.com/tos-alisg-avt-0068/75b65192fc399095cede1dad66831069~tplv-tiktokx-cropcenter:100:100.jpg?dr=14579&refresh_token=3f05acf0&x-expires=1780200000&x-signature=YD6DsJSLvQsAKqvviJ2r3JX7X%2Fg%3D&t=4d5b0474&ps=13740610&shp=30310797&shcp=ff37627b&idc=my2"
"[Sticker] que nos manifestamos? va","12","0","2026-04-21T20:00:33.000Z","lynx_pulpo","https://www.tiktok.com/@marcosjimenezpere/video/7629973371505249557","6843870740555760646","7631304859983135506","https://p16-common-sign.tiktokcdn.com/tos-alisg-avt-0068/8bfef2ec84ce87b7418c4b1e054195c5~tplv-tiktokx-cropcenter:100:100.jpg?dr=14579&refresh_token=5afe2857&x-expires=1780200000&x-signature=jefKqQEjkXMiiPn3LlLBBMzZ%2FwM%3D&t=4d5b0474&ps=13740610&shp=30310797&shcp=ff37627b&idc=my2"
"nunca voy para la cdmx pero como que se me antojo ir a hacer una protesta justo por esos días del mundial","10","0","2026-04-20T13:02:02.000Z","damaroth08","https://www.tiktok.com/@marcosjimenezpere/video/7629973371505249557","6598296767321309189","7630825931116610322","https://p16-common-sign.tiktokcdn.com/tos-alisg-avt-0068/c8bdae2bf40e5f3d008efce081d291fd~tplv-tiktokx-cropcenter:100:100.jpg?dr=14579&refresh_token=c1940752&x-expires=1780200000&x-signature=eHCMb0iBWCFfbQSMhFOcCHbUlKc%3D&t=4d5b0474&ps=13740610&shp=30310797&shcp=ff37627b&idc=my2"
"Como verg quiere que don Chuy que trabaja en la obra haga home office?","9","0","2026-04-18T22:28:23.000Z","el_tefo0","https://www.tiktok.com/@marcosjimenezpere/video/7629973371505249557","6927611015135953926","7630229680981230343","https://p16-common-sign.tiktokcdn.com/tos-maliva-avt-0068/b2ac21508551062c7c9aa6d8b6fddde5~tplv-tiktokx-cropcenter:100:100.jpg?dr=14579&refresh_token=0c66f532&x-expires=1780200000&x-signature=xURqt%2FIEEppRuZ4J2r%2Be%2FlsJy8k%3D&t=4d5b0474&ps=13740610&shp=30310797&shcp=ff37627b&idc=my2"
"Que gusto me va a dar que en pleno mundial le cierren avenidas, que protesten, que vean que el país se está cayendo …","8","0","2026-04-19T00:46:50.000Z","fry.wte","https://www.tiktok.com/@marcosjimenezpere/video/7629973371505249557","6810122438946292742","7630265339758920455","https://p16-common-sign.tiktokcdn.com/tos-maliva-avt-0068/e89e7d83347a957b8acea9039820904c~tplv-tiktokx-cropcenter:100:100.jpg?dr=14579&refresh_token=ec945ab5&x-expires=1780200000&x-signature=G%2BQVsdernT7Q2Y5u3qgcUAIfIIw%3D&t=4d5b0474&ps=13740610&shp=30310797&shcp=ff37627b&idc=my2"
"Detesto el futbol, y no me gusta salir, pero que les parece si esos días, nos organizamos y salimos todos
Solo por molestar","7","0","2026-04-20T13:57:48.000Z","dulce_rosa03","https://www.tiktok.com/@marcosjimenezpere/video/7629973371505249557","6933419752581399557","7630840288072336149","https://p16-common-sign.tiktokcdn.com/tos-maliva-avt-0068/7326474304193822726~tplv-tiktokx-cropcenter:100:100.jpg?dr=14579&refresh_token=a2ba0080&x-expires=1780200000&x-signature=1IENN%2FD1shl1S1UafAcdwPDzn4o%3D&t=4d5b0474&ps=13740610&shp=30310797&shcp=ff37627b&idc=my2"
"que?que los turistas vivan lo que es el metro en hora pico?","7","0","2026-04-20T02:14:24.000Z","chrisgarcia740","https://www.tiktok.com/@marcosjimenezpere/video/7629973371505249557","6877730041183077381","7630659005375906568","https://p16-common-sign.tiktokcdn.com/tos-alisg-avt-0068/7325192994858991618~tplv-tiktokx-cropcenter:100:100.jpg?dr=14579&refresh_token=7ca3d26d&x-expires=1780200000&x-signature=Fd01d7pXI4%2FRSZ71zusshFXPqZU%3D&t=4d5b0474&ps=13740610&shp=30310797&shcp=ff37627b&idc=my2"
"Dice que todos salgamos a manifestarnos.","7","0","2026-04-18T21:38:36.000Z","tonatiuh780","https://www.tiktok.com/@marcosjimenezpere/video/7629973371505249557","7125569768622638085","7630216798324409095","https://p16-common-sign.tiktokcdn.com/tos-maliva-avt-0068/7125570252343083014~tplv-tiktokx-cropcenter:100:100.jpg?dr=14579&refresh_token=4c7b068d&x-expires=1780200000&x-signature=gN1w9QC352VcldcthyW%2BAqJ%2FaHY%3D&t=4d5b0474&ps=13740610&shp=30310797&shcp=ff37627b&idc=my2"
"wuuaaaooo excelente 👌👌👌🤣","0","0","2025-12-06T21:29:21.000Z","luisargeos","https://www.tiktok.com/@politicomx/video/7571117511932972296","7390897725472801798","7580860140937560833","https://p16-common-sign.tiktokcdn-eu.com/tos-maliva-avt-0068/7390898072597757958~tplv-tiktokx-cropcenter:100:100.jpg?dr=10399&refresh_token=f57a2567&x-expires=1780200000&x-signature=K2AI9uTPeO%2BbFYiJe9ceRH92X70%3D&t=4d5b0474&ps=13740610&shp=30310797&shcp=ff37627b&idc=no1a"
"Si pero primero esta la seguridad","0","0","2025-11-11T09:50:18.000Z","ramosfrancisco70","https://www.tiktok.com/@politicomx/video/7571117511932972296","7172445932062573614","7571402674063541047","https://p16-common-sign.tiktokcdn-eu.com/tos-maliva-avt-0068/907fcfa181b6446bf23f336f42ce91fc~tplv-tiktokx-cropcenter:100:100.jpg?dr=10399&refresh_token=2646bf73&x-expires=1780200000&x-signature=xNstvPKrtRA%2FVUHQWWMzp%2BkGWTo%3D&t=4d5b0474&ps=13740610&shp=30310797&shcp=ff37627b&idc=no1a"
"Es encerio! Es mas importante el mundial","0","0","2025-11-11T07:09:13.000Z","jadejordan1206","https://www.tiktok.com/@politicomx/video/7571117511932972296","7487816478735483946","7571361093790352142","https://p16-common-sign.tiktokcdn-eu.com/tos-maliva-avt-0068/7e104e99d99557483618ef11e0d0e46d~tplv-tiktokx-cropcenter:100:100.jpg?dr=10399&refresh_token=8204f56b&x-expires=1780200000&x-signature=WvyMZoMr8OyJJN7dQbgFHzPEYGI%3D&t=4d5b0474&ps=13740610&shp=30310797&shcp=ff37627b&idc=no1a"
"para todos los que dicen que la inseguridad... pues de una vez les informo que .. ya todo está en carpetas de investigación.. asi que no se preocupen... y para el. mundial .. habrá un chingo de seguridad lo que jamás en años se ha visto... ya lo verán para ese día México será diferente solo en lo que pasa el. mundial ja","0","0","2025-11-11T05:35:01.000Z","hwhei352","https://www.tiktok.com/@politicomx/video/7571117511932972296","6974124625794204677","7571337080757715719","https://p16-common-sign.tiktokcdn-eu.com/tos-maliva-avt-0068/d3a206c45f6799c2b1e3d0d9a4ab2265~tplv-tiktokx-cropcenter:100:100.jpg?dr=10399&refresh_token=a55f2907&x-expires=1780200000&x-signature=TH9dBt9Sw%2FQlxF72AKv259xKhyk%3D&t=4d5b0474&ps=13740610&shp=30310797&shcp=ff37627b&idc=no1a"
"1968 ☠️","0","0","2025-11-11T05:21:27.000Z","..........8jz","https://www.tiktok.com/@politicomx/video/7571117511932972296","6944568280670192645","7571333617390387976","https://p16-common-sign.tiktokcdn-eu.com/tos-alisg-avt-0068/af867587819e4c7bc020d412cde43f98~tplv-tiktokx-cropcenter:100:100.jpg?dr=10399&refresh_token=5beee723&x-expires=1780200000&x-signature=u2M799gz8WHl%2BerB%2BCof9QwDq1A%3D&t=4d5b0474&ps=13740610&shp=30310797&shcp=ff37627b&idc=no1a"
"Que miedo mejor me voy para Canadá 🇨🇦","0","0","2025-11-11T04:34:00.000Z","maynorriquiacmarr","https://www.tiktok.com/@politicomx/video/7571117511932972296","7007243865665831942","7571321260342395678","https://p16-common-sign.tiktokcdn-eu.com/tos-maliva-avt-0068/19339d97535a80610ed9d214a3e335b2~tplv-tiktokx-cropcenter:100:100.jpg?dr=10399&refresh_token=e3fae70a&x-expires=1780200000&x-signature=m8WKvRROYLV0aHzJmL9eOmfC7mA%3D&t=4d5b0474&ps=13740610&shp=30310797&shcp=ff37627b&idc=no1a"
"Mi presidentaaa🥰🥰","0","0","2025-11-11T04:23:39.000Z","xo.mat2408","https://www.tiktok.com/@politicomx/video/7571117511932972296","7472427624304821253","7571318719247352596","https://p16-common-sign.tiktokcdn-eu.com/tos-alisg-avt-0068/765a44007837d194d740b5875d0ac009~tplv-tiktokx-cropcenter:100:100.jpg?dr=10399&refresh_token=a52e5d72&x-expires=1780200000&x-signature=ERBO4HYlN%2BcxoREs6KluuylTeWE%3D&t=4d5b0474&ps=13740610&shp=30310797&shcp=ff37627b&idc=no1a"
"Todo El dinero que van a bajarle a los turistas","0","0","2025-11-11T04:08:24.000Z","jessereal22","https://www.tiktok.com/@politicomx/video/7571117511932972296","7128458993133388846","7571314714954679053","https://p16-common-sign.tiktokcdn-eu.com/tos-maliva-avt-0068/0e99a5edc31ae16665520e0074655621~tplv-tiktokx-cropcenter:100:100.jpg?dr=10399&refresh_token=496ddc02&x-expires=1780200000&x-signature=AVrbTkVDK2CPO%2BNeXDvOaNERNrY%3D&t=4d5b0474&ps=13740610&shp=30310797&shcp=ff37627b&idc=no1a"
"por el bien de México que 20% de los turistas vean una experiencia narco","0","0","2025-11-11T02:46:15.000Z","eduardo.cuevas5","https://www.tiktok.com/@politicomx/video/7571117511932972296","7247363454921786410","7571293564157723447","https://p16-common-sign.tiktokcdn-eu.com/tos-maliva-avt-0068/12a6b29271f7ce987c555b871c2b676c~tplv-tiktokx-cropcenter:100:100.jpg?dr=10399&refresh_token=9fa9136b&x-expires=1780200000&x-signature=78W4mi5grdgGTw4etAJkrjUxsOc%3D&t=4d5b0474&ps=13740610&shp=30310797&shcp=ff37627b&idc=no1a"
"Haber cuántos regresan a sus casas . 🥺","0","0","2025-11-11T02:41:32.000Z","_agrovegas","https://www.tiktok.com/@politicomx/video/7571117511932972296","6793743054408532997","7571292379107115783","https://p16-common-sign.tiktokcdn-eu.com/musically-maliva-obj/1594805258216454~tplv-tiktokx-cropcenter:100:100.jpg?dr=10399&refresh_token=4e4254cb&x-expires=1780200000&x-signature=ZwQE3W%2FYdO0RcGX4cEf22EDYdus%3D&t=4d5b0474&ps=13740610&shp=30310797&shcp=ff37627b&idc=no1a"
"[Sticker] Cómo ella pensó que reaccionaríamos todos los mexicanos:","6","0","2026-04-20T14:57:55.000Z","usuario_saurio","https://www.tiktok.com/@marcosjimenezpere/video/7629973371505249557","6902394711580771329","7630855784788837137","https://p16-common-sign.tiktokcdn-us.com/tos-alisg-avt-0068/f11c45b21f9c6b374afdaae8e773cc8d~tplv-tiktokx-cropcenter:100:100.jpg?dr=9640&refresh_token=768f855f&x-expires=1780200000&x-signature=jL3t3DF388jFq06YMWf66eIDacM%3D&t=4d5b0474&ps=13740610&shp=30310797&shcp=ff37627b&idc=useast5"
"Nel, que se atoren 2h en el tránsito igual que yo...","6","0","2026-04-21T04:36:25.000Z","kamorandez","https://www.tiktok.com/@marcosjimenezpere/video/7629973371505249557","6538452856712729615","7631066679104357127","https://p16-common-sign.tiktokcdn-us.com/tos-alisg-avt-0068/f513d758a55ffd3a1b5374a1a861318c~tplv-tiktokx-cropcenter:100:100.jpg?dr=9640&refresh_token=d105f9ea&x-expires=1780200000&x-signature=JHKAJMB%2FDuHxE5rKZ%2Bbp8gfXPZM%3D&t=4d5b0474&ps=13740610&shp=30310797&shcp=ff37627b&idc=useast5"
"que nos manifestamos dice","6","0","2026-04-21T03:15:42.000Z","andrus.sp","https://www.tiktok.com/@marcosjimenezpere/video/7629973371505249557","6815735927228728325","7631045864488076033","https://p19-common-sign.tiktokcdn-us.com/tos-maliva-avt-0068/7332695432742567941~tplv-tiktokx-cropcenter:100:100.jpg?dr=9640&refresh_token=89862085&x-expires=1780200000&x-signature=0fH7iMGvcCjtwD%2BpQnINKIUkzCA%3D&t=4d5b0474&ps=13740610&shp=30310797&shcp=ff37627b&idc=useast5"
"que salgamos a las calles a manifestarnos dice 🌹🌹🌹","5","0","2026-04-19T20:26:34.000Z","michiblue1","https://www.tiktok.com/@marcosjimenezpere/video/7629973371505249557","6947785330415617029","7630569345454703380","https://p19-common-sign.tiktokcdn-us.com/tos-alisg-avt-0068/fb76f57f5765c82fdec7ba6017d96177~tplv-tiktokx-cropcenter:100:100.jpg?dr=9640&refresh_token=2394f946&x-expires=1780200000&x-signature=PeMCjeunISryb%2BiDVswLedK3jp8%3D&t=4d5b0474&ps=13740610&shp=30310797&shcp=ff37627b&idc=useast5"
"no cabe duda que estos gobernantes son un meme sin sentido","7","0","2026-04-18T18:15:45.000Z","carlossaldivar994","https://www.tiktok.com/@marcosjimenezpere/video/7629973371505249557","7163401646503904262","7630164589082280725","https://p16-common-sign.tiktokcdn-us.com/tos-maliva-avt-0068/124424cbda3c66e3af2877ef6068c69b~tplv-tiktokx-cropcenter:100:100.jpg?dr=9640&refresh_token=feb9ef29&x-expires=1780200000&x-signature=OXaerObdnPuqLfP29QX2TH4x4eQ%3D&t=4d5b0474&ps=13740610&shp=30310797&shcp=ff37627b&idc=useast5"
"awuiwi quiero ver manifestantes 😂 es la más perfecta ocación","6","0","2026-04-20T12:28:38.000Z","zenda_mukis","https://www.tiktok.com/@marcosjimenezpere/video/7629973371505249557","7054749930276291590","7630817332781957896","https://p16-common-sign.tiktokcdn-us.com/tos-alisg-avt-0068/5966c8359f0582e24797828c304c485c~tplv-tiktokx-cropcenter:100:100.jpg?dr=9640&refresh_token=9fee6a4f&x-expires=1780200000&x-signature=pVWSjTXkRDxQDusk3h0zStd0ZjI%3D&t=4d5b0474&ps=13740610&shp=30310797&shcp=ff37627b&idc=useast5"
"Que ese diga hagan una manifestación dice","5","0","2026-04-20T23:35:39.000Z","celestelynxx","https://www.tiktok.com/@marcosjimenezpere/video/7629973371505249557","6788680956611396613","7630989134241268488","https://p16-common-sign.tiktokcdn-us.com/tos-maliva-avt-0068/a2efb69ab41dfec62cf950e4278b6b07~tplv-tiktokx-cropcenter:100:100.jpg?dr=9640&refresh_token=0ed52582&x-expires=1780200000&x-signature=0GEABjLyZitIpaLuVHIYqXtj9fI%3D&t=4d5b0474&ps=13740610&shp=30310797&shcp=ff37627b&idc=useast5"
"todos a la calle ese día por favor","4","0","2026-04-21T00:08:03.000Z","serranorosita","https://www.tiktok.com/@marcosjimenezpere/video/7629973371505249557","6533216649779090447","7630997477261820679","https://p19-common-sign.tiktokcdn-us.com/tos-maliva-avt-0068/90351c3dd71faf9853e6271905783a68~tplv-tiktokx-cropcenter:100:100.jpg?dr=9640&refresh_token=e7c2f3c2&x-expires=1780200000&x-signature=X697ATZimiLzHZb1K0CtmK8lYho%3D&t=4d5b0474&ps=13740610&shp=30310797&shcp=ff37627b&idc=useast5"
"Hagan manifestaciones esos dias JAJAJAJAJAJAJAUA","1","0","2026-04-19T01:10:45.000Z","frandby16","https://www.tiktok.com/@marcosjimenezpere/video/7629973371505249557","7243984739881993222","7630271531968643848","https://p19-common-sign.tiktokcdn-us.com/tos-maliva-avt-0068/16d2259b3baf931ae76fe4e73c7d300e~tplv-tiktokx-cropcenter:100:100.jpg?dr=9640&refresh_token=c5b40855&x-expires=1780200000&x-signature=7RXcRp7mXkGvyB%2FSik75IiqCVpM%3D&t=4d5b0474&ps=13740610&shp=30310797&shcp=ff37627b&idc=useast5"
"nunca le digas a una persona que hacer porque siempre hará lo contrario y peor🤣","4","0","2026-04-21T00:16:46.000Z","lummi06","https://www.tiktok.com/@marcosjimenezpere/video/7629973371505249557","7314189712335291397","7630999748027663122","https://p19-common-sign.tiktokcdn-us.com/tos-maliva-avt-0068/8d48faf8b02b984bbf109b11d475c83a~tplv-tiktokx-cropcenter:100:100.jpg?dr=9640&refresh_token=aa3e07a7&x-expires=1780200000&x-signature=I4KSloiW54%2F4X%2BNw4sVKl9OK7z8%3D&t=4d5b0474&ps=13740610&shp=30310797&shcp=ff37627b&idc=useast5"
"alguien dijo... que protestemos contra las desapariciones para que los turistas conozcan la realidad de México?","4","0","2026-04-21T01:13:59.000Z","sunvivs","https://www.tiktok.com/@marcosjimenezpere/video/7629973371505249557","6810533270925853701","7631014510196114183","https://p16-common-sign.tiktokcdn-us.com/tos-alisg-avt-0068/eff27545a8c83c0f854712680d1b5eae~tplv-tiktokx-cropcenter:100:100.jpg?dr=9640&refresh_token=44505c54&x-expires=1780200000&x-signature=cSxUlYyjZvN%2FRdd%2BYXkXTZqjzO0%3D&t=4d5b0474&ps=13740610&shp=30310797&shcp=ff37627b&idc=useast5"
"Q hagamos manifestación dice","2","0","2026-04-23T03:02:48.000Z","moonydoodles","https://www.tiktok.com/@marcosjimenezpere/video/7629973371505249557","6804469189149328390","7631784728350524168","https://p16-common-sign.tiktokcdn-us.com/tos-alisg-avt-0068/b5dc82809e2bfbfe6d7d47c4b78747d8~tplv-tiktokx-cropcenter:100:100.jpg?dr=9640&refresh_token=a19605ee&x-expires=1780200000&x-signature=%2BXKJKPddNSnFmPX99QUneEcBOmI%3D&t=4d5b0474&ps=13740610&shp=30310797&shcp=ff37627b&idc=useast5"
"yo tengo una mejor, y si todos los locales se cierran 🤪","3","0","2026-04-20T22:00:30.000Z","yuki.hana293","https://www.tiktok.com/@marcosjimenezpere/video/7629973371505249557","7570475435574756372","7630964581541085972","https://p19-common-sign.tiktokcdn-us.com/tos-alisg-avt-0068/768f2ad4f37b873dca3b366ccb7beae0~tplv-tiktokx-cropcenter:100:100.jpg?dr=9640&refresh_token=1168a91a&x-expires=1780200000&x-signature=O4vxdJX%2BEtOWhn%2BlQUtfyF4X%2FPw%3D&t=4d5b0474&ps=13740610&shp=30310797&shcp=ff37627b&idc=useast5"
"[Sticker] JAJSJA lo q dijo erick gerardo es comp decir q no es agua es H2O, JAJAJA ES LO MISMO PERO MAS FINO","3","0","2026-04-20T12:10:08.000Z","littl3.l0v3","https://www.tiktok.com/@marcosjimenezpere/video/7629973371505249557","7461074951387546630","7630812498418369281","https://p19-common-sign.tiktokcdn-us.com/tos-alisg-avt-0068/f3a46f6726e6bd5d8a71c6dbf5be9e4f~tplv-tiktokx-cropcenter:100:100.jpg?dr=9640&refresh_token=8d6cfe3a&x-expires=1780200000&x-signature=Vq5ND105ALzraamludQf2ALQ39w%3D&t=4d5b0474&ps=13740610&shp=30310797&shcp=ff37627b&idc=useast5"
"como si fuera a venir medio mundo, para la miseria de partidos que se jugarán en México😒😒","3","0","2026-04-18T15:35:05.000Z","alons739","https://www.tiktok.com/@marcosjimenezpere/video/7629973371505249557","7047512670148658182","7630123189804958484","https://p16-common-sign.tiktokcdn-us.com/musically-maliva-obj/1594805258216454~tplv-tiktokx-cropcenter:100:100.jpg?dr=9640&refresh_token=f6d184af&x-expires=1780200000&x-signature=VW8UWPJqAaIplom5IP4ju2xgIsk%3D&t=4d5b0474&ps=13740610&shp=30310797&shcp=ff37627b&idc=useast5"
"Espero que sea fake 🙏🙏🙏🙏😳","0","1","2026-04-20T22:35:15.000Z","jhn90182","https://www.tiktok.com/@marcosjimenezpere/video/7629973371505249557","7565772945991402504","7630973549587514133","https://p19-common-sign.tiktokcdn-us.com/tos-alisg-avt-0068/2bb7c9184b9ec1e59d32f9ad22084ec0~tplv-tiktokx-cropcenter:100:100.jpg?dr=9640&refresh_token=3d2ec243&x-expires=1780200000&x-signature=kCHLg6u%2Bycop8Z0VSOHtu7shLDQ%3D&t=4d5b0474&ps=13740610&shp=30310797&shcp=ff37627b&idc=useast5"
"Todos hay que salir a manifestarnos de todas las cosas malas que hay en México 🇲🇽","3","0","2026-04-18T15:25:10.000Z","lalitoesau","https://www.tiktok.com/@marcosjimenezpere/video/7629973371505249557","6582149912879677445","7630120630609134343","https://p19-common-sign.tiktokcdn-us.com/tos-maliva-avt-0068/5180f4cb73daa72b32058c3d68015e52~tplv-tiktokx-cropcenter:100:100.jpg?dr=9640&refresh_token=709d6d5b&x-expires=1780200000&x-signature=UqPyxqitJlktznsBCVzCj1%2BWG34%3D&t=4d5b0474&ps=13740610&shp=30310797&shcp=ff37627b&idc=useast5"
"si me pagan con gusto no salgo es más ni abro las ventanas , oh pero que no me lo quiten de mis días de descanso, oh y que me den mi despensa por qué no como aire ,","3","0","2026-04-20T06:56:24.000Z","rubi.esmeralda.fi","https://www.tiktok.com/@marcosjimenezpere/video/7629973371505249557","7297368579510207494","7630730793317712657","https://p16-common-sign.tiktokcdn-us.com/tos-alisg-avt-0068/16f8052678e346b4a65e63d234d3d791~tplv-tiktokx-cropcenter:100:100.jpg?dr=9640&refresh_token=7aac1354&x-expires=1780200000&x-signature=I9Jr7gluwdupkiWGKhIOFplhCkQ%3D&t=4d5b0474&ps=13740610&shp=30310797&shcp=ff37627b&idc=useast5"
"queeeeee carajos ay que salir más y ASER ver al mexicano que somos viva México lindo 😊","2","0","2026-04-21T21:15:03.000Z","berthavelazquez28","https://www.tiktok.com/@marcosjimenezpere/video/7629973371505249557","7108122153480553478","7631324009603007253","https://p16-common-sign.tiktokcdn-us.com/tos-maliva-avt-0068/7108496209430872069~tplv-tiktokx-cropcenter:100:100.jpg?dr=9640&refresh_token=0944a2ac&x-expires=1780200000&x-signature=LGPbshGper4gBVKyDot%2Bw4ULlss%3D&t=4d5b0474&ps=13740610&shp=30310797&shcp=ff37627b&idc=useast5"
"a webo, las nuevas soluciones bienestar","4","0","2026-04-18T15:13:02.000Z","carlospacheco8723","https://www.tiktok.com/@marcosjimenezpere/video/7629973371505249557","7251250639027209222","7630117483778032402","https://p16-common-sign.tiktokcdn-us.com/tos-alisg-avt-0068/11f7e31645d42fe65deeb7b1ea277b70~tplv-tiktokx-cropcenter:100:100.jpg?dr=9640&refresh_token=bc391ea8&x-expires=1780200000&x-signature=6xGcgb2ByXWP7l1Jb8MayMLutJI%3D&t=4d5b0474&ps=13740610&shp=30310797&shcp=ff37627b&idc=useast5"
"¿Nos van a dar algo por no salir? Porfirio Díaz daba pulque ¿Ustedes que ofrecen?","2","0","2026-04-18T19:12:52.000Z","3ndy_chan_08","https://www.tiktok.com/@marcosjimenezpere/video/7629973371505249557","6818670043707606022","7630179252541719313","https://p19-common-sign.tiktokcdn-us.com/tos-maliva-avt-0068/c314bc52bd99ef0d250c9161941a272e~tplv-tiktokx-cropcenter:100:100.jpg?dr=9640&refresh_token=355119e9&x-expires=1780200000&x-signature=dWzZzhb6g0DL%2F8HXF06vocF9MPQ%3D&t=4d5b0474&ps=13740610&shp=30310797&shcp=ff37627b&idc=useast5"
"[Sticker] que nos manifestamos?","4","1","2026-04-18T20:26:12.000Z","xactalina","https://www.tiktok.com/@marcosjimenezpere/video/7629973371505249557","7179461385955591173","7630198204088304402","https://p19-common-sign.tiktokcdn-us.com/tos-alisg-avt-0068/c94ea5876504e9bb014155a6835b098e~tplv-tiktokx-cropcenter:100:100.jpg?dr=9640&refresh_token=ba765de9&x-expires=1780200000&x-signature=hJcci3oBBkORh9OJ8kvYbSrMYYg%3D&t=4d5b0474&ps=13740610&shp=30310797&shcp=ff37627b&idc=useast5"
"[Sticker] ahí que salir solo molestar quien está conmigo","1","0","2026-04-24T00:53:01.000Z","brandonireyt","https://www.tiktok.com/@marcosjimenezpere/video/7629973371505249557","7357477802565731334","7632122367531238165","https://p19-common-sign.tiktokcdn-us.com/tos-maliva-avt-0068/1faebe9844cd0dcd3980c888dde6bb78~tplv-tiktokx-cropcenter:100:100.jpg?dr=9640&refresh_token=2ede8bf3&x-expires=1780200000&x-signature=7UrG5LKUXeVdJZnaRVrSkSlMkE0%3D&t=4d5b0474&ps=13740610&shp=30310797&shcp=ff37627b&idc=useast5"
"siento que decir eso solo va hacer que salgan más JAJAJA","1","0","2026-04-20T22:21:07.000Z","jueguenmandy2","https://www.tiktok.com/@marcosjimenezpere/video/7629973371505249557","7004839298222851077","7630969920369459989","https://p16-common-sign.tiktokcdn-us.com/tos-maliva-avt-0068/dc82d0bd70176e86b5e86c1771a45404~tplv-tiktokx-cropcenter:100:100.jpg?dr=9640&refresh_token=c71aaffd&x-expires=1780200000&x-signature=IztzYIdQj0RUg0I10GoGzOIWpes%3D&t=4d5b0474&ps=13740610&shp=30310797&shcp=ff37627b&idc=useast5"
"¡No salgan de sus casas para que no asusten a los turistas faltó decir!...😩","1","0","2026-04-18T16:26:33.000Z","servin1111","https://www.tiktok.com/@marcosjimenezpere/video/7629973371505249557","6564851930831699973","7630136470208381697","https://p19-common-sign.tiktokcdn-us.com/tos-maliva-avt-0068/a5f34d2b3b29f5bd7c57aa1c4b380c20~tplv-tiktokx-cropcenter:100:100.jpg?dr=9640&refresh_token=2625fc94&x-expires=1780200000&x-signature=PonPlQ9P%2F5K2IWMWmdTPx5J6NpE%3D&t=4d5b0474&ps=13740610&shp=30310797&shcp=ff37627b&idc=useast5"
"[Sticker] que hagamos mega salidas dice, todos afuera del estadio banorte dice","1","0","2026-04-21T04:19:28.000Z","ia.albe","https://www.tiktok.com/@marcosjimenezpere/video/7629973371505249557","164371829371867136","7631062281833956117","https://p16-common-sign.tiktokcdn-us.com/tos-alisg-avt-0068/8f7f3caf4debc14fd868c8d8b9c9a3ad~tplv-tiktokx-cropcenter:100:100.jpg?dr=9640&refresh_token=c9f5f05c&x-expires=1780200000&x-signature=i0w5zh1DWDGpiOGVpF948tuSGeU%3D&t=4d5b0474&ps=13740610&shp=30310797&shcp=ff37627b&idc=useast5"
"Ya dijeron chicos, manifestación durante todo el mundial ‼️😝","1","0","2026-04-18T22:39:11.000Z","yuppi_miau","https://www.tiktok.com/@marcosjimenezpere/video/7629973371505249557","6949282944410747905","7630232349683090193","https://p16-common-sign.tiktokcdn-us.com/tos-alisg-avt-0068/a7a8ddfc709db3dfe4e226ad2401146a~tplv-tiktokx-cropcenter:100:100.jpg?dr=9640&refresh_token=53926738&x-expires=1780200000&x-signature=JwYeQrOwulrU2w4DUwcRjlJp1ok%3D&t=4d5b0474&ps=13740610&shp=30310797&shcp=ff37627b&idc=useast5"
"Ya escucharon comerciantes y comercios. No salgan de sus casas: No habrán sus restaurantes, no salgan a vender elotes, no salgan a dar servicios.
No hay que molestar para nada a los turistas.","1","0","2026-04-20T02:48:39.000Z","n_ormal3","https://www.tiktok.com/@marcosjimenezpere/video/7629973371505249557","7388170390160376837","7630667794678776583","https://p19-common-sign.tiktokcdn-us.com/tos-maliva-avt-0068/fa7b1ee0716dcfd15a4a4faade837867~tplv-tiktokx-cropcenter:100:100.jpg?dr=9640&refresh_token=c8b932a3&x-expires=1780200000&x-signature=UNbBoZubzmh2KPcUvnYaf7At078%3D&t=4d5b0474&ps=13740610&shp=30310797&shcp=ff37627b&idc=useast5"
"Siento que la jefa de gobierno fue ""la cabeza"" de estás decisiones porque si la presidenta lo decía iba a ser muy obvio y la situacion sería más familiarmente sospechosa","1","0","2026-04-20T01:28:20.000Z","wouddrawstic","https://www.tiktok.com/@marcosjimenezpere/video/7629973371505249557","6969448339432309765","7630647107146597136","https://p16-common-sign.tiktokcdn-us.com/tos-alisg-avt-0068/5d438092c3ce23a27899986a35b92763~tplv-tiktokx-cropcenter:100:100.jpg?dr=9640&refresh_token=e451e043&x-expires=1780200000&x-signature=y7rp1euZ4eULYgJoWXDeO3EQDEY%3D&t=4d5b0474&ps=13740610&shp=30310797&shcp=ff37627b&idc=useast5"
"Todo el mundial en México fue un grave error desde el comienzo... Y con cada declaración de Claudia la cosa se pone peor","0","0","2026-04-22T22:54:58.000Z","john.vl117","https://www.tiktok.com/@marcosjimenezpere/video/7629973371505249557","7002989033915958277","7631720844373050130","https://p19-common-sign.tiktokcdn-us.com/tos-maliva-avt-0068/417540ec6b6226e942dc20f6d5689f8c~tplv-tiktokx-cropcenter:100:100.jpg?dr=9640&refresh_token=7efad2a0&x-expires=1780200000&x-signature=ErBdEf7lMyVpLivmKDep9H98PsU%3D&t=4d5b0474&ps=13740610&shp=30310797&shcp=ff37627b&idc=useast5"
"Es familiar de la que dice que si no pueden comprar gasolina premium, que compren la magna 😂😂😂","1","0","2026-04-18T14:45:12.000Z","nightblood_20","https://www.tiktok.com/@marcosjimenezpere/video/7629973371505249557","6887995365515101190","7630110331906573074","https://p19-common-sign.tiktokcdn-us.com/tos-maliva-avt-0068/79ef8671ec48ee4e652654fff0987cfc~tplv-tiktokx-cropcenter:100:100.jpg?dr=9640&refresh_token=c236103e&x-expires=1780200000&x-signature=70GH5wielCrIjxWBoFhtfG3dmaU%3D&t=4d5b0474&ps=13740610&shp=30310797&shcp=ff37627b&idc=useast5"
"jaja cierren negocios para disfruten el mundial","0","0","2026-04-21T02:55:05.000Z","hombreputo","https://www.tiktok.com/@marcosjimenezpere/video/7629973371505249557","6976381695315706886","7631040608102073106","https://p16-common-sign.tiktokcdn-us.com/tos-alisg-avt-0068/162a91b22bf269a56b6d8d1fc694f60b~tplv-tiktokx-cropcenter:100:100.jpg?dr=9640&refresh_token=ae2e88e2&x-expires=1780200000&x-signature=QnVJr7bCba0jyx2xVlMS71oelGw%3D&t=4d5b0474&ps=13740610&shp=30310797&shcp=ff37627b&idc=useast5"
"mejora la seguridad primero🤔","2","0","2025-11-10T19:37:48.000Z","chava8039","https://www.tiktok.com/@politicomx/video/7571117511932972296","7420165219634119685","7571183172726850311","https://p16-common-sign.tiktokcdn.com/tos-maliva-avt-0068/79ffa4d57a22a5ff9fc4e662ae447d9b~tplv-tiktokx-cropcenter:100:100.jpg?dr=14579&refresh_token=25700d73&x-expires=1780200000&x-signature=LgMJLk7VYsckoLu0bFkLIaAoV70%3D&t=4d5b0474&ps=13740610&shp=30310797&shcp=ff37627b&idc=my2"
"Nuestra oportunidad para manifestarnos 😬🤭👊","6","0","2025-11-10T22:28:10.000Z","aidee.cruz18","https://www.tiktok.com/@politicomx/video/7571117511932972296","7477049342353409030","7571226972665234193","https://p16-common-sign.tiktokcdn.com/tos-alisg-avt-0068/ccc2698628fb73662ae7e556a1bd444d~tplv-tiktokx-cropcenter:100:100.jpg?dr=14579&refresh_token=74bc7507&x-expires=1780200000&x-signature=MrP9SATewMuj%2BrwmVITWW5zIR%2Fs%3D&t=4d5b0474&ps=13740610&shp=30310797&shcp=ff37627b&idc=my2"
"mexico mejor que nunca solo CLAUDIA SHEINBAUM 👌👌👌","0","0","2025-11-11T01:56:17.000Z","thalia_ny13","https://www.tiktok.com/@politicomx/video/7571117511932972296","6912061652485719045","7571280729666044686","https://p16-common-sign.tiktokcdn.com/tos-maliva-avt-0068/9a54dec3298d7eed2e2ad3eca59090e8~tplv-tiktokx-cropcenter:100:100.jpg?dr=14579&refresh_token=6f8780a9&x-expires=1780200000&x-signature=j1VCL8%2FmZTT1976qHKh89uftgiI%3D&t=4d5b0474&ps=13740610&shp=30310797&shcp=ff37627b&idc=my2"
"por qué con ese dinero no arreglaron hospitales que están por caer😡","0","0","2026-05-08T14:21:28.000Z","dolores.pelcastre2","https://www.tiktok.com/@politicomx/video/7571117511932972296","7391584682050454533","7637525925303862024","https://p16-common-sign.tiktokcdn-us.com/tos-maliva-avt-0068/7391872301961674758~tplv-tiktokx-cropcenter:100:100.jpg?dr=9640&refresh_token=a3286362&x-expires=1780200000&x-signature=dK9tg1cS5oFaldrYwbWUs3QbLk0%3D&t=4d5b0474&ps=13740610&shp=30310797&shcp=ff37627b&idc=useast5"
"🥰","2","0","2025-11-10T23:06:25.000Z","camaroz2801","https://www.tiktok.com/@politicomx/video/7571117511932972296","6656562689937145862","7571236890763952926","https://p16-common-sign.tiktokcdn-us.com/tos-useast5-avt-0068-tx/bfbff72fc04facbe0121ab29be0a4200~tplv-tiktokx-cropcenter:100:100.jpg?dr=9640&refresh_token=a156bfea&x-expires=1780200000&x-signature=PCWcbBp%2FbZM8N6FNufmImeOqMn8%3D&t=4d5b0474&ps=13740610&shp=30310797&shcp=ff37627b&idc=useast5"
"😳😳😳","2","0","2025-11-10T19:11:39.000Z","felipegarcia77423","https://www.tiktok.com/@politicomx/video/7571117511932972296","7070881096745387014","7571176437626815253","https://p16-common-sign.tiktokcdn-us.com/tos-maliva-avt-0068/7331335024728276997~tplv-tiktokx-cropcenter:100:100.jpg?dr=9640&refresh_token=f3b4803d&x-expires=1780200000&x-signature=wb2FePy4LsprDkHDTqD85052wrM%3D&t=4d5b0474&ps=13740610&shp=30310797&shcp=ff37627b&idc=useast5"
"😂","0","0","2026-01-27T20:39:16.000Z","ezequiel389","https://www.tiktok.com/@politicomx/video/7571117511932972296","6952257303429825541","7600143622257197845","https://p19-common-sign.tiktokcdn-us.com/tos-alisg-avt-0068/5ba017d62b34f0863c5d54e8e373e212~tplv-tiktokx-cropcenter:100:100.jpg?dr=9640&refresh_token=881012c8&x-expires=1780200000&x-signature=BYoElZedKUTokcQvg1VgXkOxvCU%3D&t=4d5b0474&ps=13740610&shp=30310797&shcp=ff37627b&idc=useast5"
"@FIFA noooooo💀","0","0","2025-11-11T02:01:11.000Z","__m__e__d__u__s__a__","https://www.tiktok.com/@politicomx/video/7571117511932972296","7153351223042868270","7571281940050674463","https://p19-common-sign.tiktokcdn-us.com/tos-useast8-avt-0068-tx2/09e5e7d3fa4867cce715479fdfa9cbea~tplv-tiktokx-cropcenter:100:100.jpg?dr=9640&refresh_token=54528879&x-expires=1780200000&x-signature=4nCVXjzzmKECkgWIfp9Q%2BZcbEyg%3D&t=4d5b0474&ps=13740610&shp=30310797&shcp=ff37627b&idc=useast5"
"💃","0","0","2025-12-10T05:51:04.000Z","jair19191919","https://www.tiktok.com/@politicomx/video/7571117511932972296","7124372313080824837","7582102677527741205","https://p16-common-sign.tiktokcdn-us.com/tos-alisg-avt-0068/ca7258b58440f4fefc83ce7240ce9c93~tplv-tiktokx-cropcenter:100:100.jpg?dr=9640&refresh_token=d1929543&x-expires=1780200000&x-signature=zJWKKP1p%2F%2Fk9Zsyd6UytJQZgvig%3D&t=4d5b0474&ps=13740610&shp=30310797&shcp=ff37627b&idc=useast5"
"😳","0","0","2025-12-05T18:11:13.000Z","vader3004","https://www.tiktok.com/@politicomx/video/7571117511932972296","6955378726784877573","7580438001404298001","https://p16-common-sign.tiktokcdn-us.com/tos-maliva-avt-0068/41647a806537461a621756db278ca76e~tplv-tiktokx-cropcenter:100:100.jpg?dr=9640&refresh_token=9287bf6a&x-expires=1780200000&x-signature=rFxSKoDWDZjejFu9D3z2TAHrpAk%3D&t=4d5b0474&ps=13740610&shp=30310797&shcp=ff37627b&idc=useast5"
"💀💀💀","0","0","2026-04-22T21:00:50.000Z","fernando.2035","https://www.tiktok.com/@politicomx/video/7571117511932972296","7570949656924390407","7631691478863086354","https://p19-common-sign.tiktokcdn-us.com/tos-alisg-avt-0068/9273dba2b319a4ea9fea152b74c3961c~tplv-tiktokx-cropcenter:100:100.jpg?dr=9640&refresh_token=1bd525de&x-expires=1780200000&x-signature=c6jHKngo7oG9IrR74WB7nK7L%2FgM%3D&t=4d5b0474&ps=13740610&shp=30310797&shcp=ff37627b&idc=useast5"
"😁😁😁","0","0","2025-12-05T20:51:25.000Z","yessigzzl","https://www.tiktok.com/@politicomx/video/7571117511932972296","7094339531109925894","7580479280165946132","https://p19-common-sign.tiktokcdn-us.com/tos-alisg-avt-0068/ba919d98e774ddd5d7a88077d1469a41~tplv-tiktokx-cropcenter:100:100.jpg?dr=9640&refresh_token=c9b86a5d&x-expires=1780200000&x-signature=K4O97u7hBcKL4IS9hhb0yzocrEc%3D&t=4d5b0474&ps=13740610&shp=30310797&shcp=ff37627b&idc=useast5"
"😂😂😂😂","0","0","2025-11-11T00:49:36.000Z","yovany565","https://www.tiktok.com/@politicomx/video/7571117511932972296","6909168344907039750","7571261201436459806","https://p16-common-sign.tiktokcdn-us.com/tos-useast8-avt-0068-tx2/ddb32ef4f870095d7edbebb53db3f995~tplv-tiktokx-cropcenter:100:100.jpg?dr=9640&refresh_token=b6610856&x-expires=1780200000&x-signature=DjwZ83gCE2U5%2BprlZP%2BCiF5Rykw%3D&t=4d5b0474&ps=13740610&shp=30310797&shcp=ff37627b&idc=useast5"
"🤣🤣🤣","0","0","2025-11-10T22:30:33.000Z","gambetitha","https://www.tiktok.com/@politicomx/video/7571117511932972296","6810916895836701701","7571227682592080661","https://p19-common-sign.tiktokcdn-us.com/tos-alisg-avt-0068/a59b305504c567ecc56e0ef4f5383f79~tplv-tiktokx-cropcenter:100:100.jpg?dr=9640&refresh_token=b9073b30&x-expires=1780200000&x-signature=C9r7FhoTauieGoUbAVCBIkeW%2BzI%3D&t=4d5b0474&ps=13740610&shp=30310797&shcp=ff37627b&idc=useast5"
"💝💝💝💝","0","0","2025-11-11T01:47:56.000Z","mecatronicaroboti","https://www.tiktok.com/@politicomx/video/7571117511932972296","7102275992416470062","7571278503045776141","https://p16-common-sign.tiktokcdn-us.com/tos-useast5-avt-0068-tx/7fc0b6532c23f1892e41728ed1296e57~tplv-tiktokx-cropcenter:100:100.jpg?dr=9640&refresh_token=bdae22ce&x-expires=1780200000&x-signature=NaK9vcDWlR4b2G19T17DVnRacrU%3D&t=4d5b0474&ps=13740610&shp=30310797&shcp=ff37627b&idc=useast5"
"👏👏👏","0","0","2025-12-05T23:23:54.000Z","emmabeltran11","https://www.tiktok.com/@politicomx/video/7571117511932972296","7073314354825561093","7580518516718797588","https://p19-common-sign.tiktokcdn-us.com/tos-alisg-avt-0068/6b327ca111697221b55c0e3b5bf5b8a4~tplv-tiktokx-cropcenter:100:100.jpg?dr=9640&refresh_token=071f5f95&x-expires=1780200000&x-signature=RXDzoZ3kFmpSynJJQ36TajSu7Mk%3D&t=4d5b0474&ps=13740610&shp=30310797&shcp=ff37627b&idc=useast5"
"🤣🤣🤣","0","0","2025-11-10T22:01:47.000Z","alexislunagutierrez","https://www.tiktok.com/@politicomx/video/7571117511932972296","6873825414788875269","7571220240257811208","https://p19-common-sign.tiktokcdn-us.com/tos-maliva-avt-0068/2f0f10482cefb5963834b9fbb7e3d425~tplv-tiktokx-cropcenter:100:100.jpg?dr=9640&refresh_token=d90d39e3&x-expires=1780200000&x-signature=oXrlFVTc%2F%2FmQFPt1fo7o%2FyZFU0A%3D&t=4d5b0474&ps=13740610&shp=30310797&shcp=ff37627b&idc=useast5"
"😁","0","0","2025-12-05T23:45:34.000Z","ramses.salazar4","https://www.tiktok.com/@politicomx/video/7571117511932972296","7501942165658403858","7580524126843962120","https://p16-common-sign.tiktokcdn-us.com/tos-alisg-avt-0068/de24bb27a7149fcb8b9a05061b24b7e2~tplv-tiktokx-cropcenter:100:100.jpg?dr=9640&refresh_token=6ea0476f&x-expires=1780200000&x-signature=NZ2wv4OSsjZXIj7ZJrfyMd3Gsdk%3D&t=4d5b0474&ps=13740610&shp=30310797&shcp=ff37627b&idc=useast5"
"@","0","0","2026-05-14T23:59:35.000Z","fraimar245","https://www.tiktok.com/@politicomx/video/7571117511932972296","7440466796001608760","7639901387467850513","https://p16-common-sign.tiktokcdn-us.com/tos-alisg-avt-0068/d91fd0e67d3000da3aa48ae5f425baec~tplv-tiktokx-cropcenter:100:100.jpg?dr=9640&refresh_token=e1de5c3f&x-expires=1780200000&x-signature=WC7QB6O1nxvEVefIykJ%2B%2F1IN3MY%3D&t=4d5b0474&ps=13740610&shp=30310797&shcp=ff37627b&idc=useast5"
"😁","0","0","2025-12-06T00:28:30.000Z","cruzdehau01","https://www.tiktok.com/@politicomx/video/7571117511932972296","7047008656676717574","7580535240699986695","https://p19-common-sign.tiktokcdn-us.com/tos-maliva-avt-0068/7321206135267491845~tplv-tiktokx-cropcenter:100:100.jpg?dr=9640&refresh_token=e66ef802&x-expires=1780200000&x-signature=HMpjVWuvEN4Udwx3z%2BvgVVp%2BeKw%3D&t=4d5b0474&ps=13740610&shp=30310797&shcp=ff37627b&idc=useast5"
"😳😳😳","0","0","2026-02-24T19:53:24.000Z","fabiola___46","https://www.tiktok.com/@politicomx/video/7571117511932972296","7174656840047133702","7610522231529702162","https://p16-common-sign.tiktokcdn-us.com/tos-maliva-avt-0068/5e9e1270501ea79dec2bb981e625a3e0~tplv-tiktokx-cropcenter:100:100.jpg?dr=9640&refresh_token=87f3234d&x-expires=1780200000&x-signature=wW2gafFzOOxJ2820WjAenurgZ98%3D&t=4d5b0474&ps=13740610&shp=30310797&shcp=ff37627b&idc=useast5"
"🥰","0","0","2025-12-06T01:39:19.000Z","david_arred","https://www.tiktok.com/@politicomx/video/7571117511932972296","7001894381260424198","7580553416813626113","https://p16-common-sign.tiktokcdn-us.com/tos-maliva-avt-0068/7330098422387523590~tplv-tiktokx-cropcenter:100:100.jpg?dr=9640&refresh_token=553e47c7&x-expires=1780200000&x-signature=dDPuy%2BbwIURJEXzE5scQ5YAsUdY%3D&t=4d5b0474&ps=13740610&shp=30310797&shcp=ff37627b&idc=useast5"
"🥰","0","0","2025-12-06T01:57:34.000Z","alansrodriguez1985","https://www.tiktok.com/@politicomx/video/7571117511932972296","7146826390724838406","7580558171975353104","https://p16-common-sign.tiktokcdn-us.com/tos-maliva-avt-0068/0d65f5172d3dc71775b342359f53be95~tplv-tiktokx-cropcenter:100:100.jpg?dr=9640&refresh_token=6bda93ae&x-expires=1780200000&x-signature=YxSshHk2rHeP995zREZtpHqSPmo%3D&t=4d5b0474&ps=13740610&shp=30310797&shcp=ff37627b&idc=useast5"
"🥰","0","0","2025-12-06T02:03:53.000Z","marthaalonso1223","https://www.tiktok.com/@politicomx/video/7571117511932972296","6910412389604688901","7580559802775618322","https://p16-common-sign.tiktokcdn-us.com/tos-alisg-avt-0068/d71fa5277a0ac1dfc22c565c5b33d565~tplv-tiktokx-cropcenter:100:100.jpg?dr=9640&refresh_token=f1d562ee&x-expires=1780200000&x-signature=Gw6H5Oz70fZuX9zazGCtlSmCrUY%3D&t=4d5b0474&ps=13740610&shp=30310797&shcp=ff37627b&idc=useast5"
"😁😁😁","0","0","2025-12-06T02:56:18.000Z","aguirre_estr3","https://www.tiktok.com/@politicomx/video/7571117511932972296","7232414095949169669","7580573341287858945","https://p16-common-sign.tiktokcdn-us.com/tos-maliva-avt-0068/a971e9d50dc98f8896d6300e31a3d20c~tplv-tiktokx-cropcenter:100:100.jpg?dr=9640&refresh_token=f5e8bb35&x-expires=1780200000&x-signature=iMM4CqebNO5rBjgNhk%2Bp0ATCquI%3D&t=4d5b0474&ps=13740610&shp=30310797&shcp=ff37627b&idc=useast5"
"😳","0","0","2025-12-06T18:06:48.000Z","feli_tai","https://www.tiktok.com/@politicomx/video/7571117511932972296","7480034543996044294","7580807934504354568","https://p19-common-sign.tiktokcdn-us.com/tos-alisg-avt-0068/6d3ed524e148e473fd695695a45d14e5~tplv-tiktokx-cropcenter:100:100.jpg?dr=9640&refresh_token=e86af914&x-expires=1780200000&x-signature=eTC%2BIKa8FLJBKf0hXbDSKyM5F2E%3D&t=4d5b0474&ps=13740610&shp=30310797&shcp=ff37627b&idc=useast5"
"😳😅","0","0","2025-11-11T00:21:51.000Z","max.teilor4","https://www.tiktok.com/@politicomx/video/7571117511932972296","7491502460062909446","7571256351944639244","https://p19-common-sign.tiktokcdn-us.com/tos-alisg-avt-0068/9d102426ec6da4c7cbe62611f6e62a65~tplv-tiktokx-cropcenter:100:100.jpg?dr=9640&refresh_token=f7770a82&x-expires=1780200000&x-signature=xZa%2BWuUEdlBwak0DPCnOBMLMVn8%3D&t=4d5b0474&ps=13740610&shp=30310797&shcp=ff37627b&idc=useast5"
"ojalá y lo cancelen","4","4","2025-11-10T15:27:35.000Z","martineb01","https://www.tiktok.com/@politicomx/video/7571117511932972296","6918846425662292997","7571118733940671239","https://p19-common-sign.tiktokcdn-us.com/tos-alisg-avt-0068/58fed5395f53d4174b1c5c494df14f38~tplv-tiktokx-cropcenter:100:100.jpg?dr=9640&refresh_token=a78cef5e&x-expires=1780200000&x-signature=9oMroWAbIIGAF2aMoZpvtqBF6Y8%3D&t=4d5b0474&ps=13740610&shp=30310797&shcp=ff37627b&idc=useast5"
"NAA. A ESE NARCOESTADO, NO SEÑOR","1","0","2025-11-11T01:09:46.000Z","biby07494","https://www.tiktok.com/@politicomx/video/7571117511932972296","7452991373315556358","7571268696515494663","https://p16-common-sign.tiktokcdn-us.com/tos-maliva-avt-0068/0b80544dd6a0fc4a42e253c7a484f221~tplv-tiktokx-cropcenter:100:100.jpg?dr=9640&refresh_token=286067a5&x-expires=1780200000&x-signature=kQaYalXhPahjhCSygiT4rY%2FN694%3D&t=4d5b0474&ps=13740610&shp=30310797&shcp=ff37627b&idc=useast5"
"Los carteles se van a dar vida con los turistas, a quien se le ocurrió darle el mundial a México ? 😅😅😅","0","0","2025-11-11T02:41:51.000Z","como_la_primera_vez1","https://www.tiktok.com/@politicomx/video/7571117511932972296","6787149479000081414","7571292452138238734","https://p16-common-sign.tiktokcdn-eu.com/tos-maliva-avt-0068/b6bcf44b261c1e6c46b81fc7ad966a10~tplv-tiktokx-cropcenter:100:100.jpg?dr=10399&refresh_token=a9710dd0&x-expires=1780200000&x-signature=SniXrsJ8wXDSizJ2otVGfT6MmfY%3D&t=4d5b0474&ps=13740610&shp=30310797&shcp=ff37627b&idc=no1a"
"quién dijo eso que CHSM","0","0","2026-04-21T02:55:15.000Z","antony.balderas63","https://www.tiktok.com/@marcosjimenezpere/video/7629973371505249557","7578263077151474695","7631040619955684114","https://p16-common-sign.tiktokcdn-us.com/tos-alisg-avt-0068/dc387542fac6585b573ad5c9fefe3d86~tplv-tiktokx-cropcenter:100:100.jpg?dr=9640&refresh_token=6e00f53d&x-expires=1780200000&x-signature=PrTy731D%2BLblnseqmCg5ukNmGUI%3D&t=4d5b0474&ps=13740610&shp=30310797&shcp=ff37627b&idc=useast8"
"yo por molestar si no salgo , saldría por decirme que hacer","0","0","2026-04-22T15:39:22.000Z","jeferson.diaz829","https://www.tiktok.com/@marcosjimenezpere/video/7629973371505249557","7399358020448699398","7631607587394175745","https://p16-common-sign.tiktokcdn-us.com/tos-alisg-avt-0068/02a8c91d4920bb9819e3319c0fa20f7f~tplv-tiktokx-cropcenter:100:100.jpg?dr=9640&refresh_token=7a0e8180&x-expires=1780200000&x-signature=zUG7uC0Dpjj%2Bu4gdIoc6vrhZzcI%3D&t=4d5b0474&ps=13740610&shp=30310797&shcp=ff37627b&idc=useast8"
"por qué se quejan? es una sugerencia aceptable, va a ser un maldito caos la ciudad","0","0","2026-04-25T05:48:43.000Z","anon14285","https://www.tiktok.com/@marcosjimenezpere/video/7629973371505249557","7458389952914768942","7632569330207703838","https://p16-common-sign.tiktokcdn-us.com/tos-useast8-avt-0068-tx2/a19216f733f9c9ad4b026fcb8ab9362e~tplv-tiktokx-cropcenter:100:100.jpg?dr=9640&refresh_token=58e18821&x-expires=1780200000&x-signature=JTua9dbnHTiqivhdq9OCt9Zx6Zk%3D&t=4d5b0474&ps=13740610&shp=30310797&shcp=ff37627b&idc=useast5"
"Como cuando los Dursley ocultaron a Harry jajajajaja","0","0","2026-04-29T23:48:15.000Z","gagalletak","https://www.tiktok.com/@marcosjimenezpere/video/7629973371505249557","6814540059543864326","7634332096505053968","https://p19-common-sign.tiktokcdn-us.com/tos-alisg-avt-0068/fda2c9a8bf82149870cf1dcb7f15f10f~tplv-tiktokx-cropcenter:100:100.jpg?dr=9640&refresh_token=aa82503d&x-expires=1780200000&x-signature=l3qnXWJIuF08JZObVQO060Qbzlc%3D&t=4d5b0474&ps=13740610&shp=30310797&shcp=ff37627b&idc=useast5"
"[Sticker] PS ahora salgo más y con pancartas en mano","0","0","2026-04-21T03:35:00.000Z","miiinmx","https://www.tiktok.com/@marcosjimenezpere/video/7629973371505249557","7437740269947159607","7631050829529940757","https://p19-common-sign.tiktokcdn-us.com/tos-alisg-avt-0068/9eb30c051656ce4f7ca54961e3df4c54~tplv-tiktokx-cropcenter:100:100.jpg?dr=9640&refresh_token=7726cc3e&x-expires=1780200000&x-signature=fP%2BPA3YBp%2FCPUOkR3xuW7%2BkSjTk%3D&t=4d5b0474&ps=13740610&shp=30310797&shcp=ff37627b&idc=useast5"
"yo escuché que cierren las vías principales","0","0","2026-04-21T03:41:55.000Z","claudiapazuriza","https://www.tiktok.com/@marcosjimenezpere/video/7629973371505249557","6788785371561690118","7631052616194917141","https://p19-common-sign.tiktokcdn-us.com/tos-alisg-avt-0068/521aef547e05d133029a96770043942d~tplv-tiktokx-cropcenter:100:100.jpg?dr=9640&refresh_token=baf2b0d1&x-expires=1780200000&x-signature=ENvKnbEoM051x0UGkx%2FpdzxfCN8%3D&t=4d5b0474&ps=13740610&shp=30310797&shcp=ff37627b&idc=useast5"
"Quien se le antocaja de plantón esos días traemos carnitas asadas","0","0","2026-04-21T03:53:15.000Z","alvaromanuelgonza1","https://www.tiktok.com/@marcosjimenezpere/video/7629973371505249557","7145940888090592261","7631055592819688210","https://p16-common-sign.tiktokcdn-us.com/tos-maliva-avt-0068/7145983011455139846~tplv-tiktokx-cropcenter:100:100.jpg?dr=9640&refresh_token=8e58a55f&x-expires=1780200000&x-signature=u8j%2B2atsFqt7hnDD9ZxHudc9hog%3D&t=4d5b0474&ps=13740610&shp=30310797&shcp=ff37627b&idc=useast5"
"en Guadalajara también se le ocurrió la misma ide.....otez a Lemus 🫩","0","0","2026-04-21T03:57:07.000Z","jessicaalejandra085","https://www.tiktok.com/@marcosjimenezpere/video/7629973371505249557","6863701465475941378","7631056541068198676","https://p16-common-sign.tiktokcdn-us.com/tos-maliva-avt-0068/df52fd302b22eb75e43dadcc2f82fe28~tplv-tiktokx-cropcenter:100:100.jpg?dr=9640&refresh_token=3b4d434b&x-expires=1780200000&x-signature=DP8FBQCCuf14oqS9qwtgUefXV7Y%3D&t=4d5b0474&ps=13740610&shp=30310797&shcp=ff37627b&idc=useast5"
"Y si nos manifestamos?","0","0","2026-04-21T03:58:51.000Z","iz.izak0","https://www.tiktok.com/@marcosjimenezpere/video/7629973371505249557","7496086486573319173","7631057010284659477","https://p19-common-sign.tiktokcdn-us.com/tos-alisg-avt-0068/baacade79eb26bad12dbc234971437a2~tplv-tiktokx-cropcenter:100:100.jpg?dr=9640&refresh_token=f68a2de3&x-expires=1780200000&x-signature=zPIfGEKrnVwUvbMKbu7nUs0U340%3D&t=4d5b0474&ps=13740610&shp=30310797&shcp=ff37627b&idc=useast5"
"[Sticker] todos a la calle a socializar con la visita","0","0","2026-04-21T04:03:10.000Z","juan.bravo917","https://www.tiktok.com/@marcosjimenezpere/video/7629973371505249557","7520092382630888464","7631058094454588181","https://p19-common-sign.tiktokcdn-us.com/tos-alisg-avt-0068/b295d182286d58db9c915bd5c332c489~tplv-tiktokx-cropcenter:100:100.jpg?dr=9640&refresh_token=a3294b94&x-expires=1780200000&x-signature=7ntq5jy06FKRlkfozhgSc%2F0526k%3D&t=4d5b0474&ps=13740610&shp=30310797&shcp=ff37627b&idc=useast5"
"Noo y todas las cosas que pasan como lo de Teotihuacan no dan una mala imagen de como está el país 🫩","0","0","2026-04-22T22:02:35.000Z","karel_kirishima","https://www.tiktok.com/@marcosjimenezpere/video/7629973371505249557","235323472112062464","7631707302198461205","https://p19-common-sign.tiktokcdn-us.com/tos-maliva-avt-0068/e46c78ea2bea062010ca89fbde08dfa9~tplv-tiktokx-cropcenter:100:100.jpg?dr=9640&refresh_token=c6ff3073&x-expires=1780200000&x-signature=%2F53ezNyqE%2BrFG9fAW1UggTJqCYU%3D&t=4d5b0474&ps=13740610&shp=30310797&shcp=ff37627b&idc=useast5"
"[Sticker] Que quiere manifestaciones, riñas y todo eso ??","0","0","2026-05-03T16:03:14.000Z","jhony1013","https://www.tiktok.com/@marcosjimenezpere/video/7629973371505249557","6713967030658565126","7635696722345280276","https://p16-common-sign.tiktokcdn-us.com/tos-alisg-avt-0068/d86a37703c1f019d17b46f6b4072cde2~tplv-tiktokx-cropcenter:100:100.jpg?dr=9640&refresh_token=0e5a867e&x-expires=1780200000&x-signature=n0g79sX%2F4jASjmupepHs464QS64%3D&t=4d5b0474&ps=13740610&shp=30310797&shcp=ff37627b&idc=useast5"
"Teotihuacán 20 de abril dando una buena imagen a los turistas ☠️","0","0","2026-04-21T04:22:29.000Z","erick.pea443","https://www.tiktok.com/@marcosjimenezpere/video/7629973371505249557","7568176680155137031","7631063122438423303","https://p19-common-sign.tiktokcdn-us.com/tos-alisg-avt-0068/9aa1ae69c9089db8d9c9fef91f54f9ac~tplv-tiktokx-cropcenter:100:100.jpg?dr=9640&refresh_token=0dd7fe32&x-expires=1780200000&x-signature=bOIWfD%2BMXa82J6Mm%2FzGJD4MxtGI%3D&t=4d5b0474&ps=13740610&shp=30310797&shcp=ff37627b&idc=useast5"
"😂","0","0","2026-04-26T12:40:04.000Z","undiaenelword1","https://www.tiktok.com/@marcosjimenezpere/video/7629973371505249557","7579056313624429582","7633046692274799390","https://p19-common-sign.tiktokcdn-us.com/tos-useast8-avt-0068-tx2/43aa5ee8d084e75bb6f7cad1da41506f~tplv-tiktokx-cropcenter:100:100.jpg?dr=9640&refresh_token=e2f7484b&x-expires=1780200000&x-signature=f4Ncly589f85%2BzA7yYb4xA%2BFDkA%3D&t=4d5b0474&ps=13740610&shp=30310797&shcp=ff37627b&idc=useast5"
"[Sticker] Como cuando te llevan de comer al sótano para que no salgas y avergüences a la familia.","0","0","2026-05-30T03:01:56.000Z","ryan.joshua31","https://www.tiktok.com/@marcosjimenezpere/video/7629973371505249557","7596281841377051662","7645514614361162527","https://p19-common-sign.tiktokcdn-us.com/tos-useast8-avt-0068-tx2/99f2ba76bf089479b352a04c6b115d03~tplv-tiktokx-cropcenter:100:100.jpg?dr=9640&refresh_token=8c6eb6b8&x-expires=1780200000&x-signature=HNcbledJhnO5gqNGIjdkcLfXhrw%3D&t=4d5b0474&ps=13740610&shp=30310797&shcp=ff37627b&idc=useast5"
"Home office todo el año","0","0","2026-04-21T04:45:35.000Z","gis1485","https://www.tiktok.com/@marcosjimenezpere/video/7629973371505249557","7550778661655626758","7631069065981379346","https://p19-common-sign.tiktokcdn-us.com/tos-alisg-avt-0068/436c2ffea84b20c7f92c39476cf6bdb1~tplv-tiktokx-cropcenter:100:100.jpg?dr=9640&refresh_token=0ca098ec&x-expires=1780200000&x-signature=0JwLgycKsYioWfHcsddEqkB8M6g%3D&t=4d5b0474&ps=13740610&shp=30310797&shcp=ff37627b&idc=useast5"
"wey jajajajaja
hace meses estada asiendo burlas de eso con mi familia y ahora resulta que se hizo realidad 🙂","0","0","2026-04-23T00:15:00.000Z","jaquelin.torres45","https://www.tiktok.com/@marcosjimenezpere/video/7629973371505249557","7380879991150658565","7631740053979202321","https://p16-common-sign.tiktokcdn-us.com/tos-maliva-avt-0068/194a7a66a715f075fdd531cf6d4807db~tplv-tiktokx-cropcenter:100:100.jpg?dr=9640&refresh_token=46d05917&x-expires=1780200000&x-signature=BEF463T1ed30vnGaYzSWBnUs3vA%3D&t=4d5b0474&ps=13740610&shp=30310797&shcp=ff37627b&idc=useast5"
"Quiere un paro laboral y manifestaciones masivas dice.","0","0","2026-05-23T15:51:05.000Z","pokeholos251","https://www.tiktok.com/@marcosjimenezpere/video/7629973371505249557","7008749392837280773","7643115258919289613","https://p16-common-sign.tiktokcdn-us.com/tos-useast5-avt-0068-tx/7370706911421235243~tplv-tiktokx-cropcenter:100:100.jpg?dr=9640&refresh_token=92fc2cd2&x-expires=1780200000&x-signature=dxi5QXxtDkWj29Si8vI7x%2BtIFjA%3D&t=4d5b0474&ps=13740610&shp=30310797&shcp=ff37627b&idc=useast5"
"Es es el problema: dar una buena impresión de México. Eso significa que no damos buena impresión. La pregunta es que ha hecho el gobierno para cambiar eso? 😳","0","0","2026-05-06T21:54:09.000Z","nodejs7","https://www.tiktok.com/@marcosjimenezpere/video/7629973371505249557","7614001265551459349","7636900339942408967","https://p19-common-sign.tiktokcdn-us.com/tos-alisg-avt-0068/7179f521451f0caa44b2ab354e8a3ae3~tplv-tiktokx-cropcenter:100:100.jpg?dr=9640&refresh_token=c4455d9e&x-expires=1780200000&x-signature=D4F2r9iGSbHViuHmlVq%2FgZXx094%3D&t=4d5b0474&ps=13740610&shp=30310797&shcp=ff37627b&idc=useast5"
"jajaja solo tonteras de este gobierno","0","0","2026-04-21T15:31:39.000Z","toreto.perverso","https://www.tiktok.com/@marcosjimenezpere/video/7629973371505249557","7443903526718587960","7631235539438469905","https://p19-common-sign.tiktokcdn-us.com/musically-maliva-obj/1594805258216454~tplv-tiktokx-cropcenter:100:100.jpg?dr=9640&refresh_token=e340c4d0&x-expires=1780200000&x-signature=y0I6Dncomm86fyA9XjJdWa1HRzE%3D&t=4d5b0474&ps=13740610&shp=30310797&shcp=ff37627b&idc=useast5"
"todos salgan de sus casa","0","0","2026-04-21T16:09:08.000Z","alli_mai","https://www.tiktok.com/@marcosjimenezpere/video/7629973371505249557","6769406904349246469","7631245216738394901","https://p19-common-sign.tiktokcdn-us.com/tos-alisg-avt-0068/99925cd7cbcb3bc117098620bdf7aa71~tplv-tiktokx-cropcenter:100:100.jpg?dr=9640&refresh_token=b815b09f&x-expires=1780200000&x-signature=QriFqIR2KRXH9daMehSGr8fpR4Y%3D&t=4d5b0474&ps=13740610&shp=30310797&shcp=ff37627b&idc=useast5"
"manifestación !!!!","0","0","2026-04-21T16:56:27.000Z","humanosexy","https://www.tiktok.com/@marcosjimenezpere/video/7629973371505249557","7206887821730137093","7631257421197460231","https://p19-common-sign.tiktokcdn-us.com/tos-alisg-avt-0068/9c30f222409933fbee53189394a4c91d~tplv-tiktokx-cropcenter:100:100.jpg?dr=9640&refresh_token=62a182ff&x-expires=1780200000&x-signature=JOs87e0%2FM%2BuKBPu6d794aMuWYM8%3D&t=4d5b0474&ps=13740610&shp=30310797&shcp=ff37627b&idc=useast5"
"Ora si yo voy a disfrutar de ellos 😂😂😂","0","0","2026-04-23T04:01:48.000Z","vic_mk_iz","https://www.tiktok.com/@marcosjimenezpere/video/7629973371505249557","7075177470035919878","7631799925102035732","https://p19-common-sign.tiktokcdn-us.com/tos-alisg-avt-0068/235963b1d67067dbdf06cdf6e6153f15~tplv-tiktokx-cropcenter:100:100.jpg?dr=9640&refresh_token=b5ff7eca&x-expires=1780200000&x-signature=r5eRTcvR6wr6uI6Uy%2BkVtVwvKrw%3D&t=4d5b0474&ps=13740610&shp=30310797&shcp=ff37627b&idc=useast5"
"[Sticker] Demuestren su talento chicooos 🤣","0","0","2026-05-29T00:21:51.000Z","yhadhiracalderon","https://www.tiktok.com/@marcosjimenezpere/video/7629973371505249557","7043335954761794565","7645102172414460702","https://p16-common-sign.tiktokcdn-us.com/tos-useast8-avt-0068-tx2/3c16fa3954c5994f2d34a8ca46431947~tplv-tiktokx-cropcenter:100:100.jpg?dr=9640&refresh_token=ef6f5476&x-expires=1780200000&x-signature=nWGRnAZJ%2B%2Bx4JVNnVVyQNddDA0g%3D&t=4d5b0474&ps=13740610&shp=30310797&shcp=ff37627b&idc=useast5"
"pero hay que salir a ligar","0","0","2026-04-21T17:38:42.000Z","ya1000tik","https://www.tiktok.com/@marcosjimenezpere/video/7629973371505249557","7087910288560866309","7631268301519766293","https://p16-common-sign.tiktokcdn-us.com/tos-alisg-avt-0068/8d7fc9077f4aa284c05dc8b60d0e7ca5~tplv-tiktokx-cropcenter:100:100.jpg?dr=9640&refresh_token=edfd535d&x-expires=1780200000&x-signature=dpwE5t5VLcA7w02D7r7SM4TX1JE%3D&t=4d5b0474&ps=13740610&shp=30310797&shcp=ff37627b&idc=useast5"
"jajajaja que los trabajadores tampoco salgan para que los turistas disfruten 😁😁","0","0","2026-04-21T17:45:25.000Z","saramm_8","https://www.tiktok.com/@marcosjimenezpere/video/7629973371505249557","7252943974041994246","7631270013337469716","https://p16-common-sign.tiktokcdn-us.com/tos-alisg-avt-0068/1f5184f4df471685f62cde751e279f6c~tplv-tiktokx-cropcenter:100:100.jpg?dr=9640&refresh_token=6f28ddc5&x-expires=1780200000&x-signature=V9CuWP3W5bnWwJ0SHMmeEKL1J%2Bk%3D&t=4d5b0474&ps=13740610&shp=30310797&shcp=ff37627b&idc=useast5"
"que salgan dice","0","0","2026-04-21T18:32:41.000Z","angelihgfdg","https://www.tiktok.com/@marcosjimenezpere/video/7629973371505249557","7417238460446819333","7631281532778775314","https://p19-common-sign.tiktokcdn-us.com/tos-alisg-avt-0068/15753d50a2b0031c34097d176bfb0d6a~tplv-tiktokx-cropcenter:100:100.jpg?dr=9640&refresh_token=71815155&x-expires=1780200000&x-signature=m2gQ73f4OLLexBlWLswUlF31lvw%3D&t=4d5b0474&ps=13740610&shp=30310797&shcp=ff37627b&idc=useast5"
"[Sticker] que hagamos fiesta en las calles dice?","0","0","2026-04-23T14:38:08.000Z","yosoy_crox","https://www.tiktok.com/@marcosjimenezpere/video/7629973371505249557","6696317807443772421","7631963875864249102","https://p16-common-sign.tiktokcdn-us.com/tos-useast5-avt-0068-tx/7d2a64069249c253828a3c3c36847a8a~tplv-tiktokx-cropcenter:100:100.jpg?dr=9640&refresh_token=9174e403&x-expires=1780200000&x-signature=AJid8I1Gm4AdilacsdDPjhG6F7k%3D&t=4d5b0474&ps=13740610&shp=30310797&shcp=ff37627b&idc=useast5"
"ud no salga que los va a espantar!! 😁😂","0","0","2026-04-21T19:08:24.000Z","user2172679821277","https://www.tiktok.com/@marcosjimenezpere/video/7629973371505249557","7574158412927747080","7631290786512519956","https://p16-common-sign.tiktokcdn-us.com/musically-maliva-obj/1594805258216454~tplv-tiktokx-cropcenter:100:100.jpg?dr=9640&refresh_token=f6d184af&x-expires=1780200000&x-signature=VW8UWPJqAaIplom5IP4ju2xgIsk%3D&t=4d5b0474&ps=13740610&shp=30310797&shcp=ff37627b&idc=useast5"
"yo solo escuche que salgan","0","0","2026-04-21T19:43:22.000Z","adamarymaldonado1","https://www.tiktok.com/@marcosjimenezpere/video/7629973371505249557","7058736585709945861","7631300405821817607","https://p19-common-sign.tiktokcdn-us.com/tos-alisg-avt-0068/7f34d9072c76838cee5a7d8447acf154~tplv-tiktokx-cropcenter:100:100.jpg?dr=9640&refresh_token=d31bf43f&x-expires=1780200000&x-signature=SuT0mGTj4LCD6hM7t4bp2iTohjk%3D&t=4d5b0474&ps=13740610&shp=30310797&shcp=ff37627b&idc=useast5"
"","0","0","2025-11-11T01:46:25.000Z","luis_matta1","https://www.tiktok.com/@politicomx/video/7571117511932972296","7324919304431256582","7571278181953471239","https://p19-common-sign.tiktokcdn-us.com/tos-alisg-avt-0068/e9050c3c7712f693c827a61bc0146125~tplv-tiktokx-cropcenter:100:100.jpg?dr=9640&refresh_token=84cd38ea&x-expires=1780200000&x-signature=E19JfpXg6ZJkJOmsEPpf4DndlIc%3D&t=4d5b0474&ps=13740610&shp=30310797&shcp=ff37627b&idc=useast8"
"No creo así como está la delincuencia y tú no quieres hacer nada más que abrazarnos🙄🙄🙄😅😅","0","0","2025-11-11T01:37:16.000Z","hernandez_23241","https://www.tiktok.com/@politicomx/video/7571117511932972296","7442153664443155499","7571275750500090654","https://p19-common-sign.tiktokcdn-us.com/musically-maliva-obj/1594805258216454~tplv-tiktokx-cropcenter:100:100.jpg?dr=9640&refresh_token=e340c4d0&x-expires=1780200000&x-signature=y0I6Dncomm86fyA9XjJdWa1HRzE%3D&t=4d5b0474&ps=13740610&shp=30310797&shcp=ff37627b&idc=useast8"
"creo q porfin habla algo inteligente","0","0","2025-11-11T02:18:50.000Z","raptor3d15","https://www.tiktok.com/@politicomx/video/7571117511932972296","7173011968381797381","7571286518499083015","https://p19-common-sign.tiktokcdn-us.com/tos-alisg-avt-0068/4b55fa5aa6695e8dfea8cb24fc009e4a~tplv-tiktokx-cropcenter:100:100.jpg?dr=9640&refresh_token=dd766561&x-expires=1780200000&x-signature=VofZYRJ3lstkjFbH1EMA%2FqVcVmA%3D&t=4d5b0474&ps=13740610&shp=30310797&shcp=ff37627b&idc=useast8"
"ya los conto🤣","0","0","2025-11-11T00:22:06.000Z","1277jlg","https://www.tiktok.com/@politicomx/video/7571117511932972296","6979589915689616390","7571256387776709384","https://p16-common-sign.tiktokcdn-us.com/tos-maliva-avt-0068/3c8b867d594e8bbd8b72db788a83fa5c~tplv-tiktokx-cropcenter:100:100.jpg?dr=9640&refresh_token=f031c029&x-expires=1780200000&x-signature=9%2BlV6RZcrbd9wnCzaRCipXv2UEM%3D&t=4d5b0474&ps=13740610&shp=30310797&shcp=ff37627b&idc=useast8"
"Ivan !😂","0","0","2025-11-11T01:58:15.000Z","user6161997393399","https://www.tiktok.com/@politicomx/video/7571117511932972296","7162027391086298158","7571281198892237599","https://p19-common-sign.tiktokcdn-us.com/musically-maliva-obj/1594805258216454~tplv-tiktokx-cropcenter:100:100.jpg?dr=9640&refresh_token=e340c4d0&x-expires=1780200000&x-signature=y0I6Dncomm86fyA9XjJdWa1HRzE%3D&t=4d5b0474&ps=13740610&shp=30310797&shcp=ff37627b&idc=useast8"
"No comenten nada porqe les abre una 📂 😀","0","0","2025-11-11T00:32:52.000Z","user1767388064699","https://www.tiktok.com/@politicomx/video/7571117511932972296","7032670211367453702","7571259195649147662","https://p19-common-sign.tiktokcdn-us.com/musically-maliva-obj/1594805258216454~tplv-tiktokx-cropcenter:100:100.jpg?dr=9640&refresh_token=e340c4d0&x-expires=1780200000&x-signature=y0I6Dncomm86fyA9XjJdWa1HRzE%3D&t=4d5b0474&ps=13740610&shp=30310797&shcp=ff37627b&idc=useast8"
"Que en paz descansen futuros turistas 🙏🏻","1","0","2026-03-05T21:15:07.000Z","jerel_sv","https://www.tiktok.com/@politicomx/video/7571117511932972296","6760386116879631366","7613883046441665301","https://p16-common-sign.tiktokcdn-us.com/tos-maliva-avt-0068/7332800212789886981~tplv-tiktokx-cropcenter:100:100.jpg?dr=9640&refresh_token=630a0622&x-expires=1780200000&x-signature=DhssbNix8KkG4EtL9FdIERXpKAk%3D&t=4d5b0474&ps=13740610&shp=30310797&shcp=ff37627b&idc=useast5"
"FiFA va cancelar el mundial mexico 2026 por la inseguridad, narkos, homicidios","1","0","2025-11-11T01:18:58.000Z","danielalejandrotejada","https://www.tiktok.com/@politicomx/video/7571117511932972296","6892753290434511877","7571271105118225208","https://p19-common-sign.tiktokcdn-us.com/tos-alisg-avt-0068/7326833343817842690~tplv-tiktokx-cropcenter:100:100.jpg?dr=9640&refresh_token=e35ec2c2&x-expires=1780200000&x-signature=nbbJIg4PBq2%2F8AgS32KtE3v52Rg%3D&t=4d5b0474&ps=13740610&shp=30310797&shcp=ff37627b&idc=useast5"
"Se van a rayar los policías 👮‍♀️con tanta mordida q van a pedir","2","0","2025-11-10T23:44:23.000Z","osvaldohl1","https://www.tiktok.com/@politicomx/video/7571117511932972296","6990332137266742277","7571246725126701879","https://p16-common-sign.tiktokcdn-us.com/tos-useast5-avt-0068-tx/dfdf15d3f0cee6dadbe4003b633b867a~tplv-tiktokx-cropcenter:100:100.jpg?dr=9640&refresh_token=3132d014&x-expires=1780200000&x-signature=NPKGPqoj%2B35H2nLOauDkpgaSyWg%3D&t=4d5b0474&ps=13740610&shp=30310797&shcp=ff37627b&idc=useast5"
"abersi no los secuestran o los levantan con tanta inseguridad que existe","1","0","2025-11-11T00:53:39.000Z","nicolas.espinoza391","https://www.tiktok.com/@politicomx/video/7571117511932972296","7494058854076302366","7571264520414216991","https://p19-common-sign.tiktokcdn-us.com/tos-useast8-avt-0068-tx2/9a783ca34b0b1f81be47b4a61dd71bc1~tplv-tiktokx-cropcenter:100:100.jpg?dr=9640&refresh_token=8edd2511&x-expires=1780200000&x-signature=OoqpZiDLKhT%2FADYXuchLoyKls20%3D&t=4d5b0474&ps=13740610&shp=30310797&shcp=ff37627b&idc=useast5"
"No ma no que iban a suspender neta que vergüenza","2","0","2025-11-10T21:27:54.000Z","betosimoda0","https://www.tiktok.com/@politicomx/video/7571117511932972296","6819787439717794821","7571211377828135681","https://p19-common-sign.tiktokcdn-us.com/tos-alisg-avt-0068/5db3b3d8a68edc6e4d4b2c6ead6c16c1~tplv-tiktokx-cropcenter:100:100.jpg?dr=9640&refresh_token=d529f82d&x-expires=1780200000&x-signature=b%2Fgu9OSGEXyogOUdqIHWOhrgAVI%3D&t=4d5b0474&ps=13740610&shp=30310797&shcp=ff37627b&idc=useast5"
"y regresando ya no están completo","2","0","2025-11-10T18:46:29.000Z","luis.bautista159","https://www.tiktok.com/@politicomx/video/7571117511932972296","7298859197482517509","7571169967032353544","https://p16-common-sign.tiktokcdn-us.com/tos-alisg-avt-0068/bffd482c6decf43fe7e856ca5db0bb13~tplv-tiktokx-cropcenter:100:100.jpg?dr=9640&refresh_token=b741222d&x-expires=1780200000&x-signature=e5%2FOmh9tq9aUC9suH%2B3cD74dzAI%3D&t=4d5b0474&ps=13740610&shp=30310797&shcp=ff37627b&idc=useast5"
"esta feliz porque van andar ocupados sus patrones del cartel ahora si llenaran las fozaz","1","0","2025-11-10T23:09:44.000Z","oso_codm31","https://www.tiktok.com/@politicomx/video/7571117511932972296","7423122030856324138","7571237797303337742","https://p19-common-sign.tiktokcdn-us.com/tos-useast5-avt-0068-tx/67040dbb31a3e086966221a0a795f27f~tplv-tiktokx-cropcenter:100:100.jpg?dr=9640&refresh_token=24c91688&x-expires=1780200000&x-signature=UD6tIiOy1%2FvRVs5URR1gAK9upa0%3D&t=4d5b0474&ps=13740610&shp=30310797&shcp=ff37627b&idc=useast5"
"A cuántos de ellos los van a 💀 por la inseguridad de México","3","0","2025-11-10T17:09:02.000Z","el.cuellar_","https://www.tiktok.com/@politicomx/video/7571117511932972296","7387105999079326726","7571144867808625426","https://p19-common-sign.tiktokcdn-us.com/tos-alisg-avt-0068/c16474ad52e331ee80c4eb563abd1d54~tplv-tiktokx-cropcenter:100:100.jpg?dr=9640&refresh_token=96c8e6f5&x-expires=1780200000&x-signature=DbpzSEzHdQtKWxBoNBtGh8V0IcA%3D&t=4d5b0474&ps=13740610&shp=30310797&shcp=ff37627b&idc=useast5"
"Uff Monterrey tendrá turistas jajaja (humor llorones)","2","0","2025-11-10T17:25:03.000Z","bloqueado733","https://www.tiktok.com/@politicomx/video/7571117511932972296","7514842758289376274","7571148983164502805","https://p19-common-sign.tiktokcdn-us.com/tos-alisg-avt-0068/b5032cf01f25556c1c5e8c72adab2f66~tplv-tiktokx-cropcenter:100:100.jpg?dr=9640&refresh_token=7a50e4d0&x-expires=1780200000&x-signature=Go8AN4mGFLLNzVzVRLRT7aWnLfQ%3D&t=4d5b0474&ps=13740610&shp=30310797&shcp=ff37627b&idc=useast5"
"ya se estan alistando los representantes de la criminalidad @flako_193 @RuABOGADO @Los GarciaS @Irvin García Suarez para defender a sus nenes a capa y espada","1","0","2025-11-10T21:36:09.000Z","ch3yito3","https://www.tiktok.com/@politicomx/video/7571117511932972296","7444690978826765368","7571213668343284536","https://p19-common-sign.tiktokcdn-us.com/tos-alisg-avt-0068/bbce96ec7fe417b43dab89ba356cdfdc~tplv-tiktokx-cropcenter:100:100.jpg?dr=9640&refresh_token=e7823243&x-expires=1780200000&x-signature=ksIZwUz8ULbB%2FxOy5V2PSJ5y%2BCE%3D&t=4d5b0474&ps=13740610&shp=30310797&shcp=ff37627b&idc=useast5"
"Lo que le importa es el.Dineto no los turistas 😡","1","0","2025-11-10T20:00:42.000Z","estrellitademar.2025","https://www.tiktok.com/@politicomx/video/7571117511932972296","7389313006192051205","7571189070681277191","https://p16-common-sign.tiktokcdn-us.com/tos-maliva-avt-0068/4706dbdc9c85575a21702115d7065d7d~tplv-tiktokx-cropcenter:100:100.jpg?dr=9640&refresh_token=d57c7f7c&x-expires=1780200000&x-signature=aPAmj9Je%2Fl%2BYNEz8egwmjes3o3s%3D&t=4d5b0474&ps=13740610&shp=30310797&shcp=ff37627b&idc=useast5"
"y tú regandola","1","0","2025-11-10T19:10:48.000Z","juan.lpez.das","https://www.tiktok.com/@politicomx/video/7571117511932972296","7195374973182510085","7571176233192260359","https://p16-common-sign.tiktokcdn-us.com/tos-alisg-avt-0068/b2cceaedffa0cf6f2f00293ca3b126d3~tplv-tiktokx-cropcenter:100:100.jpg?dr=9640&refresh_token=940d09ec&x-expires=1780200000&x-signature=RfmwXSScfoWz8mn%2BzRrbzeJzJHs%3D&t=4d5b0474&ps=13740610&shp=30310797&shcp=ff37627b&idc=useast5"
"paso 5.5 millones de turistas robados se irán, ya tanto los policías, tránsitos y delincuencia organizada se están preparando más q nadie para recibirlos,","1","0","2025-11-10T18:28:37.000Z","masaca1978","https://www.tiktok.com/@politicomx/video/7571117511932972296","7412840762020791302","7571165352807088916","https://p16-common-sign.tiktokcdn-us.com/tos-alisg-avt-0068/f695165d76eb1a11de091da879f2c756~tplv-tiktokx-cropcenter:100:100.jpg?dr=9640&refresh_token=614cb08e&x-expires=1780200000&x-signature=WUaEGn4tpE4VU6l3U44EaRzBj48%3D&t=4d5b0474&ps=13740610&shp=30310797&shcp=ff37627b&idc=useast5"
"ojalá no valla nadie","1","0","2025-11-10T19:39:13.000Z","luis.galan96","https://www.tiktok.com/@politicomx/video/7571117511932972296","7337873664191742982","7571183502873723668","https://p16-common-sign.tiktokcdn-us.com/tos-maliva-avt-0068/b9b5d4cb0762403c764d0e8fdf34dea5~tplv-tiktokx-cropcenter:100:100.jpg?dr=9640&refresh_token=a67f6d7e&x-expires=1780200000&x-signature=F7QrwUqmUbwFGiYOK2psKVviIwc%3D&t=4d5b0474&ps=13740610&shp=30310797&shcp=ff37627b&idc=useast5"
"ni vengan es peligrosisimo","1","0","2025-11-10T20:18:08.000Z","mictlantecuhtli48","https://www.tiktok.com/@politicomx/video/7571117511932972296","6969772758386607109","7571193584998155026","https://p19-common-sign.tiktokcdn-us.com/tos-maliva-avt-0068/b7139aabd96d3f61273f49ff76d73fed~tplv-tiktokx-cropcenter:100:100.jpg?dr=9640&refresh_token=57674321&x-expires=1780200000&x-signature=XNK%2B%2BCJJj%2FvIqTM6vOXQRj7zh8U%3D&t=4d5b0474&ps=13740610&shp=30310797&shcp=ff37627b&idc=useast5"
"ni gratis me voy a México","2","0","2025-11-13T23:27:53.000Z","frankpatrick204","https://www.tiktok.com/@politicomx/video/7571117511932972296","7242345051346076678","7572355691135681296","https://p19-common-sign.tiktokcdn-us.com/tos-alisg-avt-0068/9647a2994dbec8f732c7a6028b1ad87f~tplv-tiktokx-cropcenter:100:100.jpg?dr=9640&refresh_token=533b245f&x-expires=1780200000&x-signature=vZN1hWKpU5rfbwUiGRZXcQv5noE%3D&t=4d5b0474&ps=13740610&shp=30310797&shcp=ff37627b&idc=useast5"
"para que los roben ya sea los policías o los mismos delicuentes","2","0","2025-11-10T23:06:15.000Z","oropowers","https://www.tiktok.com/@politicomx/video/7571117511932972296","7083651595476993029","7571236871037780743","https://p19-common-sign.tiktokcdn-us.com/tos-maliva-avt-0068/74211b13d0a73bf91ee689657aef7ffb~tplv-tiktokx-cropcenter:100:100.jpg?dr=9640&refresh_token=93f87528&x-expires=1780200000&x-signature=LnIcfd2tZcbUwYYFERaKAHYVgwE%3D&t=4d5b0474&ps=13740610&shp=30310797&shcp=ff37627b&idc=useast5"
"revocación de mandato presirvienta buena para nada","1","0","2025-11-10T17:52:34.000Z","robledo.zaid","https://www.tiktok.com/@politicomx/video/7571117511932972296","7402026018921841669","7571156067478373127","https://p16-common-sign.tiktokcdn-us.com/tos-alisg-avt-0068/28da1e15455e47b795a903d1fef9f9da~tplv-tiktokx-cropcenter:100:100.jpg?dr=9640&refresh_token=de5b9c5d&x-expires=1780200000&x-signature=VwrPY1MoP3pMK%2FAgqxh6bNaasFU%3D&t=4d5b0474&ps=13740610&shp=30310797&shcp=ff37627b&idc=useast5"
"y para que si la seguridad del país está mal y aparte los policías 👮‍♂️solo los van a infracciones por cualquier cosa no ai tolerancia de nada ojalá no venga nadie el trafico horrible hoteles caros con toda la reducción de carriles nunca llegarán a los partidos","1","0","2025-11-10T17:18:33.000Z","erickgtz79","https://www.tiktok.com/@politicomx/video/7571117511932972296","7068658845626696709","7571147315903464210","https://p19-common-sign.tiktokcdn-us.com/tos-maliva-avt-0068/b0b34b95b740526416ea7e2959b405ea~tplv-tiktokx-cropcenter:100:100.jpg?dr=9640&refresh_token=ff8e856c&x-expires=1780200000&x-signature=tp4dS9pOc4PuucEoJURyacl%2B55o%3D&t=4d5b0474&ps=13740610&shp=30310797&shcp=ff37627b&idc=useast5"
"Con la pinche inseguridad, seguro se irán con una muy mala experiencia!! Pobres de esos visitantes…","1","0","2025-11-10T18:13:37.000Z","zulyjc85","https://www.tiktok.com/@politicomx/video/7571117511932972296","6822398612120683525","7571161518105051911","https://p19-common-sign.tiktokcdn-us.com/tos-maliva-avt-0068/f2de224393af93d765e624ed6d5eca43~tplv-tiktokx-cropcenter:100:100.jpg?dr=9640&refresh_token=9d0350ed&x-expires=1780200000&x-signature=MT64sfhSwnWQBft0yVylARgNZ5M%3D&t=4d5b0474&ps=13740610&shp=30310797&shcp=ff37627b&idc=useast5"
"no es mala onda pero va haber un robadero y ahí la gárgola se va hacer la que no sabe como es su costumbre","2","0","2025-11-10T15:53:23.000Z","ijmr3","https://www.tiktok.com/@politicomx/video/7571117511932972296","7034688027595162629","7571125384717796103","https://p16-common-sign.tiktokcdn-us.com/tos-alisg-avt-0068/b148176ef8076a9e7bc5cf9fd54a4afe~tplv-tiktokx-cropcenter:100:100.jpg?dr=9640&refresh_token=5db2e8d7&x-expires=1780200000&x-signature=mlUw4N2boKxjvNtxKIANP%2BzzCYI%3D&t=4d5b0474&ps=13740610&shp=30310797&shcp=ff37627b&idc=useast5"
"el país más inseguro del mundo eso deberías de aser con la seguridad de mexico acuérdate que por tu culpa ay millones de desaparecidos","1","0","2025-11-11T03:53:43.000Z","el.recio.del.barr","https://www.tiktok.com/@politicomx/video/7571117511932972296","7269621462175155205","7571310990626964232","https://p19-common-sign.tiktokcdn-us.com/tos-alisg-avt-0068/9b3f5ac5f9bbf9dfa9c9784105e6d25c~tplv-tiktokx-cropcenter:100:100.jpg?dr=9640&refresh_token=40fdfc44&x-expires=1780200000&x-signature=eJSPCz9wvtLZHDnTPghk9LrAFyw%3D&t=4d5b0474&ps=13740610&shp=30310797&shcp=ff37627b&idc=useast5"
"Una vergüenza recibir a turistas en éste momento 🤦🤦","1","0","2025-11-10T16:36:19.000Z","sirena886","https://www.tiktok.com/@politicomx/video/7571117511932972296","7287258987824366597","7571136424109654805","https://p19-common-sign.tiktokcdn-us.com/tos-maliva-avt-0068/f311a892d3002f438d8aa5d3fc4d533c~tplv-tiktokx-cropcenter:100:100.jpg?dr=9640&refresh_token=eb5212bb&x-expires=1780200000&x-signature=0RWYP5qRhqdIpDqvcUT1wPds1xQ%3D&t=4d5b0474&ps=13740610&shp=30310797&shcp=ff37627b&idc=useast5"
"ESTA MUJER S VE ENFERMA, SE VE QUE NO HA DORMIDO!!!","1","0","2025-11-10T16:10:18.000Z","h.santiagoyasociados","https://www.tiktok.com/@politicomx/video/7571117511932972296","6808299564531450885","7571129743329493767","https://p16-common-sign.tiktokcdn-us.com/tos-alisg-avt-0068/5ba91556d9d80a74fa409b3ea9cf3c34~tplv-tiktokx-cropcenter:100:100.jpg?dr=9640&refresh_token=c0c7dc47&x-expires=1780200000&x-signature=F0wUCRu7UyFrieLke2SPRN0GYYI%3D&t=4d5b0474&ps=13740610&shp=30310797&shcp=ff37627b&idc=useast5"
"No por qué se desaparecen JAJAJA","1","0","2025-11-10T16:02:00.000Z","nyxghost_1","https://www.tiktok.com/@politicomx/video/7571117511932972296","7343805591465509894","7571127599230747399","https://p16-common-sign.tiktokcdn-us.com/tos-alisg-avt-0068/917c8d1d870132440c19e377c5a14636~tplv-tiktokx-cropcenter:100:100.jpg?dr=9640&refresh_token=ea3f162c&x-expires=1780200000&x-signature=TA5nHGmChdzJRmmDaaJ%2FHrDXcig%3D&t=4d5b0474&ps=13740610&shp=30310797&shcp=ff37627b&idc=useast5"
"ojalá no se arme aquí","2","0","2025-11-10T15:27:15.000Z","arturo.quiroz73","https://www.tiktok.com/@politicomx/video/7571117511932972296","7174624611827614726","7571118647466361607","https://p16-common-sign.tiktokcdn-us.com/tos-alisg-avt-0068/c63d8eb2e621f8443c0d6554f9960b83~tplv-tiktokx-cropcenter:100:100.jpg?dr=9640&refresh_token=cf142bbe&x-expires=1780200000&x-signature=PmwgjRRelvJoGySc6tPNbwk7xRw%3D&t=4d5b0474&ps=13740610&shp=30310797&shcp=ff37627b&idc=useast5"
"ojalá y dios quiera que nada malo les pase a esos visitantes digo por como está la inseguridad no valla hacer que terminen o desaparecidos o secuestrados","1","0","2025-11-10T15:41:55.000Z","anyelica1065","https://www.tiktok.com/@politicomx/video/7571117511932972296","7438914250578166840","7571122428299346706","https://p16-common-sign.tiktokcdn-us.com/musically-maliva-obj/1594805258216454~tplv-tiktokx-cropcenter:100:100.jpg?dr=9640&refresh_token=f6d184af&x-expires=1780200000&x-signature=VW8UWPJqAaIplom5IP4ju2xgIsk%3D&t=4d5b0474&ps=13740610&shp=30310797&shcp=ff37627b&idc=useast5"
"a como está el país deverian de tenerle miedo y más con una presidenta como ella","0","0","2025-11-10T21:24:28.000Z","danielhg100","https://www.tiktok.com/@politicomx/video/7571117511932972296","7026569416662369285","7571210575750251281","https://p16-common-sign.tiktokcdn-us.com/tos-alisg-avt-0068/e37fbf4ff1930be6622bdeb3d07aaf95~tplv-tiktokx-cropcenter:100:100.jpg?dr=9640&refresh_token=02a90579&x-expires=1780200000&x-signature=gB1hFcW4iTtOEW2aeZxsWKTNjZE%3D&t=4d5b0474&ps=13740610&shp=30310797&shcp=ff37627b&idc=useast5"
"","0","0","2026-04-20T23:37:43.000Z","saraiquinterosauc","https://www.tiktok.com/@marcosjimenezpere/video/7629973371505249557","7126750655080039430","7630989692460204820","https://p19-common-sign.tiktokcdn-us.com/tos-maliva-avt-0068/b06cf46e4b55873f9ebd0b4518e9421b~tplv-tiktokx-cropcenter:100:100.jpg?dr=9640&refresh_token=ef4af9f0&x-expires=1780200000&x-signature=rJ9kub6%2BpvGJj%2B5h0bfeoY8Efj4%3D&t=4d5b0474&ps=13740610&shp=30310797&shcp=ff37627b&idc=useast8"
"dice que salgamos todos","0","0","2026-04-23T15:05:28.000Z","joseame.agila14","https://www.tiktok.com/@marcosjimenezpere/video/7629973371505249557","7516006746264142866","7631970965548172052","https://p16-common-sign.tiktokcdn-us.com/tos-alisg-avt-0068/bbba6e976bd27dcf45fc2ff0eaf01677~tplv-tiktokx-cropcenter:100:100.jpg?dr=9640&refresh_token=b3d29b1e&x-expires=1780200000&x-signature=TwVpnG3kebb7glPh1sjpEyKhwWo%3D&t=4d5b0474&ps=13740610&shp=30310797&shcp=ff37627b&idc=useast8"
"Están viendo como esta México usted cree que vengan 🤔","0","0","2025-11-11T06:31:43.000Z","gz0700007_","https://www.tiktok.com/@politicomx/video/7571117511932972296","7174296800383206406","7571351709202334472","https://p16-common-sign.tiktokcdn.com/tos-alisg-avt-0068/2d8009721f51f35e39c0a623b48b7fa3~tplv-tiktokx-cropcenter:100:100.jpg?dr=14579&refresh_token=fa19e751&x-expires=1780200000&x-signature=fTGBA6z%2FZeUaVHJAMve1g0cRhv0%3D&t=4d5b0474&ps=13740610&shp=30310797&shcp=ff37627b&idc=my2"
"y de que sirve si los impuestos del mundial van a correr por cuenta del pueblo","0","0","2025-11-11T02:37:27.000Z","fertrejo1205","https://www.tiktok.com/@politicomx/video/7571117511932972296","6986308606212146182","7571291357835182866","https://p16-common-sign.tiktokcdn.com/tos-maliva-avt-0068/7334914673491312645~tplv-tiktokx-cropcenter:100:100.jpg?dr=14579&refresh_token=6d2729f2&x-expires=1780200000&x-signature=XJ3QHJib%2BAoBUH6Gc8qlJu3py5M%3D&t=4d5b0474&ps=13740610&shp=30310797&shcp=ff37627b&idc=my2"
"vamos todos a hacer manifestación por todos lados🤪","0","0","2026-04-20T23:02:40.000Z","editha7885","https://www.tiktok.com/@marcosjimenezpere/video/7629973371505249557","7390448374250931206","7630980655093957394","https://p16-common-sign.tiktokcdn-us.com/tos-alisg-avt-0068/966f647bb8a514c50e32262e7e53e728~tplv-tiktokx-cropcenter:100:100.jpg?dr=9640&refresh_token=29c2d1f9&x-expires=1780200000&x-signature=Sf8%2Bqs4%2FW3CBT80bu07JIZaKcQU%3D&t=4d5b0474&ps=13740610&shp=30310797&shcp=ff37627b&idc=useast5"
"Porque siento como que abra millones de personas muy pronto en las calles 👀👀👀🤣","0","0","2026-04-20T22:55:44.000Z","nombredeusuario.666","https://www.tiktok.com/@marcosjimenezpere/video/7629973371505249557","7163055753308685317","7630978891532206855","https://p16-common-sign.tiktokcdn-us.com/tos-alisg-avt-0068/46ccea7dd43e77060aefc567c63794fe~tplv-tiktokx-cropcenter:100:100.jpg?dr=9640&refresh_token=2cd40e07&x-expires=1780200000&x-signature=AcAcYi%2BemC5DFJG8Or6MaKYNp94%3D&t=4d5b0474&ps=13740610&shp=30310797&shcp=ff37627b&idc=useast5"
"Si me dan Home por mi bien pero que sea todo el año ALV","0","0","2026-04-21T20:34:34.000Z","luizoerizo1","https://www.tiktok.com/@marcosjimenezpere/video/7629973371505249557","7359042607841313798","7631313569875886856","https://p16-common-sign.tiktokcdn-us.com/musically-maliva-obj/1594805258216454~tplv-tiktokx-cropcenter:100:100.jpg?dr=9640&refresh_token=f6d184af&x-expires=1780200000&x-signature=VW8UWPJqAaIplom5IP4ju2xgIsk%3D&t=4d5b0474&ps=13740610&shp=30310797&shcp=ff37627b&idc=useast5"
"[Sticker] les damos vergüenza ???","0","0","2026-04-20T23:47:34.000Z","nataligalleg","https://www.tiktok.com/@marcosjimenezpere/video/7629973371505249557","6740631455033492485","7630992231155090196","https://p16-common-sign.tiktokcdn-us.com/tos-alisg-avt-0068/d0dee5ad1239de47b08472f3a1ee0be6~tplv-tiktokx-cropcenter:100:100.jpg?dr=9640&refresh_token=6422a14b&x-expires=1780200000&x-signature=DQSQDCajM7wckCYkXUi1Rd1E4T4%3D&t=4d5b0474&ps=13740610&shp=30310797&shcp=ff37627b&idc=useast5"
"Que saturemos la ciudad como si fuera hora pico 😁","0","0","2026-04-20T23:20:30.000Z","huesos_x_34","https://www.tiktok.com/@marcosjimenezpere/video/7629973371505249557","7144772281712772102","7630985205050983189","https://p16-common-sign.tiktokcdn-us.com/tos-alisg-avt-0068/0cbc0c3113447e903986792a73f22514~tplv-tiktokx-cropcenter:100:100.jpg?dr=9640&refresh_token=3d9edcdf&x-expires=1780200000&x-signature=uiWHMs9C3wEXI577LJv8dwaRW6I%3D&t=4d5b0474&ps=13740610&shp=30310797&shcp=ff37627b&idc=useast5"
"🤣😂🤣😂🤣es chiste verdad","0","0","2026-04-20T23:48:44.000Z","user1147281310134","https://www.tiktok.com/@marcosjimenezpere/video/7629973371505249557","7199863867588903941","7630992546918974216","https://p19-common-sign.tiktokcdn-us.com/tos-maliva-avt-0068/de4dc0a4427da18546e2ad37f35957d7~tplv-tiktokx-cropcenter:100:100.jpg?dr=9640&refresh_token=d6bacbe0&x-expires=1780200000&x-signature=rjIDDzCfRtOeRuGAdurDFnsmG64%3D&t=4d5b0474&ps=13740610&shp=30310797&shcp=ff37627b&idc=useast5"
"QUE HAGAMOS MANIFESTACIÓN DICE😂","0","0","2026-04-20T23:50:28.000Z","gio_salazar2","https://www.tiktok.com/@marcosjimenezpere/video/7629973371505249557","6886663208398390278","7630992951553295111","https://p19-common-sign.tiktokcdn-us.com/tos-alisg-avt-0068/fcb0f300093f9d9d100ab7c50014c1fe~tplv-tiktokx-cropcenter:100:100.jpg?dr=9640&refresh_token=fa2075f1&x-expires=1780200000&x-signature=sboe0o%2FBQpyD1s0IgYEWS0GGimc%3D&t=4d5b0474&ps=13740610&shp=30310797&shcp=ff37627b&idc=useast5"
"no mas eso faltaba","0","0","2026-04-20T23:18:07.000Z","rosamariasa3537","https://www.tiktok.com/@marcosjimenezpere/video/7629973371505249557","6948183122782585862","7630984576689472277","https://p19-common-sign.tiktokcdn-us.com/tos-maliva-avt-0068/7330747912584724486~tplv-tiktokx-cropcenter:100:100.jpg?dr=9640&refresh_token=a2da6c27&x-expires=1780200000&x-signature=aI1QYCFpu9Wp6iVVyGYgvFSHuEc%3D&t=4d5b0474&ps=13740610&shp=30310797&shcp=ff37627b&idc=useast5"
"[Sticker] ni que fuera pandemia","0","0","2026-04-21T22:14:32.000Z","defenderofjustice07","https://www.tiktok.com/@marcosjimenezpere/video/7629973371505249557","7543700783822308357","7631339362894005010","https://p16-common-sign.tiktokcdn-us.com/tos-alisg-avt-0068/f02a5004f9f0de44208be87be50d142b~tplv-tiktokx-cropcenter:100:100.jpg?dr=9640&refresh_token=3c49fd88&x-expires=1780200000&x-signature=pI5bPvaC%2Fr9x8T8oDgEOnJiNsFY%3D&t=4d5b0474&ps=13740610&shp=30310797&shcp=ff37627b&idc=useast5"
"Es hora de comenzar el juego!","0","0","2026-04-29T02:03:19.000Z","alicia.martinez4419","https://www.tiktok.com/@marcosjimenezpere/video/7629973371505249557","7309357288131888170","7633995896082105101","https://p16-common-sign.tiktokcdn-us.com/tos-useast5-avt-0068-tx/7309358289693720622~tplv-tiktokx-cropcenter:100:100.jpg?dr=9640&refresh_token=2ef5be05&x-expires=1780200000&x-signature=yoRGDEQSuUWBDdqmbWwSlxZPmpI%3D&t=4d5b0474&ps=13740610&shp=30310797&shcp=ff37627b&idc=useast5"
"Que no salga ella, va a espantar a los turistas 😅","0","0","2026-04-20T23:30:56.000Z","soryguerrero","https://www.tiktok.com/@marcosjimenezpere/video/7629973371505249557","6963694212991665157","7630987070572643092","https://p16-common-sign.tiktokcdn-us.com/tos-maliva-avt-0068/aaf3033e5a9c2d4690381554bcdf6731~tplv-tiktokx-cropcenter:100:100.jpg?dr=9640&refresh_token=fa97dd63&x-expires=1780200000&x-signature=GXXfjR8tt1S%2Bag6wYbR25hj8MmU%3D&t=4d5b0474&ps=13740610&shp=30310797&shcp=ff37627b&idc=useast5"
"Por qué no vivo ahí, pero por más amante de mi casita que sea salgo 😂😂😂","0","0","2026-04-20T23:24:04.000Z","saan_300","https://www.tiktok.com/@marcosjimenezpere/video/7629973371505249557","7035757402419250181","7630986135929864976","https://p16-common-sign.tiktokcdn-us.com/tos-maliva-avt-0068/7335925676140625926~tplv-tiktokx-cropcenter:100:100.jpg?dr=9640&refresh_token=ec40c8d2&x-expires=1780200000&x-signature=4gfO5BZSoCeAephPWq8SN%2FsD3IQ%3D&t=4d5b0474&ps=13740610&shp=30310797&shcp=ff37627b&idc=useast5"
"MANIFESTACIONES!!!!!!","0","0","2026-04-23T18:38:51.000Z","beremrg","https://www.tiktok.com/@marcosjimenezpere/video/7629973371505249557","7118079032961631237","7632025972870808338","https://p19-common-sign.tiktokcdn-us.com/tos-alisg-avt-0068/ad319e6c8206c0d1f71a84112f7a4413~tplv-tiktokx-cropcenter:100:100.jpg?dr=9640&refresh_token=588c13e8&x-expires=1780200000&x-signature=%2BZPCxW4aUCifKoyTT%2BClz5nAjPg%3D&t=4d5b0474&ps=13740610&shp=30310797&shcp=ff37627b&idc=useast5"
"NO SALGAN CON SUS FALASIAS PORFAAA NO TERGIVERSEN LA INFORMACIÓN!! osea por mí no salgan xq si dan pena pero lo q dijo la señora es q deben hacer home Office para evitar el tráfico en horas pico!! y algún demás q eso pueda provocar.","1","0","2026-04-20T21:43:01.000Z","alex.m2996","https://www.tiktok.com/@marcosjimenezpere/video/7629973371505249557","7571952459007837240","7630960124430140181","https://p16-common-sign.tiktokcdn-us.com/tos-maliva-avt-0068/995468e7430b15ed0036abdbe7697053~tplv-tiktokx-cropcenter:100:100.jpg?dr=9640&refresh_token=011344d9&x-expires=1780200000&x-signature=BJETHtIGCsGZ3jPotX%2BSLbTgeQs%3D&t=4d5b0474&ps=13740610&shp=30310797&shcp=ff37627b&idc=useast5"
"primero que aprenda a usar bien los colores","0","0","2026-04-21T00:12:23.000Z","moonbl0000d","https://www.tiktok.com/@marcosjimenezpere/video/7629973371505249557","7507867401204237319","7630998591679693586","https://p16-common-sign.tiktokcdn-us.com/tos-alisg-avt-0068/4f9de7a50537e85e4134b08a3f2f5f9a~tplv-tiktokx-cropcenter:100:100.jpg?dr=9640&refresh_token=280faff2&x-expires=1780200000&x-signature=NimELtX%2BjvFERQi1nNG7ECo%2B8I0%3D&t=4d5b0474&ps=13740610&shp=30310797&shcp=ff37627b&idc=useast5"
"Hay q salir todos 😂😂😂😂","0","0","2026-04-22T02:57:48.000Z","josefinaalonso444","https://www.tiktok.com/@marcosjimenezpere/video/7629973371505249557","7202061887478367237","7631412344388748048","https://p19-common-sign.tiktokcdn-us.com/tos-maliva-avt-0068/01e93721c3a905bde3de97e64734ad46~tplv-tiktokx-cropcenter:100:100.jpg?dr=9640&refresh_token=d66b3770&x-expires=1780200000&x-signature=Yqtd3Vk3unU%2BsM9qQZ7wFx1wDmQ%3D&t=4d5b0474&ps=13740610&shp=30310797&shcp=ff37627b&idc=useast5"
"todo por eso tlaloc hará lo suyo , lluviaaaa","0","0","2026-04-22T04:10:11.000Z","huesito2815","https://www.tiktok.com/@marcosjimenezpere/video/7629973371505249557","7074693916808791045","7631430993074193160","https://p19-common-sign.tiktokcdn-us.com/tos-maliva-avt-0068/d5a0f6956cafbdf1aed41c135524a99a~tplv-tiktokx-cropcenter:100:100.jpg?dr=9640&refresh_token=44d900c1&x-expires=1780200000&x-signature=Ch6U9eobzGlaVwKDkYHfwsERYro%3D&t=4d5b0474&ps=13740610&shp=30310797&shcp=ff37627b&idc=useast5"
"[Sticker] que hagamos una manifestación, dice:...","0","0","2026-04-21T02:25:23.000Z","val3xp8","https://www.tiktok.com/@marcosjimenezpere/video/7629973371505249557","7344981457813521414","7631032952524178192","https://p19-common-sign.tiktokcdn-us.com/tos-alisg-avt-0068/524126b00d834e55f18b2e006734fddf~tplv-tiktokx-cropcenter:100:100.jpg?dr=9640&refresh_token=1134e9fa&x-expires=1780200000&x-signature=1r5YN7mkvn7Uf%2F9DOBDC0R3xV3Y%3D&t=4d5b0474&ps=13740610&shp=30310797&shcp=ff37627b&idc=useast5"
"si no salgo de mi casa, como crees que le voy hacer para probar el producto extranjero??😌","1","0","2026-04-21T02:26:43.000Z","712l20","https://www.tiktok.com/@marcosjimenezpere/video/7629973371505249557","6799828864040666118","7631033288001536776","https://p19-common-sign.tiktokcdn-us.com/tos-alisg-avt-0068/898839fff6ecd86d2f65e79876e17d99~tplv-tiktokx-cropcenter:100:100.jpg?dr=9640&refresh_token=6b4cbaf9&x-expires=1780200000&x-signature=%2FlaAcG7kTzdnj314HYW%2FY0QnvQw%3D&t=4d5b0474&ps=13740610&shp=30310797&shcp=ff37627b&idc=useast5"
"[Sticker] que estupidez 😏","0","0","2026-04-20T22:49:51.000Z","judithroque95","https://www.tiktok.com/@marcosjimenezpere/video/7629973371505249557","6909240424884913157","7630977363655901973","https://p19-common-sign.tiktokcdn-us.com/tos-alisg-avt-0068/94ea5b539681c195fb1e21daabf0849d~tplv-tiktokx-cropcenter:100:100.jpg?dr=9640&refresh_token=16361f10&x-expires=1780200000&x-signature=LJyKlqBqODYx0z7VQUoQGKq3O0k%3D&t=4d5b0474&ps=13740610&shp=30310797&shcp=ff37627b&idc=useast5"
"[Sticker] wey no iba a salir, ahora saldré x mis huevos","0","0","2026-04-22T07:11:17.000Z","mark.my.haert","https://www.tiktok.com/@marcosjimenezpere/video/7629973371505249557","7158633082920649734","7631477679661564693","https://p16-common-sign.tiktokcdn-us.com/tos-alisg-avt-0068/696e4b36317f2e57fbf4f1c403d7e6cf~tplv-tiktokx-cropcenter:100:100.jpg?dr=9640&refresh_token=0f11a0b1&x-expires=1780200000&x-signature=8%2Boxs5tfBTKwVbG37Iclf0VinWk%3D&t=4d5b0474&ps=13740610&shp=30310797&shcp=ff37627b&idc=useast5"
"[Sticker] que ?quiere que agamos manifestaciones","0","0","2026-04-24T14:07:50.000Z","user7931706072","https://www.tiktok.com/@marcosjimenezpere/video/7629973371505249557","7525991853129335821","7632327104490947359","https://p19-common-sign.tiktokcdn-us.com/tos-useast8-avt-0068-tx2/eb29c957203695e315e7c4b423772106~tplv-tiktokx-cropcenter:100:100.jpg?dr=9640&refresh_token=0aab4c96&x-expires=1780200000&x-signature=59e3SocSAlD3Y4Mfc1b%2Frsfs5Nk%3D&t=4d5b0474&ps=13740610&shp=30310797&shcp=ff37627b&idc=useast5"
"Que le damos penita dice 😞","0","0","2026-04-21T02:49:20.000Z","knurse_nutri","https://www.tiktok.com/@marcosjimenezpere/video/7629973371505249557","6808524776732591110","7631039127374332680","https://p16-common-sign.tiktokcdn-us.com/tos-maliva-avt-0068/c427491804085258172281279ca4f234~tplv-tiktokx-cropcenter:100:100.jpg?dr=9640&refresh_token=4c67a261&x-expires=1780200000&x-signature=7bT0e3GReoCODcy6TLdrUb%2BEXrA%3D&t=4d5b0474&ps=13740610&shp=30310797&shcp=ff37627b&idc=useast5"
"a cuántos vas a desaparecer?","0","0","2025-11-11T00:16:11.000Z","israelml35","https://www.tiktok.com/@politicomx/video/7571117511932972296","6894736811563598849","7571254903176528657","https://p19-common-sign.tiktokcdn-us.com/tos-maliva-avt-0068/b475ba53784ece3006aaf6fe3737f79a~tplv-tiktokx-cropcenter:100:100.jpg?dr=9640&refresh_token=517b741d&x-expires=1780200000&x-signature=n1Z%2BHlMPMFiYO5VibdCjQjcCx6Y%3D&t=4d5b0474&ps=13740610&shp=30310797&shcp=ff37627b&idc=useast8"
"y le da orgullo tener al pais como lo tiene para que lo vean 5.5 millones jajaja esa ruk no tiene vergüenza","0","0","2025-11-11T00:19:35.000Z","fact0s_3000","https://www.tiktok.com/@politicomx/video/7571117511932972296","7072846586204537861","7571254843470643975","https://p19-common-sign.tiktokcdn-us.com/tos-alisg-avt-0068/c8ca40fb53c95a3efbe4b8574b986889~tplv-tiktokx-cropcenter:100:100.jpg?dr=9640&refresh_token=cea04f82&x-expires=1780200000&x-signature=w9eHdmU26CV6OGxn0IobnEDhsZo%3D&t=4d5b0474&ps=13740610&shp=30310797&shcp=ff37627b&idc=useast8"
"pues si se escucha muy bonito pero hablando ya la verdad sin seguridad quien fregado quiere andar sabiendo que de un rato a otro te ponen el cuete","0","0","2025-11-11T00:45:00.000Z","frank101.10","https://www.tiktok.com/@politicomx/video/7571117511932972296","7081357009115546666","7571262257020781343","https://p19-common-sign.tiktokcdn-us.com/tos-useast8-avt-0068-tx2/27a339f4be76dd06ae54521dc8bce2e6~tplv-tiktokx-cropcenter:100:100.jpg?dr=9640&refresh_token=45e2232a&x-expires=1780200000&x-signature=uQg13myDCHmTAzV4fMm5thvvKLw%3D&t=4d5b0474&ps=13740610&shp=30310797&shcp=ff37627b&idc=useast8"
"Ni de loco voy a México","0","0","2025-11-11T01:06:28.000Z","use23678996","https://www.tiktok.com/@politicomx/video/7571117511932972296","7467431830829155333","7571267873185841927","https://p19-common-sign.tiktokcdn-us.com/tos-alisg-avt-0068/1ff82eb57cb4687e4b6ecf8303816e9e~tplv-tiktokx-cropcenter:100:100.jpg?dr=9640&refresh_token=0f52b6f0&x-expires=1780200000&x-signature=1e%2F5xCQdN07M1ddBt%2B9SFcS5glc%3D&t=4d5b0474&ps=13740610&shp=30310797&shcp=ff37627b&idc=useast8"
"aún país lleno de violencia","0","0","2025-11-11T01:11:35.000Z","zgzm20137","https://www.tiktok.com/@politicomx/video/7571117511932972296","7044490742924362758","7571268206804452103","https://p19-common-sign.tiktokcdn-us.com/tos-alisg-avt-0068/b166505ff0e3d491599107984bcd34bf~tplv-tiktokx-cropcenter:100:100.jpg?dr=9640&refresh_token=fa790802&x-expires=1780200000&x-signature=5dyK0iOBtpkLKdW7GVSr1VX3%2BPg%3D&t=4d5b0474&ps=13740610&shp=30310797&shcp=ff37627b&idc=useast8"
"Acuerden va aver secuestros también con esta presidenta 😂😅","0","0","2025-11-11T01:25:32.000Z","cesarito563","https://www.tiktok.com/@politicomx/video/7571117511932972296","6873636984532354054","7571272744974353207","https://p19-common-sign.tiktokcdn-us.com/tos-useast5-avt-0068-tx/6fa72a10f19abd14ea513a13f55a6284~tplv-tiktokx-cropcenter:100:100.jpg?dr=9640&refresh_token=dce418d9&x-expires=1780200000&x-signature=SPRgj3fNnPxZXXw1JVfUSpVEQVM%3D&t=4d5b0474&ps=13740610&shp=30310797&shcp=ff37627b&idc=useast8"
"aver si no los asaltan","0","0","2025-12-07T18:37:13.000Z","iglesiaminecraftiana_","https://www.tiktok.com/@politicomx/video/7571117511932972296","7375061933977994246","7581186879258297095","https://p19-common-sign.tiktokcdn-us.com/tos-alisg-avt-0068/60d1e14eb12e5c2cca0357dd55e6eb6d~tplv-tiktokx-cropcenter:100:100.jpg?dr=9640&refresh_token=10067e23&x-expires=1780200000&x-signature=mguZEtYjRReMOmHJGA3Uum3WIik%3D&t=4d5b0474&ps=13740610&shp=30310797&shcp=ff37627b&idc=useast8"
"y cuantos de esos volverán ah sus hogares?","0","0","2025-11-11T01:31:24.000Z","problematuyo0","https://www.tiktok.com/@politicomx/video/7571117511932972296","7241057457070113797","7571274309240472327","https://p16-common-sign.tiktokcdn-us.com/tos-alisg-avt-0068/6db81302afebcab0dd1168cd72865ef7~tplv-tiktokx-cropcenter:100:100.jpg?dr=9640&refresh_token=3d9be449&x-expires=1780200000&x-signature=49guZPeS6IjiTgoY2c2SsH2j8C0%3D&t=4d5b0474&ps=13740610&shp=30310797&shcp=ff37627b&idc=useast8"
"full vergüenza que vengan y vean todo el desmadre que hay en México 😭","0","0","2025-11-11T01:50:03.000Z","guerrero.xr","https://www.tiktok.com/@politicomx/video/7571117511932972296","6935119387322450950","7571279087894971157","https://p16-common-sign.tiktokcdn-us.com/tos-alisg-avt-0068/0fa39fdd241d3614b78b92831e35636f~tplv-tiktokx-cropcenter:100:100.jpg?dr=9640&refresh_token=5f616b9c&x-expires=1780200000&x-signature=jQl%2F83P8Y6BKxZsjfLcTnIriyds%3D&t=4d5b0474&ps=13740610&shp=30310797&shcp=ff37627b&idc=useast8"
"Ojalá no valla nadien","0","0","2025-11-11T01:51:31.000Z","torres.jc2","https://www.tiktok.com/@politicomx/video/7571117511932972296","7430583754824270894","7571279484683535118","https://p16-common-sign.tiktokcdn-us.com/tos-useast5-avt-0068-tx/c755c0729926ae38e8aff1a5d034f158~tplv-tiktokx-cropcenter:100:100.jpg?dr=9640&refresh_token=bebbf45d&x-expires=1780200000&x-signature=xZAO%2BFjmKVKxztaT1i8n21nf4%2BE%3D&t=4d5b0474&ps=13740610&shp=30310797&shcp=ff37627b&idc=useast8"
"Y con las calles llenas de hoyos , socavones , ladrones , delincuentes , Tlalpan con dos carriles menos etc etc","0","0","2025-11-11T01:52:34.000Z","marycie","https://www.tiktok.com/@politicomx/video/7571117511932972296","7315401941856551942","7571279725949616903","https://p16-common-sign.tiktokcdn-us.com/tos-maliva-avt-0068/fa59cd1e6dcdc398cafedd138fc3c39c~tplv-tiktokx-cropcenter:100:100.jpg?dr=9640&refresh_token=1a8c7bcf&x-expires=1780200000&x-signature=yX39fRmUuWdNJX%2BEQXRfhpQNBzI%3D&t=4d5b0474&ps=13740610&shp=30310797&shcp=ff37627b&idc=useast8"
"que vengan , no sean negativos","0","0","2025-11-28T00:09:06.000Z","minepaezt","https://www.tiktok.com/@politicomx/video/7571117511932972296","7398422375795295237","7577561502779114248","https://p19-common-sign.tiktokcdn-us.com/tos-alisg-avt-0068/140cb1c67feae0f5b3f25b7d14993d02~tplv-tiktokx-cropcenter:100:100.jpg?dr=9640&refresh_token=f2a4780c&x-expires=1780200000&x-signature=QLCcWvgohlN%2FJabQC4YsUAOL2V4%3D&t=4d5b0474&ps=13740610&shp=30310797&shcp=ff37627b&idc=useast8"
"La derrama económica es para los politcos y para las lacras qué asaltaran a los visitantes extranjeros, por que la violencia está a todo lo que da.","0","0","2025-11-11T01:56:15.000Z","edyhenriquehenriq","https://www.tiktok.com/@politicomx/video/7571117511932972296","7079276219632567302","7571279979053974293","https://p16-common-sign.tiktokcdn-us.com/tos-maliva-avt-0068/bac59e268f37e93fa7058eb6129c424f~tplv-tiktokx-cropcenter:100:100.jpg?dr=9640&refresh_token=2783a242&x-expires=1780200000&x-signature=aLo64oyJLmIzZn%2FdMEiVg%2FPFFpI%3D&t=4d5b0474&ps=13740610&shp=30310797&shcp=ff37627b&idc=useast8"
"Con el simple echo de ver esa calaca ninguna noticia es importante puro circo 🎪 no me arrepiento de no aver votado por ella 😎","0","0","2025-11-11T02:00:21.000Z","podasangel","https://www.tiktok.com/@politicomx/video/7571117511932972296","7370333338635289606","7571281772052300552","https://p16-common-sign.tiktokcdn-us.com/tos-maliva-avt-0068/93197b9b699d20f6307806050150f41f~tplv-tiktokx-cropcenter:100:100.jpg?dr=9640&refresh_token=d2f257d9&x-expires=1780200000&x-signature=4DRutBAB%2FtQRW8oo%2B0Lot%2B04C0w%3D&t=4d5b0474&ps=13740610&shp=30310797&shcp=ff37627b&idc=useast8"
"Y si los narcos van a matar la gentes","0","0","2025-11-11T02:00:34.000Z","max.onofre7","https://www.tiktok.com/@politicomx/video/7571117511932972296","7322747689321317419","7571281815823876878","https://p16-common-sign.tiktokcdn-us.com/tos-useast5-avt-0068-tx/33968b2b5a58e581ac8f4ae2217f04be~tplv-tiktokx-cropcenter:100:100.jpg?dr=9640&refresh_token=de197e36&x-expires=1780200000&x-signature=RbJqN%2FRNzAwUSTeoNpXhVVum8FY%3D&t=4d5b0474&ps=13740610&shp=30310797&shcp=ff37627b&idc=useast8"
"Como esperas turista así como tienes el país todo un desastre vergüenza debería de tener","0","0","2025-11-11T02:01:59.000Z","tutentacion63","https://www.tiktok.com/@politicomx/video/7571117511932972296","7114063217548903470","7571282138928644894","https://p19-common-sign.tiktokcdn-us.com/tos-useast8-avt-0068-tx2/b260ecb09b04d9d17d2e150a84b61d9b~tplv-tiktokx-cropcenter:100:100.jpg?dr=9640&refresh_token=e26c3ad3&x-expires=1780200000&x-signature=PL%2Fzm2JEmeTdqtLnvAAZZ3vOdik%3D&t=4d5b0474&ps=13740610&shp=30310797&shcp=ff37627b&idc=useast8"
"lastima que en México es un país muy inseguro para los turistas","0","0","2025-11-11T02:18:49.000Z","geremy_rollins","https://www.tiktok.com/@politicomx/video/7571117511932972296","7007915602346361861","7571286485636236043","https://p19-common-sign.tiktokcdn-us.com/tos-alisg-avt-0068/d048f8033137c30808d0026693f12cee~tplv-tiktokx-cropcenter:100:100.jpg?dr=9640&refresh_token=edbf3e2d&x-expires=1780200000&x-signature=vFwgD%2FnNapawwQUKH04S6ZMdvj4%3D&t=4d5b0474&ps=13740610&shp=30310797&shcp=ff37627b&idc=useast8"
"que vergüenza que se descarrile el tren","0","0","2025-11-11T02:29:37.000Z","aalberto.moreno1","https://www.tiktok.com/@politicomx/video/7571117511932972296","7486720302580335622","7571289311703745288","https://p19-common-sign.tiktokcdn-us.com/tos-alisg-avt-0068/0c401e134b9107a21e41fcd1f1957688~tplv-tiktokx-cropcenter:100:100.jpg?dr=9640&refresh_token=961380e9&x-expires=1780200000&x-signature=HoIbwpMv5PbtBiO2zTirMlAB7u4%3D&t=4d5b0474&ps=13740610&shp=30310797&shcp=ff37627b&idc=useast8"
"Si tienen la oportunidad de venir a México, desaprovechenla está bien clera","0","0","2025-12-05T21:28:15.000Z","athenea.mb","https://www.tiktok.com/@politicomx/video/7571117511932972296","7136696415188026373","7580488745117369096","https://p19-common-sign.tiktokcdn-us.com/tos-alisg-avt-0068/92e1731bf7e22cdf3c93f380313526df~tplv-tiktokx-cropcenter:100:100.jpg?dr=9640&refresh_token=de1353d3&x-expires=1780200000&x-signature=O3Hm6TUtqwyGKCQTx3SZ6V9c0HQ%3D&t=4d5b0474&ps=13740610&shp=30310797&shcp=ff37627b&idc=useast8"
"Pobres! Que le piensen para venir...uno como quiera 😂","0","0","2025-11-11T02:46:25.000Z","nadiavanesacantante","https://www.tiktok.com/@politicomx/video/7571117511932972296","6914765356729746438","7571293662743741202","https://p16-common-sign.tiktokcdn-us.com/tos-alisg-avt-0068/49531426d35868fb54a1cb30a862b30b~tplv-tiktokx-cropcenter:100:100.jpg?dr=9640&refresh_token=3b60dd79&x-expires=1780200000&x-signature=lb%2BW5U3GqnDgbS4gmpfFOhl6Vx4%3D&t=4d5b0474&ps=13740610&shp=30310797&shcp=ff37627b&idc=useast8"
"si pero hay mucha gente estorcion y delincuentes as al para detener la delincuentes primero","0","0","2025-11-11T03:12:09.000Z","pedrobernal86","https://www.tiktok.com/@politicomx/video/7571117511932972296","6775302360983061509","7571300186996818701","https://p19-common-sign.tiktokcdn-us.com/tos-maliva-avt-0068/e17f40aa78fb6176761af775b9b4b283~tplv-tiktokx-cropcenter:100:100.jpg?dr=9640&refresh_token=481fc06e&x-expires=1780200000&x-signature=sKBaIK%2F6bTWuylp%2F35ExyGhSzfc%3D&t=4d5b0474&ps=13740610&shp=30310797&shcp=ff37627b&idc=useast8"
"No venga por esta presidenta vale pa pura verg… por favor ni vayan","0","0","2025-11-11T04:33:00.000Z","danny18908","https://www.tiktok.com/@politicomx/video/7571117511932972296","6997610342821954566","7571320971467899679","https://p16-common-sign.tiktokcdn-us.com/tos-useast8-avt-0068-tx2/8107dbeddfecf33376338ec044952f7c~tplv-tiktokx-cropcenter:100:100.jpg?dr=9640&refresh_token=fadd7f47&x-expires=1780200000&x-signature=0ti1jtZrysilUGVWXfcmI2cdSRE%3D&t=4d5b0474&ps=13740610&shp=30310797&shcp=ff37627b&idc=useast8"
"y dónde madres los vas a meter si no puedes con el caos del periférico","0","0","2025-11-11T05:20:14.000Z","marianozeta2","https://www.tiktok.com/@politicomx/video/7571117511932972296","6837978223939847173","7571333291099505416","https://p16-common-sign.tiktokcdn-us.com/tos-maliva-avt-0068/7321525739839291398~tplv-tiktokx-cropcenter:100:100.jpg?dr=9640&refresh_token=5a7984b3&x-expires=1780200000&x-signature=h0b6bQzGy9XxxdlY6Xj5Q35IRew%3D&t=4d5b0474&ps=13740610&shp=30310797&shcp=ff37627b&idc=useast8"
"Van a ir 5.5 millones y como están las cosas van a regresar 2.7 millones hahaha","0","0","2025-12-05T23:26:19.000Z","wtf__kimm","https://www.tiktok.com/@politicomx/video/7571117511932972296","6939609800650425350","7580519209516450578","https://p16-common-sign.tiktokcdn-us.com/tos-alisg-avt-0068/a5fd66c5fe4fa3d5368d2a4913df3e96~tplv-tiktokx-cropcenter:100:100.jpg?dr=9640&refresh_token=acd37ca5&x-expires=1780200000&x-signature=GWgzZNPaQpF%2B7%2B%2FcgsNhaeUBhpU%3D&t=4d5b0474&ps=13740610&shp=30310797&shcp=ff37627b&idc=useast8"
"Dios quiera y los otros Paise se unan y mo vayan.. Muy muy peligroso Mexico..
muchos cuidado!!!","0","0","2025-11-11T05:32:11.000Z","elviejon7700","https://www.tiktok.com/@politicomx/video/7571117511932972296","7130388620531418158","7571336155322499854","https://p16-common-sign.tiktokcdn-us.com/tos-useast5-avt-0068-tx/e7da0a62da0baedd701c2de51c723346~tplv-tiktokx-cropcenter:100:100.jpg?dr=9640&refresh_token=54ba306f&x-expires=1780200000&x-signature=W8L1ZpMTHDtRbtcms3i3w5%2FZt5k%3D&t=4d5b0474&ps=13740610&shp=30310797&shcp=ff37627b&idc=useast8"
"Nadie quedra ir al aifa alch","0","0","2025-11-11T06:22:57.000Z","pablohdrz69","https://www.tiktok.com/@politicomx/video/7571117511932972296","7369274249028977670","7571349454537556743","https://p16-common-sign.tiktokcdn-us.com/tos-alisg-avt-0068/00b3f6f7275596e3012b36bc878c831d~tplv-tiktokx-cropcenter:100:100.jpg?dr=9640&refresh_token=db427ba2&x-expires=1780200000&x-signature=PCgSdno51qThtQf3NuUzvZ8NcbY%3D&t=4d5b0474&ps=13740610&shp=30310797&shcp=ff37627b&idc=useast8"
"Soy mexicano y ojalá cancelen el mundial en México","0","0","2025-11-11T06:35:28.000Z","titerito.30","https://www.tiktok.com/@politicomx/video/7571117511932972296","6969333062480282629","7571352465796334391","https://p19-common-sign.tiktokcdn-us.com/tos-useast5-avt-0068-tx/a0c7f56989b2823fe36a372aa736fb98~tplv-tiktokx-cropcenter:100:100.jpg?dr=9640&refresh_token=efbeabfa&x-expires=1780200000&x-signature=zDT2WRwTbSp3JTLPWRBf3RgDc%2F4%3D&t=4d5b0474&ps=13740610&shp=30310797&shcp=ff37627b&idc=useast8"
"Mejor más hospitales en vez de gastar en tonterías","0","0","2025-11-11T07:53:40.000Z","reyberviral","https://www.tiktok.com/@politicomx/video/7571117511932972296","7027098756043752453","7571372365083788062","https://p19-common-sign.tiktokcdn-us.com/tos-useast8-avt-0068-tx2/37b62a13e89fe51c85fdbd032398de37~tplv-tiktokx-cropcenter:100:100.jpg?dr=9640&refresh_token=20d6d03d&x-expires=1780200000&x-signature=sSu8TUAmSecvxaqXA4xMc7VWefs%3D&t=4d5b0474&ps=13740610&shp=30310797&shcp=ff37627b&idc=useast8"
"se van a dar cuenta k estamos.de.la ve.rga ... y k su gobierno es de la mierda..","0","0","2025-11-11T09:51:47.000Z","parkitaaltuzar","https://www.tiktok.com/@politicomx/video/7571117511932972296","6807373812661847045","7571402893631734542","https://p19-common-sign.tiktokcdn-us.com/tos-useast5-avt-0068-tx/0972a50d37fa056863d30f7608a80772~tplv-tiktokx-cropcenter:100:100.jpg?dr=9640&refresh_token=4d3fe15a&x-expires=1780200000&x-signature=LiYofY6bs10aySiNmKbjUME95KY%3D&t=4d5b0474&ps=13740610&shp=30310797&shcp=ff37627b&idc=useast8"
"Es mentira ya se canceló","0","0","2025-11-10T21:48:29.000Z","user5731001924112","https://www.tiktok.com/@politicomx/video/7571117511932972296","6956985739242865669","7571216844980830984","https://p16-common-sign.tiktokcdn-us.com/musically-maliva-obj/1594805258216454~tplv-tiktokx-cropcenter:100:100.jpg?dr=9640&refresh_token=f6d184af&x-expires=1780200000&x-signature=VW8UWPJqAaIplom5IP4ju2xgIsk%3D&t=4d5b0474&ps=13740610&shp=30310797&shcp=ff37627b&idc=useast5"
"i cuando se van","0","0","2025-11-11T02:04:50.000Z","user26160540416035","https://www.tiktok.com/@politicomx/video/7571117511932972296","7425448596571096070","7571282928513614600","https://p16-common-sign.tiktokcdn-eu.com/tos-alisg-avt-0068/0c1e25aa55afcb4c0af9589a4f1136b5~tplv-tiktokx-cropcenter:100:100.jpg?dr=10399&refresh_token=85f52e20&x-expires=1780200000&x-signature=GuOsjF0hc5NrB2YXpduOlHXUfM0%3D&t=4d5b0474&ps=13740610&shp=30310797&shcp=ff37627b&idc=no1a"
"y cuanto vas a invertir para la seguridad de uruapan?","0","0","2025-11-11T01:07:40.000Z","hamstherrodriguez","https://www.tiktok.com/@politicomx/video/7571117511932972296","7346002181203100678","7571266906042368775","https://p16-common-sign.tiktokcdn-eu.com/tos-alisg-avt-0068/6b4bdceac57cd4fb879f405d2cc662ef~tplv-tiktokx-cropcenter:100:100.jpg?dr=10399&refresh_token=0e204632&x-expires=1780200000&x-signature=%2Bfbgo3vZDQORAhl63ejeYib2qOI%3D&t=4d5b0474&ps=13740610&shp=30310797&shcp=ff37627b&idc=no1a"
"Y el aero puerto de San Miguel Allende","0","0","2025-11-11T00:37:08.000Z","franciscop635","https://www.tiktok.com/@politicomx/video/7571117511932972296","6880520023183574021","7571260254169367351","https://p16-common-sign.tiktokcdn-eu.com/tos-maliva-avt-0068/7325519814142656518~tplv-tiktokx-cropcenter:100:100.jpg?dr=10399&refresh_token=af3fb1f2&x-expires=1780200000&x-signature=wEFDpkuHT6rzNCmhjj5vcKABJvk%3D&t=4d5b0474&ps=13740610&shp=30310797&shcp=ff37627b&idc=no1a"
"Y todas las ganancias que habrá en Jalisco, adivinen quien se las va a robar.? Boicot en Jalisco por los desaparecidos","0","0","2025-11-11T00:12:04.000Z","chinese0774","https://www.tiktok.com/@politicomx/video/7571117511932972296","7393843892926022661","7571252757157905170","https://p16-common-sign.tiktokcdn-eu.com/tos-maliva-avt-0068/eb39ccefea253f7213bde5d83c948652~tplv-tiktokx-cropcenter:100:100.jpg?dr=10399&refresh_token=0e9849c9&x-expires=1780200000&x-signature=UWAsh5%2BhBo8W%2BFMcswUf9l6NpO8%3D&t=4d5b0474&ps=13740610&shp=30310797&shcp=ff37627b&idc=no1a"
"No gracias","0","0","2025-11-10T23:55:42.000Z","criszenith","https://www.tiktok.com/@politicomx/video/7571117511932972296","6771219420750054406","7571249592382636808","https://p16-common-sign.tiktokcdn-eu.com/tos-alisg-avt-0068/afc49ab2ab8f33514dc0f4ee9b06934b~tplv-tiktokx-cropcenter:100:100.jpg?dr=10399&refresh_token=15365913&x-expires=1780200000&x-signature=l3Agw990VVhNGcNPkV5fzF0q4xo%3D&t=4d5b0474&ps=13740610&shp=30310797&shcp=ff37627b&idc=no1a"
"Claudia eres mucha pieza para México te queremos 6 años más reelección porfavor en la próxima votación","0","0","2025-11-10T23:44:46.000Z","contaroyer","https://www.tiktok.com/@politicomx/video/7571117511932972296","7056149204347782150","7571245270178349831","https://p16-common-sign.tiktokcdn-eu.com/tos-maliva-avt-0068/7147082020991008773~tplv-tiktokx-cropcenter:100:100.jpg?dr=10399&refresh_token=2e69e1f4&x-expires=1780200000&x-signature=mM0UjOTWpwUzi9KsW2YFK5eKZh8%3D&t=4d5b0474&ps=13740610&shp=30310797&shcp=ff37627b&idc=no1a"
"Que no compren el VAR","0","0","2025-11-10T23:42:05.000Z","elgrannm02of","https://www.tiktok.com/@politicomx/video/7571117511932972296","7511507446700835848","7571246102054961928","https://p16-common-sign.tiktokcdn-eu.com/tos-alisg-avt-0068/08734b5425b79e81446bbcdad617f502~tplv-tiktokx-cropcenter:100:100.jpg?dr=10399&refresh_token=b5fe92a6&x-expires=1780200000&x-signature=j6gv8MtxP%2BfwkQvUQTWnu2toQxA%3D&t=4d5b0474&ps=13740610&shp=30310797&shcp=ff37627b&idc=no1a"
"Pero primero seguridad, porque si no va a valer madre","0","0","2025-11-10T23:26:26.000Z","juanmillan147","https://www.tiktok.com/@politicomx/video/7571117511932972296","6848106240980435974","7571242036293845773","https://p16-common-sign.tiktokcdn-eu.com/tos-maliva-avt-0068/51f9b3ff593c04db2e60d32753600234~tplv-tiktokx-cropcenter:100:100.jpg?dr=10399&refresh_token=3e227fea&x-expires=1780200000&x-signature=G3Bu%2Fht5rYr02%2B%2BfJTcRAYbR9lQ%3D&t=4d5b0474&ps=13740610&shp=30310797&shcp=ff37627b&idc=no1a"
"[Sticker] Todos saliendo a las calles 😂","0","0","2026-04-20T23:05:22.000Z","sandibel.bb","https://www.tiktok.com/@marcosjimenezpere/video/7629973371505249557","6984211882974823429","7630981367958127377","https://p19-common-sign.tiktokcdn.com/tos-alisg-avt-0068/e7d56acafcd74f1a7b3c51fc5aa30cd0~tplv-tiktokx-cropcenter:100:100.jpg?dr=14579&refresh_token=e300bfa1&x-expires=1780200000&x-signature=9I%2FAQKWIu6AOwW3GPbb2tKCmRuE%3D&t=4d5b0474&ps=13740610&shp=30310797&shcp=ff37627b&idc=my2"
"Hay paises donde suele ser al revez 😭","0","0","2026-04-20T22:41:36.000Z","maiajm2","https://www.tiktok.com/@marcosjimenezpere/video/7629973371505249557","7076503527091274757","7630975235944874753","https://p16-common-sign.tiktokcdn.com/tos-maliva-avt-0068/37f877a5eeac1503c7214244f76fef07~tplv-tiktokx-cropcenter:100:100.jpg?dr=14579&refresh_token=3a3816bb&x-expires=1780200000&x-signature=%2BqX7m0IeD2UGn7uWS5R0jvQAl4k%3D&t=4d5b0474&ps=13740610&shp=30310797&shcp=ff37627b&idc=my2"
"nunca salgo pero ahora saldré nadamás para jod3r jajajajajajaa","0","0","2026-04-20T22:15:16.000Z","colagritosstore","https://www.tiktok.com/@marcosjimenezpere/video/7629973371505249557","6935512630131966982","7630968415490704148","https://p16-common-sign.tiktokcdn-us.com/tos-alisg-avt-0068/3bb836747117b97a61d8369bab3c57a9~tplv-tiktokx-cropcenter:100:100.jpg?dr=9640&refresh_token=0ec5d9ae&x-expires=1780200000&x-signature=NALlABzLNLGTzJ%2BtbX2C9xn%2FSRo%3D&t=4d5b0474&ps=13740610&shp=30310797&shcp=ff37627b&idc=useast5"
"Y que secustren a Leonel messi o Ronaldo se va armar la guerra 👀","0","0","2025-11-11T03:55:17.000Z","ismaelcastro242","https://www.tiktok.com/@politicomx/video/7571117511932972296","7172659274623271982","7571311240259076895","https://p19-common-sign.tiktokcdn-us.com/tos-useast8-avt-0068-tx2/a07d25f93eda48a9483110d3a39aa606~tplv-tiktokx-cropcenter:100:100.jpg?dr=9640&refresh_token=26176e83&x-expires=1780200000&x-signature=VFkgeyH9kPiITTpmMDwJ3UFFT%2F8%3D&t=4d5b0474&ps=13740610&shp=30310797&shcp=ff37627b&idc=useast8"
"Ya no, me parece que cancelaron por la inseguridad y solo será en USA y Canadá","0","0","2025-11-11T02:46:56.000Z","herndez_21","https://www.tiktok.com/@politicomx/video/7571117511932972296","6633810787230515206","7571293776338682654","https://p19-common-sign.tiktokcdn-us.com/tos-useast8-avt-0068-tx2/d0b7999fe285208e8a51fdd22c132340~tplv-tiktokx-cropcenter:100:100.jpg?dr=9640&refresh_token=0a9ff21f&x-expires=1780200000&x-signature=rg3m0CoI2p7zTQC4cJWQuJEmMh8%3D&t=4d5b0474&ps=13740610&shp=30310797&shcp=ff37627b&idc=useast8"
"Demasiada delincuencia y ella no ase nada no sirbe para presidenta","0","0","2025-11-11T02:55:24.000Z","hectorestebanvazq","https://www.tiktok.com/@politicomx/video/7571117511932972296","7159364168747631662","7571295939663725367","https://p19-common-sign.tiktokcdn-us.com/tos-useast5-avt-0068-tx/90f8747402900dd6cdcc3dd73f0b0cb6~tplv-tiktokx-cropcenter:100:100.jpg?dr=9640&refresh_token=c476c209&x-expires=1780200000&x-signature=5Jpch5npDuReM4%2F99bXsSPphhxc%3D&t=4d5b0474&ps=13740610&shp=30310797&shcp=ff37627b&idc=useast8"
"","0","0","2025-11-11T03:16:44.000Z","baltazarkein","https://www.tiktok.com/@politicomx/video/7571117511932972296","7141560188662055942","7571301406989222667","https://p19-common-sign.tiktokcdn-us.com/tos-maliva-avt-0068/e302d0a3dcd15641fa533484ea43c2bc~tplv-tiktokx-cropcenter:100:100.jpg?dr=9640&refresh_token=3671bc5e&x-expires=1780200000&x-signature=z3WJ04MsnJ5FNf4gAVP58od9cCk%3D&t=4d5b0474&ps=13740610&shp=30310797&shcp=ff37627b&idc=useast8"
"","0","0","2025-11-11T03:48:52.000Z","enriquedlove","https://www.tiktok.com/@politicomx/video/7571117511932972296","6806418295831577606","7571309730955313940","https://p19-common-sign.tiktokcdn-us.com/tos-alisg-avt-0068/537d6d4451c0d99c86fe74460a565393~tplv-tiktokx-cropcenter:100:100.jpg?dr=9640&refresh_token=28e898b1&x-expires=1780200000&x-signature=k0fMuzGcddAawMowds4%2FJeY%2B7ZU%3D&t=4d5b0474&ps=13740610&shp=30310797&shcp=ff37627b&idc=useast8"
"Nadien va ir a tu porquería FIFA se mueve a USA 🇺🇸 😎","0","0","2025-11-11T03:49:05.000Z","jorgecastaneda1974","https://www.tiktok.com/@politicomx/video/7571117511932972296","7107030128932504618","7571309701222646559","https://p16-common-sign.tiktokcdn-us.com/tos-useast5-avt-0068-tx/7351673637017124907~tplv-tiktokx-cropcenter:100:100.jpg?dr=9640&refresh_token=b87223a6&x-expires=1780200000&x-signature=rh%2FwXeKKkokQeBkRpcCmSjtMqkM%3D&t=4d5b0474&ps=13740610&shp=30310797&shcp=ff37627b&idc=useast8"
"Soy de la CDMX pero la verdad que ni vengan , esta mujer debería ver mejor la seguridad de mi país antes de todo si es una basura de seguridad","0","0","2025-11-11T02:34:36.000Z","flaq1236","https://www.tiktok.com/@politicomx/video/7571117511932972296","6844292238291125254","7571290580728152852","https://p19-common-sign.tiktokcdn-us.com/tos-alisg-avt-0068/2e4657ce0def6ed98fdd050008a61abd~tplv-tiktokx-cropcenter:100:100.jpg?dr=9640&refresh_token=9e9d8385&x-expires=1780200000&x-signature=uGr528s6qW%2BaxP10DLtFj%2BqdFrM%3D&t=4d5b0474&ps=13740610&shp=30310797&shcp=ff37627b&idc=useast8"
"Y crees claudia que deja mas dinero un mundial que todo inmigrante mandando dinero a mexico y visitando a nuestros pueblos ciudades y ranchos año con año ? Claro si trabajaras en mejorar la seguridad del pais primeramente !!!!!!!","0","0","2025-11-11T04:30:56.000Z","alfredo_m77","https://www.tiktok.com/@politicomx/video/7571117511932972296","6785772048129000453","7571320491622482718","https://p19-common-sign.tiktokcdn-us.com/tos-useast5-avt-0068-tx/7346358506947575850~tplv-tiktokx-cropcenter:100:100.jpg?dr=9640&refresh_token=95636aac&x-expires=1780200000&x-signature=GNSTpcGxe4tcPd%2Fp%2B%2BalCWgXVWc%3D&t=4d5b0474&ps=13740610&shp=30310797&shcp=ff37627b&idc=useast8"
"cómo sabe que le pago sus viajes o que? de dónde saca ese dato🤭🤣🤣🤣","0","0","2025-11-10T21:27:08.000Z","kary.2030","https://www.tiktok.com/@politicomx/video/7571117511932972296","7039048180667335685","7571211350475834119","https://p16-common-sign.tiktokcdn-us.com/tos-maliva-avt-0068/f5d9e1541216dd1a6609e614c975e824~tplv-tiktokx-cropcenter:100:100.jpg?dr=9640&refresh_token=bb3c3bbc&x-expires=1780200000&x-signature=Swwu45itq5yXJmseL5kTOcY0YK8%3D&t=4d5b0474&ps=13740610&shp=30310797&shcp=ff37627b&idc=useast5"
"si fifa no pago impuestos que no vengan","0","0","2025-11-29T18:03:39.000Z","claudiadiazfuen80","https://www.tiktok.com/@politicomx/video/7571117511932972296","7121489886457627653","7578209535275844360","https://p16-common-sign.tiktokcdn.com/tos-alisg-avt-0068/d1ce31afe3140115f896f609f6141f2f~tplv-tiktokx-cropcenter:100:100.jpg?dr=14579&refresh_token=e8b22362&x-expires=1780200000&x-signature=l9VLrpa2RROf1Zp8hNnm2Ew0zks%3D&t=4d5b0474&ps=13740610&shp=30310797&shcp=ff37627b&idc=my2"
"#TURISTANOVENGASAMEXICOPORTUSEGURIDAD","0","0","2025-11-21T15:04:10.000Z","oliverramirezgonz","https://www.tiktok.com/@politicomx/video/7571117511932972296","7487027836990637061","7575194243413607186","https://p19-common-sign.tiktokcdn.com/tos-alisg-avt-0068/a9bbedd0981095bdead1bc8fe566d1ba~tplv-tiktokx-cropcenter:100:100.jpg?dr=14579&refresh_token=dd36f480&x-expires=1780200000&x-signature=30YLH4QH7cDTbAi4EznVvieVvjI%3D&t=4d5b0474&ps=13740610&shp=30310797&shcp=ff37627b&idc=my2"
"solo te faltó remarcar que visitarán México para ver como funciona la Megafarmacia y el mejor sistema de salud del mundo 🤣🤣🤣","0","0","2025-11-12T20:01:40.000Z","ignacioibarra857","https://www.tiktok.com/@politicomx/video/7571117511932972296","7204997934693205035","7571931401337406239","https://p19-common-sign.tiktokcdn.com/tos-maliva-avt-0068/7204998530633449518~tplv-tiktokx-cropcenter:100:100.jpg?dr=14579&refresh_token=67ae5231&x-expires=1780200000&x-signature=vghB0YcSg4lLsgbSouCDen4PJyY%3D&t=4d5b0474&ps=13740610&shp=30310797&shcp=ff37627b&idc=my2"
"y pues se cancelo que paso presidente","0","0","2025-11-11T12:24:49.000Z","mrvalle95sv95","https://www.tiktok.com/@politicomx/video/7571117511932972296","7552284590800634935","7571442455520051998","https://p16-common-sign.tiktokcdn.com/tos-maliva-avt-0068/30ffc116644ccc18b640bfccd133c526~tplv-tiktokx-cropcenter:100:100.jpg?dr=14579&refresh_token=5165b1bc&x-expires=1780200000&x-signature=c1VSIy7vy7v%2Bz2xSW1%2BlIVLlj%2F0%3D&t=4d5b0474&ps=13740610&shp=30310797&shcp=ff37627b&idc=my2"
"Será una cortina de humo","0","0","2025-11-11T04:58:36.000Z","kkkcro","https://www.tiktok.com/@politicomx/video/7571117511932972296","6766375506247451653","7571327565761643319","https://p16-common-sign.tiktokcdn.com/tos-maliva-avt-0068/649cd6f846f03dfb2c9adb8395e7b8ef~tplv-tiktokx-cropcenter:100:100.jpg?dr=14579&refresh_token=4d534da5&x-expires=1780200000&x-signature=vi0NcNjJjojZA0UDXDffmGqWA7c%3D&t=4d5b0474&ps=13740610&shp=30310797&shcp=ff37627b&idc=my2"
"Y con tanto campo de exterminio señora","0","0","2025-11-11T04:42:36.000Z","fcubefilms","https://www.tiktok.com/@politicomx/video/7571117511932972296","7014955936491176966","7571323550142432013","https://p16-common-sign.tiktokcdn.com/tos-maliva-avt-0068/140100f193f7cbf1f46f329b20bc8342~tplv-tiktokx-cropcenter:100:100.jpg?dr=14579&refresh_token=7ee74cb5&x-expires=1780200000&x-signature=o0ByYltvxqjRK5mCqlLzCWT4Ds4%3D&t=4d5b0474&ps=13740610&shp=30310797&shcp=ff37627b&idc=my2"
"acoso que como turista quiero ver una ciudad vacía , si viajo es por la cultura","0","0","2026-04-20T21:52:28.000Z","andcuack","https://www.tiktok.com/@marcosjimenezpere/video/7629973371505249557","6794466860937135110","7630962531721741074","https://p16-common-sign.tiktokcdn-eu.com/tos-maliva-avt-0068/7324316466898010117~tplv-tiktokx-cropcenter:100:100.jpg?dr=10399&refresh_token=24b7f47a&x-expires=1780200000&x-signature=DkHZQYSMj1rRdup4j%2Bjhc3p24jc%3D&t=4d5b0474&ps=13740610&shp=30310797&shcp=ff37627b&idc=no1a"
"[Sticker] Que hagamos de las nuestras dice","0","0","2026-04-20T21:48:23.000Z","carlangasys","https://www.tiktok.com/@marcosjimenezpere/video/7629973371505249557","6815769818907640837","7630961498484081416","https://p19-common-sign.tiktokcdn-eu.com/tos-maliva-avt-0068/96e47a8644730d4c480c127d94f8471d~tplv-tiktokx-cropcenter:100:100.jpg?dr=10399&refresh_token=becaebc8&x-expires=1780200000&x-signature=mayx0lCXSjA9GB2I0nqgYthxw%2Fc%3D&t=4d5b0474&ps=13740610&shp=30310797&shcp=ff37627b&idc=no1a"
"[Sticker] Que nos manifestemos dice","0","0","2026-04-20T21:45:21.000Z","sky.pato","https://www.tiktok.com/@marcosjimenezpere/video/7629973371505249557","7303052373847475206","7630960709631902485","https://p16-common-sign.tiktokcdn-eu.com/tos-alisg-avt-0068/42edbd099c921a28353b92c8c940ed70~tplv-tiktokx-cropcenter:100:100.jpg?dr=10399&refresh_token=2ace35a1&x-expires=1780200000&x-signature=fZXYIwiTm6MZ1DgE6vwkThfYkVg%3D&t=4d5b0474&ps=13740610&shp=30310797&shcp=ff37627b&idc=no1a"
"tenía que ser 🤣","0","0","2026-04-18T15:25:20.000Z","vengado16","https://www.tiktok.com/@marcosjimenezpere/video/7629973371505249557","7440693638721651767","7630120689261708048","https://p16-common-sign.tiktokcdn-eu.com/tos-alisg-avt-0068/9e561a1824eb0465de4d15c6bf1b12c7~tplv-tiktokx-cropcenter:100:100.jpg?dr=10399&refresh_token=b9b1df8e&x-expires=1780200000&x-signature=no2sUqe9TlGVRdfYlvQKnFxs7zk%3D&t=4d5b0474&ps=13740610&shp=30310797&shcp=ff37627b&idc=no1a"
"@Oscar Ceh 😂","1","1","2026-04-20T15:25:08.000Z","nicoletaquitodepastor","https://www.tiktok.com/@marcosjimenezpere/video/7629973371505249557","7444028698469352504","7630862780380660501","https://p16-common-sign.tiktokcdn-eu.com/tos-alisg-avt-0068/432cc67b540159bf18d53e15c117611a~tplv-tiktokx-cropcenter:100:100.jpg?dr=10399&refresh_token=7a5dc122&x-expires=1780200000&x-signature=AXpiDDAYys9c49e4hgqINLCCLmY%3D&t=4d5b0474&ps=13740610&shp=30310797&shcp=ff37627b&idc=no1a"
"@JustAnOrangeCat @Hake406 @Gámez U ´꓃ ` U @MuffinTime","1","1","2026-04-20T15:03:46.000Z","cixoseik","https://www.tiktok.com/@marcosjimenezpere/video/7629973371505249557","7011272023544644613","7630857305600475924","https://p16-common-sign.tiktokcdn-eu.com/tos-alisg-avt-0068/884ae1de321525d3f55a9cc9af889bf8~tplv-tiktokx-cropcenter:100:100.jpg?dr=10399&refresh_token=f9bda40a&x-expires=1780200000&x-signature=WyPC2ksTm2fYlIsUBWEl8ccIVGk%3D&t=4d5b0474&ps=13740610&shp=30310797&shcp=ff37627b&idc=no1a"
"@pelusokun 😂😂","1","1","2026-04-18T22:19:32.000Z","ritsu_jared","https://www.tiktok.com/@marcosjimenezpere/video/7629973371505249557","6642436005491507206","7630227384440111893","https://p16-common-sign.tiktokcdn-eu.com/tos-alisg-avt-0068/f9853c8db98fc58c288ced0d3617a4c5~tplv-tiktokx-cropcenter:100:100.jpg?dr=10399&refresh_token=b24b06bd&x-expires=1780200000&x-signature=LWrNvrKKO7XoMBw18jmrT7AWZE0%3D&t=4d5b0474&ps=13740610&shp=30310797&shcp=ff37627b&idc=no1a"
"@Fallen star @Zzzzzzzz_zzzz @Nox.lunaris_🌗 @Brandon 😹😹😹","3","0","2026-04-20T23:30:59.000Z","atusloxo","https://www.tiktok.com/@marcosjimenezpere/video/7629973371505249557","7155243191070327814","7630987923009585940","https://p16-common-sign.tiktokcdn-eu.com/tos-alisg-avt-0068/c8d5a80d74eb7bf7ff3908082535567b~tplv-tiktokx-cropcenter:100:100.jpg?dr=10399&refresh_token=2552d170&x-expires=1780200000&x-signature=N6MRGPf07f%2FAd5GR066KTrnB1Co%3D&t=4d5b0474&ps=13740610&shp=30310797&shcp=ff37627b&idc=no1a"
"🃏🃏🃏🃏🃏🃏🃏🃏🃏🃏","0","0","2026-05-29T23:35:50.000Z","r15020j","https://www.tiktok.com/@marcosjimenezpere/video/7629973371505249557","6642736391250247686","7645461497519014686","https://p16-common-sign.tiktokcdn-eu.com/tos-maliva-avt-0068/0260b6569183bd6fc77d1420bd25aaa7~tplv-tiktokx-cropcenter:100:100.jpg?dr=10399&refresh_token=c16f61d9&x-expires=1780200000&x-signature=dccugZTqkrmgCsmfVDvYv595oN0%3D&t=4d5b0474&ps=13740610&shp=30310797&shcp=ff37627b&idc=no1a"
"🤣😂🤣😂🤣😂🤣😂🤣😂🤣😂🤣😂🤣😂🤣😂🤣😂🤣😂🤣😂🤣😂🤣😂🤣😂🤣😂🤣😂🤣😂🤣😂🤣😂🤣😂🤣😂🤣😂🤣😂🤣😂🤣😂🤣😂🤣😂🤣😂🤣😂🤣😂🤣😂🤣😂🤣😂🤣😂🤣😂🤣😂🤣😂🤣😂🤣😂🤣😂🤣😂🤣😂🤣😂🤣😂🤣😂🤣😂🤣😂🤣😂🤣😂🤣😂🤣😂🤣😂🤣😂🤣😂🤣😂🤣😂🤣😂🤣😂🤣😂🤣😂🤣😂🤣😂🤣😂🤣😂🤣😂🤣😂🤣😂🤣😂🤣😂🤣😂🤣😂🤣😂🤣😂🤣😂🤣😂🤣😂🤣😂🤣😂🤣😂🤣😂🤣😂🤣😂🤣😂🤣😂🤣😂🤣😂🤣😂🤣😂🤣😂🤣😂🤣😂🤣😂🤣😂🤣😂🤣😂🤣😂🤣😂🤣😂🤣😂🤣😂🤣😂🤣😂🤣😂🤣😂🤣😂🤣😂🤣😂🤣😂🤣😂🤣😂🤣😂🤣😂🤣😂🤣😂🤣😂🤣😂🤣😂🤣😂🤣😂🤣😂🤣😂🤣😂🤣😂🤣😂🤣😂🤣😂🤣😂🤣😂🤣😂🤣😂🤣😂🤣😂🤣😂🤣😂🤣😂🤣😂🤣😂🤣😂🤣😂🤣😂🤣😂🤣😂🤣😂🤣😂🤣😂🤣😂🤣😂🤣😂🤣😂🤣😂🤣😂🤣😂🤣😂🤣😂🤣😂🤣😂🤣😂🤣😂🤣😂🤣😂🤣😂🤣😂🤣😂🤣😂🤣😂🤣😂🤣😂🤣😂🤣😂🤣😂🤣😂🤣😂🤣😂🤣😂🤣😂🤣😂🤣😂🤣😂🤣😂🤣😂🤣😂🤣😂🤣😂🤣😂🤣😂🤣😂🤣😂🤣😂🤣😂🤣😂🤣😂🤣😂🤣😂🤣😂🤣😂🤣😂🤣😂🤣😂🤣😂🤣😂🤣😂🤣😂🤣😂🤣😂🤣😂🤣😂🤣😂🤣😂🤣😂🤣😂🤣😂🤣😂🤣😂🤣😂🤣😂🤣😂🤣😂🤣😂🤣😂🤣😂🤣😂🤣😂🤣😂","1","0","2026-04-18T16:10:13.000Z","davidgdo00","https://www.tiktok.com/@marcosjimenezpere/video/7629973371505249557","6860677934668530693","7630132230883541781","https://p16-common-sign.tiktokcdn-eu.com/tos-alisg-avt-0068/92cbb91cc26ffac30b10489c12701138~tplv-tiktokx-cropcenter:100:100.jpg?dr=10399&refresh_token=18efb96a&x-expires=1780200000&x-signature=xWEGnwInBNX5fngWlHwD%2FCCEVCE%3D&t=4d5b0474&ps=13740610&shp=30310797&shcp=ff37627b&idc=no1a"
"🤣🤣🤣","0","0","2026-04-29T01:53:58.000Z","carloscarnitas2","https://www.tiktok.com/@marcosjimenezpere/video/7629973371505249557","6966666867780076549","7633993499931263762","https://p16-common-sign.tiktokcdn-eu.com/tos-maliva-avt-0068/e409f95ff0d1b0bd1f504cd0055945c6~tplv-tiktokx-cropcenter:100:100.jpg?dr=10399&refresh_token=032e8dfd&x-expires=1780200000&x-signature=IBBVYN42VLkYBY%2B3O6HC0sYm9ho%3D&t=4d5b0474&ps=13740610&shp=30310797&shcp=ff37627b&idc=no1a"
"@Clara Brugada 🤣🤣🤣🤣🤣🤣🤣🤣🤣🤣🤣🤣🤣🤣🤣🤣🤣🤣🤣","0","0","2026-04-27T11:15:30.000Z","susy21805","https://www.tiktok.com/@marcosjimenezpere/video/7629973371505249557","7477572119940383790","7633395914195256095","https://p16-common-sign.tiktokcdn-eu.com/tos-maliva-avt-0068/fd7b050fb2bb31605dc9747576e797c4~tplv-tiktokx-cropcenter:100:100.jpg?dr=10399&refresh_token=61bfa38e&x-expires=1780200000&x-signature=X%2FMhmzhkQSDps6lQOhyga2anC2I%3D&t=4d5b0474&ps=13740610&shp=30310797&shcp=ff37627b&idc=no1a"
"🤣🤣🤣","0","0","2026-04-26T00:11:14.000Z","danielbarrera1992","https://www.tiktok.com/@marcosjimenezpere/video/7629973371505249557","7034920187522663429","7632853769327280927","https://p16-common-sign.tiktokcdn-eu.com/tos-maliva-avt-0068/ebc93725a3cae351e18f97a24e350fff~tplv-tiktokx-cropcenter:100:100.jpg?dr=10399&refresh_token=50046779&x-expires=1780200000&x-signature=tW3HUKWdpNdZ8tTd%2Fs4737y8wl0%3D&t=4d5b0474&ps=13740610&shp=30310797&shcp=ff37627b&idc=no1a"
"🤣🤣🤣🤣","0","0","2026-04-25T14:45:57.000Z","elisabethhelius","https://www.tiktok.com/@marcosjimenezpere/video/7629973371505249557","6657594816739737606","7632708055625155359","https://p16-common-sign.tiktokcdn-eu.com/tos-maliva-avt-0068/7333691549509697541~tplv-tiktokx-cropcenter:100:100.jpg?dr=10399&refresh_token=745fd796&x-expires=1780200000&x-signature=lhn5bVpbRU%2Fw3X6JNZGSTryYD%2Bg%3D&t=4d5b0474&ps=13740610&shp=30310797&shcp=ff37627b&idc=no1a"
"🤦🤦🤦🤦🤦🤦🤦🤦🤦🤦🤦🤦🤦","0","0","2026-04-22T05:12:25.000Z","comoveas0","https://www.tiktok.com/@marcosjimenezpere/video/7629973371505249557","7268499005306258438","7631447043764224784","https://p16-common-sign.tiktokcdn-eu.com/tos-maliva-avt-0068/7275557726276157445~tplv-tiktokx-cropcenter:100:100.jpg?dr=10399&refresh_token=baa8fd3c&x-expires=1780200000&x-signature=su%2B9FLjScMtC56FEgGbu6dDEq9s%3D&t=4d5b0474&ps=13740610&shp=30310797&shcp=ff37627b&idc=no1a"
"🤣🤣🤣","0","0","2026-04-21T04:53:50.000Z","lizkemet_","https://www.tiktok.com/@marcosjimenezpere/video/7629973371505249557","7398645648097592325","7631071169807008520","https://p16-common-sign.tiktokcdn-eu.com/tos-alisg-avt-0068/aab802a0bb8e3e5ee2632e34df30099c~tplv-tiktokx-cropcenter:100:100.jpg?dr=10399&refresh_token=96e51cd9&x-expires=1780200000&x-signature=0Jey7mlAGKZaauHLMA%2B6wNwPTg8%3D&t=4d5b0474&ps=13740610&shp=30310797&shcp=ff37627b&idc=no1a"
"😂😂😂","0","0","2026-04-21T04:22:15.000Z","celstians","https://www.tiktok.com/@marcosjimenezpere/video/7629973371505249557","7466157999415002129","7631063019636704008","https://p16-common-sign.tiktokcdn-eu.com/tos-alisg-avt-0068/2cee8cc395317e58063f31741f15ef70~tplv-tiktokx-cropcenter:100:100.jpg?dr=10399&refresh_token=f8c4b112&x-expires=1780200000&x-signature=AjNWTuUZkEciQpqfndTbdvXnGEI%3D&t=4d5b0474&ps=13740610&shp=30310797&shcp=ff37627b&idc=no1a"
"😂😂😂😂😂😂😂😂😂😂😂","0","0","2026-04-21T03:46:44.000Z","citlalligtorres","https://www.tiktok.com/@marcosjimenezpere/video/7629973371505249557","6515171423542055951","7631053858694005525","https://p16-common-sign.tiktokcdn-eu.com/tos-alisg-avt-0068/d1e88862ad349df7f7a67872a1e7eb29~tplv-tiktokx-cropcenter:100:100.jpg?dr=10399&refresh_token=9dec64dd&x-expires=1780200000&x-signature=AwMXu3gk4MJsYuFxQ79LuOTt3M0%3D&t=4d5b0474&ps=13740610&shp=30310797&shcp=ff37627b&idc=no1a"
"🤣🤣🤣🤣🤣🤣","0","0","2026-04-21T02:58:58.000Z","jobu_sv","https://www.tiktok.com/@marcosjimenezpere/video/7629973371505249557","7256470340178625542","7631041595248329479","https://p16-common-sign.tiktokcdn-eu.com/tos-maliva-avt-0068/beb5d7198ec114e34b736f9e3c5468c8~tplv-tiktokx-cropcenter:100:100.jpg?dr=10399&refresh_token=16ace69e&x-expires=1780200000&x-signature=QrTiXYWq0sjegKZYMPJkJOVY2%2F0%3D&t=4d5b0474&ps=13740610&shp=30310797&shcp=ff37627b&idc=no1a"
"😂😂😂","0","0","2026-04-21T02:29:36.000Z","jovovich.rjs.rmz","https://www.tiktok.com/@marcosjimenezpere/video/7629973371505249557","6813971432810071046","7631033974207759111","https://p16-common-sign.tiktokcdn-eu.com/tos-alisg-avt-0068/fa3b46dad914d29dbdf8106b97910e07~tplv-tiktokx-cropcenter:100:100.jpg?dr=10399&refresh_token=b0572252&x-expires=1780200000&x-signature=xqfRskfl3dtfBYXKICbRXq8CxRY%3D&t=4d5b0474&ps=13740610&shp=30310797&shcp=ff37627b&idc=no1a"
"😂😂😂","0","0","2026-04-21T00:09:38.000Z","nhmzpt","https://www.tiktok.com/@marcosjimenezpere/video/7629973371505249557","6804558804535493637","7630997856334332693","https://p16-common-sign.tiktokcdn-eu.com/tos-maliva-avt-0068/fa1a5c6778ec631e86fa5ae266ca7cbc~tplv-tiktokx-cropcenter:100:100.jpg?dr=10399&refresh_token=79acabfc&x-expires=1780200000&x-signature=qR1C9NVRgYljXC4WR%2BEVBRC7vxw%3D&t=4d5b0474&ps=13740610&shp=30310797&shcp=ff37627b&idc=no1a"
"😡😡😡","0","0","2026-04-20T23:59:46.000Z","ross0760","https://www.tiktok.com/@marcosjimenezpere/video/7629973371505249557","7487752565498676241","7630995334983156488","https://p16-common-sign.tiktokcdn-eu.com/tos-maliva-avt-0068/9a15654e295259d3012869ef6c8687d2~tplv-tiktokx-cropcenter:100:100.jpg?dr=10399&refresh_token=97f4f57d&x-expires=1780200000&x-signature=SGJrPPaFWQPKQ%2FMB3TwBwTqjdZY%3D&t=4d5b0474&ps=13740610&shp=30310797&shcp=ff37627b&idc=no1a"
"😂😂😂","0","0","2026-04-20T23:58:12.000Z","vivianey91","https://www.tiktok.com/@marcosjimenezpere/video/7629973371505249557","7168684965562909701","7630994970849280786","https://p16-common-sign.tiktokcdn-eu.com/tos-alisg-avt-0068/16e0ae33c1c2518183a567379b798ea9~tplv-tiktokx-cropcenter:100:100.jpg?dr=10399&refresh_token=6cdb22ce&x-expires=1780200000&x-signature=Vwg3QjtLNm3ErrwKJRRbtDXVDkM%3D&t=4d5b0474&ps=13740610&shp=30310797&shcp=ff37627b&idc=no1a"
"😂😂😂","0","0","2026-04-20T23:55:12.000Z","bull.bowie","https://www.tiktok.com/@marcosjimenezpere/video/7629973371505249557","6823450131016745989","7630994181783388946","https://p16-common-sign.tiktokcdn-eu.com/tos-maliva-avt-0068/2988e48a36b1700e19279d6dfbc6ab44~tplv-tiktokx-cropcenter:100:100.jpg?dr=10399&refresh_token=253f389a&x-expires=1780200000&x-signature=%2BdlMwx4CFBFCh259i%2FIQXqc54hc%3D&t=4d5b0474&ps=13740610&shp=30310797&shcp=ff37627b&idc=no1a"
"😂😂😂","0","0","2026-04-20T23:46:54.000Z","jiji87182","https://www.tiktok.com/@marcosjimenezpere/video/7629973371505249557","7431775858413683718","7630992065769325320","https://p16-common-sign.tiktokcdn-eu.com/tos-alisg-avt-0068/b9ec0b9af76ec498933f79905c4512f6~tplv-tiktokx-cropcenter:100:100.jpg?dr=10399&refresh_token=20f92489&x-expires=1780200000&x-signature=jDSA3w1x%2BkRaG6EQhb7hJkeUo1c%3D&t=4d5b0474&ps=13740610&shp=30310797&shcp=ff37627b&idc=no1a"
"🙄🙄🙄","0","0","2026-04-20T23:43:38.000Z","mefvsfv","https://www.tiktok.com/@marcosjimenezpere/video/7629973371505249557","6933275335187432453","7630991208190165768","https://p16-common-sign.tiktokcdn-eu.com/tos-alisg-avt-0068/c492a4d7f9837dbc42663b0affaf113a~tplv-tiktokx-cropcenter:100:100.jpg?dr=10399&refresh_token=73391a8e&x-expires=1780200000&x-signature=ZrI8L9efhMh8LRUJe%2Blul4KFmFU%3D&t=4d5b0474&ps=13740610&shp=30310797&shcp=ff37627b&idc=no1a"
"😂😂😂","0","0","2026-04-20T23:40:58.000Z","vgppurificadora","https://www.tiktok.com/@marcosjimenezpere/video/7629973371505249557","6830803081468118021","7630990565844337415","https://p16-common-sign.tiktokcdn-eu.com/tos-alisg-avt-0068/06cd763dc2e345e11d0bab92f2a18c1e~tplv-tiktokx-cropcenter:100:100.jpg?dr=10399&refresh_token=15d607ed&x-expires=1780200000&x-signature=BUg6H7WIlEW9jGlUJCwIhjEOkeA%3D&t=4d5b0474&ps=13740610&shp=30310797&shcp=ff37627b&idc=no1a"
"@Clara Brugada","0","0","2026-04-20T23:32:09.000Z","gineclogo_de_yegu","https://www.tiktok.com/@marcosjimenezpere/video/7629973371505249557","7497465458116002834","7630988230167692050","https://p16-common-sign.tiktokcdn-eu.com/tos-alisg-avt-0068/b2e8f79754e411c9deb6ede7f3baac34~tplv-tiktokx-cropcenter:100:100.jpg?dr=10399&refresh_token=33484112&x-expires=1780200000&x-signature=SvsHgI8Gazccc4zp2fVaKvPObxg%3D&t=4d5b0474&ps=13740610&shp=30310797&shcp=ff37627b&idc=no1a"
"😂😂😂","0","0","2026-04-20T23:13:48.000Z","dannesc92","https://www.tiktok.com/@marcosjimenezpere/video/7629973371505249557","7098797284649059334","7630983540503053064","https://p16-common-sign.tiktokcdn-eu.com/tos-alisg-avt-0068/a64bc66de104926681e97cf997d0d83d~tplv-tiktokx-cropcenter:100:100.jpg?dr=10399&refresh_token=522b4fa1&x-expires=1780200000&x-signature=eLd89hVFurSVhausQXpPsV7G2m8%3D&t=4d5b0474&ps=13740610&shp=30310797&shcp=ff37627b&idc=no1a"
"🙄🙄🙄","0","0","2026-04-20T22:07:48.000Z","malaelizondo","https://www.tiktok.com/@marcosjimenezpere/video/7629973371505249557","7310105884515681285","7630966456776229648","https://p16-common-sign.tiktokcdn-us.com/tos-alisg-avt-0068/f9ba8f345f36cc483e3b3a784e18779e~tplv-tiktokx-cropcenter:100:100.jpg?dr=9640&refresh_token=2f46bf57&x-expires=1780200000&x-signature=7wbB%2FZ0kF2%2F37R4NTWmdu3duhus%3D&t=4d5b0474&ps=13740610&shp=30310797&shcp=ff37627b&idc=useast8"
"😁😁😁","0","0","2026-04-20T22:15:36.000Z","www.tiktok.comyol4","https://www.tiktok.com/@marcosjimenezpere/video/7629973371505249557","7286334745378046982","7630968504711578384","https://p16-common-sign.tiktokcdn-us.com/tos-maliva-avt-0068/7cbf28d85dc20a1a21f0fa2147cec5bc~tplv-tiktokx-cropcenter:100:100.jpg?dr=9640&refresh_token=122bba58&x-expires=1780200000&x-signature=1sL2FBMXxer9MeGFEyoSlGtFxGY%3D&t=4d5b0474&ps=13740610&shp=30310797&shcp=ff37627b&idc=useast8"
"😂😂","0","0","2026-04-20T22:20:33.000Z","cositaschidas.com","https://www.tiktok.com/@marcosjimenezpere/video/7629973371505249557","7232752888514642962","7630969769237299986","https://p16-common-sign.tiktokcdn-us.com/tos-maliva-avt-0068/19e8663d9c372e686eec863da39d82dd~tplv-tiktokx-cropcenter:100:100.jpg?dr=9640&refresh_token=01e9b94d&x-expires=1780200000&x-signature=zpsLxBnFhZ9v9DSF%2FfWbs6Ph%2BiI%3D&t=4d5b0474&ps=13740610&shp=30310797&shcp=ff37627b&idc=useast8"
"🥰🥰🥰","0","0","2026-04-20T22:26:05.000Z","lizbethdorantes4","https://www.tiktok.com/@marcosjimenezpere/video/7629973371505249557","6821499433244754950","7630971213435568897","https://p16-common-sign.tiktokcdn-us.com/tos-maliva-avt-0068/7324795803556560901~tplv-tiktokx-cropcenter:100:100.jpg?dr=9640&refresh_token=ecbb5c8e&x-expires=1780200000&x-signature=Uea7bFgLMCoqj9mDu1lzvxn68KE%3D&t=4d5b0474&ps=13740610&shp=30310797&shcp=ff37627b&idc=useast8"
"😂😂😂","0","0","2026-04-20T22:28:11.000Z","karen.lizeth.ange","https://www.tiktok.com/@marcosjimenezpere/video/7629973371505249557","7160852665554813958","7630971725380223765","https://p19-common-sign.tiktokcdn-us.com/tos-maliva-avt-0068/7254002751802048517~tplv-tiktokx-cropcenter:100:100.jpg?dr=9640&refresh_token=2d402315&x-expires=1780200000&x-signature=boqQIJc31zkaVFzl2zcVKV4WNt0%3D&t=4d5b0474&ps=13740610&shp=30310797&shcp=ff37627b&idc=useast8"
"🤣🤣🤣","0","0","2026-04-20T22:37:03.000Z","arthurbelikov","https://www.tiktok.com/@marcosjimenezpere/video/7629973371505249557","6895592270427948037","7630974060872418068","https://p16-common-sign.tiktokcdn-us.com/tos-alisg-avt-0068/36b04df15d892cbe37122fef246511d6~tplv-tiktokx-cropcenter:100:100.jpg?dr=9640&refresh_token=c7338a38&x-expires=1780200000&x-signature=TZZ1mkit5tnu8vQ%2FOOGwcJLrpWc%3D&t=4d5b0474&ps=13740610&shp=30310797&shcp=ff37627b&idc=useast8"
"😒😒😒","0","0","2026-04-20T22:57:09.000Z","lauriuxocio","https://www.tiktok.com/@marcosjimenezpere/video/7629973371505249557","6984817550962328581","7630979241991242514","https://p19-common-sign.tiktokcdn-us.com/tos-maliva-avt-0068/a3cd308218d0f638a8f3b19e752caf89~tplv-tiktokx-cropcenter:100:100.jpg?dr=9640&refresh_token=1f3d0c72&x-expires=1780200000&x-signature=UQdOX5InbKYt4RjkSxfijXa%2BwsM%3D&t=4d5b0474&ps=13740610&shp=30310797&shcp=ff37627b&idc=useast8"
"😂😂😂","0","0","2026-04-20T23:11:21.000Z","kekillaestrada","https://www.tiktok.com/@marcosjimenezpere/video/7629973371505249557","7141167391278547974","7630982914230092552","https://p16-common-sign.tiktokcdn-us.com/tos-maliva-avt-0068/7141168146249220102~tplv-tiktokx-cropcenter:100:100.jpg?dr=9640&refresh_token=6ee57831&x-expires=1780200000&x-signature=VmLs9pWrwhRhjA2%2BPSbpX2Y5YPg%3D&t=4d5b0474&ps=13740610&shp=30310797&shcp=ff37627b&idc=useast8"
"😂😂😂","0","0","2026-04-20T22:05:17.000Z","dmhm2001","https://www.tiktok.com/@marcosjimenezpere/video/7629973371505249557","225406965039030272","7630965881195643666","https://p16-common-sign.tiktokcdn-eu.com/tos-maliva-avt-0068/5802f4fe0720cd4b70a3b97ff5a625f8~tplv-tiktokx-cropcenter:100:100.jpg?dr=10399&refresh_token=919d5eb0&x-expires=1780200000&x-signature=zDF84or0iX%2BXni3FhBcK%2FR4lgGc%3D&t=4d5b0474&ps=13740610&shp=30310797&shcp=ff37627b&idc=no1a"
"solo les recuerdo que una mujer perdió la vida solo por salir en busca de empleo, un enfermo desvivio a varias personas desde una pirámide de Teotihuacan y el metro de la ciudad está en su peor momento, RAZONES PARA MANIFESTARNOS DURANTE EL MUNDIAL SI TENEMOS","0","0","2026-04-21T04:48:40.000Z","itzela_aa","https://www.tiktok.com/@marcosjimenezpere/video/7629973371505249557","6841696299298636806","7631069856288637703","https://p16-common-sign.tiktokcdn-eu.com/tos-alisg-avt-0068/2db06e234d947d54e1f72836a7e24ee2~tplv-tiktokx-cropcenter:100:100.jpg?dr=10399&refresh_token=35efe027&x-expires=1780200000&x-signature=LE8WaG7jwRvU1XgPfKGlf%2BxS%2F7I%3D&t=4d5b0474&ps=13740610&shp=30310797&shcp=ff37627b&idc=no1a"
"Women","0","0","2026-04-20T23:44:58.000Z","gadgetsrd","https://www.tiktok.com/@marcosjimenezpere/video/7629973371505249557","7184076411278263301","7630991503012430610","https://p19-common-sign.tiktokcdn-eu.com/tos-alisg-avt-0068/fb44da580585d0fe7d1a461f4780ff08~tplv-tiktokx-cropcenter:100:100.jpg?dr=10399&refresh_token=32032138&x-expires=1780200000&x-signature=Uj1TfaPIB%2B26i96wof5ggILKot4%3D&t=4d5b0474&ps=13740610&shp=30310797&shcp=ff37627b&idc=no1a"
"Un pais con esos niveles de delincuencia e inseguridad tendría que tener prohibido celebrar nada","0","0","2025-11-10T22:41:32.000Z","alameitor","https://www.tiktok.com/@politicomx/video/7571117511932972296","7038161689837306885","7571230499119088406","https://p19-common-sign.tiktokcdn-us.com/tos-useast2a-avt-0068-euttp/e0b9938562be854ac040d1bca50eae16~tplv-tiktokx-cropcenter:100:100.jpg?dr=9640&refresh_token=bb036cff&x-expires=1780200000&x-signature=zP%2FPFiYalMFQwLHWRB3LtE22AQ0%3D&t=4d5b0474&ps=13740610&shp=30310797&shcp=ff37627b&idc=useast8"
"No le da vergüenza de como tiene al país lleno de ollos y la inseguridad a su máximo","0","0","2025-11-10T23:06:44.000Z","ivonne.herrera94","https://www.tiktok.com/@politicomx/video/7571117511932972296","7421413620245873669","7571237023252546305","https://p19-common-sign.tiktokcdn-us.com/tos-maliva-avt-0068/c6c0cea95d0122303d0e990d0ffb8847~tplv-tiktokx-cropcenter:100:100.jpg?dr=9640&refresh_token=9deecc21&x-expires=1780200000&x-signature=BrHWr1%2BokwqyIoLM36cGi8Vu%2BbY%3D&t=4d5b0474&ps=13740610&shp=30310797&shcp=ff37627b&idc=useast8"
"SU AEROPUERTO ISRA QUE NI LAS Pulgas SE PARAN ALLA","0","0","2025-11-10T23:14:23.000Z","abrahamsave","https://www.tiktok.com/@politicomx/video/7571117511932972296","7034170615842178054","7571238964598965013","https://p16-common-sign.tiktokcdn-us.com/tos-maliva-avt-0068/3091aad9a8643ba1ecbea53f393bff9b~tplv-tiktokx-cropcenter:100:100.jpg?dr=9640&refresh_token=91a2ee36&x-expires=1780200000&x-signature=DpPVn5t%2FkeN3bC0Gd%2BZ9c9oS%2F4I%3D&t=4d5b0474&ps=13740610&shp=30310797&shcp=ff37627b&idc=useast8"
"Ojala se cancele","0","0","2025-11-10T23:16:18.000Z","infinity8makeup","https://www.tiktok.com/@politicomx/video/7571117511932972296","7398402918967247877","7571239472608723732","https://p16-common-sign.tiktokcdn-us.com/tos-alisg-avt-0068/c9db9a9f4d69b9e18a755522a791adea~tplv-tiktokx-cropcenter:100:100.jpg?dr=9640&refresh_token=d2f3e02c&x-expires=1780200000&x-signature=OuNa63HoWIOln6X0eObe5doivvM%3D&t=4d5b0474&ps=13740610&shp=30310797&shcp=ff37627b&idc=useast8"
"ojalá lo cancelen aqui","0","0","2025-11-10T23:24:44.000Z","haaayleey","https://www.tiktok.com/@politicomx/video/7571117511932972296","7150290261708604422","7571241643140137748","https://p16-common-sign.tiktokcdn-us.com/tos-alisg-avt-0068/1b5a7fe3fd30efc64d2f039d16f6ecfd~tplv-tiktokx-cropcenter:100:100.jpg?dr=9640&refresh_token=0b68c7ab&x-expires=1780200000&x-signature=R7tdVI4XFMZNJ0arnEFlVH%2B9aqQ%3D&t=4d5b0474&ps=13740610&shp=30310797&shcp=ff37627b&idc=useast8"
"no creo que vayan 🤣🤣 con el desmadre que trae doña limones 🤣","0","0","2025-11-11T10:27:45.000Z","antonioarriaga69","https://www.tiktok.com/@politicomx/video/7571117511932972296","6824293041541841925","7571412364155732750","https://p19-common-sign.tiktokcdn-us.com/tos-maliva-avt-0068/501df19af79ebe0c7ffb85c474be5344~tplv-tiktokx-cropcenter:100:100.jpg?dr=9640&refresh_token=c5cdafa9&x-expires=1780200000&x-signature=7vxJjB34ZDUYMGSaroTaFaNsWbA%3D&t=4d5b0474&ps=13740610&shp=30310797&shcp=ff37627b&idc=useast8"
"Eso 5.5 millones de turistas q presumen mucho se van a quedar a vivir sin documentos","0","0","2025-11-10T23:35:04.000Z","eduardosanchezuwuquqkwk4","https://www.tiktok.com/@politicomx/video/7571117511932972296","7441267300605019192","7571244267064181511","https://p19-common-sign.tiktokcdn-us.com/tos-maliva-avt-0068/878b942e4dab0d13351791fac3d13a79~tplv-tiktokx-cropcenter:100:100.jpg?dr=9640&refresh_token=6667dd27&x-expires=1780200000&x-signature=N%2FlJE8oqQ5MNWt1RmQjhXxVZXlE%3D&t=4d5b0474&ps=13740610&shp=30310797&shcp=ff37627b&idc=useast8"
"y la ciudad está hecha una cochinada","0","0","2025-11-11T15:22:24.000Z","eladio.jimenez04","https://www.tiktok.com/@politicomx/video/7571117511932972296","7455123263901336582","7571488476916368149","https://p19-common-sign.tiktokcdn-us.com/tos-maliva-avt-0068/1ddbbb818d6721c28b3cfc6fc6c3b0c6~tplv-tiktokx-cropcenter:100:100.jpg?dr=9640&refresh_token=c903883b&x-expires=1780200000&x-signature=UkTc7t7jSxDAtVfyU7C8xZmFIpk%3D&t=4d5b0474&ps=13740610&shp=30310797&shcp=ff37627b&idc=useast8"
"ya me ví en el Oxxo Bailando con las de brasil","0","0","2025-12-06T03:50:35.000Z","yayo83399","https://www.tiktok.com/@politicomx/video/7571117511932972296","7402082937191203846","7580587267410084609","https://p19-common-sign.tiktokcdn-us.com/tos-alisg-avt-0068/6d5f96fab588bab7cd73ce51b489501d~tplv-tiktokx-cropcenter:100:100.jpg?dr=9640&refresh_token=611ab924&x-expires=1780200000&x-signature=t%2B88YItfi7JNFa5ebkDzi1XdedU%3D&t=4d5b0474&ps=13740610&shp=30310797&shcp=ff37627b&idc=useast8"
"A ver si no los desviven","0","0","2025-11-10T23:12:37.000Z","daniperez_11","https://www.tiktok.com/@politicomx/video/7571117511932972296","6906706167998923781","7571238513863426871","https://p16-common-sign.tiktokcdn-us.com/tos-useast5-avt-0068-tx/7347411514724188202~tplv-tiktokx-cropcenter:100:100.jpg?dr=9640&refresh_token=4c16f213&x-expires=1780200000&x-signature=19od6LQ8NugCrxEiV3jru267nYs%3D&t=4d5b0474&ps=13740610&shp=30310797&shcp=ff37627b&idc=useast8"
"Que miedo……. ATENCIÓN TURISTAS MÉXICO NO PUEDE NI CON SU GENTE MENOS CON TURISTAS","1","0","2025-11-11T01:12:28.000Z","serpascielo","https://www.tiktok.com/@politicomx/video/7571117511932972296","7083510532574397483","7571269434287932190","https://p16-common-sign.tiktokcdn-eu.com/tos-maliva-avt-0068/2ccfafc21a168a96f938d1b6905d0762~tplv-tiktokx-cropcenter:100:100.jpg?dr=10399&refresh_token=a59b452d&x-expires=1780200000&x-signature=SS5J10RzFb%2BmBhqiYwwGEoEFnC4%3D&t=4d5b0474&ps=13740610&shp=30310797&shcp=ff37627b&idc=no1a"
"😁","0","0","2025-11-28T03:35:35.000Z","raularanda7620","https://www.tiktok.com/@politicomx/video/7571117511932972296","7001670505859580933","7577614739203687185","https://p16-common-sign.tiktokcdn.com/tos-maliva-avt-0068/7333885600443367429~tplv-tiktokx-cropcenter:100:100.jpg?dr=14579&refresh_token=b8974215&x-expires=1780200000&x-signature=gG0U3FULmtnfsEZRhmyBkw65YcU%3D&t=4d5b0474&ps=13740610&shp=30310797&shcp=ff37627b&idc=my2"
"😂😂😂","0","0","2025-11-11T13:10:56.000Z","toseronefans1224","https://www.tiktok.com/@politicomx/video/7571117511932972296","6832398509849756677","7571454610545181447","https://p16-common-sign.tiktokcdn.com/tos-alisg-avt-0068/990430cac5dccc2c95d5c1e69131e2e1~tplv-tiktokx-cropcenter:100:100.jpg?dr=14579&refresh_token=9d448d9e&x-expires=1780200000&x-signature=XpLYKeJMSTJReFvKSqEASgLV2EE%3D&t=4d5b0474&ps=13740610&shp=30310797&shcp=ff37627b&idc=my2"
"🔥🔥🔥","0","0","2025-11-11T05:23:46.000Z","coreanoooonl","https://www.tiktok.com/@politicomx/video/7571117511932972296","7168855226932937734","7571334206325130002","https://p16-common-sign.tiktokcdn.com/tos-alisg-avt-0068/308d337f0e5b63fb2f11f1046e1a824c~tplv-tiktokx-cropcenter:100:100.jpg?dr=14579&refresh_token=2d8adf79&x-expires=1780200000&x-signature=zfMFyFMGSVSwp3qFajbT6ae49Ts%3D&t=4d5b0474&ps=13740610&shp=30310797&shcp=ff37627b&idc=my2"
"🤡🤡🤡🤡","0","0","2025-11-11T02:15:35.000Z","javierloera5","https://www.tiktok.com/@politicomx/video/7571117511932972296","6799134128652977157","7571285682884199199","https://p16-common-sign.tiktokcdn.com/tos-maliva-avt-0068/7b9defb58254cc74b5fe6362f33921da~tplv-tiktokx-cropcenter:100:100.jpg?dr=14579&refresh_token=1a0be2f2&x-expires=1780200000&x-signature=Ftu5y3SzUPpSIuRSqwB%2BSJ3FIo8%3D&t=4d5b0474&ps=13740610&shp=30310797&shcp=ff37627b&idc=my2"
"😂😂😂","0","0","2025-11-11T02:03:13.000Z","fidofido287","https://www.tiktok.com/@politicomx/video/7571117511932972296","6953437972814513158","7571282506042884882","https://p16-common-sign.tiktokcdn.com/tos-alisg-avt-0068/2168b54ab93afef15f1128d7ac0d5088~tplv-tiktokx-cropcenter:100:100.jpg?dr=14579&refresh_token=cef70372&x-expires=1780200000&x-signature=EsBVsTjx4Y5%2FeaSA0tLDrjB7CfM%3D&t=4d5b0474&ps=13740610&shp=30310797&shcp=ff37627b&idc=my2"
"Habiendo cosas más importantes, se pone a hablar de pendejadas*🙄🙄🙄🙄 fuera morena","0","0","2025-11-11T05:01:11.000Z","geny82179","https://www.tiktok.com/@politicomx/video/7571117511932972296","7434374743518053432","7571328394466493192","https://p16-common-sign.tiktokcdn.com/tos-alisg-avt-0068/61fd8f5139dd271e91bb5f320c68853d~tplv-tiktokx-cropcenter:100:100.jpg?dr=14579&refresh_token=a233b9ff&x-expires=1780200000&x-signature=xSFtoT2hne6hSMRKz6DbYoi1hQY%3D&t=4d5b0474&ps=13740610&shp=30310797&shcp=ff37627b&idc=my2"
"De miedo de los narcos, yo no iría, ni aconsejo que vaya nadie con ese narcogobierno y corruptos","0","0","2025-11-10T21:31:30.000Z","eliascruz1143","https://www.tiktok.com/@politicomx/video/7571117511932972296","6881323853999277061","7571212485317362443","https://p16-common-sign.tiktokcdn-us.com/tos-alisg-avt-0068/7326515247026536469~tplv-tiktokx-cropcenter:100:100.jpg?dr=9640&refresh_token=f8e90f77&x-expires=1780200000&x-signature=gtvgxHCfnc4j2aezsMSbUeymIMA%3D&t=4d5b0474&ps=13740610&shp=30310797&shcp=ff37627b&idc=useast8"
"Cortina de humo por lo de Carlos Manzo","0","0","2025-11-10T21:33:34.000Z","456fjak","https://www.tiktok.com/@politicomx/video/7571117511932972296","7077323385248105478","7571213038360052488","https://p16-common-sign.tiktokcdn-us.com/tos-maliva-avt-0068/8d0f91dae7174d273d28e82feb7a0b7b~tplv-tiktokx-cropcenter:100:100.jpg?dr=9640&refresh_token=54c2af2c&x-expires=1780200000&x-signature=40UTmuuTwvvsWLmjfzmzIlNYT%2Fs%3D&t=4d5b0474&ps=13740610&shp=30310797&shcp=ff37627b&idc=useast8"
"Sigan esperando👍💀","0","0","2025-11-10T21:35:54.000Z","jaidercayu","https://www.tiktok.com/@politicomx/video/7571117511932972296","7412730791681541125","7571213629618389768","https://p19-common-sign.tiktokcdn-us.com/tos-maliva-avt-0068/5a8f4bd073d9a7181583b0cc5d352959~tplv-tiktokx-cropcenter:100:100.jpg?dr=9640&refresh_token=f35c89ae&x-expires=1780200000&x-signature=hweUa8JExXgtxv70tjEZXHnPzA4%3D&t=4d5b0474&ps=13740610&shp=30310797&shcp=ff37627b&idc=useast8"
"y así como nos dejan cargar en los aeropuertos","0","0","2025-11-10T21:52:21.000Z","user6006028724206","https://www.tiktok.com/@politicomx/video/7571117511932972296","7202058316788237318","7571217806575338261","https://p16-common-sign.tiktokcdn-us.com/musically-maliva-obj/1594805258216454~tplv-tiktokx-cropcenter:100:100.jpg?dr=9640&refresh_token=f6d184af&x-expires=1780200000&x-signature=VW8UWPJqAaIplom5IP4ju2xgIsk%3D&t=4d5b0474&ps=13740610&shp=30310797&shcp=ff37627b&idc=useast8"
"Deberiamos de evitar que el mundial lo hagan aqui como manifestacion a su asqueroso gobierno, a la inseguridad, a la corrupción, a la falta de medicamentos, si no puede cumplirle ni a los mexicanos en materia de seguridad, que les espera a los extranjeros 🙄🙄","0","0","2025-11-10T21:55:03.000Z","nohemisanchez171","https://www.tiktok.com/@politicomx/video/7571117511932972296","6541765488748270607","7571218509264372488","https://p19-common-sign.tiktokcdn-us.com/tos-alisg-avt-0068/d0eaae63526548798f098586a5e296dc~tplv-tiktokx-cropcenter:100:100.jpg?dr=9640&refresh_token=ef71a9f4&x-expires=1780200000&x-signature=dU4od1cEW6qwyMHEX747dIOyDFY%3D&t=4d5b0474&ps=13740610&shp=30310797&shcp=ff37627b&idc=useast8"
"uuy ya saben como nos encontramos los MEXICANOS con esta mal dita inseguridad mexico se desangra ahora la corrupcion nise diga","0","0","2025-11-10T21:56:03.000Z","userp3l9kbribk","https://www.tiktok.com/@politicomx/video/7571117511932972296","7121750621376562181","7571217228317573909","https://p16-common-sign.tiktokcdn-us.com/tos-alisg-avt-0068/3eb5b3be7502e6a37a844ae6b28a9d75~tplv-tiktokx-cropcenter:100:100.jpg?dr=9640&refresh_token=c44a1320&x-expires=1780200000&x-signature=0wEYzKMnRhkqMeVzE939I8jtUyY%3D&t=4d5b0474&ps=13740610&shp=30310797&shcp=ff37627b&idc=useast8"
"cuando no sabes lo que es trabajar y solo estirar la mano","0","0","2025-11-10T21:56:59.000Z","sotojosea","https://www.tiktok.com/@politicomx/video/7571117511932972296","6931101191406257158","7571219013284905735","https://p16-common-sign.tiktokcdn-us.com/tos-maliva-avt-0068/7323227358608293894~tplv-tiktokx-cropcenter:100:100.jpg?dr=9640&refresh_token=1eef2edf&x-expires=1780200000&x-signature=1SimCGgniDx%2FltzYftT%2BdY1UhAA%3D&t=4d5b0474&ps=13740610&shp=30310797&shcp=ff37627b&idc=useast8"
"🍋‍🟩🍋‍🟩","0","0","2025-11-12T22:36:19.000Z","hugosotelo1527","https://www.tiktok.com/@politicomx/video/7571117511932972296","7066892599295263750","7571971296998753032","https://p16-common-sign.tiktokcdn-eu.com/musically-maliva-obj/1594805258216454~tplv-tiktokx-cropcenter:100:100.jpg?dr=10399&refresh_token=4e4254cb&x-expires=1780200000&x-signature=ZwQE3W%2FYdO0RcGX4cEf22EDYdus%3D&t=4d5b0474&ps=13740610&shp=30310797&shcp=ff37627b&idc=no1a"
"Soy de mexico y la neta no vengan","0","0","2025-11-11T12:54:44.000Z","chicos_uam4","https://www.tiktok.com/@politicomx/video/7571117511932972296","6925147390090642438","7571450419156189960","https://p16-common-sign.tiktokcdn-eu.com/tos-alisg-avt-0068/f1e490683cb245e75b9803ece39532a7~tplv-tiktokx-cropcenter:100:100.jpg?dr=10399&refresh_token=6d3ee039&x-expires=1780200000&x-signature=xm%2FDP8U8bXCBF7d%2F2NOUn46VIW8%3D&t=4d5b0474&ps=13740610&shp=30310797&shcp=ff37627b&idc=no1a"
"cuantos muertos pueden haber?😏","0","0","2025-11-11T10:13:14.000Z","jmauricioaguilera","https://www.tiktok.com/@politicomx/video/7571117511932972296","6993708215969301510","7571408778055975691","https://p16-common-sign.tiktokcdn-eu.com/tos-maliva-avt-0068/b62a11ee00750c3bb517309021dda3c4~tplv-tiktokx-cropcenter:100:100.jpg?dr=10399&refresh_token=ec1bcedd&x-expires=1780200000&x-signature=xkvJEFG%2B%2Fp%2FOZ51mnqRC3ZBgt3Q%3D&t=4d5b0474&ps=13740610&shp=30310797&shcp=ff37627b&idc=no1a"
"soy mexicano.
no vengan a México, la presidenta se está pasando de lanza, la inseguridad está canija.","0","0","2025-11-11T07:17:55.000Z","tzilacatzin028","https://www.tiktok.com/@politicomx/video/7571117511932972296","6964041408010142725","7571363610275414804","https://p16-common-sign.tiktokcdn-eu.com/tos-maliva-avt-0068/7333263893168390149~tplv-tiktokx-cropcenter:100:100.jpg?dr=10399&refresh_token=ba2dc66a&x-expires=1780200000&x-signature=aSu8%2BJ5ouJ45%2BpNrTPqK2%2FLRZfQ%3D&t=4d5b0474&ps=13740610&shp=30310797&shcp=ff37627b&idc=no1a"
"Visitantes se escribe con m de mujer 🤣","0","0","2025-11-11T06:22:47.000Z","ignacio.cruz39","https://www.tiktok.com/@politicomx/video/7571117511932972296","7259596136959755310","7571349234202084126","https://p16-common-sign.tiktokcdn-eu.com/tos-maliva-avt-0068/04ddf137757d2de96b41f77726c734ae~tplv-tiktokx-cropcenter:100:100.jpg?dr=10399&refresh_token=d6ad567b&x-expires=1780200000&x-signature=FiYkOFjbZAbN2d3mTIVD8A49hb4%3D&t=4d5b0474&ps=13740610&shp=30310797&shcp=ff37627b&idc=no1a"
"deja tus jueguitos y ponte las pilas bien sabes que los mexicanos queremos que actúes con los malos","0","0","2025-11-11T06:14:00.000Z","noofender1michoacano","https://www.tiktok.com/@politicomx/video/7571117511932972296","7212123308434785286","7571347168059605767","https://p19-common-sign.tiktokcdn-eu.com/tos-alisg-avt-0068/97aad9718f33de93507ca40825e13bf1~tplv-tiktokx-cropcenter:100:100.jpg?dr=10399&refresh_token=8b3a6830&x-expires=1780200000&x-signature=gunbmgf%2F4HPLSrcpnEGwu8EvSYA%3D&t=4d5b0474&ps=13740610&shp=30310797&shcp=ff37627b&idc=no1a"
"Pobres turistas. van a venir con un chingo de miedo. ya que morena está con la delincuencia.","0","0","2025-11-11T06:06:03.000Z","dyyfcpdhgl1x","https://www.tiktok.com/@politicomx/video/7571117511932972296","7043611094494102533","7571345087742149384","https://p16-common-sign.tiktokcdn-eu.com/tos-alisg-avt-0068/466b7b9e7017bbb3b16bcf01aa78008b~tplv-tiktokx-cropcenter:100:100.jpg?dr=10399&refresh_token=c6e05e0e&x-expires=1780200000&x-signature=7R%2FXdK1z3dIS8buT4Hz7v%2FfTQL8%3D&t=4d5b0474&ps=13740610&shp=30310797&shcp=ff37627b&idc=no1a"
"vieja rata ,y de seguro va a subir el impuesto por atender al turismo","0","0","2025-11-11T06:03:17.000Z","megamare6","https://www.tiktok.com/@politicomx/video/7571117511932972296","7237732574674699269","7571344379421131540","https://p16-common-sign.tiktokcdn-eu.com/musically-maliva-obj/1594805258216454~tplv-tiktokx-cropcenter:100:100.jpg?dr=10399&refresh_token=4e4254cb&x-expires=1780200000&x-signature=ZwQE3W%2FYdO0RcGX4cEf22EDYdus%3D&t=4d5b0474&ps=13740610&shp=30310797&shcp=ff37627b&idc=no1a"
"con la inseguridad que ahy es un miedo venir a mexico","0","0","2025-11-11T05:32:25.000Z","user3288884115374","https://www.tiktok.com/@politicomx/video/7571117511932972296","7455951707911275526","7571335812730798866","https://p19-common-sign.tiktokcdn-eu.com/tos-maliva-avt-0068/b2283a2f33b4705b69e345cda589584e~tplv-tiktokx-cropcenter:100:100.jpg?dr=10399&refresh_token=7196fd7e&x-expires=1780200000&x-signature=LZangN6CAHlahYKerRcTBboFU1Q%3D&t=4d5b0474&ps=13740610&shp=30310797&shcp=ff37627b&idc=no1a"
"[Sticker] Dice que hagamos manifestaciones?","0","0","2026-05-17T15:29:36.000Z","fernny_so","https://www.tiktok.com/@marcosjimenezpere/video/7629973371505249557","7390100571510490117","7640883249464066824","https://p16-common-sign.tiktokcdn.com/tos-alisg-avt-0068/6fdca995c0fd8ce35b47e83589cfedd6~tplv-tiktokx-cropcenter:100:100.jpg?dr=14579&refresh_token=d6d192a3&x-expires=1780200000&x-signature=loWWcHZTeUfZ9mcFMFWClz1AWdY%3D&t=4d5b0474&ps=13740610&shp=30310797&shcp=ff37627b&idc=my2"
"Ahora si los policías se van hacer ricos los weyes 😁","0","0","2025-11-11T08:34:08.000Z","josearredondo078","https://www.tiktok.com/@politicomx/video/7571117511932972296","6921813365098578949","7571382916119986974","https://p16-common-sign.tiktokcdn.com/tos-maliva-avt-0068/7322833745504829445~tplv-tiktokx-cropcenter:100:100.jpg?dr=14579&refresh_token=c0a1d475&x-expires=1780200000&x-signature=r0EiYasuc6f53mawIK2X9YOhn30%3D&t=4d5b0474&ps=13740610&shp=30310797&shcp=ff37627b&idc=my"
"ocupó 5 personas para agarrar unos 3 árabes 😂✨💯salimos de pobres por qué salimos😂","0","0","2025-11-11T06:35:21.000Z","pepeloco94","https://www.tiktok.com/@politicomx/video/7571117511932972296","7507802276251386886","7571352658603344648","https://p16-common-sign.tiktokcdn.com/tos-alisg-avt-0068/78dba204810efd27155e40e7125cc5fd~tplv-tiktokx-cropcenter:100:100.jpg?dr=14579&refresh_token=ad55747d&x-expires=1780200000&x-signature=VuvVAv6%2FEhg%2BJlNZGSl41uuw8iY%3D&t=4d5b0474&ps=13740610&shp=30310797&shcp=ff37627b&idc=my"
"😂😂😂","0","0","2026-04-20T21:40:28.000Z","monicaflorescarra","https://www.tiktok.com/@marcosjimenezpere/video/7629973371505249557","7060724997811258374","7630959461453366024","https://p16-common-sign.tiktokcdn-us.com/tos-maliva-avt-0068/7336195896754831366~tplv-tiktokx-cropcenter:100:100.jpg?dr=9640&refresh_token=6f0ea3e3&x-expires=1780200000&x-signature=aFehMbwXmE8WyVzl%2FlCUAfJZ8sM%3D&t=4d5b0474&ps=13740610&shp=30310797&shcp=ff37627b&idc=useast5"
"Como tal no digo eso, pero lo peor es que si lo da a entender 😩","0","1","2026-04-20T21:41:33.000Z","soysantybautista","https://www.tiktok.com/@marcosjimenezpere/video/7629973371505249557","6926705600953811973","7630959752017953554","https://p16-common-sign.tiktokcdn-us.com/tos-alisg-avt-0068/7e72c5516f2174cbca9d5d6a9c204313~tplv-tiktokx-cropcenter:100:100.jpg?dr=9640&refresh_token=a78b86b0&x-expires=1780200000&x-signature=w%2F2Qv1gnglzbRFG4XCGcfi%2BxlVE%3D&t=4d5b0474&ps=13740610&shp=30310797&shcp=ff37627b&idc=useast5"
"Donde esta el sticker de que se vaya a la... 😏","0","0","2026-04-20T21:44:11.000Z","montserratc7","https://www.tiktok.com/@marcosjimenezpere/video/7629973371505249557","6794130243432285190","7630960442046677780","https://p16-common-sign.tiktokcdn-us.com/tos-alisg-avt-0068/48919dce99f24f69788f81b7e2b73740~tplv-tiktokx-cropcenter:100:100.jpg?dr=9640&refresh_token=3355df9d&x-expires=1780200000&x-signature=5nZnJRRygSLvh9Grp0nKNN7J3E4%3D&t=4d5b0474&ps=13740610&shp=30310797&shcp=ff37627b&idc=useast5"
"Yo estoy de acuerdo: que los que trabajan en gobierno no salgan de sus casas para que no nos dejen en ridículo y los turistas disfruten. 🙂","0","0","2026-04-20T21:44:56.000Z","jm.anna1","https://www.tiktok.com/@marcosjimenezpere/video/7629973371505249557","7132731463166542853","7630960592111371028","https://p19-common-sign.tiktokcdn-us.com/tos-maliva-avt-0068/59e57bc52b396e440d3efd8f53a91bf2~tplv-tiktokx-cropcenter:100:100.jpg?dr=9640&refresh_token=17f486b3&x-expires=1780200000&x-signature=oJL6%2FL%2F2Xrd2sVnEWUzavv7D0Hs%3D&t=4d5b0474&ps=13740610&shp=30310797&shcp=ff37627b&idc=useast5"
"solo entendí que quiere ptzs","0","0","2026-04-20T21:45:00.000Z","nath.casher","https://www.tiktok.com/@marcosjimenezpere/video/7629973371505249557","7611055990750561296","7630960648147616513","https://p16-common-sign.tiktokcdn-us.com/tos-alisg-avt-0068/f6b458de242f36ce2dbb7efaa156c22a~tplv-tiktokx-cropcenter:100:100.jpg?dr=9640&refresh_token=1ef36fc2&x-expires=1780200000&x-signature=QaPQ3SydqaCpf6trnT3Tpv5teg0%3D&t=4d5b0474&ps=13740610&shp=30310797&shcp=ff37627b&idc=useast5"
"Lo que le debería preocupar es la mala imagen e ineptitud de su gobierno tanta inseguridad y desaparecidos x eso los turistas ni de locos usarán el metro saben q no es confiable y x eso están contratando autos blindados y seguridad.","0","0","2026-04-20T16:15:21.000Z","lunomangos","https://www.tiktok.com/@marcosjimenezpere/video/7629973371505249557","6930662485402436614","7630875756763415303","https://p19-common-sign.tiktokcdn-us.com/tos-maliva-avt-0068/7322322689719599110~tplv-tiktokx-cropcenter:100:100.jpg?dr=9640&refresh_token=638cd21c&x-expires=1780200000&x-signature=mywlssQQL7%2FpHs0PSTHnb05%2FcnA%3D&t=4d5b0474&ps=13740610&shp=30310797&shcp=ff37627b&idc=useast5"
"Allá nos vemos Clarita !!!!","0","0","2026-04-20T15:01:49.000Z","abichuela.mgica73","https://www.tiktok.com/@marcosjimenezpere/video/7629973371505249557","7518769208105485318","7630856801843692308","https://p19-common-sign.tiktokcdn-us.com/tos-alisg-avt-0068/2c7296bdc9b9f8edf71b11cf0bf6b7fe~tplv-tiktokx-cropcenter:100:100.jpg?dr=9640&refresh_token=5984e5df&x-expires=1780200000&x-signature=PU0Sk6ZNwDDS%2Bicms6rq%2F90o8ic%3D&t=4d5b0474&ps=13740610&shp=30310797&shcp=ff37627b&idc=useast5"
"Es como decirle a un niño que lo haga","0","0","2026-04-20T15:03:02.000Z","jezthjk_","https://www.tiktok.com/@marcosjimenezpere/video/7629973371505249557","6863311917684999173","7630857108388725524","https://p19-common-sign.tiktokcdn-us.com/tos-alisg-avt-0068/79b05921d790817e23e26860ce1da28a~tplv-tiktokx-cropcenter:100:100.jpg?dr=9640&refresh_token=c2d2bfb4&x-expires=1780200000&x-signature=ylFPm3h2jz%2FTOq9ARGYDQjpvMfI%3D&t=4d5b0474&ps=13740610&shp=30310797&shcp=ff37627b&idc=useast5"
"jajaja","0","0","2026-04-20T15:04:33.000Z","enelya_catalan","https://www.tiktok.com/@marcosjimenezpere/video/7629973371505249557","6932686464027788293","7630857502624350984","https://p16-common-sign.tiktokcdn-us.com/tos-maliva-avt-0068/7332166110300307462~tplv-tiktokx-cropcenter:100:100.jpg?dr=9640&refresh_token=c5accafb&x-expires=1780200000&x-signature=k22ki9qNvWFJhfTK8SoTPKZboA0%3D&t=4d5b0474&ps=13740610&shp=30310797&shcp=ff37627b&idc=useast5"
"😂😂😂","0","0","2026-04-20T15:12:28.000Z","ruuulx458","https://www.tiktok.com/@marcosjimenezpere/video/7629973371505249557","7134615807288984581","7630859524899586837","https://p16-common-sign.tiktokcdn-us.com/tos-alisg-avt-0068/957a6937d557cb5dd65109d4c8074efe~tplv-tiktokx-cropcenter:100:100.jpg?dr=9640&refresh_token=b94240cf&x-expires=1780200000&x-signature=tiBp5uUev%2Fwgmv1nT6wdZLTdDZQ%3D&t=4d5b0474&ps=13740610&shp=30310797&shcp=ff37627b&idc=useast5"
"Ella nos pagará? Cubrirá todo nuestros gastos? .Sencillo hagan que sea seguro salir listo.","0","0","2026-04-20T15:19:50.000Z","ethanpelelimaofc","https://www.tiktok.com/@marcosjimenezpere/video/7629973371505249557","182113123124830208","7630861442753446663","https://p16-common-sign.tiktokcdn-us.com/tos-alisg-avt-0068/c172e84dfb15d11f1d0f85acac3f3b92~tplv-tiktokx-cropcenter:100:100.jpg?dr=9640&refresh_token=826ff0c2&x-expires=1780200000&x-signature=u4NXCAxDGunnuiL5B6iGyUdTZrc%3D&t=4d5b0474&ps=13740610&shp=30310797&shcp=ff37627b&idc=useast5"
"😁😁😁","0","0","2026-04-20T13:30:45.000Z","lizzmc99","https://www.tiktok.com/@marcosjimenezpere/video/7629973371505249557","6982648604365063174","7630833338970096400","https://p19-common-sign.tiktokcdn-us.com/tos-maliva-avt-0068/62ad50de8baf8199b517a69f56751e5e~tplv-tiktokx-cropcenter:100:100.jpg?dr=9640&refresh_token=73633c93&x-expires=1780200000&x-signature=meR7GQhFgvhDzKSqOsHcDek0FSU%3D&t=4d5b0474&ps=13740610&shp=30310797&shcp=ff37627b&idc=useast5"
"Perú y México peleando por quién tiene peor gobierno. México está que se esfuerza mucho","0","0","2026-04-20T16:22:07.000Z","chronos891","https://www.tiktok.com/@marcosjimenezpere/video/7629973371505249557","6977353257254552582","7630877488041755412","https://p19-common-sign.tiktokcdn-us.com/tos-alisg-avt-0068/353afe5b90cd4001a1e054a350b61688~tplv-tiktokx-cropcenter:100:100.jpg?dr=9640&refresh_token=85afea49&x-expires=1780200000&x-signature=1mMw%2B2KOS%2B%2FuexZwhFR7TjYYA0s%3D&t=4d5b0474&ps=13740610&shp=30310797&shcp=ff37627b&idc=useast5"
"😂😂😂","0","0","2026-04-20T16:45:19.000Z","scorp390","https://www.tiktok.com/@marcosjimenezpere/video/7629973371505249557","7128106860875842566","7630883470184710932","https://p19-common-sign.tiktokcdn-us.com/tos-alisg-avt-0068/d013c337496f2b31d5bff7cbe140f0bf~tplv-tiktokx-cropcenter:100:100.jpg?dr=9640&refresh_token=b592544d&x-expires=1780200000&x-signature=g9ZV7J50LeZ6JjGUc6562VhOT1I%3D&t=4d5b0474&ps=13740610&shp=30310797&shcp=ff37627b&idc=useast5"
"yo entendí que durante ese tiempo salga todo el día😏","0","0","2026-04-20T17:28:49.000Z","maytesan958","https://www.tiktok.com/@marcosjimenezpere/video/7629973371505249557","6943819278676984837","7630894647960077064","https://p16-common-sign.tiktokcdn-us.com/tos-maliva-avt-0068/7333737014489645062~tplv-tiktokx-cropcenter:100:100.jpg?dr=9640&refresh_token=463b7364&x-expires=1780200000&x-signature=5Q6FgSEsvJknNbOL3PLMgSw7zPY%3D&t=4d5b0474&ps=13740610&shp=30310797&shcp=ff37627b&idc=useast5"
"Ese nivel de inteligencia siempre eh pensado que tienen los políticos 🤔😂","0","0","2026-04-20T21:05:35.000Z","chavencio","https://www.tiktok.com/@marcosjimenezpere/video/7629973371505249557","6811713465721717766","7630950521222316818","https://p16-common-sign.tiktokcdn-us.com/tos-alisg-avt-0068/a683ef82ff5292d24873b5f6cb20b086~tplv-tiktokx-cropcenter:100:100.jpg?dr=9640&refresh_token=c9cd4e84&x-expires=1780200000&x-signature=b4oVFgoMWuKUH%2B8atX%2FADuTh8Uc%3D&t=4d5b0474&ps=13740610&shp=30310797&shcp=ff37627b&idc=useast5"
"que molestemos a los turistas dice !","0","0","2026-04-20T21:08:03.000Z","itzel.urbina2","https://www.tiktok.com/@marcosjimenezpere/video/7629973371505249557","7367050839209477126","7630951109590582017","https://p19-common-sign.tiktokcdn-us.com/tos-alisg-avt-0068/0978f3443ced384f40c54f5eac23b6c5~tplv-tiktokx-cropcenter:100:100.jpg?dr=9640&refresh_token=03abfffb&x-expires=1780200000&x-signature=NOtvl%2FrHPK4Zc%2FE3GTMq174HncQ%3D&t=4d5b0474&ps=13740610&shp=30310797&shcp=ff37627b&idc=useast5"
"😂","0","0","2026-04-20T21:08:53.000Z","marllavaldez","https://www.tiktok.com/@marcosjimenezpere/video/7629973371505249557","6566308621365673989","7630951355251278599","https://p16-common-sign.tiktokcdn-us.com/tos-maliva-avt-0068/30270b9045c6ea84b916986751eba479~tplv-tiktokx-cropcenter:100:100.jpg?dr=9640&refresh_token=4285ebc6&x-expires=1780200000&x-signature=DH6zIfOP3NSCfmzKMIhxxex5WnI%3D&t=4d5b0474&ps=13740610&shp=30310797&shcp=ff37627b&idc=useast5"
"[Sticker] Oigan esa mmda,,, es neta que lo dijo","0","0","2026-04-20T21:09:27.000Z","emmajuliet220394","https://www.tiktok.com/@marcosjimenezpere/video/7629973371505249557","7336376004275962886","7630951456036487956","https://p19-common-sign.tiktokcdn-us.com/tos-maliva-avt-0068/7336376595220168710~tplv-tiktokx-cropcenter:100:100.jpg?dr=9640&refresh_token=ec5bdcf3&x-expires=1780200000&x-signature=AIaBBMlSDt%2FsefbTorxNkVsdz8U%3D&t=4d5b0474&ps=13740610&shp=30310797&shcp=ff37627b&idc=useast5"
"y si mejor van y limpian los ríos, arreglan las calles, remodelan parques abandonados en vez de un mundial que solo traerá contaminación y gente, YA SOMOS MUCHOS!","0","0","2026-04-20T21:16:54.000Z","larosanegr4","https://www.tiktok.com/@marcosjimenezpere/video/7629973371505249557","7102942707874776070","7630953424083124993","https://p19-common-sign.tiktokcdn-us.com/tos-alisg-avt-0068/7124e70c6ba6e8fba6f7d79eee4fd0c3~tplv-tiktokx-cropcenter:100:100.jpg?dr=9640&refresh_token=f0469278&x-expires=1780200000&x-signature=Ajj6Fwa0rRZX%2F8LZdWbO%2B1s3yAY%3D&t=4d5b0474&ps=13740610&shp=30310797&shcp=ff37627b&idc=useast5"
"😂😂😂","0","0","2026-04-20T21:23:04.000Z","interlucy","https://www.tiktok.com/@marcosjimenezpere/video/7629973371505249557","7169765767859733509","7630954960034923284","https://p19-common-sign.tiktokcdn-us.com/tos-maliva-avt-0068/b27b9e9dd12b58e70c43e5f18c49c6a0~tplv-tiktokx-cropcenter:100:100.jpg?dr=9640&refresh_token=1d76c900&x-expires=1780200000&x-signature=CMuvKOcThkzGJiPSL7WhhbUFmJM%3D&t=4d5b0474&ps=13740610&shp=30310797&shcp=ff37627b&idc=useast5"
"no que la gentrificacion","0","0","2026-04-18T19:05:57.000Z","craftcool2","https://www.tiktok.com/@marcosjimenezpere/video/7629973371505249557","7187891929014486021","7630177542557041426","https://p19-common-sign.tiktokcdn-us.com/tos-maliva-avt-0068/99246bc7f4652d3c3f6767bd0a0b54a4~tplv-tiktokx-cropcenter:100:100.jpg?dr=9640&refresh_token=0527cc01&x-expires=1780200000&x-signature=bTNZB4XzugaasbiODxTegHQqUKU%3D&t=4d5b0474&ps=13740610&shp=30310797&shcp=ff37627b&idc=useast5"
"No la chinguen ajjsjsjs","0","0","2026-04-18T18:38:30.000Z",".8rux_7","https://www.tiktok.com/@marcosjimenezpere/video/7629973371505249557","6984216922037158917","7630170460151546645","https://p19-common-sign.tiktokcdn-us.com/tos-maliva-avt-0068/9eeef758fca97c16776f3e669868dab0~tplv-tiktokx-cropcenter:100:100.jpg?dr=9640&refresh_token=93445e6c&x-expires=1780200000&x-signature=UQAwSBLgomB0r7yNQKy5Tlx41kg%3D&t=4d5b0474&ps=13740610&shp=30310797&shcp=ff37627b&idc=useast5"
"mujer tenía que ser","0","0","2026-04-18T18:41:12.000Z","hatsunemiku1536","https://www.tiktok.com/@marcosjimenezpere/video/7629973371505249557","7424600672006177797","7630171151616574209","https://p16-common-sign.tiktokcdn-us.com/tos-alisg-avt-0068/b38bdfa2164f8bd8bc0ff0ea572ad14c~tplv-tiktokx-cropcenter:100:100.jpg?dr=9640&refresh_token=fdd3f4d2&x-expires=1780200000&x-signature=Fh3SpyWlpwQPfjca0J%2BbYL2rYio%3D&t=4d5b0474&ps=13740610&shp=30310797&shcp=ff37627b&idc=useast5"
"no, mañana","0","0","2026-04-20T13:32:00.000Z","el.louis67","https://www.tiktok.com/@marcosjimenezpere/video/7629973371505249557","7520492123638252562","7630833644801950484","https://p19-common-sign.tiktokcdn-us.com/tos-alisg-avt-0068/ed99237d83d0b1f198e1cc5bb1710c49~tplv-tiktokx-cropcenter:100:100.jpg?dr=9640&refresh_token=aa80ff8a&x-expires=1780200000&x-signature=j%2B6%2F6F6Iwgnxa8BkoElJu9n9e1c%3D&t=4d5b0474&ps=13740610&shp=30310797&shcp=ff37627b&idc=useast8"
"😂😂😂😂😂😂😂😂 Si deja te hago caso morra 😂😂😂😂😂😂😂😂","0","0","2026-04-20T21:28:52.000Z","andybear772","https://www.tiktok.com/@marcosjimenezpere/video/7629973371505249557","7619005426277139476","7630956509211706129","https://p19-common-sign.tiktokcdn-us.com/tos-alisg-avt-0068/8183b5c225a8f58f4a1750960667e016~tplv-tiktokx-cropcenter:100:100.jpg?dr=9640&refresh_token=59ae3b1a&x-expires=1780200000&x-signature=En2DycEngL0h7oQgTjfc7k5PlUY%3D&t=4d5b0474&ps=13740610&shp=30310797&shcp=ff37627b&idc=useast8"
"va... pero me van a pagar lo de mi trabajo y me van a llevar la despensa a mi casa... mas una compensación...jalo","0","0","2026-04-20T21:30:27.000Z","gtt.2112","https://www.tiktok.com/@marcosjimenezpere/video/7629973371505249557","6590174755625975814","7630956918064005906","https://p16-common-sign.tiktokcdn-us.com/tos-maliva-avt-0068/64090b3d490a448393ffde20fc0f7d2c~tplv-tiktokx-cropcenter:100:100.jpg?dr=9640&refresh_token=3a7cdda7&x-expires=1780200000&x-signature=9Qio0dRu8CU0F75YWv5V3wuNY%2BU%3D&t=4d5b0474&ps=13740610&shp=30310797&shcp=ff37627b&idc=useast8"
"🤣🤣🤣","0","0","2026-04-18T18:44:59.000Z","alejandro.solis421","https://www.tiktok.com/@marcosjimenezpere/video/7629973371505249557","7452165514216408070","7630172122908050184","https://p19-common-sign.tiktokcdn-us.com/tos-maliva-avt-0068/fcb3ea8833bb8fde506ec222e529fe85~tplv-tiktokx-cropcenter:100:100.jpg?dr=9640&refresh_token=8f841bd0&x-expires=1780200000&x-signature=mY2eQRkx72naamABdr%2BhkNWj5RM%3D&t=4d5b0474&ps=13740610&shp=30310797&shcp=ff37627b&idc=useast8"
"😂😂😂","0","0","2026-04-18T18:45:44.000Z","anitamarcopolo","https://www.tiktok.com/@marcosjimenezpere/video/7629973371505249557","6833279211433903109","7630172325984142098","https://p16-common-sign.tiktokcdn-us.com/tos-maliva-avt-0068/7322897715137478662~tplv-tiktokx-cropcenter:100:100.jpg?dr=9640&refresh_token=b2594a19&x-expires=1780200000&x-signature=%2BhLz4wmnHKjVwmbAXZvtnGVSmUs%3D&t=4d5b0474&ps=13740610&shp=30310797&shcp=ff37627b&idc=useast8"
"si me dan 500.000pesos y uno taquitos de pastor lo ago con gusto","0","0","2026-04-18T18:45:47.000Z","gabriel.moreno.ll","https://www.tiktok.com/@marcosjimenezpere/video/7629973371505249557","7516919399632323591","7630172336318677776","https://p16-common-sign.tiktokcdn-us.com/tos-alisg-avt-0068/8a5454b0055ded50fc59482b4092c1fb~tplv-tiktokx-cropcenter:100:100.jpg?dr=9640&refresh_token=677b9f28&x-expires=1780200000&x-signature=cYs1OYAPMIOM7iz7BZnJjcny7Us%3D&t=4d5b0474&ps=13740610&shp=30310797&shcp=ff37627b&idc=useast8"
"🤣","0","0","2026-04-18T18:46:39.000Z","odetteserna","https://www.tiktok.com/@marcosjimenezpere/video/7629973371505249557","6932194577392026629","7630172521909191442","https://p16-common-sign.tiktokcdn-us.com/tos-maliva-avt-0068/8965f06efb4ac71bb480cf774f924cd4~tplv-tiktokx-cropcenter:100:100.jpg?dr=9640&refresh_token=41d927c7&x-expires=1780200000&x-signature=AZJXEyM%2B9aHrKpDn2qMHVnaRi9o%3D&t=4d5b0474&ps=13740610&shp=30310797&shcp=ff37627b&idc=useast8"
"se salen de contexto 🙄🙄🙄🙄
pero siempre tirando tierra sus propuestas","0","0","2026-04-18T18:46:58.000Z","luis.luna8863","https://www.tiktok.com/@marcosjimenezpere/video/7629973371505249557","7572709790410834951","7630172624615080722","https://p19-common-sign.tiktokcdn-us.com/tos-alisg-avt-0068/667cf54f3e9c557e0cdd6a07f7f865a7~tplv-tiktokx-cropcenter:100:100.jpg?dr=9640&refresh_token=9bb10d2f&x-expires=1780200000&x-signature=VV3XCaN%2FK1rRZlfokmmZlGMOG5g%3D&t=4d5b0474&ps=13740610&shp=30310797&shcp=ff37627b&idc=useast8"
"con el peligro k los secuestren 😂","0","0","2025-11-10T23:10:54.000Z","micasaexteriors","https://www.tiktok.com/@politicomx/video/7571117511932972296","7069506915616900138","7571238069153956621","https://p19-common-sign.tiktokcdn-us.com/tos-useast5-avt-0068-tx/5a52ff06dc9a816c8bd00444ffdb23cc~tplv-tiktokx-cropcenter:100:100.jpg?dr=9640&refresh_token=e797c5f1&x-expires=1780200000&x-signature=UPyZtk77Sr4VEQlsQJXkYpWxxts%3D&t=4d5b0474&ps=13740610&shp=30310797&shcp=ff37627b&idc=useast5"
"Para hacer las marchas más numerosas","0","0","2025-11-10T22:29:25.000Z","palomiux648","https://www.tiktok.com/@politicomx/video/7571117511932972296","7471445041706451974","7571227400235877127","https://p16-common-sign.tiktokcdn-us.com/tos-maliva-avt-0068/f9a992eda922a6697412930646ca1dfe~tplv-tiktokx-cropcenter:100:100.jpg?dr=9640&refresh_token=8778c694&x-expires=1780200000&x-signature=vPzypsR81tEUvr0rAce5THNMqAU%3D&t=4d5b0474&ps=13740610&shp=30310797&shcp=ff37627b&idc=useast5"
"Todo muy bonito pero… ojalá no sean víctimas del crimen organizado. No pueden brindarnos a nosotros seguridad menos a los turistas.","0","0","2025-11-11T00:18:41.000Z","miiial","https://www.tiktok.com/@politicomx/video/7571117511932972296","6787533974072869893","7571255417298436880","https://p19-common-sign.tiktokcdn-us.com/tos-alisg-avt-0068/7f1257efb10695a98340817e9214ba53~tplv-tiktokx-cropcenter:100:100.jpg?dr=9640&refresh_token=fb8025c5&x-expires=1780200000&x-signature=VNxQPcUM30gccVK0O38sqS%2FmyBI%3D&t=4d5b0474&ps=13740610&shp=30310797&shcp=ff37627b&idc=useast5"
"si mataron al alcalde de México ella no dijo nada imaginarse a los turista pasa nada.","0","0","2025-11-11T00:07:49.000Z","jhossepgrimaldovi","https://www.tiktok.com/@politicomx/video/7571117511932972296","6788539884506727429","7571252754468307768","https://p19-common-sign.tiktokcdn-us.com/tos-maliva-avt-0068/7330621076382318598~tplv-tiktokx-cropcenter:100:100.jpg?dr=9640&refresh_token=d5bee349&x-expires=1780200000&x-signature=KPpk1D9U62jgzu8RcbQcxJ912SM%3D&t=4d5b0474&ps=13740610&shp=30310797&shcp=ff37627b&idc=useast5"
"[Sticker] Ahora más escándalo habrá 🤣🤣 y tendrá que soportar","0","0","2026-04-20T22:35:09.000Z","vianey.81","https://www.tiktok.com/@marcosjimenezpere/video/7629973371505249557","6795276809333523462","7630973584286335751","https://p16-common-sign.tiktokcdn-eu.com/tos-alisg-avt-0068/413c09f8852a828e0aa72451fa727e6d~tplv-tiktokx-cropcenter:100:100.jpg?dr=10399&refresh_token=e4a3117e&x-expires=1780200000&x-signature=wANlqBGvWpLod3NXpZVZwLDEgJE%3D&t=4d5b0474&ps=13740610&shp=30310797&shcp=ff37627b&idc=no1a"
"","0","0","2026-04-20T22:30:29.000Z","ladennichilla","https://www.tiktok.com/@marcosjimenezpere/video/7629973371505249557","6808140194975826949","7630972365551452936","https://p16-common-sign.tiktokcdn-eu.com/tos-alisg-avt-0068/350f1591af72825443557883aefd84f8~tplv-tiktokx-cropcenter:100:100.jpg?dr=10399&refresh_token=456a7b76&x-expires=1780200000&x-signature=C7GZ3zz84wAvJRzKiFFCB4BYZ6M%3D&t=4d5b0474&ps=13740610&shp=30310797&shcp=ff37627b&idc=no1a"
"🥰🥰🥰","0","0","2025-11-10T15:27:01.000Z","mis.libros4","https://www.tiktok.com/@politicomx/video/7571117511932972296","7320978544204186656","7571118581920826134","https://p16-common-sign.tiktokcdn-us.com/tos-useast2a-avt-0068-euttp/7348783820331548704~tplv-tiktokx-cropcenter:100:100.jpg?dr=9640&refresh_token=52175643&x-expires=1780200000&x-signature=4sxdB0wASCzFZJ4N5taUnUPwE2g%3D&t=4d5b0474&ps=13740610&shp=30310797&shcp=ff37627b&idc=useast5"
"ara eso si ahí dinero pero para proteger al pueblo ni madre dice","0","0","2025-11-10T23:37:25.000Z","oscarcruz7031","https://www.tiktok.com/@politicomx/video/7571117511932972296","7513422718113416210","7571243904188826376","https://p16-common-sign.tiktokcdn-us.com/tos-alisg-avt-0068/9689b17b43b9dd2ff16be1ef1c1cc4b3~tplv-tiktokx-cropcenter:100:100.jpg?dr=9640&refresh_token=44c11619&x-expires=1780200000&x-signature=%2BbNfWe7nRuK48z524nt77%2BTL5XE%3D&t=4d5b0474&ps=13740610&shp=30310797&shcp=ff37627b&idc=useast5"
"😂🤣😂🤣😂🤣😂🤣😂😂😂🤣😂🤣😂🤣😂🤣😂","0","0","2026-04-18T18:47:38.000Z","lupitavegas.s","https://www.tiktok.com/@marcosjimenezpere/video/7629973371505249557","6948819442889851909","7630172798246404880","https://p16-common-sign.tiktokcdn.com/tos-maliva-avt-0068/7326849858080342021~tplv-tiktokx-cropcenter:100:100.jpg?dr=14579&refresh_token=af0ab2ae&x-expires=1780200000&x-signature=AxjiGXZEgqfbq7YUtufBxQ3wz18%3D&t=4d5b0474&ps=13740610&shp=30310797&shcp=ff37627b&idc=my2"
"chsm","0","0","2026-04-18T18:49:55.000Z","krakennegro","https://www.tiktok.com/@marcosjimenezpere/video/7629973371505249557","7121456790386394117","7630173402020954888","https://p16-common-sign.tiktokcdn.com/tos-maliva-avt-0068/7121456992103628806~tplv-tiktokx-cropcenter:100:100.jpg?dr=14579&refresh_token=9fbaa22d&x-expires=1780200000&x-signature=MiQNqSSmMnjC7VYXSHkUg8DQt%2BE%3D&t=4d5b0474&ps=13740610&shp=30310797&shcp=ff37627b&idc=my2"
"cómo ven si les podemos su mundial","0","0","2026-04-18T18:55:51.000Z","user17987202753165","https://www.tiktok.com/@marcosjimenezpere/video/7629973371505249557","7280016368250045445","7630174312712422165","https://p16-common-sign.tiktokcdn.com/tos-maliva-avt-0068/22b1f5d6b3755a243747219a4b71d9c3~tplv-tiktokx-cropcenter:100:100.jpg?dr=14579&refresh_token=3f16f885&x-expires=1780200000&x-signature=b%2BX8rVz3t9oEsdjdOTvpm9og0bs%3D&t=4d5b0474&ps=13740610&shp=30310797&shcp=ff37627b&idc=my2"
"jaja y pensar w le pagan por decir esas cosas","0","0","2026-04-18T19:00:20.000Z","d.ruiz86","https://www.tiktok.com/@marcosjimenezpere/video/7629973371505249557","6983472790448931846","7630176066472657685","https://p16-common-sign.tiktokcdn.com/tos-alisg-avt-0068/c4b63dc395cdc1e38a934e139db3ceaa~tplv-tiktokx-cropcenter:100:100.jpg?dr=14579&refresh_token=e860cc3d&x-expires=1780200000&x-signature=IIHDx%2B12p1prczUf7N9HAq442vg%3D&t=4d5b0474&ps=13740610&shp=30310797&shcp=ff37627b&idc=my2"
"Que estamos muy pinches feos","0","0","2026-04-18T19:01:48.000Z","pelon_2017","https://www.tiktok.com/@marcosjimenezpere/video/7629973371505249557","6959685371978433542","7630176448003179272","https://p16-common-sign.tiktokcdn.com/tos-maliva-avt-0068/38f80605a9e55b99a44ae41297efa6ba~tplv-tiktokx-cropcenter:100:100.jpg?dr=14579&refresh_token=69cb41d7&x-expires=1780200000&x-signature=ZflOMDbcnLuX0hb2DMDmq97YoVk%3D&t=4d5b0474&ps=13740610&shp=30310797&shcp=ff37627b&idc=my2"
"🤦🏻🤦🏻🤦🏻","0","0","2026-04-18T18:36:21.000Z","j.miguelcarpio","https://www.tiktok.com/@marcosjimenezpere/video/7629973371505249557","6818015533586777094","7630169890956067591","https://p19-common-sign.tiktokcdn.com/tos-maliva-avt-0068/5a200d1b38340393c472072fb332900a~tplv-tiktokx-cropcenter:100:100.jpg?dr=14579&refresh_token=c937a8ef&x-expires=1780200000&x-signature=GBNarfuiDd16cpbnJh5Hx%2BpOkr8%3D&t=4d5b0474&ps=13740610&shp=30310797&shcp=ff37627b&idc=my2"
"[Sticker] ","0","0","2026-04-18T19:06:06.000Z","kennedy_414","https://www.tiktok.com/@marcosjimenezpere/video/7629973371505249557","7175362061101286406","7630177586454283026","https://p16-common-sign.tiktokcdn.com/tos-alisg-avt-0068/5ea4765a5e382f6c60a55a8d0fce28d4~tplv-tiktokx-cropcenter:100:100.jpg?dr=14579&refresh_token=58d4543c&x-expires=1780200000&x-signature=KCVBfQ52E3xw%2FO5ug1xJ%2BTV7Upo%3D&t=4d5b0474&ps=13740610&shp=30310797&shcp=ff37627b&idc=my2"
"😂😂😂","0","0","2026-04-18T19:07:59.000Z","juliomog13","https://www.tiktok.com/@marcosjimenezpere/video/7629973371505249557","6812134100968965125","7630178052022682376","https://p16-common-sign.tiktokcdn.com/tos-maliva-avt-0068/7324614032337502214~tplv-tiktokx-cropcenter:100:100.jpg?dr=14579&refresh_token=b4823eaf&x-expires=1780200000&x-signature=kWx00M%2BT52hd8BUG5Sr8LaSvHxo%3D&t=4d5b0474&ps=13740610&shp=30310797&shcp=ff37627b&idc=my2"
"@✨️🫧ana 🫧✨️gomez","0","0","2026-04-18T19:09:09.000Z","garciacordoba12","https://www.tiktok.com/@marcosjimenezpere/video/7629973371505249557","216351154622865408","7630178347695358741","https://p16-common-sign.tiktokcdn.com/tos-alisg-avt-0068/c39fd6328f630c5a73006bf03c39b9f3~tplv-tiktokx-cropcenter:100:100.jpg?dr=14579&refresh_token=4150d9f0&x-expires=1780200000&x-signature=rp74S%2BxTxxDu%2FYO%2FSH1hUVDzBsw%3D&t=4d5b0474&ps=13740610&shp=30310797&shcp=ff37627b&idc=my2"
"Ya lo dijo Fox:
-cenas y te vas ...","0","0","2026-04-18T19:09:59.000Z","factorsero","https://www.tiktok.com/@marcosjimenezpere/video/7629973371505249557","6746420203276731397","7630178542505116437","https://p16-common-sign.tiktokcdn.com/tos-maliva-avt-0068/5f5112eca8388d02ccc7271eca573bd9~tplv-tiktokx-cropcenter:100:100.jpg?dr=14579&refresh_token=bf287d0f&x-expires=1780200000&x-signature=L7t%2FfLwmDP8QBdveBWymMIEA4jM%3D&t=4d5b0474&ps=13740610&shp=30310797&shcp=ff37627b&idc=my2"
"abajo el mundial","0","0","2026-04-18T19:12:18.000Z","robl3z","https://www.tiktok.com/@marcosjimenezpere/video/7629973371505249557","7212535909228348421","7630178345754444560","https://p16-common-sign.tiktokcdn.com/tos-alisg-avt-0068/c6e4036a4db086fdc4e7e68c5377dde9~tplv-tiktokx-cropcenter:100:100.jpg?dr=14579&refresh_token=057428af&x-expires=1780200000&x-signature=nWlMm8ePP9CWZ9tHQgroNL%2B7%2Bd4%3D&t=4d5b0474&ps=13740610&shp=30310797&shcp=ff37627b&idc=my2"
"😡😡😡","0","0","2026-04-18T19:13:33.000Z","llopallop","https://www.tiktok.com/@marcosjimenezpere/video/7629973371505249557","6947110335796233221","7630179480896209682","https://p16-common-sign.tiktokcdn.com/tos-alisg-avt-0068/e42f148b3e137f5074d788eb77de350e~tplv-tiktokx-cropcenter:100:100.jpg?dr=14579&refresh_token=48748a7f&x-expires=1780200000&x-signature=xER6Q2vsq6KZ2lC0VWYKtIRxY6A%3D&t=4d5b0474&ps=13740610&shp=30310797&shcp=ff37627b&idc=my2"
"jajaja qué mmada jaja","0","0","2026-04-18T19:14:37.000Z","charly159923","https://www.tiktok.com/@marcosjimenezpere/video/7629973371505249557","6897352449967866885","7630179732588118805","https://p16-common-sign.tiktokcdn.com/tos-maliva-avt-0068/9db821bc4589eae3c78d943b621a8138~tplv-tiktokx-cropcenter:100:100.jpg?dr=14579&refresh_token=b3050b4b&x-expires=1780200000&x-signature=pRqAgV5p5%2BAou3VYg3%2FH4QK6ajI%3D&t=4d5b0474&ps=13740610&shp=30310797&shcp=ff37627b&idc=my2"
"Otra clara burrada.","0","0","2026-04-18T19:15:20.000Z","yair65790","https://www.tiktok.com/@marcosjimenezpere/video/7629973371505249557","7503013215484724230","7630179959218422535","https://p19-common-sign.tiktokcdn.com/tos-alisg-avt-0068/1fad7a6a406945d81a12669a80a41d60~tplv-tiktokx-cropcenter:100:100.jpg?dr=14579&refresh_token=36cadc70&x-expires=1780200000&x-signature=Ck1HgIkafC%2FdtmFF2MB4Pus5XBo%3D&t=4d5b0474&ps=13740610&shp=30310797&shcp=ff37627b&idc=my2"
"🤣🤣🤣🤣🤣","0","0","2026-04-18T19:21:16.000Z","noemibeatrizgaste","https://www.tiktok.com/@marcosjimenezpere/video/7629973371505249557","7280025954172666885","7630181474330772232","https://p16-common-sign.tiktokcdn.com/tos-maliva-avt-0068/c099ebc42b2d5520b21b7e222b4e28e8~tplv-tiktokx-cropcenter:100:100.jpg?dr=14579&refresh_token=8dd8286b&x-expires=1780200000&x-signature=iGtn5Ct80WjYD1NloEv3DXpoOr8%3D&t=4d5b0474&ps=13740610&shp=30310797&shcp=ff37627b&idc=my2"
"oigan tienes razón hay que hacerlo así que los vendedores ambulantes los que venden los tacos los que venden en turismo todo lo que tenga que ver con trabajos sin importar que nos vamos a hacer esos ya sin trabajo así que los turistas pueden explorar pero lástima no se podrán llevar recuerdos porque nadie va a trabajar esos días ni los que venden para los turistas Pero qué se les puede hacer hay que respetar porque es buena idea","0","0","2026-04-18T19:21:36.000Z","izuku_midoriyatk_oficial","https://www.tiktok.com/@marcosjimenezpere/video/7629973371505249557","6825386618586481670","7630181552479290133","https://p16-common-sign.tiktokcdn.com/tos-alisg-avt-0068/c55cd8020573ae6e619f9043356a04eb~tplv-tiktokx-cropcenter:100:100.jpg?dr=14579&refresh_token=8e14aba6&x-expires=1780200000&x-signature=%2B5C9mwfC6zo4NCH4lb%2FcClfXHo8%3D&t=4d5b0474&ps=13740610&shp=30310797&shcp=ff37627b&idc=my2"
"","0","0","2026-04-18T19:21:56.000Z","luis_soto07","https://www.tiktok.com/@marcosjimenezpere/video/7629973371505249557","7149690515021546501","7630181627251573525","https://p16-common-sign.tiktokcdn.com/tos-alisg-avt-0068/77b8479b50fda82c023b511667a7c10a~tplv-tiktokx-cropcenter:100:100.jpg?dr=14579&refresh_token=5533c4a4&x-expires=1780200000&x-signature=LHR12GLAeNTncCWWXQn2Kf5obvw%3D&t=4d5b0474&ps=13740610&shp=30310797&shcp=ff37627b&idc=my2"
"😂😂😂","0","0","2026-04-18T19:23:18.000Z","megumihvg","https://www.tiktok.com/@marcosjimenezpere/video/7629973371505249557","117421146186092544","7630181956324983570","https://p16-common-sign.tiktokcdn.com/tos-alisg-avt-0068/288f3c4f6c16a626677ed46fbe54cbfd~tplv-tiktokx-cropcenter:100:100.jpg?dr=14579&refresh_token=f2c570de&x-expires=1780200000&x-signature=2yYRQRgEL%2FRNOypLrC8K%2BQBvTDI%3D&t=4d5b0474&ps=13740610&shp=30310797&shcp=ff37627b&idc=my2"
"a bueno si ellos nos van un cheque de 100,000 pues no salgo para que no vallamos a trabajar y nos paguen las renta el agua la luz comida 🥱","0","0","2026-04-18T18:06:08.000Z","libertadalmundo6","https://www.tiktok.com/@marcosjimenezpere/video/7629973371505249557","7451848654710735877","7630162109525181205","https://p16-common-sign.tiktokcdn.com/tos-alisg-avt-0068/08cb0a42342fa82bb8b88f5812872d05~tplv-tiktokx-cropcenter:100:100.jpg?dr=14579&refresh_token=1112acdd&x-expires=1780200000&x-signature=sICbaJZSZb3E3mYQttptT2Hggfg%3D&t=4d5b0474&ps=13740610&shp=30310797&shcp=ff37627b&idc=my2"
"😂😂😂","0","0","2026-04-18T17:48:41.000Z","tadeojimenez126","https://www.tiktok.com/@marcosjimenezpere/video/7629973371505249557","7561146956538938389","7630157600522142485","https://p16-common-sign.tiktokcdn.com/tos-alisg-avt-0068/8e3915b904265d618f946d3edb27d99c~tplv-tiktokx-cropcenter:100:100.jpg?dr=14579&refresh_token=1e021a79&x-expires=1780200000&x-signature=lhz5%2Fn1ZhWBp8dnNRUZ8OuLLfU4%3D&t=4d5b0474&ps=13740610&shp=30310797&shcp=ff37627b&idc=my2"
"😂😂😂","0","0","2026-04-18T17:51:30.000Z","ar3licarrasc0","https://www.tiktok.com/@marcosjimenezpere/video/7629973371505249557","7208211681976353797","7630158311812809489","https://p19-common-sign.tiktokcdn.com/tos-maliva-avt-0068/3ebf388788a7d83968b55f35642a51d2~tplv-tiktokx-cropcenter:100:100.jpg?dr=14579&refresh_token=fdb86b49&x-expires=1780200000&x-signature=GA1uM3AISexsazr7zrX4VLkXedk%3D&t=4d5b0474&ps=13740610&shp=30310797&shcp=ff37627b&idc=my2"
"😁😁😁😁😡😡😡","0","0","2026-04-18T17:51:48.000Z","angelicacuautleguerra","https://www.tiktok.com/@marcosjimenezpere/video/7629973371505249557","7125949666521711622","7630158412496061205","https://p16-common-sign.tiktokcdn.com/tos-maliva-avt-0068/7125987905570832390~tplv-tiktokx-cropcenter:100:100.jpg?dr=14579&refresh_token=843a7f56&x-expires=1780200000&x-signature=hzrTqfpR3%2FPADw7iyEXGmA1bj9M%3D&t=4d5b0474&ps=13740610&shp=30310797&shcp=ff37627b&idc=my2"
"😡😡😡","0","0","2026-04-18T17:55:23.000Z","wuero459","https://www.tiktok.com/@marcosjimenezpere/video/7629973371505249557","7268472170664461317","7630159361230668562","https://p16-common-sign.tiktokcdn.com/tos-maliva-avt-0068/9bb1e9b4915354f45f3da4fb2e13df48~tplv-tiktokx-cropcenter:100:100.jpg?dr=14579&refresh_token=1bc9abca&x-expires=1780200000&x-signature=vCgtmgR%2FPHvU8oOvuT4UJUhzhx8%3D&t=4d5b0474&ps=13740610&shp=30310797&shcp=ff37627b&idc=my2"
"mujer...","0","0","2026-04-18T17:56:14.000Z","luis_hp.210","https://www.tiktok.com/@marcosjimenezpere/video/7629973371505249557","6807576057312281606","7630159565087163154","https://p16-common-sign.tiktokcdn.com/tos-maliva-avt-0068/1f94578a5b791bc8d79faf0a4a95c6ef~tplv-tiktokx-cropcenter:100:100.jpg?dr=14579&refresh_token=28252327&x-expires=1780200000&x-signature=mGQ67A%2FI%2FoIrJUbwSEmm0dAxfns%3D&t=4d5b0474&ps=13740610&shp=30310797&shcp=ff37627b&idc=my2"
"osea que solo los turistas pueden disfrutar México y no los propios mexicanos?","0","0","2026-04-18T17:56:35.000Z","kriptun6","https://www.tiktok.com/@marcosjimenezpere/video/7629973371505249557","7593694574465057810","7630159666433377031","https://p16-common-sign.tiktokcdn-eu.com/tos-alisg-avt-0068/e324686aca9b4dddc1e55de99d9f2e3d~tplv-tiktokx-cropcenter:100:100.jpg?dr=10399&refresh_token=3474e152&x-expires=1780200000&x-signature=6s9xCkSMYUeZEGuvT1g4QC5y2w0%3D&t=4d5b0474&ps=13740610&shp=30310797&shcp=ff37627b&idc=no1a"
"jajaja viva morena jajaja jajaja","0","0","2026-04-18T17:58:20.000Z","mefisto.damazo","https://www.tiktok.com/@marcosjimenezpere/video/7629973371505249557","7197963866403374085","7630160057058280193","https://p16-common-sign.tiktokcdn-eu.com/tos-maliva-avt-0068/2cee8991a2e957d808ea7661c5f44032~tplv-tiktokx-cropcenter:100:100.jpg?dr=10399&refresh_token=40a09882&x-expires=1780200000&x-signature=8vlog98itgJ9e9WeicVCm3FmpPk%3D&t=4d5b0474&ps=13740610&shp=30310797&shcp=ff37627b&idc=no1a"
"ya la contajio claudia,","0","0","2026-04-18T17:59:39.000Z","mikeylitos","https://www.tiktok.com/@marcosjimenezpere/video/7629973371505249557","7178217361424630789","7630160429209977617","https://p16-common-sign.tiktokcdn-eu.com/tos-maliva-avt-0068/4a250b6a78b2b0d7116ae7fc8bd16e70~tplv-tiktokx-cropcenter:100:100.jpg?dr=10399&refresh_token=afa0567b&x-expires=1780200000&x-signature=Yh7tPh561Rpki2N9NIzpH%2B8ivuU%3D&t=4d5b0474&ps=13740610&shp=30310797&shcp=ff37627b&idc=no1a"
"🤣🤣🤣🤣🤣 dicen puras tonterias","0","0","2026-04-18T18:01:31.000Z","mycrazydog85","https://www.tiktok.com/@marcosjimenezpere/video/7629973371505249557","6809131858434589701","7630160906546594580","https://p16-common-sign.tiktokcdn-eu.com/tos-maliva-avt-0068/eaebd4ccb4ecac53cd9a33bf18e199ed~tplv-tiktokx-cropcenter:100:100.jpg?dr=10399&refresh_token=e4fc8cd9&x-expires=1780200000&x-signature=hevwyazRn1XDDzintjqPN79iovg%3D&t=4d5b0474&ps=13740610&shp=30310797&shcp=ff37627b&idc=no1a"
"si me paga mis 50 que ganó en el trabajo por ir 6 horas al día me quedo todo el año jaja 😌😌","0","0","2026-04-18T18:02:01.000Z","ggmorgan990","https://www.tiktok.com/@marcosjimenezpere/video/7629973371505249557","6820185784797824005","7630161038470873874","https://p16-common-sign.tiktokcdn-eu.com/tos-alisg-avt-0068/951257a564f12806ec19238a77b6c8c4~tplv-tiktokx-cropcenter:100:100.jpg?dr=10399&refresh_token=ef0f8feb&x-expires=1780200000&x-signature=g0uXVLFhq89fwLtnjncYIpBHAxg%3D&t=4d5b0474&ps=13740610&shp=30310797&shcp=ff37627b&idc=no1a"
"[Sticker] ","0","0","2026-04-18T18:02:18.000Z","habakukenock","https://www.tiktok.com/@marcosjimenezpere/video/7629973371505249557","6802771620680270853","7630161143851385607","https://p19-common-sign.tiktokcdn-eu.com/tos-maliva-avt-0068/7322995994646773765~tplv-tiktokx-cropcenter:100:100.jpg?dr=10399&refresh_token=70da5665&x-expires=1780200000&x-signature=aADi5AKk2Mo8ix5CtQnr%2BaFw4sI%3D&t=4d5b0474&ps=13740610&shp=30310797&shcp=ff37627b&idc=no1a"
"mientras ajuste con un salario mínimo se ajuste a las necesidades basicas, que no le paguen más","0","0","2026-04-18T18:02:56.000Z","ateneathemis","https://www.tiktok.com/@marcosjimenezpere/video/7629973371505249557","7034346985922954245","7630161267971654421","https://p19-common-sign.tiktokcdn-us.com/tos-alisg-avt-0068/6c43d8441ab5a50fba43c1e94faf61ad~tplv-tiktokx-cropcenter:100:100.jpg?dr=9640&refresh_token=4a5f3506&x-expires=1780200000&x-signature=PL%2B4p4XY%2B%2FHy5ZySBLTzii7U8nU%3D&t=4d5b0474&ps=13740610&shp=30310797&shcp=ff37627b&idc=useast8"
"Claro vamos a salir más esos días, porque así somos los mexicanos....
😂😂😂😂😂😂😂","0","0","2026-04-18T19:25:58.000Z","lalocura2505","https://www.tiktok.com/@marcosjimenezpere/video/7629973371505249557","6879833210122650630","7630182674413962005","https://p19-common-sign.tiktokcdn-us.com/tos-alisg-avt-0068/12a8e9fd6225ac56aff9b7fa081f74fe~tplv-tiktokx-cropcenter:100:100.jpg?dr=9640&refresh_token=b04735ad&x-expires=1780200000&x-signature=iORKrnHBhL61V1dtGhqDJUmM%2FZw%3D&t=4d5b0474&ps=13740610&shp=30310797&shcp=ff37627b&idc=useast8"
"😂😂😂","0","0","2026-04-18T18:07:03.000Z","shyshiyo","https://www.tiktok.com/@marcosjimenezpere/video/7629973371505249557","7253948404785628166","7630162351412216584","https://p19-common-sign.tiktokcdn-us.com/tos-maliva-avt-0068/7295179190419554309~tplv-tiktokx-cropcenter:100:100.jpg?dr=9640&refresh_token=af01a80d&x-expires=1780200000&x-signature=IEF4FTTRAQNaBcPUSsbqruj7n5U%3D&t=4d5b0474&ps=13740610&shp=30310797&shcp=ff37627b&idc=useast8"
"Ya saben si vuelven a votar por una mujer 💅🏼","0","0","2026-04-18T18:08:23.000Z","alanwalkerph","https://www.tiktok.com/@marcosjimenezpere/video/7629973371505249557","7237273998869005318","7630162685027615505","https://p16-common-sign.tiktokcdn-us.com/tos-maliva-avt-0068/d4032263ef070caf382e97762b953a51~tplv-tiktokx-cropcenter:100:100.jpg?dr=9640&refresh_token=8d124abc&x-expires=1780200000&x-signature=CLb%2BwO9ZykT6A6oB8aZZOrCJaiY%3D&t=4d5b0474&ps=13740610&shp=30310797&shcp=ff37627b&idc=useast8"
"😂😂😂","0","0","2026-04-18T18:10:15.000Z","orlyforever","https://www.tiktok.com/@marcosjimenezpere/video/7629973371505249557","7087461889944962053","7630163194434519826","https://p16-common-sign.tiktokcdn-us.com/tos-maliva-avt-0068/7087464747049680902~tplv-tiktokx-cropcenter:100:100.jpg?dr=9640&refresh_token=52608065&x-expires=1780200000&x-signature=Re3D6HmKwktUNBI4bxOc0NzGiAU%3D&t=4d5b0474&ps=13740610&shp=30310797&shcp=ff37627b&idc=useast8"
"Qué maravilla! los locales encerrados para que los turistas tengan la ciudad sola
¿Alguien le explica que esto no es un parque temático?","0","0","2026-04-18T18:11:53.000Z","cristiansosa28","https://www.tiktok.com/@marcosjimenezpere/video/7629973371505249557","275984234295795712","7630163616179979026","https://p19-common-sign.tiktokcdn-us.com/tos-alisg-avt-0068/8e91190d8079c8b25da97c3284726f81~tplv-tiktokx-cropcenter:100:100.jpg?dr=9640&refresh_token=6a657a3b&x-expires=1780200000&x-signature=X0cJeP%2FoQWVNpnqvVQ7YoqL8A2M%3D&t=4d5b0474&ps=13740610&shp=30310797&shcp=ff37627b&idc=useast8"
"🤣😂🤣😂","0","0","2026-04-18T18:22:23.000Z","nikaponterodrigue","https://www.tiktok.com/@marcosjimenezpere/video/7629973371505249557","6609805910553313286","7630166297888047873","https://p16-common-sign.tiktokcdn-us.com/tos-maliva-avt-0068/7323173965193707526~tplv-tiktokx-cropcenter:100:100.jpg?dr=9640&refresh_token=b3ad3816&x-expires=1780200000&x-signature=BbEi8NPo0L40Olt9AuRIw6ssmI4%3D&t=4d5b0474&ps=13740610&shp=30310797&shcp=ff37627b&idc=useast8"
"queeee","0","0","2026-04-18T18:24:32.000Z","yubi.anime","https://www.tiktok.com/@marcosjimenezpere/video/7629973371505249557","7616568377633113109","7630166841718063892","https://p16-common-sign.tiktokcdn-us.com/tos-alisg-avt-0068/92307a5b4c412f0003ac43547d3f39c8~tplv-tiktokx-cropcenter:100:100.jpg?dr=9640&refresh_token=e992f689&x-expires=1780200000&x-signature=IzObPtt%2B3SFXQZAUtbnV1QOtwWY%3D&t=4d5b0474&ps=13740610&shp=30310797&shcp=ff37627b&idc=useast8"
"Uno con gusto. La cosa es si mi trabajo lo vea así jajajaja 😂😂😂😂","0","0","2026-04-18T18:25:21.000Z","angievarord","https://www.tiktok.com/@marcosjimenezpere/video/7629973371505249557","7099862225477813253","7630167075235463943","https://p19-common-sign.tiktokcdn-us.com/tos-maliva-avt-0068/7099862910750916613~tplv-tiktokx-cropcenter:100:100.jpg?dr=9640&refresh_token=78cceaa0&x-expires=1780200000&x-signature=jwrpD7Vn7gNFWCCHx%2Bba3vbhZvE%3D&t=4d5b0474&ps=13740610&shp=30310797&shcp=ff37627b&idc=useast8"
"SOLO DE APARIENCIAS SE VIVE cuando se acabe todo triste realidad","0","0","2026-04-18T18:25:26.000Z","johnnyluna769","https://www.tiktok.com/@marcosjimenezpere/video/7629973371505249557","7277244557574013957","7630167047566050055","https://p16-common-sign.tiktokcdn-us.com/tos-maliva-avt-0068/7347809079735582725~tplv-tiktokx-cropcenter:100:100.jpg?dr=9640&refresh_token=478a01f9&x-expires=1780200000&x-signature=jM53Dl6hi3G9Hac4N47Dp2yLfTI%3D&t=4d5b0474&ps=13740610&shp=30310797&shcp=ff37627b&idc=useast8"
"300dlls al día y hablamos","0","0","2026-04-18T18:27:14.000Z","danielperalta63","https://www.tiktok.com/@marcosjimenezpere/video/7629973371505249557","6776279712642925574","7630167541143683857","https://p16-common-sign.tiktokcdn-us.com/tos-maliva-avt-0068/f02a26e04490d74643d198e7a0887d22~tplv-tiktokx-cropcenter:100:100.jpg?dr=9640&refresh_token=9899df80&x-expires=1780200000&x-signature=wV%2BcV%2FCnv49KJKGlXLcDwRVVAlI%3D&t=4d5b0474&ps=13740610&shp=30310797&shcp=ff37627b&idc=useast8"
"simon, que depósiten y se cumple🤪🤪🤪","0","0","2026-04-18T18:28:26.000Z","gilberkegil","https://www.tiktok.com/@marcosjimenezpere/video/7629973371505249557","7105229553731470341","7630167855925854983","https://p19-common-sign.tiktokcdn-us.com/tos-alisg-avt-0068/8a5bb99031870d8f2a342b5ed63f7085~tplv-tiktokx-cropcenter:100:100.jpg?dr=9640&refresh_token=9543d6d0&x-expires=1780200000&x-signature=kzE3pGGwxxnW%2FE%2FGglrIwsRcF2M%3D&t=4d5b0474&ps=13740610&shp=30310797&shcp=ff37627b&idc=useast8"
"🤣🤣🤣🤣","0","0","2026-04-18T18:29:49.000Z","ydden1","https://www.tiktok.com/@marcosjimenezpere/video/7629973371505249557","6962982081057375238","7630167605672395540","https://p16-common-sign.tiktokcdn-us.com/tos-alisg-avt-0068/bd47cf7b4b5cb5dbaeef426fff426345~tplv-tiktokx-cropcenter:100:100.jpg?dr=9640&refresh_token=26ff4343&x-expires=1780200000&x-signature=EkllCzsvz5u%2BmR2%2Fi6pG%2BzAYG94%3D&t=4d5b0474&ps=13740610&shp=30310797&shcp=ff37627b&idc=useast8"
"que nos vayamos a manifestar dice 😂","0","0","2026-04-18T18:30:57.000Z","bonesvanhelsing","https://www.tiktok.com/@marcosjimenezpere/video/7629973371505249557","7507786189928236049","7630168493397607185","https://p16-common-sign.tiktokcdn-us.com/tos-alisg-avt-0068/e37de8a6dce38da2c921faad3587e6ec~tplv-tiktokx-cropcenter:100:100.jpg?dr=9640&refresh_token=882d1361&x-expires=1780200000&x-signature=GMVTvTAaUGqa%2Fg8D0gTodbZi0BE%3D&t=4d5b0474&ps=13740610&shp=30310797&shcp=ff37627b&idc=useast8"
"😂😂😂😂😂😂😂","0","0","2026-04-18T20:28:03.000Z","bondercamilo","https://www.tiktok.com/@marcosjimenezpere/video/7629973371505249557","7264362370277049350","7630198636752388884","https://p16-common-sign.tiktokcdn-us.com/tos-maliva-avt-0068/89f9953e2b5db33521b56b2fbc3b0deb~tplv-tiktokx-cropcenter:100:100.jpg?dr=9640&refresh_token=6873e4af&x-expires=1780200000&x-signature=mq0jche2SeLKEYMEK4ibn7MDTrM%3D&t=4d5b0474&ps=13740610&shp=30310797&shcp=ff37627b&idc=useast8"
"Es una idea con ""A"" de mujer?😳","0","0","2026-04-18T20:08:10.000Z","sandra.manzano46","https://www.tiktok.com/@marcosjimenezpere/video/7629973371505249557","7358999625548514309","7630193523937657608","https://p19-common-sign.tiktokcdn-us.com/tos-maliva-avt-0068/7389987848607039493~tplv-tiktokx-cropcenter:100:100.jpg?dr=9640&refresh_token=88324c38&x-expires=1780200000&x-signature=Todb%2FL6x4j3%2FDLhB28Y4g%2B0Wg5E%3D&t=4d5b0474&ps=13740610&shp=30310797&shcp=ff37627b&idc=useast8"
"que no salgan todo el año mejor 😂","0","0","2026-04-18T20:11:43.000Z","donbetogar","https://www.tiktok.com/@marcosjimenezpere/video/7629973371505249557","6989678005719532549","7630194428070773522","https://p16-common-sign.tiktokcdn-us.com/tos-maliva-avt-0068/55601314e6c0163adb1ee6d056046323~tplv-tiktokx-cropcenter:100:100.jpg?dr=9640&refresh_token=19f70c88&x-expires=1780200000&x-signature=AuUtlVs8%2Bdp4fcG4b%2FMq1jWKJYQ%3D&t=4d5b0474&ps=13740610&shp=30310797&shcp=ff37627b&idc=useast8"
"🤣🤣🤣","0","0","2026-04-18T20:12:22.000Z","frankenstey3","https://www.tiktok.com/@marcosjimenezpere/video/7629973371505249557","7228414457792627717","7630194598892077845","https://p16-common-sign.tiktokcdn-us.com/tos-maliva-avt-0068/7316678650803699717~tplv-tiktokx-cropcenter:100:100.jpg?dr=9640&refresh_token=a8ba3a9d&x-expires=1780200000&x-signature=VDzcTYXNkc%2FW84GsgYpiX5ksono%3D&t=4d5b0474&ps=13740610&shp=30310797&shcp=ff37627b&idc=useast8"
"por mi esta bien pero que me aga un deposito de retiro sin tarjeta de unos 1.000.000.000.000.000.000.000.000.000.000.000.000.000.000 y ya veremos","0","0","2026-04-18T20:15:42.000Z","user1058559137279","https://www.tiktok.com/@marcosjimenezpere/video/7629973371505249557","7182772531396051973","7630195485558620936","https://p16-common-sign.tiktokcdn-us.com/tos-alisg-avt-0068/f68042933ebe671d7bf481c8f092cc75~tplv-tiktokx-cropcenter:100:100.jpg?dr=9640&refresh_token=a5e7e657&x-expires=1780200000&x-signature=Soom1ZdIPYUnnaLMhzPQAGcheDo%3D&t=4d5b0474&ps=13740610&shp=30310797&shcp=ff37627b&idc=useast8"
"okey a hacer marchas entendí perfectamente 😳","0","0","2026-04-18T20:17:33.000Z","32928xim","https://www.tiktok.com/@marcosjimenezpere/video/7629973371505249557","6815839668370916357","7630195972924637959","https://p16-common-sign.tiktokcdn-us.com/tos-alisg-avt-0068/ff00b98c6bd8b1e8864c60a7efb46334~tplv-tiktokx-cropcenter:100:100.jpg?dr=9640&refresh_token=5970b9cc&x-expires=1780200000&x-signature=KW72MuN55vKHOXge8jGcwKKAFGo%3D&t=4d5b0474&ps=13740610&shp=30310797&shcp=ff37627b&idc=useast8"
"En verdad está sra. está de jefa de gobierno?😅😂","0","0","2026-04-18T20:19:51.000Z","carlosleon3317","https://www.tiktok.com/@marcosjimenezpere/video/7629973371505249557","7008640029518103557","7630196512132563732","https://p16-common-sign.tiktokcdn-us.com/tos-maliva-avt-0068/7125211839710756870~tplv-tiktokx-cropcenter:100:100.jpg?dr=9640&refresh_token=56c5d4c0&x-expires=1780200000&x-signature=ZMBlGzQD0A2R0Ek6JK%2BKNJNQauM%3D&t=4d5b0474&ps=13740610&shp=30310797&shcp=ff37627b&idc=useast8"
"😂😂😂","0","0","2026-04-18T20:20:45.000Z","userne861","https://www.tiktok.com/@marcosjimenezpere/video/7629973371505249557","6930473949915644934","7630196778470802194","https://p16-common-sign.tiktokcdn-us.com/tos-maliva-avt-0068/7334392413563289605~tplv-tiktokx-cropcenter:100:100.jpg?dr=9640&refresh_token=f906e74c&x-expires=1780200000&x-signature=lfok1wLDMztWINIM9f6R3XUDBxM%3D&t=4d5b0474&ps=13740610&shp=30310797&shcp=ff37627b&idc=useast8"
"🤣🤣🤣","0","0","2026-04-18T20:21:42.000Z","knightgt11","https://www.tiktok.com/@marcosjimenezpere/video/7629973371505249557","7102969669686674438","7630196964366271233","https://p19-common-sign.tiktokcdn-us.com/tos-maliva-avt-0068/3da213a29d64ed84921e6862551fd329~tplv-tiktokx-cropcenter:100:100.jpg?dr=9640&refresh_token=aa3d6465&x-expires=1780200000&x-signature=7gAbqdOytYr8CxbVIssgff5kwjo%3D&t=4d5b0474&ps=13740610&shp=30310797&shcp=ff37627b&idc=useast8"
"[Sticker] Pues usted no me manda,.","0","0","2026-04-18T20:22:09.000Z","afro_love1","https://www.tiktok.com/@marcosjimenezpere/video/7629973371505249557","6927830966753133573","7630197146058916628","https://p19-common-sign.tiktokcdn-us.com/tos-maliva-avt-0068/afcb66333da660212893a7def0824814~tplv-tiktokx-cropcenter:100:100.jpg?dr=9640&refresh_token=51a0d06d&x-expires=1780200000&x-signature=SmZBOxHvWI2YiErA0wvk%2BquDvkQ%3D&t=4d5b0474&ps=13740610&shp=30310797&shcp=ff37627b&idc=useast8"
"Yo cuando dijo eso:No ni mergas
Yo cuando vi que decía ""Suspensión de clases"":Tiene mi boto","0","0","2026-04-20T21:58:26.000Z","flamestudiooficial_0","https://www.tiktok.com/@marcosjimenezpere/video/7629973371505249557","7560856523251434508","7630964102900122388","https://p16-common-sign.tiktokcdn-eu.com/tos-alisg-avt-0068/823ea5a654c83cb2a8119df637576c80~tplv-tiktokx-cropcenter:100:100.jpg?dr=10399&refresh_token=c926ed69&x-expires=1780200000&x-signature=wIOQEVS1PlyXrhoMjTBFOB%2BfT9o%3D&t=4d5b0474&ps=13740610&shp=30310797&shcp=ff37627b&idc=no1a"
"😏 Claro , meto a mi cuarto de servicio 🪠, en lo que los invitados andan en mi casa .","0","0","2026-04-18T20:24:13.000Z","meraritejeda8","https://www.tiktok.com/@marcosjimenezpere/video/7629973371505249557","7559819172315366408","7630197688860558087","https://p16-common-sign.tiktokcdn-us.com/tos-alisg-avt-0068/58d1b848820df2d075ef66e32c006c17~tplv-tiktokx-cropcenter:100:100.jpg?dr=9640&refresh_token=ec7dc816&x-expires=1780200000&x-signature=tQoMn8HN9JLx63XnGdEL%2FB2qtmk%3D&t=4d5b0474&ps=13740610&shp=30310797&shcp=ff37627b&idc=useast5"
"Esa mujer piensa que puede controlar y jugar como juguete a las personas","0","0","2026-04-18T20:25:17.000Z","pato.dos2","https://www.tiktok.com/@marcosjimenezpere/video/7629973371505249557","7355458222998733830","7630197890288665360","https://p16-common-sign.tiktokcdn-us.com/tos-maliva-avt-0068/7355458416984195077~tplv-tiktokx-cropcenter:100:100.jpg?dr=9640&refresh_token=71c10e08&x-expires=1780200000&x-signature=s7MMgxEKWINuNCNEJ9ZVWND9nCI%3D&t=4d5b0474&ps=13740610&shp=30310797&shcp=ff37627b&idc=useast5"
"jajaja para decir en mi trabajo que me dieron permiso de faltar","0","0","2026-04-18T20:27:58.000Z","escritoconsangre","https://www.tiktok.com/@marcosjimenezpere/video/7629973371505249557","6611893279926697990","7630198619077755668","https://p19-common-sign.tiktokcdn-us.com/tos-maliva-avt-0068/7335395770772029446~tplv-tiktokx-cropcenter:100:100.jpg?dr=9640&refresh_token=3dc2b151&x-expires=1780200000&x-signature=4oCpPrSdfNrRdzN9QXtXLSyvH2w%3D&t=4d5b0474&ps=13740610&shp=30310797&shcp=ff37627b&idc=useast5"
"😂😂😂","0","0","2026-04-18T20:07:24.000Z","stephaniemtz21_","https://www.tiktok.com/@marcosjimenezpere/video/7629973371505249557","18299612","7630193358086259457","https://p19-common-sign.tiktokcdn-us.com/tos-maliva-avt-0068/875783c500b5916d5777ec152f176c4b~tplv-tiktokx-cropcenter:100:100.jpg?dr=9640&refresh_token=fef26543&x-expires=1780200000&x-signature=44Lxr%2FgPVCkpeVlN%2BKg8TcPo0Uc%3D&t=4d5b0474&ps=13740610&shp=30310797&shcp=ff37627b&idc=useast5"
"😡😡😡","0","0","2026-04-18T20:29:31.000Z","user4998680767587","https://www.tiktok.com/@marcosjimenezpere/video/7629973371505249557","7434421370434438199","7630199020213175058","https://p19-common-sign.tiktokcdn-us.com/musically-maliva-obj/1594805258216454~tplv-tiktokx-cropcenter:100:100.jpg?dr=9640&refresh_token=e340c4d0&x-expires=1780200000&x-signature=y0I6Dncomm86fyA9XjJdWa1HRzE%3D&t=4d5b0474&ps=13740610&shp=30310797&shcp=ff37627b&idc=useast5"
"🤣🤣🤣","0","0","2026-04-18T20:30:21.000Z","juanck66","https://www.tiktok.com/@marcosjimenezpere/video/7629973371505249557","6815023423154471941","7630199238643991304","https://p19-common-sign.tiktokcdn-us.com/tos-alisg-avt-0068/5825b6a38c745f0ff18c283d0504a6b0~tplv-tiktokx-cropcenter:100:100.jpg?dr=9640&refresh_token=06b4c55a&x-expires=1780200000&x-signature=w3QVEA9VA1muE9kTvlD6L9W9V0w%3D&t=4d5b0474&ps=13740610&shp=30310797&shcp=ff37627b&idc=useast5"
"[Sticker] ","0","0","2026-04-18T20:30:33.000Z","azul94.1","https://www.tiktok.com/@marcosjimenezpere/video/7629973371505249557","7612399039280219156","7630199306125804296","https://p19-common-sign.tiktokcdn-us.com/tos-alisg-avt-0068/86e33368840ec685afc27e17a70081af~tplv-tiktokx-cropcenter:100:100.jpg?dr=9640&refresh_token=881802a6&x-expires=1780200000&x-signature=XPHsEq3RKMjdJbYRGtzJ%2BmzyZ04%3D&t=4d5b0474&ps=13740610&shp=30310797&shcp=ff37627b&idc=useast5"
"🤣🤣🤣","0","0","2026-04-18T20:30:44.000Z","paulafloresbaut76","https://www.tiktok.com/@marcosjimenezpere/video/7629973371505249557","7037313954809152517","7630199355571553045","https://p19-common-sign.tiktokcdn-us.com/tos-maliva-avt-0068/7320731451908079621~tplv-tiktokx-cropcenter:100:100.jpg?dr=9640&refresh_token=a47ae803&x-expires=1780200000&x-signature=W%2FC4Hgbl0eJxvwN3jtl198as3h8%3D&t=4d5b0474&ps=13740610&shp=30310797&shcp=ff37627b&idc=useast5"
"¡NO SE QUIEN LAS INVENTO!🎵🎶🎶🎶🎵
🤦🏻‍♂️","0","0","2026-04-18T20:30:45.000Z","edelmagno98","https://www.tiktok.com/@marcosjimenezpere/video/7629973371505249557","6981606893613646854","7630199326493377298","https://p16-common-sign.tiktokcdn-us.com/tos-maliva-avt-0068/7323545196048678917~tplv-tiktokx-cropcenter:100:100.jpg?dr=9640&refresh_token=605617c7&x-expires=1780200000&x-signature=3FRJA3TQxetDVUk9gAjU8adyvPg%3D&t=4d5b0474&ps=13740610&shp=30310797&shcp=ff37627b&idc=useast5"
"[Sticker] que???","0","0","2026-04-18T20:31:11.000Z","yakultfideos","https://www.tiktok.com/@marcosjimenezpere/video/7629973371505249557","7274794491524727814","7630199477315683080","https://p19-common-sign.tiktokcdn-us.com/tos-alisg-avt-0068/bc95b54c4b353e932e27c187682b9e26~tplv-tiktokx-cropcenter:100:100.jpg?dr=9640&refresh_token=0e54754d&x-expires=1780200000&x-signature=S7kqToh3ENrbmLk9UyP8lUjgW0g%3D&t=4d5b0474&ps=13740610&shp=30310797&shcp=ff37627b&idc=useast5"
"Les juro que yo no voté por esa señora, sabía que durante los 9 años que gobernó iztapalapa hizo un desastre","0","0","2026-04-18T20:33:02.000Z","oscarmendoza975","https://www.tiktok.com/@marcosjimenezpere/video/7629973371505249557","6790474018493531141","7630199899934753557","https://p19-common-sign.tiktokcdn-us.com/tos-alisg-avt-0068/20c19dc9998991969e44cf1e1dcb1ce3~tplv-tiktokx-cropcenter:100:100.jpg?dr=9640&refresh_token=e9f50a53&x-expires=1780200000&x-signature=LPdaOYCk5PonrFHqoAwCJf6Kcio%3D&t=4d5b0474&ps=13740610&shp=30310797&shcp=ff37627b&idc=useast5"
"😂😂😂","0","0","2026-04-18T20:34:53.000Z","swarle23","https://www.tiktok.com/@marcosjimenezpere/video/7629973371505249557","7190543345528833030","7630200412071117589","https://p19-common-sign.tiktokcdn-us.com/tos-maliva-avt-0068/7335330434215051270~tplv-tiktokx-cropcenter:100:100.jpg?dr=9640&refresh_token=9d1ad39f&x-expires=1780200000&x-signature=9yOxDBvqiJU1ngFCL25GU9b5Dgc%3D&t=4d5b0474&ps=13740610&shp=30310797&shcp=ff37627b&idc=useast5"
"🤣🤣🤣🤣","0","0","2026-04-18T20:44:06.000Z","monksbroshermosillo","https://www.tiktok.com/@marcosjimenezpere/video/7629973371505249557","6803847483086750726","7630202744490836756","https://p19-common-sign.tiktokcdn-us.com/tos-maliva-avt-0068/4bbff0a27e5c020f0341cb0777dd3312~tplv-tiktokx-cropcenter:100:100.jpg?dr=9640&refresh_token=2d4101d9&x-expires=1780200000&x-signature=OanQv%2B%2FKrsLrvk%2BdOxSlMZog27Q%3D&t=4d5b0474&ps=13740610&shp=30310797&shcp=ff37627b&idc=useast5"
"p","0","0","2026-04-18T20:46:50.000Z","werinzom25","https://www.tiktok.com/@marcosjimenezpere/video/7629973371505249557","6860951858119558150","7630203500324832016","https://p19-common-sign.tiktokcdn-us.com/tos-maliva-avt-0068/f3c4d2a0adbcf0553fbe33a527fb1c06~tplv-tiktokx-cropcenter:100:100.jpg?dr=9640&refresh_token=721b1daa&x-expires=1780200000&x-signature=wtB40VJVLpF3akVVYoNCKkj5bk0%3D&t=4d5b0474&ps=13740610&shp=30310797&shcp=ff37627b&idc=useast5"
"No olvidemos a Carlos Manzo","0","0","2025-11-10T21:33:43.000Z","456fjak","https://www.tiktok.com/@politicomx/video/7571117511932972296","7077323385248105478","7571213017893143314","https://p19-common-sign.tiktokcdn.com/tos-maliva-avt-0068/8d0f91dae7174d273d28e82feb7a0b7b~tplv-tiktokx-cropcenter:100:100.jpg?dr=14579&refresh_token=7f9a2230&x-expires=1780200000&x-signature=Ma7kehGeE5M1ukRjPJ2P%2FWkvT2A%3D&t=4d5b0474&ps=13740610&shp=30310797&shcp=ff37627b&idc=my"
"Y para cuando lo de Carlos Manzo","0","0","2025-11-10T21:33:24.000Z","456fjak","https://www.tiktok.com/@politicomx/video/7571117511932972296","7077323385248105478","7571212933449106183","https://p19-common-sign.tiktokcdn.com/tos-maliva-avt-0068/8d0f91dae7174d273d28e82feb7a0b7b~tplv-tiktokx-cropcenter:100:100.jpg?dr=14579&refresh_token=7f9a2230&x-expires=1780200000&x-signature=Ma7kehGeE5M1ukRjPJ2P%2FWkvT2A%3D&t=4d5b0474&ps=13740610&shp=30310797&shcp=ff37627b&idc=my"
"tanto se la pasaban criticando a díaz Ordaz de la masacre en Tlatelolco y a si le valió y se efectuaron las olimpiadas del 68"" ahora que otra vez hacen lo mismo sabiendo que estamos viviendo días de violencia","0","0","2025-11-10T17:43:54.000Z","nuevouser72","https://www.tiktok.com/@politicomx/video/7571117511932972296","6916250604973081605","7571153860694278920","https://p16-common-sign.tiktokcdn.com/tos-maliva-avt-0068/a99c5447df8a65ce1218b28e060b79c2~tplv-tiktokx-cropcenter:100:100.jpg?dr=14579&refresh_token=53be1b10&x-expires=1780200000&x-signature=I%2F9CZhaaVHqWceRfIABHxFvXe1U%3D&t=4d5b0474&ps=13740610&shp=30310797&shcp=ff37627b&idc=my"
"y como tienes esos datos si aún no pasa.
y apoko 🇲🇽 va estar como los tuburios esperando clientes pa poder ganar todos jajaja.. si me entiendes nO!!😅😂","2","0","2025-11-10T18:48:17.000Z","camilo199409","https://www.tiktok.com/@politicomx/video/7571117511932972296","7195386247447331845","7571170424245224200","https://p16-common-sign.tiktokcdn.com/tos-alisg-avt-0068/52b45d01871bb59811c3e038e1400f98~tplv-tiktokx-cropcenter:100:100.jpg?dr=14579&refresh_token=b50c31eb&x-expires=1780200000&x-signature=Ynm%2FyLfYkMgjIQEZ8n6KtVRCsT0%3D&t=4d5b0474&ps=13740610&shp=30310797&shcp=ff37627b&idc=my"
"Pobr3s Turistas que no volverán Asus países en un país peligroso que se le ocurrió hacer mundial a FiFa 👈😁","0","0","2025-11-10T21:50:50.000Z","malvigaray25","https://www.tiktok.com/@politicomx/video/7571117511932972296","6810460059098842118","7571217420024972040","https://p16-common-sign.tiktokcdn.com/tos-maliva-avt-0068/bc6e04ed976510e6ca0a517622313ac8~tplv-tiktokx-cropcenter:100:100.jpg?dr=14579&refresh_token=390b49ac&x-expires=1780200000&x-signature=TPrF8OGsysbBUfP7WsnsQnX53Gg%3D&t=4d5b0474&ps=13740610&shp=30310797&shcp=ff37627b&idc=my"
"Y de los 5 millones a cuantos van a desaparecer?","0","0","2025-11-10T21:33:46.000Z","homeroayup","https://www.tiktok.com/@politicomx/video/7571117511932972296","135596663099871232","7571213016477254418","https://p16-common-sign.tiktokcdn.com/tos-alisg-avt-0068/eeb8e24a2bbf0e05abbc30380f1abb01~tplv-tiktokx-cropcenter:100:100.jpg?dr=14579&refresh_token=ab2ee240&x-expires=1780200000&x-signature=gXaOT7EOzQxt5MyHmz1PBjBdkYI%3D&t=4d5b0474&ps=13740610&shp=30310797&shcp=ff37627b&idc=my"
"No loco voy a México, menos con la falta de seguridad, México necesita a @Lilly Téllez","0","0","2025-11-11T01:23:47.000Z","kbumcostarica","https://www.tiktok.com/@politicomx/video/7571117511932972296","6886520490011542534","7571272340038943544","https://p16-common-sign.tiktokcdn-eu.com/tos-maliva-avt-0068/d3c712e5a4872a4e77908b035827c115~tplv-tiktokx-cropcenter:100:100.jpg?dr=10399&refresh_token=02d32a99&x-expires=1780200000&x-signature=%2BwblL01%2Fe0OXigvezdV1gXMoFzQ%3D&t=4d5b0474&ps=13740610&shp=30310797&shcp=ff37627b&idc=no1a"
"Y no les quedarán ganas de regresar con tanto policía corrupto y tanta inseguridad siento vergüenza","0","0","2025-11-11T01:10:17.000Z","josealarcon850","https://www.tiktok.com/@politicomx/video/7571117511932972296","7570793171845235723","7571268848503882517","https://p16-common-sign.tiktokcdn-eu.com/tos-alisg-avt-0068/1b22924bea8c0a8c2a8732514f9d8d1f~tplv-tiktokx-cropcenter:100:100.jpg?dr=10399&refresh_token=b5eaa518&x-expires=1780200000&x-signature=9gF4MlXmxFknbw01DyVTG%2B1JJqo%3D&t=4d5b0474&ps=13740610&shp=30310797&shcp=ff37627b&idc=no1a"
"Por 3 pinches partidos…. 🙄","0","0","2025-11-11T01:04:42.000Z","gastn.baca","https://www.tiktok.com/@politicomx/video/7571117511932972296","7389192133192008710","7571267420472673044","https://p16-common-sign.tiktokcdn-eu.com/tos-alisg-avt-0068/131974153aca1e13ef8a4f6db36a1895~tplv-tiktokx-cropcenter:100:100.jpg?dr=10399&refresh_token=38b97fd5&x-expires=1780200000&x-signature=5HsahJSR90LGdeaOO5sLr3xFv6A%3D&t=4d5b0474&ps=13740610&shp=30310797&shcp=ff37627b&idc=no1a"
"@FIFA ojooo México está super insegurooo !","0","0","2025-11-11T00:56:58.000Z","yaz.esparza.arias","https://www.tiktok.com/@politicomx/video/7571117511932972296","6799062549494662150","7571265410764505874","https://p16-common-sign.tiktokcdn-eu.com/tos-maliva-avt-0068/50f856e13dd21b1e0084f1e9e6987246~tplv-tiktokx-cropcenter:100:100.jpg?dr=10399&refresh_token=cd80b336&x-expires=1780200000&x-signature=0iGOsqh8%2FnTRYITG%2Fbl73JlcZIc%3D&t=4d5b0474&ps=13740610&shp=30310797&shcp=ff37627b&idc=no1a"
"Para que los regales a tus chairos","0","0","2025-11-11T00:53:46.000Z","omarmartinez705","https://www.tiktok.com/@politicomx/video/7571117511932972296","6784617876139459589","7571264604232581895","https://p16-common-sign.tiktokcdn-eu.com/tos-maliva-avt-0068/4fd095533309117e8094aaf282c4dba2~tplv-tiktokx-cropcenter:100:100.jpg?dr=10399&refresh_token=1096d6f8&x-expires=1780200000&x-signature=YLpCb7B7iczEXS2E65MIDhxQ9tM%3D&t=4d5b0474&ps=13740610&shp=30310797&shcp=ff37627b&idc=no1a"
