"text","diggCount","replyCommentTotal","createTimeISO","uniqueId","videoWebUrl","uid","cid","avatarThumbnail"
"Y si mejor arreglan los hospitales? Ponen mas camas por que nunca hay, dan medicamentos e insumos?","3379","43","2026-05-21T02:23:56.000Z","lluviavalza","https://www.tiktok.com/@telediario/video/7642063192079813908","6848868297174320134","7642165113873548039","https://p16-common-sign.tiktokcdn-us.com/tos-alisg-avt-0068/9e9a76e9c3d55f23735f48d599ca6061~tplv-tiktokx-cropcenter:100:100.jpg?dr=9640&refresh_token=545974eb&x-expires=1780200000&x-signature=ZSJzFqulEt7XpticKdthrtF8IQ0%3D&t=4d5b0474&ps=13740610&shp=30310797&shcp=ff37627b&idc=useast8"
"Mejor que pongan botes de basura por todo reforma 😩","8712","32","2026-05-21T00:31:23.000Z","aysichuy","https://www.tiktok.com/@telediario/video/7642063192079813908","6836392668319319045","7642136034546041620","https://p16-common-sign.tiktokcdn-us.com/tos-maliva-avt-0068/f5c3ccf90776858911179fb49396300c~tplv-tiktokx-cropcenter:100:100.jpg?dr=9640&refresh_token=56ff28a2&x-expires=1780200000&x-signature=iz8H2ixuJgDbgmlQSOM8JOwSY0c%3D&t=4d5b0474&ps=13740610&shp=30310797&shcp=ff37627b&idc=useast8"
"Sin mantenimiento estarán en cuanto acabe el mundial","269","3","2026-05-21T05:34:03.000Z","milenkacovarrubias69","https://www.tiktok.com/@telediario/video/7642063192079813908","7356800936743027717","7642214076073296658","https://p19-common-sign.tiktokcdn-us.com/tos-maliva-avt-0068/939b5b46290fbb9b4fcdf6227e53e5c0~tplv-tiktokx-cropcenter:100:100.jpg?dr=9640&refresh_token=ee85030b&x-expires=1780200000&x-signature=jftIcU6pomqoN0UN8OcuBVTTNDc%3D&t=4d5b0474&ps=13740610&shp=30310797&shcp=ff37627b&idc=useast8"
"Dinero desperdiciado","136","11","2026-05-21T22:02:02.000Z","angelitoneza26","https://www.tiktok.com/@telediario/video/7642063192079813908","7360834246645466118","7642468682882712341","https://p16-common-sign.tiktokcdn-us.com/tos-alisg-avt-0068/04bde230691371321cd2a8c0347b5186~tplv-tiktokx-cropcenter:100:100.jpg?dr=9640&refresh_token=2bce81b5&x-expires=1780200000&x-signature=Zc6tB2a1uzqHQYpnzylJ9j1Yr0w%3D&t=4d5b0474&ps=13740610&shp=30310797&shcp=ff37627b&idc=useast8"
"y los medicamentos en insumos en los hospitales para cuando?","216","9","2026-05-21T05:20:32.000Z","sandras924","https://www.tiktok.com/@telediario/video/7642063192079813908","6979421030867616774","7642210632749597457","https://p19-common-sign.tiktokcdn-us.com/tos-alisg-avt-0068/c1fbfbed690605a1d29a5d447904fe42~tplv-tiktokx-cropcenter:100:100.jpg?dr=9640&refresh_token=617324a8&x-expires=1780200000&x-signature=SJfR%2F18nHvs9JkBhDvpXHmMCBF8%3D&t=4d5b0474&ps=13740610&shp=30310797&shcp=ff37627b&idc=useast8"
"esos baños deberian estar en el metro, no saben la falta que hacen","427","7","2026-05-21T23:35:12.000Z","joey.frase","https://www.tiktok.com/@telediario/video/7642063192079813908","7154213386967548934","7642492657394959112","https://p16-common-sign.tiktokcdn-us.com/tos-alisg-avt-0068/380672d10b0bf967d2b4569ddcbfa4a1~tplv-tiktokx-cropcenter:100:100.jpg?dr=9640&refresh_token=f6884f44&x-expires=1780200000&x-signature=YQfZz6RbVpj0DG8nnzwFaoIKKsk%3D&t=4d5b0474&ps=13740610&shp=30310797&shcp=ff37627b&idc=useast8"
"para que después huela horrible","310","0","2026-05-21T01:25:08.000Z","dashs_v.e","https://www.tiktok.com/@telediario/video/7642063192079813908","6643841605407178758","7642149940416856833","https://p16-common-sign.tiktokcdn-us.com/tos-alisg-avt-0068/363c019f9e53b341bcd9b6a40055a8f5~tplv-tiktokx-cropcenter:100:100.jpg?dr=9640&refresh_token=c7848412&x-expires=1780200000&x-signature=FWU5Pn%2BVPZb8RH%2FUgLmK0NWOLKM%3D&t=4d5b0474&ps=13740610&shp=30310797&shcp=ff37627b&idc=useast8"
"Baños? yo veo hoteles 🗿","118","4","2026-05-21T23:34:49.000Z","hellcat_ab","https://www.tiktok.com/@telediario/video/7642063192079813908","6947492680021345285","7642492566546481936","https://p19-common-sign.tiktokcdn-us.com/tos-alisg-avt-0068/7bebf10a2f0ba1461b59dd031cfac961~tplv-tiktokx-cropcenter:100:100.jpg?dr=9640&refresh_token=408da5d6&x-expires=1780200000&x-signature=hloOTuVGZYmWS4as42YWlVODjqU%3D&t=4d5b0474&ps=13740610&shp=30310797&shcp=ff37627b&idc=useast8"
"Lástima que una vez que se acabe el mundial, ni mantenimiento tendrán","247","3","2026-05-21T02:10:50.000Z","theluismi_g","https://www.tiktok.com/@telediario/video/7642063192079813908","7082219466339746822","7642161732459496200","https://p16-common-sign.tiktokcdn-us.com/tos-alisg-avt-0068/163cac94d88c98b27a27effca9b01343~tplv-tiktokx-cropcenter:100:100.jpg?dr=9640&refresh_token=ab5f27ee&x-expires=1780200000&x-signature=KN1LPsTwzvDEu45rMaxBDyfvx4I%3D&t=4d5b0474&ps=13740610&shp=30310797&shcp=ff37627b&idc=useast8"
"Nmmn arreglen el sistema de drenaje q se tapa bien feo xd","678","5","2026-05-21T22:25:00.000Z","angelchuloflaco2019","https://www.tiktok.com/@telediario/video/7642063192079813908","7082602398280631301","7642474410213982992","https://p19-common-sign.tiktokcdn-us.com/tos-alisg-avt-0068/c36a346868b690236131495a218b6832~tplv-tiktokx-cropcenter:100:100.jpg?dr=9640&refresh_token=cc826c20&x-expires=1780200000&x-signature=esr387hOvvQOehUtxVHlqa4YAQw%3D&t=4d5b0474&ps=13740610&shp=30310797&shcp=ff37627b&idc=useast8"
"Antes de que arranque el mundial ya no sirven","315","0","2026-05-20T22:01:50.000Z","joshpalomares0","https://www.tiktok.com/@telediario/video/7642063192079813908","6650656592872226821","7642097541311890194","https://p19-common-sign.tiktokcdn-us.com/tos-alisg-avt-0068/3667543226d1fa46ce65fd095964054c~tplv-tiktokx-cropcenter:100:100.jpg?dr=9640&refresh_token=4ac67df2&x-expires=1780200000&x-signature=KDoQoktHsRjHhZUaHalSfwm9K2k%3D&t=4d5b0474&ps=13740610&shp=30310797&shcp=ff37627b&idc=useast8"
"Solo por el mundial 🙄","47","1","2026-05-21T01:22:33.000Z","caromortega","https://www.tiktok.com/@telediario/video/7642063192079813908","6586232880828514310","7642149289149874962","https://p19-common-sign.tiktokcdn-us.com/tos-alisg-avt-0068/a90fc53bc63ca0ad79ce0a4ad4e8be70~tplv-tiktokx-cropcenter:100:100.jpg?dr=9640&refresh_token=e25f088b&x-expires=1780200000&x-signature=X3qESwyULkBM96uh%2Ff%2F3psVOm78%3D&t=4d5b0474&ps=13740610&shp=30310797&shcp=ff37627b&idc=useast8"
"me avisan como quedan después del mundial 😉","33","0","2026-05-21T16:52:36.000Z","melanix223","https://www.tiktok.com/@telediario/video/7642063192079813908","7583237861727536144","7642388953207980820","https://p16-common-sign.tiktokcdn-us.com/musically-maliva-obj/1594805258216454~tplv-tiktokx-cropcenter:100:100.jpg?dr=9640&refresh_token=f6d184af&x-expires=1780200000&x-signature=VW8UWPJqAaIplom5IP4ju2xgIsk%3D&t=4d5b0474&ps=13740610&shp=30310797&shcp=ff37627b&idc=useast8"
"Es un gasto innecesario para la capital ....apuesto que pasa el mundial y los van a cerrar... y jamás van a estar en funcionamiento...!!!","8","1","2026-05-22T22:10:52.000Z","juanconde705","https://www.tiktok.com/@telediario/video/7642063192079813908","7371991745221559301","7642842044297626369","https://p19-common-sign.tiktokcdn-us.com/tos-alisg-avt-0068/41beeda36f344aa402917cf430ee0cbf~tplv-tiktokx-cropcenter:100:100.jpg?dr=9640&refresh_token=4f6c285e&x-expires=1780200000&x-signature=4xlIJPrT4nydNxpIfOjbgamRNCE%3D&t=4d5b0474&ps=13740610&shp=30310797&shcp=ff37627b&idc=useast8"
"Recuerden mis palabras: ""Después del mundial, no van a funcionar regularmente"".","9","0","2026-05-22T22:28:46.000Z","terexilla19","https://www.tiktok.com/@telediario/video/7642063192079813908","7505915220264682538","7642846538523755294","https://p19-common-sign.tiktokcdn-us.com/tos-useast8-avt-0068-tx2/148f5eff3833687968b08a831dcbf8c8~tplv-tiktokx-cropcenter:100:100.jpg?dr=9640&refresh_token=cbd16669&x-expires=1780200000&x-signature=Ur%2B1AFsbnGWFjtZ3MjPtfUsMlII%3D&t=4d5b0474&ps=13740610&shp=30310797&shcp=ff37627b&idc=useast8"
"Mejor q arreglen los elevadores y las escaleras Eléctricas del metro y metrobus","13","0","2026-05-22T03:20:45.000Z","josuegarcia279","https://www.tiktok.com/@telediario/video/7642063192079813908","6538191522372785167","7642550799889892116","https://p19-common-sign.tiktokcdn-us.com/tos-maliva-avt-0068/67ef10f6865825d3cec485d20df67794~tplv-tiktokx-cropcenter:100:100.jpg?dr=9640&refresh_token=ba11c877&x-expires=1780200000&x-signature=fuWFv2iKPz4v9Z4za0DV%2B3TSN2Y%3D&t=4d5b0474&ps=13740610&shp=30310797&shcp=ff37627b&idc=useast8"
"[Sticker] como dice la señora , solo va a ser por el mundial , después hasta van a cobrar","8","0","2026-05-21T07:33:09.000Z","malandro7917","https://www.tiktok.com/@telediario/video/7642063192079813908","7419962480141386758","7642244800024675089","https://p19-common-sign.tiktokcdn-us.com/tos-alisg-avt-0068/7b5a000ed84444bbfd93634a27bcd406~tplv-tiktokx-cropcenter:100:100.jpg?dr=9640&refresh_token=ba2cf91b&x-expires=1780200000&x-signature=TZJ5Zk%2FLHB7sC%2F16heMWrGP%2BL0g%3D&t=4d5b0474&ps=13740610&shp=30310797&shcp=ff37627b&idc=useast8"
"Baños que estarán cerrados después del mundial, y en un año estarán inutilizables","9","0","2026-05-21T18:10:02.000Z","axelontiveros17","https://www.tiktok.com/@telediario/video/7642063192079813908","6880178218600088581","7642408905138340628","https://p16-common-sign.tiktokcdn-us.com/tos-maliva-avt-0068/dabdc9e5e2abb17e24fcfc1c37ae4103~tplv-tiktokx-cropcenter:100:100.jpg?dr=9640&refresh_token=0ff557ed&x-expires=1780200000&x-signature=dvqCR4Rkw6WgFpDGkauyWfEVe3A%3D&t=4d5b0474&ps=13740610&shp=30310797&shcp=ff37627b&idc=useast8"
"Están construyendo baños para el mundial pero no arreglan los baches o las fugas de agua de hay en la cuidad 😐","5","0","2026-05-21T08:52:13.000Z","santismv30","https://www.tiktok.com/@telediario/video/7642063192079813908","7440683289927550007","7642265184606552850","https://p19-common-sign.tiktokcdn-us.com/tos-alisg-avt-0068/3477de64f8e2daf50a5268ecf302659b~tplv-tiktokx-cropcenter:100:100.jpg?dr=9640&refresh_token=f48f279f&x-expires=1780200000&x-signature=wd3zt7hcUErplxRImLHqQZXa1gE%3D&t=4d5b0474&ps=13740610&shp=30310797&shcp=ff37627b&idc=useast8"
"que pena da que su preoridad sea poner sanitarios que insumos y medicamentos en los hospitales","5","2","2026-05-23T04:12:08.000Z","gabycitlalli1","https://www.tiktok.com/@telediario/video/7642063192079813908","6945448797918348293","7642935149869826823","https://p16-common-sign.tiktokcdn-us.com/tos-alisg-avt-0068/7a1e8fe1f52e7885a6ccab2ded56b874~tplv-tiktokx-cropcenter:100:100.jpg?dr=9640&refresh_token=7a4d6ba1&x-expires=1780200000&x-signature=UZmCkObyxZB3wI%2FjvocSP2lUXeI%3D&t=4d5b0474&ps=13740610&shp=30310797&shcp=ff37627b&idc=useast8"
"Y si ponen más seguridad ?","7","0","2026-05-22T04:14:22.000Z","nuritaguilar6","https://www.tiktok.com/@telediario/video/7642063192079813908","6727232142843249670","7642564654846051088","https://p16-common-sign.tiktokcdn-us.com/tos-alisg-avt-0068/bd6022e3f56bdb6f527a2cc1cb6e60ad~tplv-tiktokx-cropcenter:100:100.jpg?dr=9640&refresh_token=c70e2145&x-expires=1780200000&x-signature=4VmdZGNgvLWysgP%2BejpUnE1LEzw%3D&t=4d5b0474&ps=13740610&shp=30310797&shcp=ff37627b&idc=useast8"
"Los hubieran puesto 1 dia antes, la gente no cuida nada, a ver como quedan después","100","0","2026-05-21T00:41:39.000Z","angiezmi21","https://www.tiktok.com/@telediario/video/7642063192079813908","6726276750928774149","7642138737237377793","https://p16-common-sign.tiktokcdn-us.com/tos-maliva-avt-0068/0944689658c28af10bfd85f3f9d8e9b2~tplv-tiktokx-cropcenter:100:100.jpg?dr=9640&refresh_token=ea99e055&x-expires=1780200000&x-signature=QzquxE24l3sCu%2FvHIdh1olhWm20%3D&t=4d5b0474&ps=13740610&shp=30310797&shcp=ff37627b&idc=useast8"
"todo nos molesta... pero pues a las personas que circulan por ahí pues van a favorecer... y lo del mantenimiento no se necesitaría si uno como persona lo ocupa de forma correcta esto no es culpa del gobierno","9","2","2026-05-22T03:16:01.000Z","loky20134","https://www.tiktok.com/@telediario/video/7642063192079813908","6965818302384817158","7642549619595821831","https://p19-common-sign.tiktokcdn-us.com/tos-maliva-avt-0068/463cb78879e707666d14e7b5ac4b3d7c~tplv-tiktokx-cropcenter:100:100.jpg?dr=9640&refresh_token=336b160a&x-expires=1780200000&x-signature=Z%2FwhP9Pk%2FX5ar3fAHaPrrNUpeQ8%3D&t=4d5b0474&ps=13740610&shp=30310797&shcp=ff37627b&idc=useast8"
"están buenos para el cruising","37","0","2026-05-21T04:27:12.000Z","loganmigueel","https://www.tiktok.com/@telediario/video/7642063192079813908","6790848239639086086","7642196862715691796","https://p19-common-sign.tiktokcdn-us.com/tos-alisg-avt-0068/94f6fa342f01884c96840b1b8b24e139~tplv-tiktokx-cropcenter:100:100.jpg?dr=9640&refresh_token=681b3027&x-expires=1780200000&x-signature=uFpsLMG4P8WFxTJMqtAzhTZdJyk%3D&t=4d5b0474&ps=13740610&shp=30310797&shcp=ff37627b&idc=useast8"
"Porque no ponen botes de basura en toda la ciudad y arreglen todos los el pavimento y tuberías de agua","6","0","2026-05-21T16:34:04.000Z","paolagarca45","https://www.tiktok.com/@telediario/video/7642063192079813908","7034737246105240582","7642384196887905025","https://p16-common-sign.tiktokcdn-us.com/tos-alisg-avt-0068/7bb48b128ac8ddbf1d54fffe14c2d458~tplv-tiktokx-cropcenter:100:100.jpg?dr=9640&refresh_token=d0597c8c&x-expires=1780200000&x-signature=Xgm7Qx1kyPCw%2FwfIa9sAB3nO6lI%3D&t=4d5b0474&ps=13740610&shp=30310797&shcp=ff37627b&idc=useast8"
"y si mejor lo cancelan ?","10","3","2026-05-21T22:23:11.000Z","coneeja28","https://www.tiktok.com/@telediario/video/7642063192079813908","6802008015719171078","7642474085965054741","https://p19-common-sign.tiktokcdn-us.com/tos-alisg-avt-0068/40427540f953d18e7a4873dcc20a9fac~tplv-tiktokx-cropcenter:100:100.jpg?dr=9640&refresh_token=762197a4&x-expires=1780200000&x-signature=uaJXeR4IjSr8uc1Bc9MO%2BeGSLBw%3D&t=4d5b0474&ps=13740610&shp=30310797&shcp=ff37627b&idc=useast8"
"Como los baños de la línea 12 que están clausurados?","289","4","2026-05-21T00:57:34.000Z","uriellopez589","https://www.tiktok.com/@telediario/video/7642063192079813908","6916364085287666694","7642142847432917768","https://p19-common-sign.tiktokcdn-us.com/tos-alisg-avt-0068/80abe865b31a548e84f51a67740c33c8~tplv-tiktokx-cropcenter:100:100.jpg?dr=9640&refresh_token=59e810af&x-expires=1780200000&x-signature=2w2u9TXdKUdyF84fRp0zmXwcSes%3D&t=4d5b0474&ps=13740610&shp=30310797&shcp=ff37627b&idc=useast8"
"solo es para el mundial ya después o los quitan o ya no sirven","40","0","2026-05-21T00:01:27.000Z","ragnarodin4","https://www.tiktok.com/@telediario/video/7642063192079813908","6848262339369550854","7642128342015050517","https://p19-common-sign.tiktokcdn-us.com/tos-maliva-avt-0068/7321084695495704582~tplv-tiktokx-cropcenter:100:100.jpg?dr=9640&refresh_token=f9489640&x-expires=1780200000&x-signature=wE0zixWoiEkUSwmkKFMuvua4vs8%3D&t=4d5b0474&ps=13740610&shp=30310797&shcp=ff37627b&idc=useast8"
"😂😂😂 nada les parece los baños públicos son útiles en todos lados A mí me ha pasado que tengo la urgencia de hacer mis necesidades como todo el mundo y no hay ni dónde ya ahí anda uno buscando una gasolinera o algún lugar en donde se pueda hacer sus necesidades y no hay ninguno😂😂","19","7","2026-05-21T21:20:13.000Z",".marcopolo3600","https://www.tiktok.com/@telediario/video/7642063192079813908","7010035003925660677","7642457867778016020","https://p16-common-sign.tiktokcdn-us.com/tos-alisg-avt-0068/8e2d8af7e6c7f30c4675eb6268c78cd1~tplv-tiktokx-cropcenter:100:100.jpg?dr=9640&refresh_token=9c0fdc36&x-expires=1780200000&x-signature=xZUDGMlKKkRU8fP2IztQhwdud7E%3D&t=4d5b0474&ps=13740610&shp=30310797&shcp=ff37627b&idc=useast8"
"Ni un año les doy","6","0","2026-05-22T05:06:47.000Z","manuel_rabia","https://www.tiktok.com/@telediario/video/7642063192079813908","6782703480698569734","7642578162291753729","https://p16-common-sign.tiktokcdn-us.com/tos-maliva-avt-0068/7321299929379373062~tplv-tiktokx-cropcenter:100:100.jpg?dr=9640&refresh_token=dd009cdf&x-expires=1780200000&x-signature=R01xW1vIZRGAg8zctZp3qpJsDvQ%3D&t=4d5b0474&ps=13740610&shp=30310797&shcp=ff37627b&idc=useast8"
"[Sticker] En eso gastan los impuestos ?","64","0","2026-05-20T23:26:30.000Z","monse_ar_","https://www.tiktok.com/@telediario/video/7642063192079813908","6848492886079095813","7642119215884993297","https://p19-common-sign.tiktokcdn-us.com/tos-alisg-avt-0068/49b859af2ff6eeb9a835c3c969462e9b~tplv-tiktokx-cropcenter:100:100.jpg?dr=9640&refresh_token=5491173b&x-expires=1780200000&x-signature=Puf1URR3Sf%2B%2FozMM18Z%2F2FqYP7k%3D&t=4d5b0474&ps=13740610&shp=30310797&shcp=ff37627b&idc=useast8"
"El peor gobierno de la historia de México","1157","73","2026-05-26T02:06:42.000Z","epmp5","https://www.tiktok.com/@karolvelda/video/7643328314429443335","7219204883340559366","7644016004142875412","https://p16-common-sign.tiktokcdn-us.com/tos-maliva-avt-0068/1b6702c6d3964e7ce1a283cbda3dbda6~tplv-tiktokx-cropcenter:100:100.jpg?dr=9640&refresh_token=b2b27429&x-expires=1780200000&x-signature=vvRzK%2B53kcSwhSAtuGDSIMqVadY%3D&t=4d5b0474&ps=13740610&shp=30310797&shcp=ff37627b&idc=useast5"
"Si los gobiernos realmente hicieran buen uso de nuestros impuestos, este sería un metro digno para el mundial y no esas ridículeses.","919","50","2026-05-26T00:02:26.000Z","georgestark74","https://www.tiktok.com/@karolvelda/video/7643328314429443335","6803553359217116166","7643984015045657364","https://p16-common-sign.tiktokcdn-us.com/tos-alisg-avt-0068/186305032ed9836a70137d1e9918cc32~tplv-tiktokx-cropcenter:100:100.jpg?dr=9640&refresh_token=a129967b&x-expires=1780200000&x-signature=FrY3z7p1YZ%2BVlDefL2XffWVk48I%3D&t=4d5b0474&ps=13740610&shp=30310797&shcp=ff37627b&idc=useast5"
"Está bien ambientado, en los 1800 quien tenía buen drenaje ?","8408","14","2026-05-24T18:46:15.000Z","heyscraw7","https://www.tiktok.com/@karolvelda/video/7643328314429443335","7397812742914851846","7643531505009034002","https://p19-common-sign.tiktokcdn-us.com/tos-alisg-avt-0068/045131cee1254feb938d11b6b137a9d8~tplv-tiktokx-cropcenter:100:100.jpg?dr=9640&refresh_token=6559f086&x-expires=1780200000&x-signature=81EvfPY7M7vNzyL6o9NQO1zyXF8%3D&t=4d5b0474&ps=13740610&shp=30310797&shcp=ff37627b&idc=useast5"
"No entiendo por qué, querer aparentar algo que no tenemos ni somos, era mil veces mejor darle mantenimiento funcional y que los turistas y obvio los que realmente usan este transporte a diario tuvieran un buen servicio","2730","38","2026-05-24T21:19:59.000Z","cssandyy","https://www.tiktok.com/@karolvelda/video/7643328314429443335","6997185955075032069","7643571117273154325","https://p16-common-sign.tiktokcdn-us.com/tos-maliva-avt-0068/dd5f96b8d8103e758671803ee6fb60f1~tplv-tiktokx-cropcenter:100:100.jpg?dr=9640&refresh_token=00a929a3&x-expires=1780200000&x-signature=kzmpcRl4Q9wZvK%2F8RJ9FmilqtCI%3D&t=4d5b0474&ps=13740610&shp=30310797&shcp=ff37627b&idc=useast5"
"mañana lo pintan de morado","1018","11","2026-05-26T23:23:35.000Z","bultercero","https://www.tiktok.com/@karolvelda/video/7643328314429443335","6882952215301915649","7644345136348824337","https://p19-common-sign.tiktokcdn-us.com/tos-alisg-avt-0068/055c054c0ec788183a300ea20b32a86a~tplv-tiktokx-cropcenter:100:100.jpg?dr=9640&refresh_token=2f4f0840&x-expires=1780200000&x-signature=Bk3X7E8gUWwcpwwzwvSe16zHURI%3D&t=4d5b0474&ps=13740610&shp=30310797&shcp=ff37627b&idc=useast5"
"Exacto, el peor gobierno que he vivido.","5","1","2026-05-29T19:36:31.000Z","cacho63","https://www.tiktok.com/@karolvelda/video/7643328314429443335","6803869238203171845","7645399888784179986","https://p16-common-sign.tiktokcdn-us.com/tos-maliva-avt-0068/7322197145892634630~tplv-tiktokx-cropcenter:100:100.jpg?dr=9640&refresh_token=bd2b2627&x-expires=1780200000&x-signature=b5jsH2fnCRFcUVfTFBR4o3MpqzY%3D&t=4d5b0474&ps=13740610&shp=30310797&shcp=ff37627b&idc=useast5"
"que buena observación, entonces que cierre el metro el tiempo necesario para que arreglen todo y los usuarios empiecen a pagar sus taxis","26","24","2026-05-27T17:03:53.000Z","luzgabrielapineda","https://www.tiktok.com/@karolvelda/video/7643328314429443335","7187793262952989702","7644618420268417800","https://p19-common-sign.tiktokcdn-us.com/tos-maliva-avt-0068/e718ccb4fcd5fccb40c40edd22e20995~tplv-tiktokx-cropcenter:100:100.jpg?dr=9640&refresh_token=81fcce0f&x-expires=1780200000&x-signature=BLHVVfho8tQjHHXjreYIjslC8hI%3D&t=4d5b0474&ps=13740610&shp=30310797&shcp=ff37627b&idc=useast5"
"Jajaja Dios quiera que llueva en los partidos del mundial, para que mundo se dé cuenta de lo que vivimos diario entre tráfico, inundaciones y goteras 🙏🏻","144","6","2026-05-26T23:07:48.000Z","lety_f8","https://www.tiktok.com/@karolvelda/video/7643328314429443335","7263296859144930310","7644340981492318997","https://p19-common-sign.tiktokcdn-us.com/tos-maliva-avt-0068/7263297561371344902~tplv-tiktokx-cropcenter:100:100.jpg?dr=9640&refresh_token=5d90ca4e&x-expires=1780200000&x-signature=h4zSpYj0DFmljkwwKwEALN0%2FTSI%3D&t=4d5b0474&ps=13740610&shp=30310797&shcp=ff37627b&idc=useast5"
"Cuantos millones costarían esos candelabros de temu?","54","2","2026-05-27T02:08:44.000Z","davidlozamo","https://www.tiktok.com/@karolvelda/video/7643328314429443335","111788318740070400","7644387720739242759","https://p19-common-sign.tiktokcdn-us.com/tos-alisg-avt-0068/455d82238988ada9b1113d182c8d5efd~tplv-tiktokx-cropcenter:100:100.jpg?dr=9640&refresh_token=d1575679&x-expires=1780200000&x-signature=mMYJbkbm%2FH6anOOOgwn7DIxbfd0%3D&t=4d5b0474&ps=13740610&shp=30310797&shcp=ff37627b&idc=useast5"
"ningún chile les embona , que si está en reparación que si esto que si el otro que por qué mejor no lo cierran que por qué lo cierran , sabes realmente que el metro jamás puede parar su servicio ya que es el trasporte de millones de personas y el darle un mantenimiento muy profundo requiere de mucho tiempo ahora el metro está fuera de servicio desde las 0:00 hasta las 05:00 am en 5 horas diarias es imposible dar mtt muy profundo","15","36","2026-05-25T14:27:50.000Z","raffaponce","https://www.tiktok.com/@karolvelda/video/7643328314429443335","6960052076877808645","7643835999206327060","https://p19-common-sign.tiktokcdn-us.com/tos-alisg-avt-0068/94b2b0072fd358a390e4117acf006f14~tplv-tiktokx-cropcenter:100:100.jpg?dr=9640&refresh_token=c6ab4988&x-expires=1780200000&x-signature=Y49%2BIl8ICR6kdWK6Hf6buzSc2%2F8%3D&t=4d5b0474&ps=13740610&shp=30310797&shcp=ff37627b&idc=useast5"
"por 5 pesos que esperas que te den una botella de agua y un aperitivo","24","30","2026-05-27T02:05:30.000Z","israel.195..5","https://www.tiktok.com/@karolvelda/video/7643328314429443335","7508936103661224976","7644386881114948360","https://p16-common-sign.tiktokcdn-us.com/tos-alisg-avt-0068/56d7ab2b87fdeacbec51565c7e6374a4~tplv-tiktokx-cropcenter:100:100.jpg?dr=9640&refresh_token=aef0e1fa&x-expires=1780200000&x-signature=xpsKWCG5yZy0E2RmSRj2iej1mwA%3D&t=4d5b0474&ps=13740610&shp=30310797&shcp=ff37627b&idc=useast5"
"Esos candelabros son para que nos teletransportemos como en Harry Potter.","55","2","2026-05-27T08:26:49.000Z","juan.penas51","https://www.tiktok.com/@karolvelda/video/7643328314429443335","7466302974873437185","7644485156178707220","https://p16-common-sign.tiktokcdn-us.com/tos-alisg-avt-0068/718f58cff060c93997b6f6f64024b133~tplv-tiktokx-cropcenter:100:100.jpg?dr=9640&refresh_token=e7079ff1&x-expires=1780200000&x-signature=xHR%2F8n0WaE9qZBbPJ%2BJilNdW91k%3D&t=4d5b0474&ps=13740610&shp=30310797&shcp=ff37627b&idc=useast5"
"en un vídeo anterior decían que nada nos embona...y no es eso,es el hecho de que hay cosas que son necesarias y no son atendidas!!! Es querer aparentar algo que no","85","5","2026-05-27T14:00:51.000Z","gabialemanortega","https://www.tiktok.com/@karolvelda/video/7643328314429443335","6800562942360601605","7644571202665775892","https://p16-common-sign.tiktokcdn-us.com/tos-alisg-avt-0068/80ed7c463b9e3d72d2c3b48838e5e667~tplv-tiktokx-cropcenter:100:100.jpg?dr=9640&refresh_token=167fc85d&x-expires=1780200000&x-signature=a7pPO4Fli5ucKZBpOghz%2B%2BdEAj4%3D&t=4d5b0474&ps=13740610&shp=30310797&shcp=ff37627b&idc=useast5"
"TANTO DINERO QUE DEJA EL METRO A DIARIO y NADA DE MANTEMIENTO, VAMOS BIEN!!!","16","6","2026-05-28T04:05:24.000Z","avanzado022","https://www.tiktok.com/@karolvelda/video/7643328314429443335","7367415091132908549","7644788876028707601","https://p19-common-sign.tiktokcdn-us.com/musically-maliva-obj/1594805258216454~tplv-tiktokx-cropcenter:100:100.jpg?dr=9640&refresh_token=e340c4d0&x-expires=1780200000&x-signature=y0I6Dncomm86fyA9XjJdWa1HRzE%3D&t=4d5b0474&ps=13740610&shp=30310797&shcp=ff37627b&idc=useast5"
"la neta si da vergüenza","29","3","2026-05-27T17:52:26.000Z","ivan.mora684","https://www.tiktok.com/@karolvelda/video/7643328314429443335","7263990504701412358","7644630896687383316","https://p19-common-sign.tiktokcdn-us.com/tos-alisg-avt-0068/5efc29fb9ad4d613414046376435839e~tplv-tiktokx-cropcenter:100:100.jpg?dr=9640&refresh_token=58e2f011&x-expires=1780200000&x-signature=OyhP7XsnZ2Ul2dcvVKr6q0BPQvU%3D&t=4d5b0474&ps=13740610&shp=30310797&shcp=ff37627b&idc=useast5"
"Si investigaras por que pasa eso y por que es casi imposible eliminar las goteras de los metros 🚊 y digo metros por que pasa en todo el mundo 🙄","6","4","2026-05-28T11:22:19.000Z","kinich_9perea","https://www.tiktok.com/@karolvelda/video/7643328314429443335","6893668353338278917","7644901436993094416","https://p16-common-sign.tiktokcdn-us.com/tos-maliva-avt-0068/806ddf68e209a3313e4791f810eb403f~tplv-tiktokx-cropcenter:100:100.jpg?dr=9640&refresh_token=9454f4eb&x-expires=1780200000&x-signature=Xd2nGboVjvwM4cwiQoLuug5dS3I%3D&t=4d5b0474&ps=13740610&shp=30310797&shcp=ff37627b&idc=useast5"
"jajaja eso también lo invento tv azteca jajaja","2","0","2026-05-27T16:36:51.000Z","perla33jimenez","https://www.tiktok.com/@karolvelda/video/7643328314429443335","6834265324050465797","7644611451927233288","https://p19-common-sign.tiktokcdn-us.com/tos-alisg-avt-0068/c9d8d74a1329a4197960a2d2682e1835~tplv-tiktokx-cropcenter:100:100.jpg?dr=9640&refresh_token=40cb15d0&x-expires=1780200000&x-signature=9f7WTt5GGHznojb98xvcLFck0us%3D&t=4d5b0474&ps=13740610&shp=30310797&shcp=ff37627b&idc=useast5"
"Yo no entiendo ¿por qué subes esto? es obvio que lo van a arreglar, ni modo que se quede así...","6","22","2026-05-26T07:34:49.000Z","vitro_123","https://www.tiktok.com/@karolvelda/video/7643328314429443335","7239895596005770246","7644100621109527317","https://p19-common-sign.tiktokcdn-us.com/tos-alisg-avt-0068/94ff0ad201871cd4e74db80633b12d42~tplv-tiktokx-cropcenter:100:100.jpg?dr=9640&refresh_token=9de249a7&x-expires=1780200000&x-signature=h%2F9SxaSEqddCO7YWA%2FjxUtR29Og%3D&t=4d5b0474&ps=13740610&shp=30310797&shcp=ff37627b&idc=useast5"
"Todo ese gasto debería haber servido para darle mantenimiento a las vías férreas del metro","49","0","2026-05-26T16:17:23.000Z","mariofernndeznard","https://www.tiktok.com/@karolvelda/video/7643328314429443335","6817962018248754181","7644235290210763521","https://p16-common-sign.tiktokcdn-us.com/tos-maliva-avt-0068/092a2d415d98674914b5573a54797848~tplv-tiktokx-cropcenter:100:100.jpg?dr=9640&refresh_token=b99f1e5c&x-expires=1780200000&x-signature=lfSSRvdrm%2FaKqJ1BBH8hEZ96zA0%3D&t=4d5b0474&ps=13740610&shp=30310797&shcp=ff37627b&idc=useast5"
"Son las bajadas de las cascadas que pondran dentro del metro 😂🤣","44","1","2026-05-27T14:52:02.000Z","luisguillermora0","https://www.tiktok.com/@karolvelda/video/7643328314429443335","6905941177830704134","7644584416907756309","https://p19-common-sign.tiktokcdn-us.com/tos-maliva-avt-0068/7dea653e3fdffe90133c7ef1a07bf68c~tplv-tiktokx-cropcenter:100:100.jpg?dr=9640&refresh_token=43da646a&x-expires=1780200000&x-signature=gY%2Fxwba%2FdpqvAXrtGzMgbEIsGqU%3D&t=4d5b0474&ps=13740610&shp=30310797&shcp=ff37627b&idc=useast5"
"no hay prioridades, solo maquillando para que se vea bonito pero de fondo o no sirve o se está cayendo, ejemplo mega farmacia, tren Maya, aeropuerto y podemos seguirle","46","3","2026-05-26T17:48:37.000Z","rogeeer38","https://www.tiktok.com/@karolvelda/video/7643328314429443335","6777728560536519686","7644258806881665812","https://p16-common-sign.tiktokcdn-us.com/tos-alisg-avt-0068/9a12cd249cab4f77fe2664b69756d9e9~tplv-tiktokx-cropcenter:100:100.jpg?dr=9640&refresh_token=ab99d459&x-expires=1780200000&x-signature=RUMAm2rZbZlUW2aTzFvFjc2Xb7k%3D&t=4d5b0474&ps=13740610&shp=30310797&shcp=ff37627b&idc=useast5"
"solamente arreglan por encimita cuando toda la estructura ya está a punto de colapsar","16","0","2026-05-27T23:07:57.000Z","user20790870081745","https://www.tiktok.com/@karolvelda/video/7643328314429443335","7373520377741001734","7644710095269462804","https://p19-common-sign.tiktokcdn-us.com/tos-alisg-avt-0068/a48608985002a5e102e17316e017b9c1~tplv-tiktokx-cropcenter:100:100.jpg?dr=9640&refresh_token=bbe5d7d2&x-expires=1780200000&x-signature=uPjVueAKl%2BM%2FXQWiwiSBV6uCD2E%3D&t=4d5b0474&ps=13740610&shp=30310797&shcp=ff37627b&idc=useast5"
"[Sticker] yo ayer en la estación hidalgo esperando el metro viendo como goteaba el techo","2167","2","2026-05-24T22:07:44.000Z","daphneperss","https://www.tiktok.com/@karolvelda/video/7643328314429443335","7070273507390112773","7643583378445746952","https://p19-common-sign.tiktokcdn-us.com/tos-alisg-avt-0068/b67b79f857a482a634cdc975054733e2~tplv-tiktokx-cropcenter:100:100.jpg?dr=9640&refresh_token=70f46094&x-expires=1780200000&x-signature=Yw4UK7ETTjXBMvGow%2FYyZSDUh1g%3D&t=4d5b0474&ps=13740610&shp=30310797&shcp=ff37627b&idc=useast5"
"los candelabros...de la época de Porfirio Díaz","8","0","2026-05-27T18:19:56.000Z","doc.hector.ruiz","https://www.tiktok.com/@karolvelda/video/7643328314429443335","7520841241857754119","7644638013213885185","https://p19-common-sign.tiktokcdn-us.com/tos-alisg-avt-0068/9c5513274cf04c5dba81edd279b33010~tplv-tiktokx-cropcenter:100:100.jpg?dr=9640&refresh_token=8c25c40a&x-expires=1780200000&x-signature=a0%2FWcfazmMdJ2bKUqKCz1VobZU0%3D&t=4d5b0474&ps=13740610&shp=30310797&shcp=ff37627b&idc=useast5"
"Tanta deficiencia en el servicio de transporte que creo que los mismos usuarios están concientes ya que se debe aplicar el costo real al ""boleto""","7","10","2026-05-26T03:50:22.000Z","ifabi4n","https://www.tiktok.com/@karolvelda/video/7643328314429443335","7064081844908360710","7644042686799119121","https://p16-common-sign.tiktokcdn-us.com/tos-maliva-avt-0068/d06bff5e2c649d36ddf97ab0f10e389b~tplv-tiktokx-cropcenter:100:100.jpg?dr=9640&refresh_token=031dde60&x-expires=1780200000&x-signature=jPkA7kNYXG5MDbC%2F%2FIb0AFyzz6U%3D&t=4d5b0474&ps=13740610&shp=30310797&shcp=ff37627b&idc=useast5"
"yo creo que si pintan de morado las goteras se soluciona 🤓☝🏼","83","2","2026-05-26T03:54:09.000Z","vkm_sunshine","https://www.tiktok.com/@karolvelda/video/7643328314429443335","7301372891063665670","7644043744464126727","https://p16-common-sign.tiktokcdn-us.com/tos-alisg-avt-0068/17f6c1e962c80cd36808783249b665a3~tplv-tiktokx-cropcenter:100:100.jpg?dr=9640&refresh_token=de524a6d&x-expires=1780200000&x-signature=aY3jDgkluIeuTAbti8s2AQp8zIA%3D&t=4d5b0474&ps=13740610&shp=30310797&shcp=ff37627b&idc=useast5"
"[Sticker] Nada les embona","23","38","2026-05-25T07:11:26.000Z","pvjl84","https://www.tiktok.com/@karolvelda/video/7643328314429443335","7606531349994603527","7643723546578043655","https://p19-common-sign.tiktokcdn-us.com/tos-alisg-avt-0068/1955df6aeb1ca13111f149798552e753~tplv-tiktokx-cropcenter:100:100.jpg?dr=9640&refresh_token=e02de77d&x-expires=1780200000&x-signature=tkzf1gf8c4wlL7MgddNxVqrsP5k%3D&t=4d5b0474&ps=13740610&shp=30310797&shcp=ff37627b&idc=useast5"
"nada les embona","11","14","2026-05-25T21:06:28.000Z","raymundolarraguiv","https://www.tiktok.com/@karolvelda/video/7643328314429443335","7319577224617001989","7643938672195617543","https://p16-common-sign.tiktokcdn-us.com/tos-maliva-avt-0068/7319577635314401285~tplv-tiktokx-cropcenter:100:100.jpg?dr=9640&refresh_token=99fd6ca4&x-expires=1780200000&x-signature=b61YNECvNlUJcz2s8MnOfkvUjoY%3D&t=4d5b0474&ps=13740610&shp=30310797&shcp=ff37627b&idc=useast5"
"Esas filtraciones es por el trafico diario de la ciudad lo único que hicieron fue remodelarlos acabados TU narrativa fuera de contexto","5","42","2026-05-25T00:33:44.000Z","juan.luis.pacheco2","https://www.tiktok.com/@karolvelda/video/7643328314429443335","7374963594134684678","7643621056582124295","https://p19-common-sign.tiktokcdn-us.com/tos-maliva-avt-0068/3905f9d9ab713eead37224bedab883a8~tplv-tiktokx-cropcenter:100:100.jpg?dr=9640&refresh_token=2c8ef000&x-expires=1780200000&x-signature=J73YuLwvJjHlFccsm6it1ywVS%2B0%3D&t=4d5b0474&ps=13740610&shp=30310797&shcp=ff37627b&idc=useast5"
"En Europa ya hay de esos, si, se pudo ocupar en otros factores, pero a la larga si lo podremos aprovechar, en paris y Berlín hay y se limpian solos, creo que sencillamente no sabemos cómo sirven, pero si ayudan, y no, no son gratuitos","5","8","2026-05-21T14:20:27.000Z","danioj2111","https://www.tiktok.com/@telediario/video/7642063192079813908","7116318939151352838","7642349770221142791","https://p19-common-sign.tiktokcdn-us.com/tos-alisg-avt-0068/6cc22aafc91f677efa60dbce6fdc370a~tplv-tiktokx-cropcenter:100:100.jpg?dr=9640&refresh_token=099c6855&x-expires=1780200000&x-signature=sQOzLdLKuLgZ4RWuXnkh09b1s%2BE%3D&t=4d5b0474&ps=13740610&shp=30310797&shcp=ff37627b&idc=useast8"
"se están gastando más dinero por hacerlo a las prisas que si bien hubieran empezado hace 8 años y hubieran hecho mejor trabajo","999","8","2026-05-28T12:20:08.000Z","imyelow0","https://www.tiktok.com/@tucompaema/video/7644763453785246983","7040587359716639750","7644916353590280978","https://p19-common-sign.tiktokcdn-us.com/tos-maliva-avt-0068/7335883821438337030~tplv-tiktokx-cropcenter:100:100.jpg?dr=9640&refresh_token=6241b85f&x-expires=1780200000&x-signature=dKcML9TX0%2BlXoXjAkUUxEVcGUoA%3D&t=4d5b0474&ps=13740610&shp=30310797&shcp=ff37627b&idc=useast8"
"tienen que aceptar que el problema no es solo el gobierno, también la gente, si el metro lo hubieran arreglado antes ya estaría todo pintado y maltratado 🫩","232","17","2026-05-28T16:49:47.000Z","quintero.sin.wav","https://www.tiktok.com/@tucompaema/video/7644763453785246983","6787591246383891462","7644985822363681557","https://p16-common-sign.tiktokcdn-us.com/tos-alisg-avt-0068/c031f673bae224809f264da7888c118b~tplv-tiktokx-cropcenter:100:100.jpg?dr=9640&refresh_token=4e6751bf&x-expires=1780200000&x-signature=1ZRUdHxG5hTtIGu8R0t2qYFhXpw%3D&t=4d5b0474&ps=13740610&shp=30310797&shcp=ff37627b&idc=useast8"
"al intentar dar una buena impresión , van hacer completamente lo contrario.","3322","4","2026-05-28T03:37:48.000Z","jose_vl5","https://www.tiktok.com/@tucompaema/video/7644763453785246983","7135637271353820166","7644781734425363207","https://p16-common-sign.tiktokcdn-us.com/tos-maliva-avt-0068/7b03c7d0da98cd744f4efbf6226188f8~tplv-tiktokx-cropcenter:100:100.jpg?dr=9640&refresh_token=09127ad4&x-expires=1780200000&x-signature=IqotfSW5CprDJkScfp6qekZ6wrQ%3D&t=4d5b0474&ps=13740610&shp=30310797&shcp=ff37627b&idc=useast8"
"Y ese backroom","14","0","2026-05-29T03:24:32.000Z","a.benito6","https://www.tiktok.com/@tucompaema/video/7644763453785246983","6581944612705042438","7645149423811740424","https://p19-common-sign.tiktokcdn-us.com/tos-maliva-avt-0068/0226f365538f87f7a03e1c1978b45c64~tplv-tiktokx-cropcenter:100:100.jpg?dr=9640&refresh_token=f56e9f67&x-expires=1780200000&x-signature=LAEpSvgo99S1a5NS%2BebmlJ5mUyA%3D&t=4d5b0474&ps=13740610&shp=30310797&shcp=ff37627b&idc=useast8"
"los partidos de fútbol del mundial se van a jugar en los estadios no en el metro","72","8","2026-05-28T22:19:48.000Z","juan.aellano","https://www.tiktok.com/@tucompaema/video/7644763453785246983","7507816224605684743","7645070835313279765","https://p19-common-sign.tiktokcdn-us.com/tos-alisg-avt-0068/33406f6d943a4449091901d10ba528cc~tplv-tiktokx-cropcenter:100:100.jpg?dr=9640&refresh_token=ac5db1d0&x-expires=1780200000&x-signature=CfzWfz4bWA6Quml%2FRTJkdrzht9Y%3D&t=4d5b0474&ps=13740610&shp=30310797&shcp=ff37627b&idc=useast8"
"lo peor cuando pase el mundial lo van a dejar así :/ los creo muy capaces","111","1","2026-05-28T16:52:25.000Z","lenuleground","https://www.tiktok.com/@tucompaema/video/7644763453785246983","6863197444152148994","7644986522484589319","https://p16-common-sign.tiktokcdn-us.com/tos-maliva-avt-0068/6f5b1875e5a778aca88239163519e32d~tplv-tiktokx-cropcenter:100:100.jpg?dr=9640&refresh_token=fe7d46fb&x-expires=1780200000&x-signature=QmBqxKlY%2B4Ot4KVGoBffEIn6OvE%3D&t=4d5b0474&ps=13740610&shp=30310797&shcp=ff37627b&idc=useast8"
"si se hubiera remodelado hace un par de años ya lo hubieran destruido","33","3","2026-05-28T15:42:04.000Z","joyeria_novaa","https://www.tiktok.com/@tucompaema/video/7644763453785246983","6805559291430208518","7644968402327323410","https://p16-common-sign.tiktokcdn-us.com/tos-alisg-avt-0068/ad346813c2f87d6893a61960f02c40f8~tplv-tiktokx-cropcenter:100:100.jpg?dr=9640&refresh_token=a4359bc8&x-expires=1780200000&x-signature=Gb%2FMpMAP5qwSJ2UgOJSq%2BVsSc0s%3D&t=4d5b0474&ps=13740610&shp=30310797&shcp=ff37627b&idc=useast8"
"salgo del metro puebla y no esta puebla dia 8 pidiendo este","323","4","2026-05-28T03:21:39.000Z","musicinsongs","https://www.tiktok.com/@tucompaema/video/7644763453785246983","7109204198479397893","7644777569280295698","https://p16-common-sign.tiktokcdn-us.com/tos-maliva-avt-0068/85c134a7c01b0ade47109a30f071c5c5~tplv-tiktokx-cropcenter:100:100.jpg?dr=9640&refresh_token=b34a2679&x-expires=1780200000&x-signature=bLxpKmgEK0bDkEm4pPlLKN8g%2BZE%3D&t=4d5b0474&ps=13740610&shp=30310797&shcp=ff37627b&idc=useast8"
"[Sticker] si no van a estar a tiempo ya de mínimo que las terminen","50","0","2026-05-28T23:28:11.000Z","rendlvmp_","https://www.tiktok.com/@tucompaema/video/7644763453785246983","7459479925755331590","7645088445648110344","https://p16-common-sign.tiktokcdn-us.com/tos-alisg-avt-0068/2dcd7ee3401fa4c42b7368d989f2444b~tplv-tiktokx-cropcenter:100:100.jpg?dr=9640&refresh_token=9a9ca909&x-expires=1780200000&x-signature=nGnTGNfUrOAouPgxomgucZalVIw%3D&t=4d5b0474&ps=13740610&shp=30310797&shcp=ff37627b&idc=useast8"
"viva Morena 💜","13","3","2026-05-28T13:44:43.000Z","_zzzeam","https://www.tiktok.com/@tucompaema/video/7644763453785246983","6817811166561240070","7644938089686090517","https://p19-common-sign.tiktokcdn-us.com/tos-alisg-avt-0068/1867eb198d4aa380733b57ae499ab844~tplv-tiktokx-cropcenter:100:100.jpg?dr=9640&refresh_token=6bd8e880&x-expires=1780200000&x-signature=p4UKyexo95XcdGBkRre09JmBNwU%3D&t=4d5b0474&ps=13740610&shp=30310797&shcp=ff37627b&idc=useast8"
"no pues para que lo empiezan 8 días antes, yo digo que en esos días salgamos más, para que sepan nuestra situación real","27","0","2026-05-28T14:32:25.000Z","vasnetocookie","https://www.tiktok.com/@tucompaema/video/7644763453785246983","7105803710403970054","7644950424923603732","https://p19-common-sign.tiktokcdn-us.com/tos-alisg-avt-0068/b53d37793fce2d1e6ed2c1a454270d31~tplv-tiktokx-cropcenter:100:100.jpg?dr=9640&refresh_token=df4daf91&x-expires=1780200000&x-signature=Sh6zj9Cfcd5U38WUa30UcoLIj8k%3D&t=4d5b0474&ps=13740610&shp=30310797&shcp=ff37627b&idc=useast8"
"saldrán con la excusa de q era una remodelacion muy aparte del.mundial ...😂","32","0","2026-05-28T14:20:24.000Z","kanonelindomable","https://www.tiktok.com/@tucompaema/video/7644763453785246983","7174644741294801926","7644947376227648274","https://p19-common-sign.tiktokcdn-us.com/tos-maliva-avt-0068/9fcde28f9e7f663e7aeffb39a21132c9~tplv-tiktokx-cropcenter:100:100.jpg?dr=9640&refresh_token=46e7c014&x-expires=1780200000&x-signature=%2FifO9WyXlVwA5QWZpH%2BDqmuFAc4%3D&t=4d5b0474&ps=13740610&shp=30310797&shcp=ff37627b&idc=useast8"
"Ahora resulta que ya todos son críticos y arquitectos","10","3","2026-05-28T15:26:01.000Z","thecable666","https://www.tiktok.com/@tucompaema/video/7644763453785246983","7186684499487605765","7644964220627895061","https://p19-common-sign.tiktokcdn-us.com/musically-maliva-obj/1594805258216454~tplv-tiktokx-cropcenter:100:100.jpg?dr=9640&refresh_token=e340c4d0&x-expires=1780200000&x-signature=y0I6Dncomm86fyA9XjJdWa1HRzE%3D&t=4d5b0474&ps=13740610&shp=30310797&shcp=ff37627b&idc=useast8"
"pero solo arreglaron los ventiladores de la línea azul pero que hay de los ventiladores de las otras lineas bien gracias","31","0","2026-05-28T05:44:05.000Z","darkoreguzman","https://www.tiktok.com/@tucompaema/video/7644763453785246983","6811395408645850118","7644814302796710674","https://p16-common-sign.tiktokcdn-us.com/tos-alisg-avt-0068/25a1c89dfaf0137d873d0614118c4a49~tplv-tiktokx-cropcenter:100:100.jpg?dr=9640&refresh_token=ae9918f9&x-expires=1780200000&x-signature=wi9z2WpaR18RDw7z%2FMO2pwFnPiQ%3D&t=4d5b0474&ps=13740610&shp=30310797&shcp=ff37627b&idc=useast8"
"pero dicen ""no lo hubieran cuidado antes"" ¿y cuando han visto todo grafiteado y lleno de basura el metro? Los daños que tiene el metro en general son debido al uso de millones de personas y de años sin mantenimiento alguno.","32","0","2026-05-28T23:05:29.000Z","mayonesitomccormick","https://www.tiktok.com/@tucompaema/video/7644763453785246983","6870656293955470341","7645082542710866709","https://p16-common-sign.tiktokcdn-us.com/tos-maliva-avt-0068/acbe344bb70185dc74b54264ee22e8ef~tplv-tiktokx-cropcenter:100:100.jpg?dr=9640&refresh_token=ba13cfd6&x-expires=1780200000&x-signature=SFsaOTcfPNdWsCcAF2%2FI8f5%2F5aU%3D&t=4d5b0474&ps=13740610&shp=30310797&shcp=ff37627b&idc=useast8"
"15 días tienen 🫩","69","0","2026-05-28T06:06:28.000Z","john.gmz","https://www.tiktok.com/@tucompaema/video/7644763453785246983","6813421400922555397","7644819998625006356","https://p19-common-sign.tiktokcdn-us.com/tos-alisg-avt-0068/4f86db250cd66e2b3b6823a5ac49a332~tplv-tiktokx-cropcenter:100:100.jpg?dr=9640&refresh_token=1f21605e&x-expires=1780200000&x-signature=owxpGbTpqq8%2Fmw6RS64eH65OcH4%3D&t=4d5b0474&ps=13740610&shp=30310797&shcp=ff37627b&idc=useast8"
"Si falta menos de una semana","8","0","2026-05-29T01:23:29.000Z","pykersq","https://www.tiktok.com/@tucompaema/video/7644763453785246983","7555708040926921746","7645118154356736788","https://p16-common-sign.tiktokcdn-us.com/tos-alisg-avt-0068/aad746619592f84836472f446b9e3b56~tplv-tiktokx-cropcenter:100:100.jpg?dr=9640&refresh_token=fb6c995a&x-expires=1780200000&x-signature=9Y%2BFOJfaDL4FT%2FImote9ix3lJKI%3D&t=4d5b0474&ps=13740610&shp=30310797&shcp=ff37627b&idc=useast8"
"Ya lo sabíamos wey ntp","7","8","2026-05-28T12:29:19.000Z","medina310807","https://www.tiktok.com/@tucompaema/video/7644763453785246983","7258264880292185093","7644918571101733649","https://p19-common-sign.tiktokcdn-us.com/tos-alisg-avt-0068/8b6a5f97b484cb5b53986ee06cd6832a~tplv-tiktokx-cropcenter:100:100.jpg?dr=9640&refresh_token=66977cda&x-expires=1780200000&x-signature=TQLQfO%2FeaCJFbM6CD7%2BgND3995Q%3D&t=4d5b0474&ps=13740610&shp=30310797&shcp=ff37627b&idc=useast8"
"es denigrante como el gobierno trata el transporte público y eso que es el transporte público de la capital del país","12","0","2026-05-28T07:29:12.000Z","bennyjacl","https://www.tiktok.com/@tucompaema/video/7644763453785246983","6906612979031311366","7644841390463353608","https://p19-common-sign.tiktokcdn-us.com/tos-alisg-avt-0068/193717e6689ceea14c1def7dc335388a~tplv-tiktokx-cropcenter:100:100.jpg?dr=9640&refresh_token=c5c1b6a7&x-expires=1780200000&x-signature=ax2IOy0K31NTIuAhJT1nUBrNzSI%3D&t=4d5b0474&ps=13740610&shp=30310797&shcp=ff37627b&idc=useast8"
"2 semanas faltan*","5","0","2026-05-28T21:53:48.000Z","emiliano.vs","https://www.tiktok.com/@tucompaema/video/7644763453785246983","6811312330530669574","7645064141828915988","https://p16-common-sign.tiktokcdn-us.com/tos-alisg-avt-0068/295e038abcfd21576c559aecdfbadb4f~tplv-tiktokx-cropcenter:100:100.jpg?dr=9640&refresh_token=1f6e9f77&x-expires=1780200000&x-signature=a0u%2B6Mt6XhjE2w0NhitBbd3%2FSX0%3D&t=4d5b0474&ps=13740610&shp=30310797&shcp=ff37627b&idc=useast8"
"General Anaya está muy lento en remodelación y es un caos porque hay que buscar la salida","11","0","2026-05-28T05:30:06.000Z","miguelmiguezcid","https://www.tiktok.com/@tucompaema/video/7644763453785246983","7033170050211120133","7644810669012108040","https://p16-common-sign.tiktokcdn-us.com/tos-alisg-avt-0068/c0e789bba8a06ffc960dc5a95f52c4ff~tplv-tiktokx-cropcenter:100:100.jpg?dr=9640&refresh_token=9dc085a9&x-expires=1780200000&x-signature=gW%2FeJ9FUaKdsPX4N%2FyKRF0x1hLk%3D&t=4d5b0474&ps=13740610&shp=30310797&shcp=ff37627b&idc=useast8"
"2 semanas*","11","0","2026-05-28T03:48:22.000Z","hexotra","https://www.tiktok.com/@tucompaema/video/7644763453785246983","6790945258248750085","7644784464544187154","https://p19-common-sign.tiktokcdn-us.com/tos-maliva-avt-0068/7336896842623352838~tplv-tiktokx-cropcenter:100:100.jpg?dr=9640&refresh_token=01b04e08&x-expires=1780200000&x-signature=5eTESX1Z9VjG4mlzVwPr2Z19Toc%3D&t=4d5b0474&ps=13740610&shp=30310797&shcp=ff37627b&idc=useast8"
"[Sticker] ","8","0","2026-05-28T02:42:34.000Z","stuffed.animals.i","https://www.tiktok.com/@tucompaema/video/7644763453785246983","7280017886483629062","7644767515398144788","https://p16-common-sign.tiktokcdn-us.com/tos-maliva-avt-0068/9b62ab5ee58d8c286b679b143e6c13a2~tplv-tiktokx-cropcenter:100:100.jpg?dr=9640&refresh_token=3da61b2b&x-expires=1780200000&x-signature=ryh%2Bfc%2Bx497jFPTkY%2B9aJ8iEUgg%3D&t=4d5b0474&ps=13740610&shp=30310797&shcp=ff37627b&idc=useast8"
"¿Y qué?","0","1","2026-05-29T13:45:35.000Z","xofiapalomino","https://www.tiktok.com/@tucompaema/video/7644763453785246983","6916401700468737030","7645309480963506964","https://p19-common-sign.tiktokcdn-us.com/tos-maliva-avt-0068/03fdd30a1bb8c6f7280ec7bd85dc0483~tplv-tiktokx-cropcenter:100:100.jpg?dr=9640&refresh_token=f3f1329c&x-expires=1780200000&x-signature=qUjZP1M9ZycOrod22mKu8p4wuBo%3D&t=4d5b0474&ps=13740610&shp=30310797&shcp=ff37627b&idc=useast8"
"así decíamos del Azteca","1","3","2026-05-29T02:58:46.000Z","yamal.19x","https://www.tiktok.com/@tucompaema/video/7644763453785246983","6955868602211271686","7645142727660045077","https://p19-common-sign.tiktokcdn-us.com/musically-maliva-obj/1594805258216454~tplv-tiktokx-cropcenter:100:100.jpg?dr=9640&refresh_token=e340c4d0&x-expires=1780200000&x-signature=y0I6Dncomm86fyA9XjJdWa1HRzE%3D&t=4d5b0474&ps=13740610&shp=30310797&shcp=ff37627b&idc=useast8"
"te informo el metro no es campo de fútbol, porque tiene que estar listo???","2","3","2026-05-29T20:57:37.000Z","eross_vyte9","https://www.tiktok.com/@tucompaema/video/7644763453785246983","6863838095583282178","7645420788728283924","https://p19-common-sign.tiktokcdn-us.com/tos-maliva-avt-0068/43205e35d4d9e356386b492a1d300bf0~tplv-tiktokx-cropcenter:100:100.jpg?dr=9640&refresh_token=9b90a7ce&x-expires=1780200000&x-signature=m5mHJWMrC0pQ0DWggIbv9caGLCo%3D&t=4d5b0474&ps=13740610&shp=30310797&shcp=ff37627b&idc=useast8"
"Que esté listo en el momento que sea, el mundial es un buen pretexto para arreglarlo. Y que bueno.","0","4","2026-05-29T03:03:21.000Z","marjaramill0","https://www.tiktok.com/@tucompaema/video/7644763453785246983","6835039859763610630","7645143910399263508","https://p19-common-sign.tiktokcdn-us.com/tos-maliva-avt-0068/7326883972348215302~tplv-tiktokx-cropcenter:100:100.jpg?dr=9640&refresh_token=cfd19a34&x-expires=1780200000&x-signature=gpLD5yvLRGEBfhsqx%2BA0bszWElQ%3D&t=4d5b0474&ps=13740610&shp=30310797&shcp=ff37627b&idc=useast8"
"[Sticker] ","1","1","2026-05-29T01:54:19.000Z","annimos446","https://www.tiktok.com/@tucompaema/video/7644763453785246983","7437932095689032760","7645126109626123029","https://p19-common-sign.tiktokcdn-us.com/tos-alisg-avt-0068/2cb38c805ee70f828b871cef1e529abf~tplv-tiktokx-cropcenter:100:100.jpg?dr=9640&refresh_token=6e2f211c&x-expires=1780200000&x-signature=P97CqEy%2BGg7h3Dp%2B0pFYbC97ppw%3D&t=4d5b0474&ps=13740610&shp=30310797&shcp=ff37627b&idc=useast8"
"excepto que no remodelaron, solo redecoraron","4","0","2026-05-28T17:45:18.000Z","lgsustl1","https://www.tiktok.com/@tucompaema/video/7644763453785246983","7582375223938728967","7644999280222241556","https://p16-common-sign.tiktokcdn-us.com/tos-alisg-avt-0068/02d2a32cf261fff5cbcdb520fcd91369~tplv-tiktokx-cropcenter:100:100.jpg?dr=9640&refresh_token=54365ced&x-expires=1780200000&x-signature=1927wI6FlAWIwpi0vI0OKn9xPcc%3D&t=4d5b0474&ps=13740610&shp=30310797&shcp=ff37627b&idc=useast8"
"nmmn hasta ahorita se dan cuenta si desde que empezaron ya se sabía que no iban a terminar 🙄🤣🤣","3","0","2026-05-28T23:28:39.000Z","m_f_1512","https://www.tiktok.com/@tucompaema/video/7644763453785246983","7196528092625798150","7645088573280666388","https://p16-common-sign.tiktokcdn-us.com/tos-maliva-avt-0068/d3c01fc77dca535fdb3ce400e15eff62~tplv-tiktokx-cropcenter:100:100.jpg?dr=9640&refresh_token=ee363fd8&x-expires=1780200000&x-signature=jMlDv22BaIyLPKwODbj5rDGMqyg%3D&t=4d5b0474&ps=13740610&shp=30310797&shcp=ff37627b&idc=useast8"
"Así quedó TACUBAYA","65","4","2026-05-25T01:49:24.000Z","jarjbalam","https://www.tiktok.com/@karolvelda/video/7643328314429443335","6814281624655578117","7643640524017238804","https://p16-common-sign.tiktokcdn-eu.com/tos-maliva-avt-0068/7332330579284721670~tplv-tiktokx-cropcenter:100:100.jpg?dr=10399&refresh_token=0e1a0f1a&x-expires=1780200000&x-signature=eJKD0OqPmT1Ckt%2FNdGIYQ48slm4%3D&t=4d5b0474&ps=13740610&shp=30310797&shcp=ff37627b&idc=no1a"
"No puede ser !!!! Que terrible, un metro con 70 años le encontraron humedad, devuelvan todo a como estaba !!","18","8","2026-05-26T16:02:24.000Z","faredgs","https://www.tiktok.com/@karolvelda/video/7643328314429443335","6844598564883104774","7644231483187659538","https://p16-common-sign.tiktokcdn-eu.com/musically-maliva-obj/1594805258216454~tplv-tiktokx-cropcenter:100:100.jpg?dr=10399&refresh_token=4e4254cb&x-expires=1780200000&x-signature=ZwQE3W%2FYdO0RcGX4cEf22EDYdus%3D&t=4d5b0474&ps=13740610&shp=30310797&shcp=ff37627b&idc=no1a"
"Sus candelabros de temu y su papel tapiz. Hoy en día por eso todos tenemos mármol en las paredes por qué nos cuesta 60 pesos el metro y viene en rollo de 10 metros. Lo malo que en el recibo van a poner candelabros forjados en Italia y mármol traído de la minas de no sé. Total 500 millones .","46","4","2026-05-24T23:36:01.000Z","nier12342","https://www.tiktok.com/@karolvelda/video/7643328314429443335","7246584071769605125","7643606139075642133","https://p16-common-sign.tiktokcdn-eu.com/tos-maliva-avt-0068/e4387b56b65c2ea8478a4c619af629cf~tplv-tiktokx-cropcenter:100:100.jpg?dr=10399&refresh_token=1df33043&x-expires=1780200000&x-signature=Wr2Y2hasknOMJRwuU3UcYqudeS8%3D&t=4d5b0474&ps=13740610&shp=30310797&shcp=ff37627b&idc=no1a"
"lo peor esq las paredes de mármol las pusieron por encima de la pared de antes 😭","281","6","2026-05-25T01:17:30.000Z","rustysarcophagus_","https://www.tiktok.com/@karolvelda/video/7643328314429443335","6915106871520166917","7643632304934929160","https://p16-common-sign.tiktokcdn-eu.com/tos-alisg-avt-0068/65c5a9d221856edfd5cfe0116506b551~tplv-tiktokx-cropcenter:100:100.jpg?dr=10399&refresh_token=f797ba68&x-expires=1780200000&x-signature=6ftLJlDrtmtZx%2BIyANmwqgMeRp8%3D&t=4d5b0474&ps=13740610&shp=30310797&shcp=ff37627b&idc=no1a"
"[Sticker] y luego????","17","14","2026-05-24T05:42:37.000Z","lexi_idol67","https://www.tiktok.com/@karolvelda/video/7643328314429443335","7570119208139654162","7643329521291051796","https://p16-common-sign.tiktokcdn-eu.com/tos-alisg-avt-0068/5f0cd708db74003c48da716a24979787~tplv-tiktokx-cropcenter:100:100.jpg?dr=10399&refresh_token=ca726a1c&x-expires=1780200000&x-signature=GNR%2BjPSHXx9tOYgKS2wHwomt8gA%3D&t=4d5b0474&ps=13740610&shp=30310797&shcp=ff37627b&idc=no1a"
"ni al caso esos candelabros en el metro son para una edificación colonial o algo donde reslmente luzcan de acuerdo a cierto tipo de arquitectura o edificacio. pero en el metro ?????","3","0","2026-05-27T22:10:28.000Z","manuel.paz.prez6","https://www.tiktok.com/@karolvelda/video/7643328314429443335","7515681041672782855","7644697305754944276","https://p16-common-sign.tiktokcdn-eu.com/tos-alisg-avt-0068/0fac3a74e7ffcaddcfae6772b0f61099~tplv-tiktokx-cropcenter:100:100.jpg?dr=10399&refresh_token=ec31210a&x-expires=1780200000&x-signature=OSZLQ8TgcVIThCtgHHVRS6a9cpo%3D&t=4d5b0474&ps=13740610&shp=30310797&shcp=ff37627b&idc=no1a"
"¿ Las líneas son temáticas? Vi que Auditorio parece un Toks","367","9","2026-05-25T03:10:39.000Z","fabelle11","https://www.tiktok.com/@karolvelda/video/7643328314429443335","6818964877975372806","7643661519133098770","https://p16-common-sign.tiktokcdn-eu.com/tos-maliva-avt-0068/d28a2c76d98d61d1236fb10800002202~tplv-tiktokx-cropcenter:100:100.jpg?dr=10399&refresh_token=5ca6ce33&x-expires=1780200000&x-signature=cAAe6R1TYN9LYYXUx%2FB0ErYKzKc%3D&t=4d5b0474&ps=13740610&shp=30310797&shcp=ff37627b&idc=no1a"
"renuncia Clara Brugada","45","3","2026-05-25T15:01:29.000Z","jose91.3","https://www.tiktok.com/@karolvelda/video/7643328314429443335","7114016868902667270","7643844705389888263","https://p16-common-sign.tiktokcdn-eu.com/tos-alisg-avt-0068/be871cfedf74e98390441adae5b0a447~tplv-tiktokx-cropcenter:100:100.jpg?dr=10399&refresh_token=b1b0e1ad&x-expires=1780200000&x-signature=LB%2BFZtPSzHuDfWov8OKBhz6pTE4%3D&t=4d5b0474&ps=13740610&shp=30310797&shcp=ff37627b&idc=no1a"
"De tanta gente ni se va a ver 😅","9","1","2026-05-25T01:25:53.000Z","leticiadelao23","https://www.tiktok.com/@karolvelda/video/7643328314429443335","6972638542851097606","7643634463692292882","https://p16-common-sign.tiktokcdn-eu.com/tos-alisg-avt-0068/eeb24686d451383e13cff2df58cd0e33~tplv-tiktokx-cropcenter:100:100.jpg?dr=10399&refresh_token=77dba8f2&x-expires=1780200000&x-signature=x8eSVjN0HRI1GLDD6yJVBHvQBMQ%3D&t=4d5b0474&ps=13740610&shp=30310797&shcp=ff37627b&idc=no1a"
"esas goteras tienen mi edad 35 años","52","13","2026-05-25T01:44:26.000Z","vianneygutty","https://www.tiktok.com/@karolvelda/video/7643328314429443335","6827958235983758342","7643639279691940615","https://p16-common-sign.tiktokcdn-eu.com/tos-alisg-avt-0068/bd3831e1f31df207ef68300acdb7cc33~tplv-tiktokx-cropcenter:100:100.jpg?dr=10399&refresh_token=46225c57&x-expires=1780200000&x-signature=C4RbdS1hThb6M76mNSzkP0muK0c%3D&t=4d5b0474&ps=13740610&shp=30310797&shcp=ff37627b&idc=no1a"
"😅 ví un meme de esos candelabros y pensé que era una broma, y no!! si pusieron 🤭🤭 😅😅😅","12","1","2026-05-26T23:56:59.000Z","roku.18","https://www.tiktok.com/@karolvelda/video/7643328314429443335","7363439283779617797","7644353614463353601","https://p16-common-sign.tiktokcdn-eu.com/tos-alisg-avt-0068/f7b32cf736a8180626d98eef1836df5a~tplv-tiktokx-cropcenter:100:100.jpg?dr=10399&refresh_token=7295161a&x-expires=1780200000&x-signature=i1uGiM6pd%2BStHV8N24pTH1975VU%3D&t=4d5b0474&ps=13740610&shp=30310797&shcp=ff37627b&idc=no1a"
"Un poco de pintura lila y queda como nuevo","28","0","2026-05-25T14:43:23.000Z","augusto_d_m_b","https://www.tiktok.com/@karolvelda/video/7643328314429443335","6659226532810784773","7643840034257109768","https://p19-common-sign.tiktokcdn-eu.com/tos-alisg-avt-0068/611828e02b46494e79e8d12f03ed5040~tplv-tiktokx-cropcenter:100:100.jpg?dr=10399&refresh_token=24f989bc&x-expires=1780200000&x-signature=%2Btx3bsLyLGsuum3%2B%2BNBkDw9NuRU%3D&t=4d5b0474&ps=13740610&shp=30310797&shcp=ff37627b&idc=no1a"
"Bro reemplazaron el fokin mármol por material mas barato y menos duradero, quien se quedó con todo el mármol????","650","16","2026-05-25T05:04:47.000Z","pancito.de.toxtle","https://www.tiktok.com/@karolvelda/video/7643328314429443335","7467401419843601413","7643690925545308935","https://p16-common-sign.tiktokcdn-eu.com/tos-alisg-avt-0068/c6901486c6a4b9d223fb8cd2ccac98ee~tplv-tiktokx-cropcenter:100:100.jpg?dr=10399&refresh_token=37b79d76&x-expires=1780200000&x-signature=wRSWMD%2BDEQ%2FloNpUuoAbcgwZaX8%3D&t=4d5b0474&ps=13740610&shp=30310797&shcp=ff37627b&idc=no1a"
"ves que ya no alcanzo el presupuesto para eso era candelabros o techo y el inge lo dejo a la suerte agilas candelabros","13","1","2026-05-25T15:42:34.000Z","erkwf","https://www.tiktok.com/@karolvelda/video/7643328314429443335","7052443103563432965","7643855275371463445","https://p16-common-sign.tiktokcdn-eu.com/tos-maliva-avt-0068/7327034476386205702~tplv-tiktokx-cropcenter:100:100.jpg?dr=10399&refresh_token=d265f326&x-expires=1780200000&x-signature=PsmOHMy%2FM%2BB9o9ADaffJquh1UiM%3D&t=4d5b0474&ps=13740610&shp=30310797&shcp=ff37627b&idc=no1a"
"No Bro es que ahora estamos hablando de fútbol","14","1","2026-05-25T21:47:41.000Z","dani_cavas04","https://www.tiktok.com/@karolvelda/video/7643328314429443335","6988288677241127942","7643949277559833365","https://p16-common-sign.tiktokcdn-eu.com/tos-maliva-avt-0068/cda14f2355716618bb7de1cbb8e6d795~tplv-tiktokx-cropcenter:100:100.jpg?dr=10399&refresh_token=d90ed839&x-expires=1780200000&x-signature=DCWg2s3GDwwUZzDHiTfqsFYZdRQ%3D&t=4d5b0474&ps=13740610&shp=30310797&shcp=ff37627b&idc=no1a"
"o su restauración del metro auditorio y el resto de la línea horrorosa 🤣","7","1","2026-05-25T15:16:52.000Z","pazuzu766","https://www.tiktok.com/@karolvelda/video/7643328314429443335","7272978290662147077","7643848646576423700","https://p16-common-sign.tiktokcdn-eu.com/tos-maliva-avt-0068/f329e85b22c93e05dde14836fe465239~tplv-tiktokx-cropcenter:100:100.jpg?dr=10399&refresh_token=b2f61c31&x-expires=1780200000&x-signature=dHdh0DFq34Rmbkw4Dm08eLCREDo%3D&t=4d5b0474&ps=13740610&shp=30310797&shcp=ff37627b&idc=no1a"
"y las inundaciones fuera del metro ni se diga","17","0","2026-05-26T03:10:08.000Z","vidul709","https://www.tiktok.com/@karolvelda/video/7643328314429443335","6885365212242543622","7644032471117349640","https://p16-common-sign.tiktokcdn-eu.com/tos-alisg-avt-0068/980b390e82276288df67ffb2e81c1924~tplv-tiktokx-cropcenter:100:100.jpg?dr=10399&refresh_token=fe862d75&x-expires=1780200000&x-signature=o3glMdgUVbAvexbY%2BIOQwUhE0B8%3D&t=4d5b0474&ps=13740610&shp=30310797&shcp=ff37627b&idc=no1a"
"Los candelabros iluminan bien la goteras","15","2","2026-05-25T02:17:40.000Z","mecreoliz","https://www.tiktok.com/@karolvelda/video/7643328314429443335","6989098577625957382","7643647782562530069","https://p19-common-sign.tiktokcdn-eu.com/tos-maliva-avt-0068/f9e1c02cc0e22778ae14e8835ef78b6b~tplv-tiktokx-cropcenter:100:100.jpg?dr=10399&refresh_token=0150ff90&x-expires=1780200000&x-signature=Zuo9kT8ru8%2F53gb9U0jPFXMmwzA%3D&t=4d5b0474&ps=13740610&shp=30310797&shcp=ff37627b&idc=no1a"
"😂😂 Acá decimos, TE DAN ATOLE CON EL DEDO 😂😂😂","18","4","2026-05-26T23:38:09.000Z","virginiaramos057","https://www.tiktok.com/@karolvelda/video/7643328314429443335","6853112233187148805","7644348799235080980","https://p16-common-sign.tiktokcdn-eu.com/tos-maliva-avt-0068/7322868471174283269~tplv-tiktokx-cropcenter:100:100.jpg?dr=10399&refresh_token=9b20ccfc&x-expires=1780200000&x-signature=v5ZaJ12cg5NcE8tNcjY2qP4xRKg%3D&t=4d5b0474&ps=13740610&shp=30310797&shcp=ff37627b&idc=no1a"
"[Sticker] SE HIZO RÁPIDO LA REMODELACIÓN NUNCA DIJIMOS QUE BIEN","196","2","2026-05-24T21:44:30.000Z","jasoncdmx","https://www.tiktok.com/@karolvelda/video/7643328314429443335","6903069127511049222","7643577425251549970","https://p16-common-sign.tiktokcdn-eu.com/tos-alisg-avt-0068/2ac41ec801f80d878964fbe4f4948370~tplv-tiktokx-cropcenter:100:100.jpg?dr=10399&refresh_token=d4ae52dd&x-expires=1780200000&x-signature=U8TUNcH9AmJxvYIBQwefVhE687M%3D&t=4d5b0474&ps=13740610&shp=30310797&shcp=ff37627b&idc=no1a"
"70 % de los trenes están descompuestos","14","1","2026-05-25T02:45:58.000Z","demimldz888","https://www.tiktok.com/@karolvelda/video/7643328314429443335","7380870033084072966","7643655123528909586","https://p19-common-sign.tiktokcdn-eu.com/tos-alisg-avt-0068/cae43e10a374a9c696ab51b391dfb45a~tplv-tiktokx-cropcenter:100:100.jpg?dr=10399&refresh_token=d98133fc&x-expires=1780200000&x-signature=fzbPwv8OEZBre6%2FPGVA2RNtAZPg%3D&t=4d5b0474&ps=13740610&shp=30310797&shcp=ff37627b&idc=no1a"
"yo le doy 1 mes que van a durar","4","1","2026-05-21T01:19:52.000Z","ncj14","https://www.tiktok.com/@telediario/video/7642063192079813908","6807081497809126405","7642148571203322625","https://p19-common-sign.tiktokcdn.com/tos-maliva-avt-0068/7325392024445091845~tplv-tiktokx-cropcenter:100:100.jpg?dr=14579&refresh_token=84bee213&x-expires=1780200000&x-signature=Ve%2BLO92kmTkn55wsc8UgNla9%2Frw%3D&t=4d5b0474&ps=13740610&shp=30310797&shcp=ff37627b&idc=my"
"Disfruten su voto","5","0","2026-05-21T21:06:37.000Z","maxxiss01","https://www.tiktok.com/@telediario/video/7642063192079813908","7236394448534537222","7642454418784879368","https://p19-common-sign.tiktokcdn.com/tos-alisg-avt-0068/dc28a6b83377d530829805c65750ae02~tplv-tiktokx-cropcenter:100:100.jpg?dr=14579&refresh_token=e3a9204e&x-expires=1780200000&x-signature=HBMCRIlgujdBC5QpQ3%2FnydY1ZlU%3D&t=4d5b0474&ps=13740610&shp=30310797&shcp=ff37627b&idc=my"
"esos serán moteles no se agan","7","0","2026-05-21T14:57:03.000Z","luishitop.m3n3s3s","https://www.tiktok.com/@telediario/video/7642063192079813908","6766209663291556869","7642359166993187605","https://p19-common-sign.tiktokcdn.com/tos-alisg-avt-0068/93374b5075aa6ad0e634c414a1ded6fd~tplv-tiktokx-cropcenter:100:100.jpg?dr=14579&refresh_token=7bcdf4fb&x-expires=1780200000&x-signature=RCsxskLO0XdjRlRH79A06JYgJow%3D&t=4d5b0474&ps=13740610&shp=30310797&shcp=ff37627b&idc=my"
"pues no creo que los que vengan a ver el mundial entren alos baños","6","0","2026-05-21T03:58:51.000Z","dandiaz3549","https://www.tiktok.com/@telediario/video/7642063192079813908","6959756832605651973","7642189582709015314","https://p16-common-sign.tiktokcdn.com/tos-maliva-avt-0068/7324809159097909253~tplv-tiktokx-cropcenter:100:100.jpg?dr=14579&refresh_token=db07574d&x-expires=1780200000&x-signature=kZB8xBRFgGeCZyikBC10sY2PN20%3D&t=4d5b0474&ps=13740610&shp=30310797&shcp=ff37627b&idc=my"
"Que horror","10","0","2026-05-20T22:49:28.000Z","istitchh","https://www.tiktok.com/@telediario/video/7642063192079813908","6815718103739139077","7642109701568103189","https://p16-common-sign.tiktokcdn.com/tos-maliva-avt-0068/b080f3eef226545af4ff4844e6f038ca~tplv-tiktokx-cropcenter:100:100.jpg?dr=14579&refresh_token=b63924c7&x-expires=1780200000&x-signature=q6g8QiopRWkZTuSDejDzab%2B5i3Q%3D&t=4d5b0474&ps=13740610&shp=30310797&shcp=ff37627b&idc=my"
"así como los elevadores del metro/metrobus inservibles que solo están arreglando por el mundial.","3","3","2026-05-22T22:59:12.000Z","ic4707","https://www.tiktok.com/@telediario/video/7642063192079813908","6993097286827099141","7642854526793368327","https://p16-common-sign.tiktokcdn.com/tos-alisg-avt-0068/aa8374200c6fe2a1df9f82405cf3a785~tplv-tiktokx-cropcenter:100:100.jpg?dr=14579&refresh_token=964e9249&x-expires=1780200000&x-signature=k1pTm9CtMquO6vbDpWLWpYOz9GE%3D&t=4d5b0474&ps=13740610&shp=30310797&shcp=ff37627b&idc=my"
"Buena iniciativa","1","1","2026-05-21T05:58:05.000Z","robertop.sanchez","https://www.tiktok.com/@telediario/video/7642063192079813908","6807558741262599174","7642220293029348113","https://p16-common-sign.tiktokcdn.com/tos-maliva-avt-0068/15e87bdabdccd7c0a028c7cbffbcda6f~tplv-tiktokx-cropcenter:100:100.jpg?dr=14579&refresh_token=e224034b&x-expires=1780200000&x-signature=upHXfMQAxtwJway76%2B0A2nVlJXg%3D&t=4d5b0474&ps=13740610&shp=30310797&shcp=ff37627b&idc=my"
"hay para que ponen eso sí van a cobrar? cuál es el beneficio?","0","1","2026-05-22T03:21:45.000Z","ai.ve76","https://www.tiktok.com/@telediario/video/7642063192079813908","7289812209180853253","7642551077891703572","https://p16-common-sign.tiktokcdn.com/tos-maliva-avt-0068/c0560191fd04c1a621e504e1121ab4ad~tplv-tiktokx-cropcenter:100:100.jpg?dr=14579&refresh_token=317bef08&x-expires=1780200000&x-signature=Y1z61H848HpJn5v4VqZ00yffq9Y%3D&t=4d5b0474&ps=13740610&shp=30310797&shcp=ff37627b&idc=my"
"Neta ? Hay cosas más necesarias","2","1","2026-05-21T13:17:23.000Z","ariazram","https://www.tiktok.com/@telediario/video/7642063192079813908","7613943612565341205","7642333501207413524","https://p16-common-sign.tiktokcdn.com/tos-alisg-avt-0068/cfe6f0fbe4ac7fbb26cc90da6148c0d6~tplv-tiktokx-cropcenter:100:100.jpg?dr=14579&refresh_token=75e5f2dc&x-expires=1780200000&x-signature=V6WJBW%2B2wEMZgyFEyXaWO6Zpmpc%3D&t=4d5b0474&ps=13740610&shp=30310797&shcp=ff37627b&idc=my"
"sanitarios Del Bienestar","7","0","2026-05-20T22:37:04.000Z","edugm.1","https://www.tiktok.com/@telediario/video/7642063192079813908","7210988324038362117","7642106571179229973","https://p16-common-sign.tiktokcdn.com/tos-alisg-avt-0068/c10f34ba57790f9545bb4a142190b260~tplv-tiktokx-cropcenter:100:100.jpg?dr=14579&refresh_token=41c85fe0&x-expires=1780200000&x-signature=oDKW4KI3FIWiK3fZe4SpFxvntQI%3D&t=4d5b0474&ps=13740610&shp=30310797&shcp=ff37627b&idc=my"
"Que la gente los cuide😭😭","3","1","2026-05-21T06:05:56.000Z","hinostrozaroo","https://www.tiktok.com/@telediario/video/7642063192079813908","6632705512260550661","7642222323202310928","https://p16-common-sign.tiktokcdn.com/tos-maliva-avt-0068/e378c0746dada325aaabd46b14a692d1~tplv-tiktokx-cropcenter:100:100.jpg?dr=14579&refresh_token=c876e539&x-expires=1780200000&x-signature=0nNe52W7JzNyNUPCGUNl1M89Idg%3D&t=4d5b0474&ps=13740610&shp=30310797&shcp=ff37627b&idc=my"
"y las escuelas y hospitales para cuando?","15","0","2026-05-21T13:44:00.000Z","omar_gm57","https://www.tiktok.com/@telediario/video/7642063192079813908","7560790290706727943","7642340356889854740","https://p16-common-sign.tiktokcdn.com/tos-alisg-avt-0068/50d80315793d8ea044e71d90b7e16741~tplv-tiktokx-cropcenter:100:100.jpg?dr=14579&refresh_token=f0cc96ac&x-expires=1780200000&x-signature=%2Bdxxg%2FeGjHtV0pui1tTZu%2BS6QLA%3D&t=4d5b0474&ps=13740610&shp=30310797&shcp=ff37627b&idc=my"
"nuevo spots para stickers 🫡🫡","4","0","2026-05-22T02:44:51.000Z","zavaleta_66","https://www.tiktok.com/@telediario/video/7642063192079813908","6853867233380107269","7642541536736330512","https://p16-common-sign.tiktokcdn.com/tos-maliva-avt-0068/7333612837698764805~tplv-tiktokx-cropcenter:100:100.jpg?dr=14579&refresh_token=76e0b333&x-expires=1780200000&x-signature=rHuT254XaNmBhoSwvYpzRl3uJGw%3D&t=4d5b0474&ps=13740610&shp=30310797&shcp=ff37627b&idc=my"
"pero si ya existe reforma 222","5","0","2026-05-21T22:24:23.000Z","michiii_z","https://www.tiktok.com/@telediario/video/7642063192079813908","7370965420466013190","7642474395416199956","https://p16-common-sign.tiktokcdn.com/tos-alisg-avt-0068/c9bab8b1bfc378dd92127592717b31a4~tplv-tiktokx-cropcenter:100:100.jpg?dr=14579&refresh_token=0878f23c&x-expires=1780200000&x-signature=HcHB7Bju5v76uvwt4iLt3jYG6Eo%3D&t=4d5b0474&ps=13740610&shp=30310797&shcp=ff37627b&idc=my"
"Wey, que bueno que van a notar baños, luego me ando cagando y no encuentro algo rápido","5","0","2026-05-22T17:54:26.000Z","oscartellez80","https://www.tiktok.com/@telediario/video/7642063192079813908","6890039645931078662","7642775978703913749","https://p16-common-sign.tiktokcdn.com/tos-maliva-avt-0068/f892bb41b888eb46e23b1d12bfe3138f~tplv-tiktokx-cropcenter:100:100.jpg?dr=14579&refresh_token=f47dd258&x-expires=1780200000&x-signature=AnKNUOQLfNmd4Gxxl98q%2BrhJzJU%3D&t=4d5b0474&ps=13740610&shp=30310797&shcp=ff37627b&idc=my"
"en lugar de baños alumbrado baches","18","0","2026-05-21T00:06:15.000Z","user8006030363768","https://www.tiktok.com/@telediario/video/7642063192079813908","7456943792969565189","7642128340693926677","https://p16-common-sign.tiktokcdn.com/musically-maliva-obj/1594805258216454~tplv-tiktokx-cropcenter:100:100.jpg?dr=14579&refresh_token=fa307169&x-expires=1780200000&x-signature=mehcPq0GqZUJprcMKOYk31VuyvU%3D&t=4d5b0474&ps=13740610&shp=30310797&shcp=ff37627b&idc=my"
"Puro cruising va haber","9","0","2026-05-21T05:05:46.000Z","ece.1703","https://www.tiktok.com/@telediario/video/7642063192079813908","6813809041686807557","7642206816847790869","https://p16-common-sign.tiktokcdn.com/tos-maliva-avt-0068/3beb97262f1cd180c5f5cf6a53bbbf1d~tplv-tiktokx-cropcenter:100:100.jpg?dr=14579&refresh_token=c03a1aa5&x-expires=1780200000&x-signature=ezotidiXis%2Bo04YAq9PPknilMRk%3D&t=4d5b0474&ps=13740610&shp=30310797&shcp=ff37627b&idc=my"
"Fui a mi centro de salud zona Amecameca y NO hay medicamentos desde hace un mes , pero qué tal esto . 😏","5","0","2026-05-21T20:11:03.000Z","nanu74953","https://www.tiktok.com/@telediario/video/7642063192079813908","7611240005427676180","7642440080476635924","https://p16-common-sign.tiktokcdn.com/musically-maliva-obj/1594805258216454~tplv-tiktokx-cropcenter:100:100.jpg?dr=14579&refresh_token=fa307169&x-expires=1780200000&x-signature=mehcPq0GqZUJprcMKOYk31VuyvU%3D&t=4d5b0474&ps=13740610&shp=30310797&shcp=ff37627b&idc=my"
"deberían tapar baches si quieren quedar bien","5","0","2026-05-22T04:39:24.000Z","fernandachic659","https://www.tiktok.com/@telediario/video/7642063192079813908","7096697134096286725","7642571104083591954","https://p16-common-sign.tiktokcdn.com/tos-alisg-avt-0068/0844b88caf377d1da9007b3e54b4096f~tplv-tiktokx-cropcenter:100:100.jpg?dr=14579&refresh_token=d1b5ab4f&x-expires=1780200000&x-signature=46X4lrfb4FAFxgO6PgmnszYHSKI%3D&t=4d5b0474&ps=13740610&shp=30310797&shcp=ff37627b&idc=my"
"de verían gastar en los hospitales. y baños del mismo lugar","9","0","2026-05-21T00:16:16.000Z","abrilbautista81","https://www.tiktok.com/@telediario/video/7642063192079813908","7580465593015616568","7642132018881774353","https://p16-common-sign.tiktokcdn.com/tos-alisg-avt-0068/0775daa98ba8aa0557776d6f65b7c3ab~tplv-tiktokx-cropcenter:100:100.jpg?dr=14579&refresh_token=f526d792&x-expires=1780200000&x-signature=gw6f2bVaGQqed0cjp%2BjoXC5ihv0%3D&t=4d5b0474&ps=13740610&shp=30310797&shcp=ff37627b&idc=my"
"Y pensar que para estas cosas me voy a dar de alta en el sat que coraje !","2","1","2026-05-22T03:25:04.000Z","sel.sk1","https://www.tiktok.com/@telediario/video/7642063192079813908","7156784110287127557","7642551923359040277","https://p16-common-sign.tiktokcdn.com/tos-maliva-avt-0068/d1c07db4439bd91604c026c4a6dd4cad~tplv-tiktokx-cropcenter:100:100.jpg?dr=14579&refresh_token=9a2e5a4a&x-expires=1780200000&x-signature=J5GZwfDxj8Z84xxlLI9Bbmu2ITA%3D&t=4d5b0474&ps=13740610&shp=30310797&shcp=ff37627b&idc=my"
"la primera señora tiene toda la razón","6","0","2026-05-21T02:50:42.000Z","taffahaxel8","https://www.tiktok.com/@telediario/video/7642063192079813908","7101433906825970694","7642171945639936789","https://p16-common-sign.tiktokcdn.com/tos-alisg-avt-0068/ac5423a7fad73ea66696504faba1fde5~tplv-tiktokx-cropcenter:100:100.jpg?dr=14579&refresh_token=e677e4be&x-expires=1780200000&x-signature=YvCGEfowVyfXWeTNHawZ8GlaWZo%3D&t=4d5b0474&ps=13740610&shp=30310797&shcp=ff37627b&idc=my"
"un nuevo crusing","14","0","2026-05-21T21:40:34.000Z","el.chavalito474","https://www.tiktok.com/@telediario/video/7642063192079813908","7598720518082102280","7642463181411566353","https://p16-common-sign.tiktokcdn.com/tos-alisg-avt-0068/1a6be3f8970f3ba2d88ace232c1bf6b0~tplv-tiktokx-cropcenter:100:100.jpg?dr=14579&refresh_token=7f325292&x-expires=1780200000&x-signature=Sx%2FUWoDfRsKIAx1jyRkMZK6x8BI%3D&t=4d5b0474&ps=13740610&shp=30310797&shcp=ff37627b&idc=my"
"termina mal**","4","0","2026-05-22T03:47:46.000Z","chell.sip","https://www.tiktok.com/@telediario/video/7642063192079813908","7531469124985685000","7642557791127962375","https://p16-common-sign.tiktokcdn.com/tos-alisg-avt-0068/698816e03f4987b4bfdd82baa8cfacf6~tplv-tiktokx-cropcenter:100:100.jpg?dr=14579&refresh_token=be5be860&x-expires=1780200000&x-signature=2R0qiyCORr%2Br8Sgb4mCmFVYP2bM%3D&t=4d5b0474&ps=13740610&shp=30310797&shcp=ff37627b&idc=my"
"y los baches pa cuando?","5","0","2026-05-21T02:11:12.000Z","the_bebe_bubu","https://www.tiktok.com/@telediario/video/7642063192079813908","6869173194609165317","7642161805762396949","https://p16-common-sign.tiktokcdn.com/tos-maliva-avt-0068/988e6661705370828bf54d1fee75b198~tplv-tiktokx-cropcenter:100:100.jpg?dr=14579&refresh_token=9aa686be&x-expires=1780200000&x-signature=%2FjH17ofDGdUmgy9cGLK6bgUK6pw%3D&t=4d5b0474&ps=13740610&shp=30310797&shcp=ff37627b&idc=my"
"es como cuando me pedían recoger mi cuarto y aventaba toda la ropa al ropero para que no se viera tan mal","101","1","2026-05-25T03:10:12.000Z","chocolate.de.fres1","https://www.tiktok.com/@karolvelda/video/7643328314429443335","7554582598534677524","7643661373037478676","https://p19-common-sign.tiktokcdn-us.com/tos-alisg-avt-0068/55affe0bb114ce617d69610d59e36bfb~tplv-tiktokx-cropcenter:100:100.jpg?dr=9640&refresh_token=db4f0cf2&x-expires=1780200000&x-signature=uk7joIgp%2FzaAuNWpfsHx9VDdmFU%3D&t=4d5b0474&ps=13740610&shp=30310797&shcp=ff37627b&idc=useast8"
"Eso lo dejamos para otro mundial 😁😁😂😂","5","0","2026-05-28T03:18:10.000Z","gago.chvez","https://www.tiktok.com/@karolvelda/video/7643328314429443335","7245378046336386053","7644776687885124369","https://p19-common-sign.tiktokcdn-us.com/tos-maliva-avt-0068/7258461288043380741~tplv-tiktokx-cropcenter:100:100.jpg?dr=9640&refresh_token=8ed15cdd&x-expires=1780200000&x-signature=LJl5auHr5HcgYm0eJvVUiFXGGlQ%3D&t=4d5b0474&ps=13740610&shp=30310797&shcp=ff37627b&idc=useast8"
"Ay que si, ya te escuchamos! 😒","6","6","2026-05-27T03:26:12.000Z","ivanvelo0","https://www.tiktok.com/@karolvelda/video/7643328314429443335","6815376309687288838","7644407668397294344","https://p16-common-sign.tiktokcdn-us.com/tos-maliva-avt-0068/9db7648a53bf7b7c2d2b23e888b8b00c~tplv-tiktokx-cropcenter:100:100.jpg?dr=9640&refresh_token=02744862&x-expires=1780200000&x-signature=9GhS8a4r2ogbuR6588S3jsK2dvA%3D&t=4d5b0474&ps=13740610&shp=30310797&shcp=ff37627b&idc=useast8"
"cómo me imagino que paso:
x: señor hay filtraciones y goteras, no cree que es mejor arreglar eso?
x: no, quiero que pongas mis candelabros 😌 que tenga esas vibes de la realeza 👑","36","1","2026-05-25T03:56:45.000Z","izzy_lier99","https://www.tiktok.com/@karolvelda/video/7643328314429443335","6830206917206606853","7643673377471398664","https://p19-common-sign.tiktokcdn-us.com/tos-alisg-avt-0068/7eb870020d10f532c75bc1e5a0dca891~tplv-tiktokx-cropcenter:100:100.jpg?dr=9640&refresh_token=71754632&x-expires=1780200000&x-signature=SkkSFSRnWQqbDG1dcAj1qyDdwE0%3D&t=4d5b0474&ps=13740610&shp=30310797&shcp=ff37627b&idc=useast8"
"[Sticker] son fuentes hermosa, es parte del estilo Antiguo","40","0","2026-05-25T19:31:46.000Z","any_liz98","https://www.tiktok.com/@karolvelda/video/7643328314429443335","6745104202030760966","7643914334473061141","https://p16-common-sign.tiktokcdn-us.com/tos-alisg-avt-0068/c447081ea54ed0ae4a9fb217bc9da95e~tplv-tiktokx-cropcenter:100:100.jpg?dr=9640&refresh_token=5002594b&x-expires=1780200000&x-signature=HleAlmWLaF0sF9yYq%2BuJw21Oza0%3D&t=4d5b0474&ps=13740610&shp=30310797&shcp=ff37627b&idc=useast8"
"y la remodelación que se hizo cuando peña nieto era presidente nadie las crítico por qué","11","47","2026-05-25T01:47:31.000Z","alejandra.luna171","https://www.tiktok.com/@karolvelda/video/7643328314429443335","7366804417461175302","7643640064027886344","https://p16-common-sign.tiktokcdn-us.com/tos-maliva-avt-0068/7367042357465710597~tplv-tiktokx-cropcenter:100:100.jpg?dr=9640&refresh_token=cbd7ac49&x-expires=1780200000&x-signature=Jp%2FpItER5LQ2r58Pf4jVRXwg%2Bpk%3D&t=4d5b0474&ps=13740610&shp=30310797&shcp=ff37627b&idc=useast8"
"Y CUÁNTO COSTÓ LA SUAVICREMA ÓSEA EL MONUMENTO A LA CORRUPCIÓN Y PARA QUE SIRVE?","6","12","2026-05-25T09:39:23.000Z","maximomonroy30","https://www.tiktok.com/@karolvelda/video/7643328314429443335","7084857820318827525","7643761678924382992","https://p16-common-sign.tiktokcdn-us.com/tos-maliva-avt-0068/7087401216526778373~tplv-tiktokx-cropcenter:100:100.jpg?dr=9640&refresh_token=4284f9a8&x-expires=1780200000&x-signature=%2BeXuwOky5USaulJHcJauGm%2FY6Mw%3D&t=4d5b0474&ps=13740610&shp=30310797&shcp=ff37627b&idc=useast8"
"Exactamente! las cosas realmente funcionales estan obsoletas, por fuera ""bonito"" y al interior una porquería.","5","0","2026-05-27T18:30:41.000Z","em.cinnamoon","https://www.tiktok.com/@karolvelda/video/7643328314429443335","7508534237831070727","7644640768862651144","https://p19-common-sign.tiktokcdn-us.com/tos-alisg-avt-0068/420689ab0d26b31102bf29fa69c91872~tplv-tiktokx-cropcenter:100:100.jpg?dr=9640&refresh_token=6044ec79&x-expires=1780200000&x-signature=2J5D81VAxjTrDBMqirXtDIKPym0%3D&t=4d5b0474&ps=13740610&shp=30310797&shcp=ff37627b&idc=useast8"
"🥴🥴🥴 que triste ! Nada acertada esa decisión de poner candelabros que no sirven para nada","6","0","2026-05-27T21:05:06.000Z","enriqueomarguadar","https://www.tiktok.com/@karolvelda/video/7643328314429443335","7126771242150429701","7644680554734306049","https://p19-common-sign.tiktokcdn-us.com/tos-alisg-avt-0068/b65eddb0f57e46b792fc15f9a60650c5~tplv-tiktokx-cropcenter:100:100.jpg?dr=9640&refresh_token=ac6fb85a&x-expires=1780200000&x-signature=WdzwBdqeAwDsclpkKR5PF1SX0Cw%3D&t=4d5b0474&ps=13740610&shp=30310797&shcp=ff37627b&idc=useast8"
"muchos faroles y candelabros y las goteras que?","18","1","2026-05-25T20:55:19.000Z","gigilene78","https://www.tiktok.com/@karolvelda/video/7643328314429443335","7055839084388238342","7643935862467887890","https://p16-common-sign.tiktokcdn-us.com/tos-alisg-avt-0068/4f44af666fc335b3cabd97fc47fe9ec1~tplv-tiktokx-cropcenter:100:100.jpg?dr=9640&refresh_token=c4777164&x-expires=1780200000&x-signature=3QCDAqk%2BJzzDoxyf88dFL8Wqx7s%3D&t=4d5b0474&ps=13740610&shp=30310797&shcp=ff37627b&idc=useast8"
"exacto todas las estaciones están en muy malas condiciones esto son solo parches sus candelabros.. puro desperdicio de dinero","22","0","2026-05-24T23:11:15.000Z","its_faby076","https://www.tiktok.com/@karolvelda/video/7643328314429443335","6984551176024933382","7643599633378444049","https://p19-common-sign.tiktokcdn-us.com/tos-alisg-avt-0068/b102b7a20429ecb3a8a03ebcd42b83fc~tplv-tiktokx-cropcenter:100:100.jpg?dr=9640&refresh_token=668e5c6b&x-expires=1780200000&x-signature=hYKmVQlZgM2NQQqhOkwYJM%2FK52M%3D&t=4d5b0474&ps=13740610&shp=30310797&shcp=ff37627b&idc=useast8"
"Es lo q sucede cuando solo echan pintura para cubrir defectos es como querer tapar el sol con un dedo","13","0","2026-05-27T04:37:48.000Z","carnalito06b","https://www.tiktok.com/@karolvelda/video/7643328314429443335","7130833675411997702","7644426098353652500","https://p19-common-sign.tiktokcdn-us.com/tos-maliva-avt-0068/b5f69717d039e3980c745dd946f9797c~tplv-tiktokx-cropcenter:100:100.jpg?dr=9640&refresh_token=b9b6833f&x-expires=1780200000&x-signature=iIyX2w7ToP437d4WcXED95bk%2FfI%3D&t=4d5b0474&ps=13740610&shp=30310797&shcp=ff37627b&idc=useast8"
"iiii. tu casa a de estar impecable muy observadora","13","23","2026-05-24T23:24:42.000Z","iori.loco0","https://www.tiktok.com/@karolvelda/video/7643328314429443335","7327145193596011525","7643603192407687956","https://p19-common-sign.tiktokcdn-us.com/tos-alisg-avt-0068/9a390a2019d405537d6fddaba996a4d8~tplv-tiktokx-cropcenter:100:100.jpg?dr=9640&refresh_token=1c9b4601&x-expires=1780200000&x-signature=sBnIRULVaOsIVNP6l0Zs9gOjums%3D&t=4d5b0474&ps=13740610&shp=30310797&shcp=ff37627b&idc=useast8"
"Por todo se quejan, comprense su carro mejor, yo voy bien cómoda Jsjsjsj 💕","71","39","2026-05-26T00:39:43.000Z","michelleolveda","https://www.tiktok.com/@karolvelda/video/7643328314429443335","7616832339013125141","7643993590721430293","https://p19-common-sign.tiktokcdn-us.com/tos-alisg-avt-0068/f4f521c40e3d90ed79ba84048aff23f8~tplv-tiktokx-cropcenter:100:100.jpg?dr=9640&refresh_token=274737ff&x-expires=1780200000&x-signature=x1enTA1QlKNFQzDiiYhcGmahWbs%3D&t=4d5b0474&ps=13740610&shp=30310797&shcp=ff37627b&idc=useast8"
"se está hundiendo el titanic","11","0","2026-05-26T17:25:52.000Z","edjend","https://www.tiktok.com/@karolvelda/video/7643328314429443335","6799053885052388357","7644252898109801233","https://p16-common-sign.tiktokcdn-us.com/tos-maliva-avt-0068/7330413396375896070~tplv-tiktokx-cropcenter:100:100.jpg?dr=9640&refresh_token=132f7a4b&x-expires=1780200000&x-signature=K5oRdAeuYbm4oXR9h9HB0EBjAVY%3D&t=4d5b0474&ps=13740610&shp=30310797&shcp=ff37627b&idc=useast8"
"la línea uno trenes nuevos tren ligero nuevo trolebuses nuevos camiones nuevos el metro a un te cuesta 5 pesos y te quejas jijijiji","7","3","2026-05-27T00:54:16.000Z","oso63411","https://www.tiktok.com/@karolvelda/video/7643328314429443335","7305795291680080901","7644368474728579861","https://p16-common-sign.tiktokcdn-us.com/tos-maliva-avt-0068/7306495614803116037~tplv-tiktokx-cropcenter:100:100.jpg?dr=9640&refresh_token=71c24dde&x-expires=1780200000&x-signature=DvTeWr6oEexL84oZczDtzPq3NWg%3D&t=4d5b0474&ps=13740610&shp=30310797&shcp=ff37627b&idc=useast8"
"😂😂🤣😂 y gasto miles de millones","13","3","2026-05-27T01:36:27.000Z","mariaavalos277","https://www.tiktok.com/@karolvelda/video/7643328314429443335","6879599705555977222","7644379294311957249","https://p19-common-sign.tiktokcdn-us.com/tos-alisg-avt-0068/92fc56600a6d7533abc24bc18720d60b~tplv-tiktokx-cropcenter:100:100.jpg?dr=9640&refresh_token=75c2979d&x-expires=1780200000&x-signature=sxE%2B%2BP4VlxjlV585V6SBQ8E1og4%3D&t=4d5b0474&ps=13740610&shp=30310797&shcp=ff37627b&idc=useast8"
"El metro necesita mantenimiento, no lámparitas bonitas.","23","0","2026-05-25T16:49:07.000Z","mccs357","https://www.tiktok.com/@karolvelda/video/7643328314429443335","7592244504107877397","7643872434927764231","https://p16-common-sign.tiktokcdn-us.com/tos-alisg-avt-0068/ef1a7b9bbf434251cf9f74580e8b8591~tplv-tiktokx-cropcenter:100:100.jpg?dr=9640&refresh_token=94c9d639&x-expires=1780200000&x-signature=98K9r39mwTHpLyCqaToa8RLDeYg%3D&t=4d5b0474&ps=13740610&shp=30310797&shcp=ff37627b&idc=useast8"
"y los baches en el centro histórico pa cuándo ?😁👍","18","2","2026-05-25T17:31:38.000Z","juan.mmgg","https://www.tiktok.com/@karolvelda/video/7643328314429443335","7048813681714906117","7643883367243268880","https://p19-common-sign.tiktokcdn-us.com/tos-alisg-avt-0068/4b8ef6358cf25b562987b5760541d2bf~tplv-tiktokx-cropcenter:100:100.jpg?dr=9640&refresh_token=e2a4eac9&x-expires=1780200000&x-signature=JtELnkLhuhX6oXl%2FReaZMKkm2E0%3D&t=4d5b0474&ps=13740610&shp=30310797&shcp=ff37627b&idc=useast8"
"jajajaja si donde quiera hay goteras y eso que aún no llueve en serio","38","3","2026-05-25T01:46:26.000Z","alvaroruizgarcia0","https://www.tiktok.com/@karolvelda/video/7643328314429443335","7057020444561409030","7643639766000993044","https://p16-common-sign.tiktokcdn-us.com/tos-alisg-avt-0068/cdb399cf44b8fd02a994b0463cba691b~tplv-tiktokx-cropcenter:100:100.jpg?dr=9640&refresh_token=c97d10cd&x-expires=1780200000&x-signature=kt61pWwbUk%2FNszWcsC9qKGGCm58%3D&t=4d5b0474&ps=13740610&shp=30310797&shcp=ff37627b&idc=useast8"
"y al metro lo están remodelando solo por el mundial, así deberían de hacer siempre no solo por el mundial","1","1","2026-05-21T07:02:16.000Z","karenvaserz_","https://www.tiktok.com/@telediario/video/7642063192079813908","7136034039978689542","7642236835083420437","https://p16-common-sign.tiktokcdn.com/tos-alisg-avt-0068/ca692da790faecd9cdc102a08855f0b2~tplv-tiktokx-cropcenter:100:100.jpg?dr=14579&refresh_token=2073c9dc&x-expires=1780200000&x-signature=0o1PGba0sgqnkPJexlp%2BjG18r10%3D&t=4d5b0474&ps=13740610&shp=30310797&shcp=ff37627b&idc=my2"
"🤣😂🤣😂🤣😂🤣 la gente ni lo va saber usar","0","1","2026-05-21T19:20:48.000Z","guillevm39","https://www.tiktok.com/@telediario/video/7642063192079813908","7489630817162396677","7642427149522109204","https://p16-common-sign.tiktokcdn.com/musically-maliva-obj/1594805258216454~tplv-tiktokx-cropcenter:100:100.jpg?dr=14579&refresh_token=fa307169&x-expires=1780200000&x-signature=mehcPq0GqZUJprcMKOYk31VuyvU%3D&t=4d5b0474&ps=13740610&shp=30310797&shcp=ff37627b&idc=my2"
"ZONA DE CRUJIN JSJS","31","2","2026-05-22T01:34:06.000Z","lenny.1712_","https://www.tiktok.com/@telediario/video/7642063192079813908","6854980017614160901","7642523357795877639","https://p16-common-sign.tiktokcdn.com/tos-maliva-avt-0068/b1f6e24012bbcd2a8c1a82f8110b80ae~tplv-tiktokx-cropcenter:100:100.jpg?dr=14579&refresh_token=86a4f341&x-expires=1780200000&x-signature=tC9eob5z4%2Fzk1YeJhcU6iRP3p08%3D&t=4d5b0474&ps=13740610&shp=30310797&shcp=ff37627b&idc=my2"
"porqué no arreglar los baches","8","0","2026-05-22T02:43:17.000Z","brunongula","https://www.tiktok.com/@telediario/video/7642063192079813908","7143032150585558022","7642541179993228040","https://p16-common-sign.tiktokcdn.com/tos-maliva-avt-0068/64b009a64a9e1b63128c76473f2f8e64~tplv-tiktokx-cropcenter:100:100.jpg?dr=14579&refresh_token=e7d678cb&x-expires=1780200000&x-signature=LAmi48dyzgKLSGy5XYHC7RqYRPY%3D&t=4d5b0474&ps=13740610&shp=30310797&shcp=ff37627b&idc=my2"
"Y si mejor tapan los baches y invierten en seguridad","9","0","2026-05-21T06:14:43.000Z","anghell860","https://www.tiktok.com/@telediario/video/7642063192079813908","6873534848359891973","7642224605016802066","https://p16-common-sign.tiktokcdn.com/tos-alisg-avt-0068/f3aea8eae1caf8587d528f1ff54d8621~tplv-tiktokx-cropcenter:100:100.jpg?dr=14579&refresh_token=95cf20b4&x-expires=1780200000&x-signature=dSF3cJDSKqI6h39HLWMBsebXARc%3D&t=4d5b0474&ps=13740610&shp=30310797&shcp=ff37627b&idc=my2"
"y si mejor se cancela el mundial... por el brote de el ébola, México no está preparado para algo así y la presidenta lo está minimizando","4","0","2026-05-21T11:48:26.000Z","lilianaba0","https://www.tiktok.com/@telediario/video/7642063192079813908","6900780004587553798","7642310602588881685","https://p16-common-sign.tiktokcdn.com/tos-maliva-avt-0068/2bb2f4a602b34fc5f88620129a6bc4f8~tplv-tiktokx-cropcenter:100:100.jpg?dr=14579&refresh_token=c34ea5f4&x-expires=1780200000&x-signature=%2B%2FAsnc7js55unnUzne2FgIvE6yU%3D&t=4d5b0474&ps=13740610&shp=30310797&shcp=ff37627b&idc=my2"
"para que nada más duren lo que va a durar el mundial y después se queden ahí abandonados","4","0","2026-05-21T13:40:37.000Z","mgmadr","https://www.tiktok.com/@telediario/video/7642063192079813908","6920786730466116614","7642339456436192021","https://p16-common-sign.tiktokcdn.com/tos-alisg-avt-0068/30990b695aa5588d6e8ddd8bbe37146c~tplv-tiktokx-cropcenter:100:100.jpg?dr=14579&refresh_token=c2ce597c&x-expires=1780200000&x-signature=07Ir7d2HUWD12HwwAfgPCsOk1aw%3D&t=4d5b0474&ps=13740610&shp=30310797&shcp=ff37627b&idc=my2"
"Ya hicieron el mega gasto. Cuiden las cosas!!!!!!!!!!","8","0","2026-05-21T01:41:10.000Z","abril77528","https://www.tiktok.com/@telediario/video/7642063192079813908","6799459234213889029","7642154085726569223","https://p16-common-sign.tiktokcdn.com/tos-maliva-avt-0068/7324046502161694725~tplv-tiktokx-cropcenter:100:100.jpg?dr=14579&refresh_token=f9e3a3bf&x-expires=1780200000&x-signature=P4M3NmVWsD4dDKAeVX3BHcsZA08%3D&t=4d5b0474&ps=13740610&shp=30310797&shcp=ff37627b&idc=my2"
"si no arreglan las calles los metros van a estar dando de limpieza los baños😳😅","9","0","2026-05-21T01:52:30.000Z","jesussanchez7432","https://www.tiktok.com/@telediario/video/7642063192079813908","7142156857637258245","7642156929343259412","https://p16-common-sign.tiktokcdn.com/tos-maliva-avt-0068/7143078683505819653~tplv-tiktokx-cropcenter:100:100.jpg?dr=14579&refresh_token=300b9fd9&x-expires=1780200000&x-signature=W8KFwBg7vXjje76NHwJRNp6Htqc%3D&t=4d5b0474&ps=13740610&shp=30310797&shcp=ff37627b&idc=my2"
"Pues no lo uses con tus $5.00 vete en Uber","100","40","2026-05-25T03:37:52.000Z","vicman1728","https://www.tiktok.com/@karolvelda/video/7643328314429443335","6813489141913797638","7643668466416157461","https://p19-common-sign.tiktokcdn-us.com/tos-maliva-avt-0068/7329078940210102277~tplv-tiktokx-cropcenter:100:100.jpg?dr=9640&refresh_token=5a0ef827&x-expires=1780200000&x-signature=IYpWTmiPwybUNX2kQ26tu1erRPw%3D&t=4d5b0474&ps=13740610&shp=30310797&shcp=ff37627b&idc=useast5"
"clara y si mejor arreglas los baches y pones mayor seguridad? es lobque necesitamos","84","1","2026-05-20T22:25:59.000Z","uber.uber.uber4","https://www.tiktok.com/@telediario/video/7642063192079813908","7431808752871572485","7642103761230430993","https://p19-common-sign.tiktokcdn-us.com/tos-alisg-avt-0068/d79a6e66747dd018b9155917e347c5f3~tplv-tiktokx-cropcenter:100:100.jpg?dr=9640&refresh_token=385a9b60&x-expires=1780200000&x-signature=gz4byJCmZbC322PVu2UC0B9zXVU%3D&t=4d5b0474&ps=13740610&shp=30310797&shcp=ff37627b&idc=useast8"
"Pues yo una ves me cague, para mí está bien 😅😅","8","0","2026-05-21T23:32:06.000Z","1jonathanrammy","https://www.tiktok.com/@telediario/video/7642063192079813908","6533653226196046848","7642491896838226708","https://p19-common-sign.tiktokcdn-us.com/tos-maliva-avt-0068/43f85ba777894ffd808b9ae92e1585a8~tplv-tiktokx-cropcenter:100:100.jpg?dr=9640&refresh_token=25d46882&x-expires=1780200000&x-signature=Hi0gXj9re3fwmowD8w9k1sWWjNk%3D&t=4d5b0474&ps=13740610&shp=30310797&shcp=ff37627b&idc=useast8"
"Nmms nada les embona","8","0","2026-05-21T20:28:18.000Z","brayan2006j","https://www.tiktok.com/@telediario/video/7642063192079813908","7133379752526054406","7642444525126173461","https://p19-common-sign.tiktokcdn-us.com/tos-alisg-avt-0068/9bade3b7860f29ae24b568c32af028cd~tplv-tiktokx-cropcenter:100:100.jpg?dr=9640&refresh_token=f5f42d8c&x-expires=1780200000&x-signature=9BTz%2FCRD0vi82aE0UkWbftF7b4Q%3D&t=4d5b0474&ps=13740610&shp=30310797&shcp=ff37627b&idc=useast8"
"me parecen bien porque al final también nosotros los vamos a poder ocupar pero si está ahí el detalle de su mantenimiento","7","0","2026-05-21T17:54:25.000Z","chuby170183","https://www.tiktok.com/@telediario/video/7642063192079813908","7196363355523073030","7642404925334405896","https://p19-common-sign.tiktokcdn-us.com/tos-maliva-avt-0068/2bf31db62bd2a005858e4e5c582b765a~tplv-tiktokx-cropcenter:100:100.jpg?dr=9640&refresh_token=bea016e9&x-expires=1780200000&x-signature=Z4V1qmudDcSwUEVJl5p8KFCu9GQ%3D&t=4d5b0474&ps=13740610&shp=30310797&shcp=ff37627b&idc=useast8"
"Tres días después todo pintado jajajaja donde anda esos crack 😬","7","0","2026-05-21T22:05:02.000Z","emarey1","https://www.tiktok.com/@telediario/video/7642063192079813908","6536713253404283919","7642469435853734674","https://p19-common-sign.tiktokcdn-us.com/tos-alisg-avt-0068/00c171a13a248cdf464aabd4f322f50e~tplv-tiktokx-cropcenter:100:100.jpg?dr=9640&refresh_token=be82ba97&x-expires=1780200000&x-signature=BITxqMiOaWtqAHnX62uGVH7kYN8%3D&t=4d5b0474&ps=13740610&shp=30310797&shcp=ff37627b&idc=useast8"
"Camara, contraten más especialistas en los hospitales","6","0","2026-05-21T22:58:47.000Z","otorrinocesati","https://www.tiktok.com/@telediario/video/7642063192079813908","6776550845854467077","7642483287844438802","https://p16-common-sign.tiktokcdn-us.com/tos-alisg-avt-0068/663e8a181bc5a7301eb84eb06d354841~tplv-tiktokx-cropcenter:100:100.jpg?dr=9640&refresh_token=9279e10b&x-expires=1780200000&x-signature=UjP2zdvQWT38eA4XDl%2B9ry7t7DU%3D&t=4d5b0474&ps=13740610&shp=30310797&shcp=ff37627b&idc=useast8"
"que pongan uno por mi casa , porque la gente va a mear y cagar afuera de mi puerta","10","0","2026-05-21T23:58:02.000Z","erandi_mp","https://www.tiktok.com/@telediario/video/7642063192079813908","169011612731863040","7642498452945961748","https://p19-common-sign.tiktokcdn-us.com/tos-alisg-avt-0068/9d04d826624cebf6462971ed045d36a6~tplv-tiktokx-cropcenter:100:100.jpg?dr=9640&refresh_token=d82ba46e&x-expires=1780200000&x-signature=TE0ca%2Fx1rXTRzXyKYrVyQBtHv2Q%3D&t=4d5b0474&ps=13740610&shp=30310797&shcp=ff37627b&idc=useast8"
"La neta está bien siempre hago en la calle pipi jaja","5","1","2026-05-22T06:17:18.000Z","dj_yapan","https://www.tiktok.com/@telediario/video/7642063192079813908","7310130631806649349","7642596284634153749","https://p16-common-sign.tiktokcdn-us.com/tos-maliva-avt-0068/32556ee07dcebd611149b6cf1b0767f0~tplv-tiktokx-cropcenter:100:100.jpg?dr=9640&refresh_token=06b3451c&x-expires=1780200000&x-signature=0ME5XfyQcVM%2B1SaQUXryxwKlqCQ%3D&t=4d5b0474&ps=13740610&shp=30310797&shcp=ff37627b&idc=useast8"
"la gente nunca cuida nada asi que.....","8","0","2026-05-21T11:43:48.000Z","tommywayne_","https://www.tiktok.com/@telediario/video/7642063192079813908","6853983686480806917","7642309424807379719","https://p19-common-sign.tiktokcdn-us.com/tos-maliva-avt-0068/8f82bd72f2f59b035eaebb92b09fbbca~tplv-tiktokx-cropcenter:100:100.jpg?dr=9640&refresh_token=f818fc7d&x-expires=1780200000&x-signature=NFYGjLCdGBLSorI42tymozH0szw%3D&t=4d5b0474&ps=13740610&shp=30310797&shcp=ff37627b&idc=useast8"
"si el metro no sirve imagínate los baños hay nooooo por dios","11","0","2026-05-21T03:34:58.000Z","belaoa6","https://www.tiktok.com/@telediario/video/7642063192079813908","6965155387599307781","7642181725586146068","https://p19-common-sign.tiktokcdn-us.com/tos-maliva-avt-0068/ed85fc598aac675d8d55c2e2ab14089a~tplv-tiktokx-cropcenter:100:100.jpg?dr=9640&refresh_token=b3e5ec14&x-expires=1780200000&x-signature=qaS8bY4s%2Fne%2BltoPzxZmKEIzUY8%3D&t=4d5b0474&ps=13740610&shp=30310797&shcp=ff37627b&idc=useast8"
"seguro gastaron más de 5 millones por sanitario","8","1","2026-05-21T22:51:57.000Z","rufi.river","https://www.tiktok.com/@telediario/video/7642063192079813908","7079659447731471366","7642481521677058824","https://p19-common-sign.tiktokcdn-us.com/tos-maliva-avt-0068/bda779523684d18d8269897b4e346e60~tplv-tiktokx-cropcenter:100:100.jpg?dr=9640&refresh_token=8400dbe8&x-expires=1780200000&x-signature=1wNYWes3M1MRteSDA6tUM%2FbXG5M%3D&t=4d5b0474&ps=13740610&shp=30310797&shcp=ff37627b&idc=useast8"
"minihoteles para los visitantes!!","7","0","2026-05-21T01:35:46.000Z","enkqcadena18","https://www.tiktok.com/@telediario/video/7642063192079813908","7313748323898786822","7642152638666900244","https://p19-common-sign.tiktokcdn-us.com/tos-alisg-avt-0068/d5a12e6dd1ddf21a2b54fcc4ba91b5e6~tplv-tiktokx-cropcenter:100:100.jpg?dr=9640&refresh_token=2663e2ff&x-expires=1780200000&x-signature=8rVFdzi2xwU7nPESLi957zJJ%2BBM%3D&t=4d5b0474&ps=13740610&shp=30310797&shcp=ff37627b&idc=useast8"
"Y si mejor verifican la falta de agua en AO ?","30","0","2026-05-20T22:40:11.000Z","gueroflores06","https://www.tiktok.com/@telediario/video/7642063192079813908","6801709916736013318","7642107472098149121","https://p16-common-sign.tiktokcdn.com/tos-alisg-avt-0068/45f7c639a543ba89deae472fd1cd07a3~tplv-tiktokx-cropcenter:100:100.jpg?dr=14579&refresh_token=29cfca14&x-expires=1780200000&x-signature=%2Fgu0cmnRKZaKh%2FVDc4wt2jp%2FFA4%3D&t=4d5b0474&ps=13740610&shp=30310797&shcp=ff37627b&idc=my"
"Hacen falta insumos médicos en los hospitales, y solo por la visita de turistas están haciendo “mejoras” en la ciudad.","20","0","2026-05-21T00:26:15.000Z","wendy.solach1","https://www.tiktok.com/@telediario/video/7642063192079813908","53815219717705728","7642134775213359893","https://p16-common-sign.tiktokcdn.com/tos-maliva-avt-0068/dd2ddb32497e5fef36dd9526ff593592~tplv-tiktokx-cropcenter:100:100.jpg?dr=14579&refresh_token=c74c569f&x-expires=1780200000&x-signature=hVWJUDRUnWsVDI0%2F77HMl8bOIes%3D&t=4d5b0474&ps=13740610&shp=30310797&shcp=ff37627b&idc=my"
"","0","0","2026-05-28T19:58:36.000Z","abrilsoriano","https://www.tiktok.com/@tucompaema/video/7644763453785246983","6660549780471136261","7645034514825315079","https://p16-common-sign.tiktokcdn-eu.com/tos-alisg-avt-0068/b7f61d4ef4331c47664d2dd0a3e2e15d~tplv-tiktokx-cropcenter:100:100.jpg?dr=10399&refresh_token=2209cd6c&x-expires=1780200000&x-signature=vLxGTwmM%2BdSOWQi6FTYdl6fBEpo%3D&t=4d5b0474&ps=13740610&shp=30310797&shcp=ff37627b&idc=no1a"
"[Sticker] Al chile que bueno","2","0","2026-05-28T13:26:55.000Z","robsmendoza","https://www.tiktok.com/@tucompaema/video/7644763453785246983","6812989206026798085","7644933554745934609","https://p16-common-sign.tiktokcdn-eu.com/tos-maliva-avt-0068/71ea302b4ac503b9682f039281803c55~tplv-tiktokx-cropcenter:100:100.jpg?dr=10399&refresh_token=c89035f2&x-expires=1780200000&x-signature=3uGP4etjoJijAH54GZMWCx6jo9I%3D&t=4d5b0474&ps=13740610&shp=30310797&shcp=ff37627b&idc=no1a"
"en chabacano ya se puede transbordar a consti?","0","0","2026-05-30T03:43:55.000Z","jennifersagan898","https://www.tiktok.com/@tucompaema/video/7644763453785246983","7101065960098808837","7645525492414235399","https://p16-common-sign.tiktokcdn-eu.com/tos-alisg-avt-0068/b89cf1e94a661366714868b63687fd4d~tplv-tiktokx-cropcenter:100:100.jpg?dr=10399&refresh_token=a46eee34&x-expires=1780200000&x-signature=XZxGJEb8joqHcTj35CXBaVOrSoE%3D&t=4d5b0474&ps=13740610&shp=30310797&shcp=ff37627b&idc=no1a"
"Trabajos al vapor, no hay planeación. Porque rayos no se anticipación??","0","0","2026-05-30T04:09:14.000Z","mayvic358","https://www.tiktok.com/@tucompaema/video/7644763453785246983","7502790027212309512","7645532017480958737","https://p16-common-sign.tiktokcdn-eu.com/tos-alisg-avt-0068/5a597da6fe5fb0e29903a22c1b4dfa4c~tplv-tiktokx-cropcenter:100:100.jpg?dr=10399&refresh_token=4ebae050&x-expires=1780200000&x-signature=PZ7feH%2BIo6wyJRU1Fobjt%2F%2BaHCk%3D&t=4d5b0474&ps=13740610&shp=30310797&shcp=ff37627b&idc=no1a"
"Tranquila Reyna, esperamos…","2","0","2026-05-28T18:42:55.000Z","robgardens","https://www.tiktok.com/@tucompaema/video/7644763453785246983","7135274391353099270","7645014996729414408","https://p16-common-sign.tiktokcdn-eu.com/musically-maliva-obj/1594805258216454~tplv-tiktokx-cropcenter:100:100.jpg?dr=10399&refresh_token=4e4254cb&x-expires=1780200000&x-signature=ZwQE3W%2FYdO0RcGX4cEf22EDYdus%3D&t=4d5b0474&ps=13740610&shp=30310797&shcp=ff37627b&idc=no1a"
"Es que a presión sale todo mejor 😂","3","0","2026-05-28T13:29:50.000Z","macvenusvenita","https://www.tiktok.com/@tucompaema/video/7644763453785246983","7297118621493675014","7644934317755482898","https://p16-common-sign.tiktokcdn-eu.com/tos-alisg-avt-0068/6bbd37f61ca5759931158d6319006d14~tplv-tiktokx-cropcenter:100:100.jpg?dr=10399&refresh_token=e94a48ab&x-expires=1780200000&x-signature=Db5nkybaO2fRT62uQImC1fsLQs8%3D&t=4d5b0474&ps=13740610&shp=30310797&shcp=ff37627b&idc=no1a"
"si wey como si los equipos fueran a jugar en el metro","3","0","2026-05-29T11:48:30.000Z","paquitomf01","https://www.tiktok.com/@tucompaema/video/7644763453785246983","6963742002811044869","7645279289341215495","https://p16-common-sign.tiktokcdn-eu.com/tos-maliva-avt-0068/46cf8ff8e637dc4ace5afa19587f7c0c~tplv-tiktokx-cropcenter:100:100.jpg?dr=10399&refresh_token=1a8b39ba&x-expires=1780200000&x-signature=pGgYvHizoC1WZNpo8ZWr73XxFxc%3D&t=4d5b0474&ps=13740610&shp=30310797&shcp=ff37627b&idc=no1a"
"En Qatar 2022 faltaba 1 semana para el mundial y todavía no había 2 estadios listos 😂😅","0","0","2026-05-29T04:03:18.000Z","edermartinez2705","https://www.tiktok.com/@tucompaema/video/7644763453785246983","7057002653520774150","7645159390589010709","https://p16-common-sign.tiktokcdn-eu.com/tos-maliva-avt-0068/aba4d88d924817296da6d75f5fd0f084~tplv-tiktokx-cropcenter:100:100.jpg?dr=10399&refresh_token=332dde49&x-expires=1780200000&x-signature=%2FgFGyBMIEJiF%2FbBY2rFGoYkiUoU%3D&t=4d5b0474&ps=13740610&shp=30310797&shcp=ff37627b&idc=no1a"
"¿Y?","0","0","2026-05-30T03:05:06.000Z","xofiapalomino","https://www.tiktok.com/@tucompaema/video/7644763453785246983","6916401700468737030","7645515480539136789","https://p16-common-sign.tiktokcdn-eu.com/tos-maliva-avt-0068/03fdd30a1bb8c6f7280ec7bd85dc0483~tplv-tiktokx-cropcenter:100:100.jpg?dr=10399&refresh_token=6c25dfc7&x-expires=1780200000&x-signature=ptm5c%2BZkSvzS3ULF9yyQXVpMbuc%3D&t=4d5b0474&ps=13740610&shp=30310797&shcp=ff37627b&idc=no1a"
"si el metro de mty tampoco 😅 México todo a última hora","0","0","2026-05-30T01:00:10.000Z","dragonsotaku22","https://www.tiktok.com/@tucompaema/video/7644763453785246983","6708672649415312390","7645483300517135112","https://p16-common-sign.tiktokcdn-eu.com/tos-alisg-avt-0068/7323610963062882305~tplv-tiktokx-cropcenter:100:100.jpg?dr=10399&refresh_token=8c03493a&x-expires=1780200000&x-signature=fWdkJC7Ne6UNE%2Bai7QrAgYUUGk0%3D&t=4d5b0474&ps=13740610&shp=30310797&shcp=ff37627b&idc=no1a"
"Obviamente no van acabar hijo","0","0","2026-05-29T12:53:19.000Z","jmn_15_12","https://www.tiktok.com/@tucompaema/video/7644763453785246983","6914603939988390918","7645295991554474759","https://p16-common-sign.tiktokcdn-eu.com/tos-alisg-avt-0068/a403c578dd32c25ed264a1e52d6a7ce1~tplv-tiktokx-cropcenter:100:100.jpg?dr=10399&refresh_token=88b4e12d&x-expires=1780200000&x-signature=79LV5a6qLlHkkhs1yTfzZNSxHBQ%3D&t=4d5b0474&ps=13740610&shp=30310797&shcp=ff37627b&idc=no1a"
"el AICM está igual 😅😅 no van a terminar","0","0","2026-05-29T06:01:25.000Z","efra66792","https://www.tiktok.com/@tucompaema/video/7644763453785246983","7565067320251843604","7645189742284161808","https://p19-common-sign.tiktokcdn-eu.com/tos-alisg-avt-0068/a11b5362ac165f3cd8538b437db54287~tplv-tiktokx-cropcenter:100:100.jpg?dr=10399&refresh_token=24956658&x-expires=1780200000&x-signature=v2%2FHdrG2Q%2BV82mFoUzqVBewsYjU%3D&t=4d5b0474&ps=13740610&shp=30310797&shcp=ff37627b&idc=no1a"
"DEBIERON EMPEZAR DESDE EL AÑO PASADO PERO SIEMPRE PROCASTINAN","0","0","2026-05-29T20:32:17.000Z","gabrieldelgado2","https://www.tiktok.com/@tucompaema/video/7644763453785246983","7270942960215245830","7645414260268974856","https://p16-common-sign.tiktokcdn-eu.com/tos-alisg-avt-0068/c1333d1a7dc57d5403ce3a653435128d~tplv-tiktokx-cropcenter:100:100.jpg?dr=10399&refresh_token=16e77cac&x-expires=1780200000&x-signature=xHvzdI%2FGx94h0Li0zKoWOL07nzQ%3D&t=4d5b0474&ps=13740610&shp=30310797&shcp=ff37627b&idc=no1a"
"grítalo que es la verdad","1","0","2026-05-28T16:21:45.000Z","hanisdiaz","https://www.tiktok.com/@tucompaema/video/7644763453785246983","6943447727410594822","7644978647271342855","https://p19-common-sign.tiktokcdn-us.com/tos-alisg-avt-0068/f39842d738af9a7f9350fde5c3fc0c26~tplv-tiktokx-cropcenter:100:100.jpg?dr=9640&refresh_token=03da4f1a&x-expires=1780200000&x-signature=moSlwvzrhJqII127WQ7WdAaQTY4%3D&t=4d5b0474&ps=13740610&shp=30310797&shcp=ff37627b&idc=useast5"
"Que oso, pero dudo que la gente que pueda pagar un boleto para el mundial, se traslade en metro jaja 🫩","2","0","2026-05-28T20:23:33.000Z","estatuaroja_","https://www.tiktok.com/@tucompaema/video/7644763453785246983","6855843572814775302","7645040923654931221","https://p16-common-sign.tiktokcdn-us.com/tos-alisg-avt-0068/4d87beb72d41046a7ed42b2e78eb6419~tplv-tiktokx-cropcenter:100:100.jpg?dr=9640&refresh_token=0fb0b34b&x-expires=1780200000&x-signature=rcOxhltDWCbvzfVjGbaXfZBZsBc%3D&t=4d5b0474&ps=13740610&shp=30310797&shcp=ff37627b&idc=useast5"
"Creo que en Portales van poner como tipo pista de baile 😳","1","0","2026-05-28T18:00:36.000Z","pikabenny9539","https://www.tiktok.com/@tucompaema/video/7644763453785246983","7418437698077672454","7645004087146136340","https://p16-common-sign.tiktokcdn-us.com/tos-alisg-avt-0068/51e8103c50d59a64e6d45347ccea18dc~tplv-tiktokx-cropcenter:100:100.jpg?dr=9640&refresh_token=be64a0df&x-expires=1780200000&x-signature=UzEUO7kT1yLC%2FV7aEMtXrp5FrBY%3D&t=4d5b0474&ps=13740610&shp=30310797&shcp=ff37627b&idc=useast5"
"Primero","1","0","2026-05-28T02:38:20.000Z","diego.vm00","https://www.tiktok.com/@tucompaema/video/7644763453785246983","7461361453859259409","7644766397100901141","https://p16-common-sign.tiktokcdn-us.com/tos-alisg-avt-0068/65ea10355d5727db997c4fd4e976002b~tplv-tiktokx-cropcenter:100:100.jpg?dr=9640&refresh_token=b631d8b9&x-expires=1780200000&x-signature=MB5fVdT2ek1EME6ANt%2FptNnaCEU%3D&t=4d5b0474&ps=13740610&shp=30310797&shcp=ff37627b&idc=useast5"
"8 años 🥀","0","0","2026-05-28T23:06:41.000Z","alvaroezquerra837","https://www.tiktok.com/@tucompaema/video/7644763453785246983","7089582053650842629","7645082856163214100","https://p19-common-sign.tiktokcdn-us.com/tos-maliva-avt-0068/e1d88a599a3b29658bd41791bf86f912~tplv-tiktokx-cropcenter:100:100.jpg?dr=9640&refresh_token=bdfa1892&x-expires=1780200000&x-signature=NbtW4hh7GQxns4Hzq4YKTo8CwiI%3D&t=4d5b0474&ps=13740610&shp=30310797&shcp=ff37627b&idc=useast5"
"Al chile que bueno","1","0","2026-05-28T15:03:01.000Z","saulespinozao","https://www.tiktok.com/@tucompaema/video/7644763453785246983","6831324642885534726","7644958326761915156","https://p19-common-sign.tiktokcdn-us.com/tos-alisg-avt-0068/efd31ca04f7ab3834fad87571d870d5d~tplv-tiktokx-cropcenter:100:100.jpg?dr=9640&refresh_token=622f771b&x-expires=1780200000&x-signature=M2TRa%2Ff3e3TwCThT6MM45p1jXKs%3D&t=4d5b0474&ps=13740610&shp=30310797&shcp=ff37627b&idc=useast5"
"no que ya esta","0","0","2026-05-28T16:36:20.000Z","juan.daniel.jarqu","https://www.tiktok.com/@tucompaema/video/7644763453785246983","7247594475090150406","7644982215261127440","https://p16-common-sign.tiktokcdn-us.com/tos-maliva-avt-0068/7247595041610694661~tplv-tiktokx-cropcenter:100:100.jpg?dr=9640&refresh_token=e98c15ba&x-expires=1780200000&x-signature=OTPixx56AisAnL%2Ff1MlPLV5xdEs%3D&t=4d5b0474&ps=13740610&shp=30310797&shcp=ff37627b&idc=useast5"
"Enserio me estás diciendo que todas esas remodelaciones y gasto público es para 5 partidos que va a haber??? pensé que era para los usuarios diarios... 😳","0","0","2026-05-29T12:01:18.000Z","el.santo.de.ag","https://www.tiktok.com/@tucompaema/video/7644763453785246983","7418527163077149702","7645282587602830088","https://p19-common-sign.tiktokcdn-us.com/tos-alisg-avt-0068/e1465a6f02816efc92bc9a8ce14f68dc~tplv-tiktokx-cropcenter:100:100.jpg?dr=9640&refresh_token=3eecd3f7&x-expires=1780200000&x-signature=lHCup6TncUA29wVkMlPi2pL1W80%3D&t=4d5b0474&ps=13740610&shp=30310797&shcp=ff37627b&idc=useast5"
"Alch que bueno","0","0","2026-05-28T22:22:29.000Z","jairhernandez_","https://www.tiktok.com/@tucompaema/video/7644763453785246983","6793873608084456454","7645071329628947216","https://p19-common-sign.tiktokcdn-us.com/tos-alisg-avt-0068/1627920805d46205e14f91686fb096e5~tplv-tiktokx-cropcenter:100:100.jpg?dr=9640&refresh_token=30f4db4b&x-expires=1780200000&x-signature=BsHAm70%2F%2FdrGl42Xr3WD%2BwmXL%2FY%3D&t=4d5b0474&ps=13740610&shp=30310797&shcp=ff37627b&idc=useast5"
"La desventaja que el gobierno liberó los recursos a finales de marzo 2026","0","0","2026-05-28T15:25:48.000Z","tony_racam","https://www.tiktok.com/@tucompaema/video/7644763453785246983","7113355414620718085","7644964217946653447","https://p16-common-sign.tiktokcdn-us.com/tos-maliva-avt-0068/6319045175e91b5ba8c56b4ff2cef611~tplv-tiktokx-cropcenter:100:100.jpg?dr=9640&refresh_token=e407c5aa&x-expires=1780200000&x-signature=rqahD63lDyueidBAfG4WjSxvQrs%3D&t=4d5b0474&ps=13740610&shp=30310797&shcp=ff37627b&idc=useast5"
"si el metro es un asco, ahora con los trabajos en pleno servicio, peor no compa, date una vuelta en ecaterror ahí en plaza Ecatepec anda del asco en ese tramo y llevan repavimentando un pedazo desde hace 3 semanas","0","0","2026-05-28T23:11:36.000Z","eduardobautista8167","https://www.tiktok.com/@tucompaema/video/7644763453785246983","6941435708997600262","7645084190628119303","https://p19-common-sign.tiktokcdn-us.com/tos-maliva-avt-0068/7323612872990195717~tplv-tiktokx-cropcenter:100:100.jpg?dr=9640&refresh_token=123187fb&x-expires=1780200000&x-signature=YRhpqH7AwNeAYMgSZIXwGNwdS04%3D&t=4d5b0474&ps=13740610&shp=30310797&shcp=ff37627b&idc=useast5"
"Si lo terminan, pero quedarán muchos detalles","0","0","2026-05-28T18:28:20.000Z","fernandopedroza95","https://www.tiktok.com/@tucompaema/video/7644763453785246983","6932940844820153349","7645011234807333650","https://p16-common-sign.tiktokcdn-us.com/tos-maliva-avt-0068/7326323636055670789~tplv-tiktokx-cropcenter:100:100.jpg?dr=9640&refresh_token=948d4a6d&x-expires=1780200000&x-signature=iERn1R7Y2wFLXpO1XYDWLuaT0Kw%3D&t=4d5b0474&ps=13740610&shp=30310797&shcp=ff37627b&idc=useast5"
"pues el gobierno nunca actúa a tiempo, no me sorprende que quisieran hacerlo 6 meses antes del mundial 😂","0","0","2026-05-29T03:51:34.000Z","mauricioaguilar6638","https://www.tiktok.com/@tucompaema/video/7644763453785246983","7288773961259926534","7645156357897569044","https://p19-common-sign.tiktokcdn-us.com/tos-maliva-avt-0068/7289094041669828614~tplv-tiktokx-cropcenter:100:100.jpg?dr=9640&refresh_token=8e889d12&x-expires=1780200000&x-signature=56IZZw%2BxSR1KycI13ew%2FISNV4N0%3D&t=4d5b0474&ps=13740610&shp=30310797&shcp=ff37627b&idc=useast5"
"9 años 😪","0","0","2026-05-29T07:33:34.000Z","scorinlikemessi","https://www.tiktok.com/@tucompaema/video/7644763453785246983","6768095182064911366","7645213588177289991","https://p16-common-sign.tiktokcdn-us.com/tos-alisg-avt-0068/da3aa7e998bd64f4dc39c50fa96e45b8~tplv-tiktokx-cropcenter:100:100.jpg?dr=9640&refresh_token=a6967df9&x-expires=1780200000&x-signature=d8ydgJMBmFU7OVDjklkZsjVkWUQ%3D&t=4d5b0474&ps=13740610&shp=30310797&shcp=ff37627b&idc=useast5"
"si we pero hay cosas más importantes que pintar metros para el mundial, si no estuvieran arreglando también se quejarían JAJAJAJ","0","0","2026-05-29T20:43:50.000Z","marii_umn","https://www.tiktok.com/@tucompaema/video/7644763453785246983","7425431112442741766","7645417236630700808","https://p19-common-sign.tiktokcdn-us.com/tos-alisg-avt-0068/2d11efbb4767cc526f0a198739910658~tplv-tiktokx-cropcenter:100:100.jpg?dr=9640&refresh_token=0ba1e497&x-expires=1780200000&x-signature=fDuwVAKNsDlCJlv2WUusEMv5RZM%3D&t=4d5b0474&ps=13740610&shp=30310797&shcp=ff37627b&idc=useast5"
"no les preocupa","0","0","2026-05-28T17:58:34.000Z","lamusicamedicinaparato2","https://www.tiktok.com/@tucompaema/video/7644763453785246983","7158389772507350021","7645003576502977288","https://p19-common-sign.tiktokcdn-us.com/tos-maliva-avt-0068/af2c7b0f05920c3d02581e61f24a6378~tplv-tiktokx-cropcenter:100:100.jpg?dr=9640&refresh_token=dba8007b&x-expires=1780200000&x-signature=V5zg707SZSUbQlHGaCcC3CsIOgM%3D&t=4d5b0474&ps=13740610&shp=30310797&shcp=ff37627b&idc=useast5"
"mmm😏","0","0","2026-05-28T03:30:52.000Z","magdalenaberenicedela","https://www.tiktok.com/@tucompaema/video/7644763453785246983","6836133013723087877","7644779867909473041","https://p16-common-sign.tiktokcdn-us.com/tos-alisg-avt-0068/25f850a25ea9c3a2626daa555dea36b9~tplv-tiktokx-cropcenter:100:100.jpg?dr=9640&refresh_token=8e80793c&x-expires=1780200000&x-signature=rlf4DauL7Bi8Fej1H4Z%2BfzWJ1CI%3D&t=4d5b0474&ps=13740610&shp=30310797&shcp=ff37627b&idc=useast5"
"lo que pasa es que AMLO no estaba seguro de que ganaría las elecciones del 2024, y obvio no iba a hacer algo que otros gobiernos iba a terminar 😒 cuando gano Claudia ahora si se pusieron a hacer las cosas... se le llama Mezquindad","0","0","2026-05-28T14:53:12.000Z","avalondie","https://www.tiktok.com/@tucompaema/video/7644763453785246983","6804502357662303237","7644955810082439957","https://p19-common-sign.tiktokcdn-us.com/tos-maliva-avt-0068/d403ae969f54ff87cedcb770c9858b0e~tplv-tiktokx-cropcenter:100:100.jpg?dr=9640&refresh_token=025f301d&x-expires=1780200000&x-signature=2l0RyWFSAHW%2FyQ6%2Bd1EJ50SEE90%3D&t=4d5b0474&ps=13740610&shp=30310797&shcp=ff37627b&idc=useast5"
"En auditorio apenas la van a terminar y quedó mejor que bellas artes","2","0","2026-05-28T19:58:18.000Z","abrilsoriano","https://www.tiktok.com/@tucompaema/video/7644763453785246983","6660549780471136261","7645034418051121927","https://p16-common-sign.tiktokcdn-us.com/tos-alisg-avt-0068/b7f61d4ef4331c47664d2dd0a3e2e15d~tplv-tiktokx-cropcenter:100:100.jpg?dr=9640&refresh_token=69833e87&x-expires=1780200000&x-signature=WQk9csyvDkz7Z0Os%2FM1WcSYp%2FA4%3D&t=4d5b0474&ps=13740610&shp=30310797&shcp=ff37627b&idc=useast5"
"baños públicos que cobran 😁🤪jjn","5","2","2026-05-21T04:47:08.000Z","gilberkegil","https://www.tiktok.com/@telediario/video/7642063192079813908","7105229553731470341","7642202020841341714","https://p19-common-sign.tiktokcdn.com/tos-alisg-avt-0068/8a5bb99031870d8f2a342b5ed63f7085~tplv-tiktokx-cropcenter:100:100.jpg?dr=14579&refresh_token=9e3b5dfe&x-expires=1780200000&x-signature=rEhA1L7qbrdIfYoE2%2FyVPg3yQuE%3D&t=4d5b0474&ps=13740610&shp=30310797&shcp=ff37627b&idc=my"
"y si mejor nos ponen más seguridad","5","0","2026-05-21T18:36:14.000Z","science1051","https://www.tiktok.com/@telediario/video/7642063192079813908","6839786432283935750","7642415668512686855","https://p16-common-sign.tiktokcdn.com/tos-alisg-avt-0068/c8a5115c0b08106582bc5c8775ce0853~tplv-tiktokx-cropcenter:100:100.jpg?dr=14579&refresh_token=6b533af5&x-expires=1780200000&x-signature=9drArzCYnxT4wD%2FA6I%2FP4jMi4c8%3D&t=4d5b0474&ps=13740610&shp=30310797&shcp=ff37627b&idc=my"
"lo malo es q la gente no cuida las cosas","5","0","2026-05-21T05:56:43.000Z","leticiabadillo2","https://www.tiktok.com/@telediario/video/7642063192079813908","279537392523300864","7642219954956124949","https://p16-common-sign.tiktokcdn.com/musically-maliva-obj/1594805258216454~tplv-tiktokx-cropcenter:100:100.jpg?dr=14579&refresh_token=fa307169&x-expires=1780200000&x-signature=mehcPq0GqZUJprcMKOYk31VuyvU%3D&t=4d5b0474&ps=13740610&shp=30310797&shcp=ff37627b&idc=my"
"y las calles para cuando las pavimentan y la seguridad para cuando","4","0","2026-05-22T05:23:18.000Z","rubens8904","https://www.tiktok.com/@telediario/video/7642063192079813908","6961409560554193925","7642582398899766024","https://p16-common-sign.tiktokcdn.com/tos-maliva-avt-0068/7333557471766085637~tplv-tiktokx-cropcenter:100:100.jpg?dr=14579&refresh_token=dfb13b69&x-expires=1780200000&x-signature=ikd2R8iWXnl3Pjy%2FpnJBD2ZeCC8%3D&t=4d5b0474&ps=13740610&shp=30310797&shcp=ff37627b&idc=my"
"y esos baños si tendrán agua ?","4","0","2026-05-20T22:29:29.000Z","rex_mm","https://www.tiktok.com/@telediario/video/7642063192079813908","6819646930152244229","7642104663815275272","https://p16-common-sign.tiktokcdn.com/tos-maliva-avt-0068/cfec9eccc1a69fb85582932c68aceb9a~tplv-tiktokx-cropcenter:100:100.jpg?dr=14579&refresh_token=d26ba0d9&x-expires=1780200000&x-signature=IwPdPTLKFmwTeU%2BIp2Xa%2BPz8smw%3D&t=4d5b0474&ps=13740610&shp=30310797&shcp=ff37627b&idc=my"
"Como no, siempre se necesita los baños públicos!!!!","4","0","2026-05-21T13:47:48.000Z","richardkerstenmx","https://www.tiktok.com/@telediario/video/7642063192079813908","6949165709073531910","7642341357134824210","https://p16-common-sign.tiktokcdn.com/tos-maliva-avt-0068/7329160422831947782~tplv-tiktokx-cropcenter:100:100.jpg?dr=14579&refresh_token=de2d0111&x-expires=1780200000&x-signature=gRfW%2BbNe8CG7JNyv%2BPqsXs7HhW0%3D&t=4d5b0474&ps=13740610&shp=30310797&shcp=ff37627b&idc=my"
"deberían repavimentar, buscar calles que están en condiciones deplorables, eso nada más es desvió de recursos","4","0","2026-05-21T21:56:22.000Z","mildredtapia7","https://www.tiktok.com/@telediario/video/7642063192079813908","7035116198179668998","7642467226939917057","https://p16-common-sign.tiktokcdn.com/tos-maliva-avt-0068/7be59a7f0da535f814b2815118508d6c~tplv-tiktokx-cropcenter:100:100.jpg?dr=14579&refresh_token=778e2eef&x-expires=1780200000&x-signature=3q%2Fn2CRqQxLY%2F2SzpLDDkp710Cw%3D&t=4d5b0474&ps=13740610&shp=30310797&shcp=ff37627b&idc=my"
"si estuvo BN siempre me ando cagando en los baños","4","0","2026-05-21T22:24:37.000Z","xxperezxx4","https://www.tiktok.com/@telediario/video/7642063192079813908","7396083941427905541","7642474481789862663","https://p19-common-sign.tiktokcdn.com/tos-alisg-avt-0068/6817e9d3f915951eef562232a8a4eb85~tplv-tiktokx-cropcenter:100:100.jpg?dr=14579&refresh_token=1c4c51b4&x-expires=1780200000&x-signature=3g0VKms%2Bo1jsQBHUPl%2FWJ10Yqvw%3D&t=4d5b0474&ps=13740610&shp=30310797&shcp=ff37627b&idc=my"
"ese gasto es inesesario porque después de unos meses no le van a dar mantenimiento y aparte eso requiere de sanitización","4","0","2026-05-22T19:22:08.000Z","arthurs766","https://www.tiktok.com/@telediario/video/7642063192079813908","7122912548052321285","7642798578780816135","https://p16-common-sign.tiktokcdn.com/tos-maliva-avt-0068/9cff4ce0b2a68cee8da24d6e5aa360d5~tplv-tiktokx-cropcenter:100:100.jpg?dr=14579&refresh_token=f25de2e8&x-expires=1780200000&x-signature=HwZ5H5YYOzwTdWbaVua2izHyHMw%3D&t=4d5b0474&ps=13740610&shp=30310797&shcp=ff37627b&idc=my"
"Deberían mejor hacer más hospitales ya que están saturados","4","0","2026-05-21T18:15:06.000Z","itzelamayelii","https://www.tiktok.com/@telediario/video/7642063192079813908","6900651406921024517","7642410233511953170","https://p16-common-sign.tiktokcdn.com/tos-alisg-avt-0068/96eb07a55e2719c68f95170d1df9ca2a~tplv-tiktokx-cropcenter:100:100.jpg?dr=14579&refresh_token=d5df5384&x-expires=1780200000&x-signature=Nat4wCU5zcJSeRQ82hH3vAoBEEw%3D&t=4d5b0474&ps=13740610&shp=30310797&shcp=ff37627b&idc=my"
"muy bien lo que dijo la señora","3","0","2026-05-21T17:11:20.000Z","chinaggz","https://www.tiktok.com/@telediario/video/7642063192079813908","6807524392291091461","7642393762610676501","https://p16-common-sign.tiktokcdn.com/tos-alisg-avt-0068/0fc4fd5f26efa1cf07bdcae2df04fe8c~tplv-tiktokx-cropcenter:100:100.jpg?dr=14579&refresh_token=e3ed1731&x-expires=1780200000&x-signature=L%2BHhkQ3pHwSnQa%2BlkNAmzjZ9Di4%3D&t=4d5b0474&ps=13740610&shp=30310797&shcp=ff37627b&idc=my"
"los van a instalar pero no los van a poner en servicio","3","0","2026-05-21T03:21:57.000Z","satandars.stanseg","https://www.tiktok.com/@telediario/video/7642063192079813908","7642128151317414933","7642180054310978325","https://p16-common-sign.tiktokcdn.com/tos-alisg-avt-0068/c3a98b1d0ef0fea1016e9f43d188d147~tplv-tiktokx-cropcenter:100:100.jpg?dr=14579&refresh_token=b3767112&x-expires=1780200000&x-signature=8YPho7mDDtOGHJ%2F2AQaONr4DUtQ%3D&t=4d5b0474&ps=13740610&shp=30310797&shcp=ff37627b&idc=my"
"pinche metro wey!","4","0","2026-05-28T20:54:20.000Z","roman_roket_lima","https://www.tiktok.com/@tucompaema/video/7644763453785246983","7072426086605505542","7645048858443809543","https://p19-common-sign.tiktokcdn-eu.com/tos-alisg-avt-0068/5b76a9649949eca19bc8a045f7089b53~tplv-tiktokx-cropcenter:100:100.jpg?dr=10399&refresh_token=bc2d8b34&x-expires=1780200000&x-signature=fSBRUVGjbcoDG9%2BSsIs%2BWGJkDhE%3D&t=4d5b0474&ps=13740610&shp=30310797&shcp=ff37627b&idc=no1a"
"Qué bueno que todo eso se va a ver a nivel mundial","8","0","2026-05-28T03:14:50.000Z","themankerber","https://www.tiktok.com/@tucompaema/video/7644763453785246983","7073911413769077766","7644775791453405972","https://p16-common-sign.tiktokcdn-eu.com/tos-alisg-avt-0068/bd829bdd2a06da9cd4a07e08e4baf63b~tplv-tiktokx-cropcenter:100:100.jpg?dr=10399&refresh_token=c415e784&x-expires=1780200000&x-signature=mVEeW1SQEwWfRSbe5mfYU0Rj%2B7g%3D&t=4d5b0474&ps=13740610&shp=30310797&shcp=ff37627b&idc=no1a"
"Jajajajajaja chula imagen para los 3 turistas que vendrán","6","0","2026-05-28T04:56:10.000Z","pacomalgesto79","https://www.tiktok.com/@tucompaema/video/7644763453785246983","6827551299924493317","7644801934789002002","https://p16-common-sign.tiktokcdn-eu.com/tos-alisg-avt-0068/640e64197fe2ebe3b5f16f856d166a49~tplv-tiktokx-cropcenter:100:100.jpg?dr=10399&refresh_token=1332a2cc&x-expires=1780200000&x-signature=1Zvxh6fkGYYuW0zJWLEeA0quQ8g%3D&t=4d5b0474&ps=13740610&shp=30310797&shcp=ff37627b&idc=no1a"
"No les arreglen nada la gente no sabe cuidar","2","1","2026-05-28T14:20:47.000Z","mar.ga515","https://www.tiktok.com/@tucompaema/video/7644763453785246983","7577118293023753234","7644947406665483029","https://p16-common-sign.tiktokcdn-eu.com/tos-alisg-avt-0068/60e2029db5bbce494456d34dfcc49c82~tplv-tiktokx-cropcenter:100:100.jpg?dr=10399&refresh_token=dd0a0402&x-expires=1780200000&x-signature=zMc1p4mZdHvsEXOd70RzyBzNtH0%3D&t=4d5b0474&ps=13740610&shp=30310797&shcp=ff37627b&idc=no1a"
"alch q bueno que no quede","1","0","2026-05-28T18:44:30.000Z","ferz.444","https://www.tiktok.com/@tucompaema/video/7644763453785246983","7426737544529708038","7645015384056398600","https://p16-common-sign.tiktokcdn-eu.com/tos-alisg-avt-0068/33bd86c3ed82d0bc3b2d03b30c40cea9~tplv-tiktokx-cropcenter:100:100.jpg?dr=10399&refresh_token=cb1aa99a&x-expires=1780200000&x-signature=BuUMnL6sOUso0%2BSsAj52b6AWwJY%3D&t=4d5b0474&ps=13740610&shp=30310797&shcp=ff37627b&idc=no1a"
"Y se va a venir todo abajo en la primer lluvia","0","0","2026-05-30T02:31:07.000Z","angelopez778","https://www.tiktok.com/@tucompaema/video/7644763453785246983","6804574230283289606","7645506731103781640","https://p16-common-sign.tiktokcdn-eu.com/tos-maliva-avt-0068/41c66c4755ab3e4500aa9df33f664358~tplv-tiktokx-cropcenter:100:100.jpg?dr=10399&refresh_token=0955ae78&x-expires=1780200000&x-signature=gCHb3iZZOZAlmDIoJ2mEvT%2FGUzI%3D&t=4d5b0474&ps=13740610&shp=30310797&shcp=ff37627b&idc=no1a"
"🤗 que con la pintura morada queda","11","0","2026-05-25T03:07:21.000Z","ozurit","https://www.tiktok.com/@karolvelda/video/7643328314429443335","7106402440019608582","7643660630491317000","https://p16-common-sign.tiktokcdn-eu.com/tos-alisg-avt-0068/bb4951a2749e2b4774a13006b549691b~tplv-tiktokx-cropcenter:100:100.jpg?dr=10399&refresh_token=9884f66a&x-expires=1780200000&x-signature=qBbtEArNbyD%2BhxVkSM9lj0Kc67Y%3D&t=4d5b0474&ps=13740610&shp=30310797&shcp=ff37627b&idc=no1a"
"y habrá que ver cuántos miles de pesos costaron y a quien de sus compas favorecieron","14","0","2026-05-25T04:29:53.000Z","miguelurbina811","https://www.tiktok.com/@karolvelda/video/7643328314429443335","7130355192725275654","7643681844575650561","https://p16-common-sign.tiktokcdn-eu.com/tos-maliva-avt-0068/7225274350089535494~tplv-tiktokx-cropcenter:100:100.jpg?dr=10399&refresh_token=3b4b905c&x-expires=1780200000&x-signature=otrvHCy0pfkfSN%2BzyBqIMzjgxOA%3D&t=4d5b0474&ps=13740610&shp=30310797&shcp=ff37627b&idc=no1a"
"y....como pa que fue eso? de los candelabros ?","0","0","2026-05-28T00:22:52.000Z","juan.a.rodmad","https://www.tiktok.com/@karolvelda/video/7643328314429443335","7251383190613705734","7644731526814810888","https://p16-common-sign.tiktokcdn-eu.com/tos-alisg-avt-0068/a993ff68b05fbcefe26180d9c378fc8e~tplv-tiktokx-cropcenter:100:100.jpg?dr=10399&refresh_token=3ec1c332&x-expires=1780200000&x-signature=uW%2FFyaDFTstEwOL%2FSXQ4ukcXbUo%3D&t=4d5b0474&ps=13740610&shp=30310797&shcp=ff37627b&idc=no1a"
"Nuevas paredes, mismaa goteras.","19","0","2026-05-26T15:27:02.000Z","tavorz15","https://www.tiktok.com/@karolvelda/video/7643328314429443335","7110253401083397125","7644222369141293831","https://p16-common-sign.tiktokcdn-eu.com/tos-alisg-avt-0068/8afb094e63e3a010d5359619bf314198~tplv-tiktokx-cropcenter:100:100.jpg?dr=10399&refresh_token=82491708&x-expires=1780200000&x-signature=0nWnaZd85zoT6IHHS%2BEam1Zbbh8%3D&t=4d5b0474&ps=13740610&shp=30310797&shcp=ff37627b&idc=no1a"
"El Auditorio ayer todo parecía La Esperanza pero sin luz, no mmn","13","0","2026-05-25T18:27:49.000Z","_queteimporta09","https://www.tiktok.com/@karolvelda/video/7643328314429443335","6757379107459269638","7643897852712682260","https://p16-common-sign.tiktokcdn-eu.com/tos-alisg-avt-0068/253cead152145602781f611722f46b5e~tplv-tiktokx-cropcenter:100:100.jpg?dr=10399&refresh_token=92a3d4e6&x-expires=1780200000&x-signature=nitW9Y34sVYgdY%2BSHYt0oZVbEXQ%3D&t=4d5b0474&ps=13740610&shp=30310797&shcp=ff37627b&idc=no1a"
"[Sticker] el código de vestimenta:","19","0","2026-05-25T01:43:47.000Z","serratnyx_","https://www.tiktok.com/@karolvelda/video/7643328314429443335","7067641931610948614","7643639074348532488","https://p16-common-sign.tiktokcdn-eu.com/tos-alisg-avt-0068/e6f2c5791edf362000dec9c2d32b788f~tplv-tiktokx-cropcenter:100:100.jpg?dr=10399&refresh_token=09ea5e50&x-expires=1780200000&x-signature=rN1ft4XFwi7xXaZ66SbVkuaJ%2F8s%3D&t=4d5b0474&ps=13740610&shp=30310797&shcp=ff37627b&idc=no1a"
"eso es tapar el sol con un dedo","11","0","2026-05-25T00:52:32.000Z","amore8787","https://www.tiktok.com/@karolvelda/video/7643328314429443335","6771630777253741574","7643625882049741576","https://p16-common-sign.tiktokcdn-eu.com/tos-maliva-avt-0068/b58042e94316ab5134850b9b423b7a44~tplv-tiktokx-cropcenter:100:100.jpg?dr=10399&refresh_token=cc414042&x-expires=1780200000&x-signature=vpUVl6OIK0DIfDl4X4lub9FwTXo%3D&t=4d5b0474&ps=13740610&shp=30310797&shcp=ff37627b&idc=no1a"
"[Sticker] o es una o es otra cosa para las dos no alcanza","11","0","2026-05-25T04:34:42.000Z","kathery_sasha","https://www.tiktok.com/@karolvelda/video/7643328314429443335","160984466432221184","7643683160844731143","https://p16-common-sign.tiktokcdn-eu.com/tos-alisg-avt-0068/f19ee8bf681eb4def4eb3909b75f4c2e~tplv-tiktokx-cropcenter:100:100.jpg?dr=10399&refresh_token=038b1156&x-expires=1780200000&x-signature=HhVB3GDEDkR3%2FpMca19eJfxUD3I%3D&t=4d5b0474&ps=13740610&shp=30310797&shcp=ff37627b&idc=no1a"
"y para todos aquellos que defiende no es que nos quejemos de todo
simplemente es darse cuenta de la realidad
y si no te gusta y te sientes feliz en tu carro
deberías prestar tu carro para que los demás lo usen","13","0","2026-05-26T02:30:50.000Z","daniel.zamora9512","https://www.tiktok.com/@karolvelda/video/7643328314429443335","7418041938517181446","7644022303068865298","https://p16-common-sign.tiktokcdn-eu.com/tos-alisg-avt-0068/a5f317f7f0944d936557f86c22a40e33~tplv-tiktokx-cropcenter:100:100.jpg?dr=10399&refresh_token=56a5ae11&x-expires=1780200000&x-signature=HH5t5libqlfeYLbWeUGkI87vKCI%3D&t=4d5b0474&ps=13740610&shp=30310797&shcp=ff37627b&idc=no1a"
"Todo tiene filtraciones y mejor, hubieran comprado más trenes y arreglado el cableado","10","0","2026-05-25T02:41:28.000Z","nogaroco","https://www.tiktok.com/@karolvelda/video/7643328314429443335","6818301425195598854","7643653941671019284","https://p16-common-sign.tiktokcdn-eu.com/tos-maliva-avt-0068/7328720374219309061~tplv-tiktokx-cropcenter:100:100.jpg?dr=10399&refresh_token=7075f669&x-expires=1780200000&x-signature=ZuCRnm%2FwY81r21qNwPeG2cKN3Lg%3D&t=4d5b0474&ps=13740610&shp=30310797&shcp=ff37627b&idc=no1a"
"estan como cuando se les esta botando la pintura porque tienen humedad en las paredes y dicen que poniendoles sellador y una pintadita queda bien","11","0","2026-05-25T03:03:11.000Z","fernandomurillo8997","https://www.tiktok.com/@karolvelda/video/7643328314429443335","7313482725964170246","7643659518899077889","https://p16-common-sign.tiktokcdn-eu.com/tos-maliva-avt-0068/b94e63ff5719d751256ae58fcaac7cb9~tplv-tiktokx-cropcenter:100:100.jpg?dr=10399&refresh_token=d7b149bd&x-expires=1780200000&x-signature=idXK0tmw%2FBEBcY8vFweMmE8t9%2BA%3D&t=4d5b0474&ps=13740610&shp=30310797&shcp=ff37627b&idc=no1a"
"cómo si con pintura y loseta nueva fueran a avanzar más rápido los trenes 😂","10","0","2026-05-25T16:34:16.000Z",".cas071","https://www.tiktok.com/@karolvelda/video/7643328314429443335","7493549282844427282","7643868575267259143","https://p16-common-sign.tiktokcdn-eu.com/tos-alisg-avt-0068/61f935ac43aa1a130d368e0233e53af3~tplv-tiktokx-cropcenter:100:100.jpg?dr=10399&refresh_token=66303b9c&x-expires=1780200000&x-signature=V0yVgWDsZ99sERgA%2FUKqIglkKm8%3D&t=4d5b0474&ps=13740610&shp=30310797&shcp=ff37627b&idc=no1a"
"Deberian llamarle estacion: FUENTES BROTANTES","10","0","2026-05-26T01:58:14.000Z","angiocito","https://www.tiktok.com/@karolvelda/video/7643328314429443335","6978695399327794181","7644011641747473159","https://p16-common-sign.tiktokcdn-eu.com/tos-maliva-avt-0068/83f85fda54a4e8828cff7ef413c011bd~tplv-tiktokx-cropcenter:100:100.jpg?dr=10399&refresh_token=63103d17&x-expires=1780200000&x-signature=eey8Ofa1NCDZfBBzbkPQ%2BX7Q34A%3D&t=4d5b0474&ps=13740610&shp=30310797&shcp=ff37627b&idc=no1a"
"Confirmo las goteras quedaron intactas 👌🏼","13","0","2026-05-25T02:01:41.000Z","monica_0497_","https://www.tiktok.com/@karolvelda/video/7643328314429443335","6828806067682886662","7643643695556510482","https://p16-common-sign.tiktokcdn-eu.com/tos-maliva-avt-0068/7323995605235269637~tplv-tiktokx-cropcenter:100:100.jpg?dr=10399&refresh_token=a5a718cc&x-expires=1780200000&x-signature=8%2B2fX4clrfHKKyVXqcfqtbO58xo%3D&t=4d5b0474&ps=13740610&shp=30310797&shcp=ff37627b&idc=no1a"
"Dicen los gobernantes que para el próximo mundial sin falta","11","0","2026-05-25T05:31:20.000Z","aldo_andradel","https://www.tiktok.com/@karolvelda/video/7643328314429443335","6917443622896223237","7643697755575485191","https://p16-common-sign.tiktokcdn-eu.com/tos-alisg-avt-0068/46f0643dce0f41911f0a26c3bdf3d0ca~tplv-tiktokx-cropcenter:100:100.jpg?dr=10399&refresh_token=85cc562e&x-expires=1780200000&x-signature=mDaLt2L7%2B3mLnwPcimPT%2FmFX5H4%3D&t=4d5b0474&ps=13740610&shp=30310797&shcp=ff37627b&idc=no1a"
"también colocaron cascadas artificiales instalaciones de primer nivel 😂😂😂😂😂","15","0","2026-05-25T02:41:05.000Z","hectorhernandez1019","https://www.tiktok.com/@karolvelda/video/7643328314429443335","6806546792957854726","7643653877443560210","https://p19-common-sign.tiktokcdn-eu.com/tos-maliva-avt-0068/7330933724475260933~tplv-tiktokx-cropcenter:100:100.jpg?dr=10399&refresh_token=021a55a9&x-expires=1780200000&x-signature=LXHHJCBs%2B131ozL0zTd8k74Z%2BAA%3D&t=4d5b0474&ps=13740610&shp=30310797&shcp=ff37627b&idc=no1a"
"😂😂😂😂😂 eso es lo que deberían de arreglar las filtraciones de agua entre otras cosas 🙄🙄🙄","12","0","2026-05-25T23:06:07.000Z","yolajurez25","https://www.tiktok.com/@karolvelda/video/7643328314429443335","7331908276995949573","7643969517144720135","https://p16-common-sign.tiktokcdn-eu.com/tos-maliva-avt-0068/7331908851832209413~tplv-tiktokx-cropcenter:100:100.jpg?dr=10399&refresh_token=eea11f79&x-expires=1780200000&x-signature=qYUvnqFO1pchs78eHA8tHjRR%2FAk%3D&t=4d5b0474&ps=13740610&shp=30310797&shcp=ff37627b&idc=no1a"
"es parte del arte y el surrealismo que tiene está obra!!","11","0","2026-05-25T04:44:23.000Z","damianosji","https://www.tiktok.com/@karolvelda/video/7643328314429443335","6783667036800615429","7643685637903909650","https://p16-common-sign.tiktokcdn-eu.com/tos-alisg-avt-0068/e754d42e5342fb58ec31dfc93113b5ab~tplv-tiktokx-cropcenter:100:100.jpg?dr=10399&refresh_token=dc3d10c6&x-expires=1780200000&x-signature=SOAUzi5D4AV7gAzQeY1y1sg9Hkg%3D&t=4d5b0474&ps=13740610&shp=30310797&shcp=ff37627b&idc=no1a"
"Esas goteras son echas a igualmente para dar el estilo antiguo como si pasaras por un callejón en la lluvia","13","0","2026-05-25T03:44:42.000Z","aster_dh","https://www.tiktok.com/@karolvelda/video/7643328314429443335","7048414379632591877","7643670283979064072","https://p16-common-sign.tiktokcdn-eu.com/tos-alisg-avt-0068/0a80be819004e43ff9aa686da9f4b8bb~tplv-tiktokx-cropcenter:100:100.jpg?dr=10399&refresh_token=04227438&x-expires=1780200000&x-signature=eY3Nmj9PxDIyFidt8O%2FzbErPxqw%3D&t=4d5b0474&ps=13740610&shp=30310797&shcp=ff37627b&idc=no1a"
"Hay prioridades... quedar bien en el mundial 🫠🙄","47","0","2026-05-24T07:45:37.000Z","luna2305a","https://www.tiktok.com/@karolvelda/video/7643328314429443335","6991959448702043141","7643361263753855751","https://p19-common-sign.tiktokcdn-eu.com/tos-alisg-avt-0068/ecda2df1948867bbd652c03219987beb~tplv-tiktokx-cropcenter:100:100.jpg?dr=10399&refresh_token=84f39b0c&x-expires=1780200000&x-signature=abrH9wDuF2F5XvOMJJKt1dKm7S8%3D&t=4d5b0474&ps=13740610&shp=30310797&shcp=ff37627b&idc=no1a"
"Jajajajajaajajaa es neta que pusieron eso en el metro? No mms","11","0","2026-05-25T04:37:58.000Z","eduardolosant","https://www.tiktok.com/@karolvelda/video/7643328314429443335","7093680414346494982","7643683975794721544","https://p16-common-sign.tiktokcdn-eu.com/tos-alisg-avt-0068/6ed0f1b9cc1359ed35bb2eee607572fc~tplv-tiktokx-cropcenter:100:100.jpg?dr=10399&refresh_token=3620647a&x-expires=1780200000&x-signature=Wqfdr11fmtZRQgy6QW9KUf0Vroo%3D&t=4d5b0474&ps=13740610&shp=30310797&shcp=ff37627b&idc=no1a"
"Es parte de las fuentes de Cibeles en el Metro Hidalgo, no se saquen de onda !!!","6","0","2026-05-25T03:51:49.000Z","cristianalejandro3634","https://www.tiktok.com/@karolvelda/video/7643328314429443335","6808931661288932353","7643672094660903698","https://p16-common-sign.tiktokcdn-eu.com/tos-maliva-avt-0068/7335625899736104966~tplv-tiktokx-cropcenter:100:100.jpg?dr=10399&refresh_token=6546ead1&x-expires=1780200000&x-signature=8ZpOUf4TCZAuYDVSuy9Ps87gK7c%3D&t=4d5b0474&ps=13740610&shp=30310797&shcp=ff37627b&idc=no1a"
"Es para darle el estilo vintage","12","0","2026-05-25T04:54:00.000Z","mir.g_m8e","https://www.tiktok.com/@karolvelda/video/7643328314429443335","7504235674754221057","7643688080814146324","https://p16-common-sign.tiktokcdn-eu.com/tos-alisg-avt-0068/8941c602bf8cbd23d55e213ea65ee500~tplv-tiktokx-cropcenter:100:100.jpg?dr=10399&refresh_token=f4ee7e6a&x-expires=1780200000&x-signature=H0DPo6QIEYmp4RNuVXs8FeToih4%3D&t=4d5b0474&ps=13740610&shp=30310797&shcp=ff37627b&idc=no1a"
"perdon falto un poco de pintura morada 😅","15","0","2026-05-25T00:37:43.000Z","mainesita8","https://www.tiktok.com/@karolvelda/video/7643328314429443335","7448603770203128838","7643621986322039572","https://p16-common-sign.tiktokcdn-eu.com/tos-maliva-avt-0068/beac80f98d53563751734381940c070f~tplv-tiktokx-cropcenter:100:100.jpg?dr=10399&refresh_token=f7a26093&x-expires=1780200000&x-signature=G7a2O1MH7qMto9FdF382SYAdlRM%3D&t=4d5b0474&ps=13740610&shp=30310797&shcp=ff37627b&idc=no1a"
"Si los baños del metro siempre están cerrados 😂😂😂","6","0","2026-05-21T01:46:33.000Z","abrend27","https://www.tiktok.com/@telediario/video/7642063192079813908","6805198051415507973","7642155386946061072","https://p16-common-sign.tiktokcdn-us.com/tos-alisg-avt-0068/5f813fbb1b6289454ccde2794a3d1364~tplv-tiktokx-cropcenter:100:100.jpg?dr=9640&refresh_token=e82ceb38&x-expires=1780200000&x-signature=HLlJg3GFMX60v5Bg4fkhCScQdgc%3D&t=4d5b0474&ps=13740610&shp=30310797&shcp=ff37627b&idc=useast8"
"pero que tal , los baños de los metrobuses ya los cobran , que tonteria","8","0","2026-05-21T01:06:38.000Z","marianitarusol.09","https://www.tiktok.com/@telediario/video/7642063192079813908","7009472828630385669","7642145200265282312","https://p16-common-sign.tiktokcdn-us.com/tos-alisg-avt-0068/a60430e1aa8455fed65bca4418c41394~tplv-tiktokx-cropcenter:100:100.jpg?dr=9640&refresh_token=b3fef9c7&x-expires=1780200000&x-signature=Bmp%2Ft1PaSzqeClShlVCr5K4ib6s%3D&t=4d5b0474&ps=13740610&shp=30310797&shcp=ff37627b&idc=useast8"
"Jajaja. Y las calles todas madreadas 😂😂😂😂","7","0","2026-05-20T22:26:59.000Z","yorchfo","https://www.tiktok.com/@telediario/video/7642063192079813908","6874011506091475974","7642103958790538004","https://p19-common-sign.tiktokcdn-us.com/tos-alisg-avt-0068/7331077732807213074~tplv-tiktokx-cropcenter:100:100.jpg?dr=9640&refresh_token=aa7dfcf7&x-expires=1780200000&x-signature=w6cDIXik2w07riet52kFvi%2BIZuo%3D&t=4d5b0474&ps=13740610&shp=30310797&shcp=ff37627b&idc=useast8"
"a mi si me gustaría pero en puntos estratégicos donde no allá baños porque por ejemplo en el trole elevado haria falta y deberían de poner varias no sólo en donde será el mundial","9","0","2026-05-21T00:49:15.000Z","davidteplatica","https://www.tiktok.com/@telediario/video/7642063192079813908","6928044031465341957","7642140689732551442","https://p16-common-sign.tiktokcdn-us.com/tos-alisg-avt-0068/ff2b78bb318d958876f880c5dc7aa8e9~tplv-tiktokx-cropcenter:100:100.jpg?dr=9640&refresh_token=c9b49c02&x-expires=1780200000&x-signature=Y5YAmk3diG58PBd%2FvPRnGqYN8xk%3D&t=4d5b0474&ps=13740610&shp=30310797&shcp=ff37627b&idc=useast8"
"Mejor que den más material y medicamentos a los hospitales","2","0","2026-05-24T01:16:07.000Z","almamedina011","https://www.tiktok.com/@telediario/video/7642063192079813908","6881624134091228161","7643260781422134037","https://p19-common-sign.tiktokcdn-us.com/tos-maliva-avt-0068/ecc3a15801da74593dd646061f207240~tplv-tiktokx-cropcenter:100:100.jpg?dr=9640&refresh_token=e285a5b5&x-expires=1780200000&x-signature=ReuTRNvfNSBdijNjes661gxR1zU%3D&t=4d5b0474&ps=13740610&shp=30310797&shcp=ff37627b&idc=useast8"
"mejor deberían de ocupar ese presupuesto k gastaron en otras cosas k hacen falta para los k aqui vivimos","3","2","2026-05-23T04:42:20.000Z","susana.ls8","https://www.tiktok.com/@telediario/video/7642063192079813908","7321136404414448645","7642942953300329223","https://p19-common-sign.tiktokcdn-us.com/tos-maliva-avt-0068/5c947ec8d2b5bafedca95ec6156382c2~tplv-tiktokx-cropcenter:100:100.jpg?dr=9640&refresh_token=369b8785&x-expires=1780200000&x-signature=v7vO%2FF%2FDh8wzopJOkQ3fgyX0PWI%3D&t=4d5b0474&ps=13740610&shp=30310797&shcp=ff37627b&idc=useast8"
"Perfectos para hacer cruising 🥰","1","3","2026-05-22T07:47:30.000Z","uririel777","https://www.tiktok.com/@telediario/video/7642063192079813908","6664390265794756613","7642619560425030418","https://p16-common-sign.tiktokcdn-us.com/tos-maliva-avt-0068/673639464b4ab9fed4f640205c1581eb~tplv-tiktokx-cropcenter:100:100.jpg?dr=9640&refresh_token=a86ab6a8&x-expires=1780200000&x-signature=nidX%2Feliroy94e5AI0pnZgs9jc0%3D&t=4d5b0474&ps=13740610&shp=30310797&shcp=ff37627b&idc=useast8"
"a la gente nunca le das gusto","2","0","2026-05-27T06:25:38.000Z","angeleshernandez9154","https://www.tiktok.com/@telediario/video/7642063192079813908","7296311410156635141","7644453816000365328","https://p16-common-sign.tiktokcdn-us.com/tos-maliva-avt-0068/7316028422554124294~tplv-tiktokx-cropcenter:100:100.jpg?dr=9640&refresh_token=5c618961&x-expires=1780200000&x-signature=9s1zvQ%2FdIahF8Fmi2LssaXaOQvM%3D&t=4d5b0474&ps=13740610&shp=30310797&shcp=ff37627b&idc=useast8"
"mejor inviertanle más al metro porque siento que cada vez está peor 😏","3","0","2026-05-22T20:39:58.000Z","adriimontiel29","https://www.tiktok.com/@telediario/video/7642063192079813908","7004300438280422405","7642818642262131474","https://p19-common-sign.tiktokcdn-us.com/tos-maliva-avt-0068/bec8ea021783b6bcec536293a2558c91~tplv-tiktokx-cropcenter:100:100.jpg?dr=9640&refresh_token=79d05c77&x-expires=1780200000&x-signature=YDbsMaanzBce3rsGJXd2t14w38E%3D&t=4d5b0474&ps=13740610&shp=30310797&shcp=ff37627b&idc=useast8"
"Y si mejor empieza por los baches que hay en toda la ciudad y las calles tan en mal estado","3","0","2026-05-21T20:34:21.000Z","marthaid0","https://www.tiktok.com/@telediario/video/7642063192079813908","6841777013390803974","7642445992352842512","https://p16-common-sign.tiktokcdn-us.com/tos-maliva-avt-0068/7330816863704317957~tplv-tiktokx-cropcenter:100:100.jpg?dr=9640&refresh_token=e8e91051&x-expires=1780200000&x-signature=WuK0lWVNvDo4HmF6%2FVKJa9FBBEU%3D&t=4d5b0474&ps=13740610&shp=30310797&shcp=ff37627b&idc=useast8"
"pongan uno por mi casa ya que la pared de mi casa es miadero seguro cuando hay carnaval","3","0","2026-05-22T00:02:09.000Z","monicaelizalde3","https://www.tiktok.com/@telediario/video/7642063192079813908","313435284606697472","7642499651131818768","https://p16-common-sign.tiktokcdn-us.com/tos-alisg-avt-0068/2e4a33dd55e8f919a61e3c873f5cf8cd~tplv-tiktokx-cropcenter:100:100.jpg?dr=9640&refresh_token=2f7363be&x-expires=1780200000&x-signature=dUULJvTIK%2BTV6m%2FYb23uiRTFXss%3D&t=4d5b0474&ps=13740610&shp=30310797&shcp=ff37627b&idc=useast8"
"[Sticker] Yo esperando el metro....","13","1","2026-05-25T02:20:31.000Z","checo250887","https://www.tiktok.com/@karolvelda/video/7643328314429443335","6692776005352276998","7643648579164766994","https://p16-common-sign.tiktokcdn.com/tos-alisg-avt-0068/80fed9b456b7ffa22854367384f2f1f7~tplv-tiktokx-cropcenter:100:100.jpg?dr=14579&refresh_token=2f74d0a7&x-expires=1780200000&x-signature=ZPCrXO%2BzQXxyKZqdih2PTuz9VR8%3D&t=4d5b0474&ps=13740610&shp=30310797&shcp=ff37627b&idc=my"
"no son goteras, es una fuente natural😁😂","23","1","2026-05-25T02:24:19.000Z","akasha666rot","https://www.tiktok.com/@karolvelda/video/7643328314429443335","6559996953290866694","7643649536758432519","https://p16-common-sign.tiktokcdn.com/tos-alisg-avt-0068/66d8efdac1af4d39bb8ffde0b73813dc~tplv-tiktokx-cropcenter:100:100.jpg?dr=14579&refresh_token=5e65b423&x-expires=1780200000&x-signature=kFAJUsxmysg2uwiJFg4FM5QJ3X4%3D&t=4d5b0474&ps=13740610&shp=30310797&shcp=ff37627b&idc=my"
"[Sticker] lo vi en","14","0","2026-05-25T00:23:01.000Z","islas2950","https://www.tiktok.com/@karolvelda/video/7643328314429443335","7466548076540494864","7643618299088077576","https://p16-common-sign.tiktokcdn.com/tos-alisg-avt-0068/4586f1c2212d5d3912ec89b804c66be2~tplv-tiktokx-cropcenter:100:100.jpg?dr=14579&refresh_token=3abda270&x-expires=1780200000&x-signature=GBOaJmmYF6meiax27YJ7duzb8PU%3D&t=4d5b0474&ps=13740610&shp=30310797&shcp=ff37627b&idc=my"
"en eso gastan los impuestos ???","5","1","2026-05-26T04:31:54.000Z","armandito123_","https://www.tiktok.com/@karolvelda/video/7643328314429443335","7157204138304046086","7644053510652756743","https://p16-common-sign.tiktokcdn.com/tos-alisg-avt-0068/e2830e58f2750738eb64300c3f9b58ca~tplv-tiktokx-cropcenter:100:100.jpg?dr=14579&refresh_token=1b0c6f24&x-expires=1780200000&x-signature=4zM%2FfgkCNs2XUZfmPKjvNssNgxI%3D&t=4d5b0474&ps=13740610&shp=30310797&shcp=ff37627b&idc=my"
"hay que aceptar que no hay presupuesto para gotera y,pintura lo ilogico de esta administración","13","2","2026-05-26T16:27:23.000Z","rosycervantes34","https://www.tiktok.com/@karolvelda/video/7643328314429443335","6839370176200410118","7644237909054948112","https://p16-common-sign.tiktokcdn.com/tos-maliva-avt-0068/bf402b1c3d3a7eef6f0a7d124f619d27~tplv-tiktokx-cropcenter:100:100.jpg?dr=14579&refresh_token=de8957a8&x-expires=1780200000&x-signature=ArlDIAGqK3Huzxg35%2Bnmibgkpbg%3D&t=4d5b0474&ps=13740610&shp=30310797&shcp=ff37627b&idc=my"
"Pero en verdad que no hay visión, tiene que estarles explicando todo. Para llegar a la ambientación deseada hay que dejar esas filtraciones de agua para utilizar paraguas estilo colonial. Que por supuesto estarán a la venta en los alrededores de las entradas del metro. Les falta visión","19","1","2026-05-25T18:11:53.000Z","dancarpinteyro","https://www.tiktok.com/@karolvelda/video/7643328314429443335","6783545905804739590","7643893758551540498","https://p16-common-sign.tiktokcdn.com/tos-maliva-avt-0068/7334651769013829638~tplv-tiktokx-cropcenter:100:100.jpg?dr=14579&refresh_token=39e74811&x-expires=1780200000&x-signature=fPGlRR28Kb%2FsLOQ%2FqKlDF0Y63js%3D&t=4d5b0474&ps=13740610&shp=30310797&shcp=ff37627b&idc=my"
"Es que es como el titanic, ya se está hundiendo 🤣","25","1","2026-05-25T04:17:20.000Z","karenka153","https://www.tiktok.com/@karolvelda/video/7643328314429443335","6780099186416206853","7643678681973424917","https://p16-common-sign.tiktokcdn.com/tos-alisg-avt-0068/19910f10e6054eb0615d807fbdcb7b13~tplv-tiktokx-cropcenter:100:100.jpg?dr=14579&refresh_token=e9be9027&x-expires=1780200000&x-signature=fUgvw638OYgXdbCaY%2BjvTX97Smw%3D&t=4d5b0474&ps=13740610&shp=30310797&shcp=ff37627b&idc=my"
"La 4T va","0","0","2026-05-30T02:12:39.000Z","victormiguelvaler2","https://www.tiktok.com/@karolvelda/video/7643328314429443335","6801089419656774662","7645501973928067856","https://p19-common-sign.tiktokcdn.com/tos-maliva-avt-0068/7332067540782284806~tplv-tiktokx-cropcenter:100:100.jpg?dr=14579&refresh_token=c54ffe36&x-expires=1780200000&x-signature=zoE7nV%2BYMp%2BSAc9wYtsLWhldgXM%3D&t=4d5b0474&ps=13740610&shp=30310797&shcp=ff37627b&idc=my"
"[Sticker] Ya no te voy a contestar","16","0","2026-05-26T04:02:17.000Z","lordcamoli0","https://www.tiktok.com/@karolvelda/video/7643328314429443335","7122152804777214981","7644045854454268692","https://p16-common-sign.tiktokcdn.com/tos-alisg-avt-0068/8a0fbf1661c6270b7d8b6770fb936991~tplv-tiktokx-cropcenter:100:100.jpg?dr=14579&refresh_token=423b7066&x-expires=1780200000&x-signature=cZmU1xhC%2BnlOl4q6gRf%2FWVRT25g%3D&t=4d5b0474&ps=13740610&shp=30310797&shcp=ff37627b&idc=my"
"Las líneas del metro necesitan mantenimientoooooo!!!!!","16","0","2026-05-25T04:25:23.000Z","dianaestrada137","https://www.tiktok.com/@karolvelda/video/7643328314429443335","6826530666852779013","7643680717139018516","https://p16-common-sign.tiktokcdn.com/tos-alisg-avt-0068/55486abf18527cc17172f93fba06a0c5~tplv-tiktokx-cropcenter:100:100.jpg?dr=14579&refresh_token=d358c9dd&x-expires=1780200000&x-signature=ewv%2FWJ6yYYdhYqpMG1hy5N7%2BsNE%3D&t=4d5b0474&ps=13740610&shp=30310797&shcp=ff37627b&idc=my"
"Justo puro arreglo estético pero vean todas las goteras que se hacen, cuanto de cuarteados están las escaleras 😩","13","1","2026-05-25T01:43:59.000Z","littleshit99","https://www.tiktok.com/@karolvelda/video/7643328314429443335","6806091600461841413","7643639151660942100","https://p16-common-sign.tiktokcdn.com/tos-alisg-avt-0068/c866f4efc9078799783f85301046e64d~tplv-tiktokx-cropcenter:100:100.jpg?dr=14579&refresh_token=113c14cd&x-expires=1780200000&x-signature=l6kJn76bjXG3qkAzYQ2oipzpo1w%3D&t=4d5b0474&ps=13740610&shp=30310797&shcp=ff37627b&idc=my"
"Que burla, como todo en este gobierno","16","0","2026-05-25T04:18:10.000Z","erikaarriagaespin","https://www.tiktok.com/@karolvelda/video/7643328314429443335","7491327976916993042","7643678879563432712","https://p19-common-sign.tiktokcdn.com/tos-alisg-avt-0068/f18698c2ee8851546f9c46fc5a290a69~tplv-tiktokx-cropcenter:100:100.jpg?dr=14579&refresh_token=acebde54&x-expires=1780200000&x-signature=6vqYW%2BQQErhDem7rG2XSCdcjT4I%3D&t=4d5b0474&ps=13740610&shp=30310797&shcp=ff37627b&idc=my"
"es que le falto pintura morada","15","0","2026-05-25T05:23:25.000Z","raulchavoya","https://www.tiktok.com/@karolvelda/video/7643328314429443335","7210210914204943365","7643695702812033812","https://p16-common-sign.tiktokcdn-eu.com/tos-alisg-avt-0068/552e6d8cba01f6c99a334ea83b87555c~tplv-tiktokx-cropcenter:100:100.jpg?dr=10399&refresh_token=b46adae7&x-expires=1780200000&x-signature=zad4X1v7bC8L42XybWMWqSagaxU%3D&t=4d5b0474&ps=13740610&shp=30310797&shcp=ff37627b&idc=no1a"
"es que no sabes son las cascadas que pondrán en próximo año","9","0","2026-05-25T14:04:23.000Z","angiefallen11","https://www.tiktok.com/@karolvelda/video/7643328314429443335","6891130226321228802","7643829943013606152","https://p16-common-sign.tiktokcdn-eu.com/tos-alisg-avt-0068/231f7870e91e87401a21db17c9b3eb48~tplv-tiktokx-cropcenter:100:100.jpg?dr=10399&refresh_token=a924de70&x-expires=1780200000&x-signature=z3gdHQnnvPCDWaflt6N3CUo43Ag%3D&t=4d5b0474&ps=13740610&shp=30310797&shcp=ff37627b&idc=no1a"
"Solo tenían que pulir el mármol y arreglar las fisuras que entraban en las lluvias y lo más importante, comprar nuevos trenes, eso era todo 🥺","19","0","2026-05-25T23:19:10.000Z","ingrid11107","https://www.tiktok.com/@karolvelda/video/7643328314429443335","7279265505160201222","7643972848855745300","https://p16-common-sign.tiktokcdn-eu.com/tos-maliva-avt-0068/7279265949912268806~tplv-tiktokx-cropcenter:100:100.jpg?dr=10399&refresh_token=3ba10b7b&x-expires=1780200000&x-signature=6ArIuXKon3TQsml8rQcdBVPw94Y%3D&t=4d5b0474&ps=13740610&shp=30310797&shcp=ff37627b&idc=no1a"
"Es que esa es la fuente bro que no estás viendo","13","0","2026-05-25T02:51:58.000Z","csalp7","https://www.tiktok.com/@karolvelda/video/7643328314429443335","7367394532000105477","7643656680442184455","https://p16-common-sign.tiktokcdn-eu.com/tos-alisg-avt-0068/89b1afac13016ad14ce69bbc6fc3c711~tplv-tiktokx-cropcenter:100:100.jpg?dr=10399&refresh_token=fa7da3f1&x-expires=1780200000&x-signature=wzsrzcBz4ZQycrCmx8hwnDaEmYk%3D&t=4d5b0474&ps=13740610&shp=30310797&shcp=ff37627b&idc=no1a"
"y nomas deja que llueva y se veran mas chidas las fuentes...","15","0","2026-05-25T01:17:54.000Z","joseluishernndez801","https://www.tiktok.com/@karolvelda/video/7643328314429443335","7443644499039765560","7643632260852269840","https://p19-common-sign.tiktokcdn-eu.com/tos-alisg-avt-0068/2efcf72349ec2e1fe66d501a947ad9a9~tplv-tiktokx-cropcenter:100:100.jpg?dr=10399&refresh_token=ad750539&x-expires=1780200000&x-signature=2bxZST%2FzII3m%2FGLzoe7GUKkfe5E%3D&t=4d5b0474&ps=13740610&shp=30310797&shcp=ff37627b&idc=no1a"
"Es propio del estilo renacentista","12","0","2026-05-25T18:30:03.000Z","ralfonz_arellano","https://www.tiktok.com/@karolvelda/video/7643328314429443335","6983600953640797190","7643898413419922183","https://p16-common-sign.tiktokcdn-eu.com/tos-maliva-avt-0068/986059a89936b4e6b48110191df83ed5~tplv-tiktokx-cropcenter:100:100.jpg?dr=10399&refresh_token=109975de&x-expires=1780200000&x-signature=onAMFDsbnB7BgBgDK%2BhTKy7%2FUlU%3D&t=4d5b0474&ps=13740610&shp=30310797&shcp=ff37627b&idc=no1a"
"Y dejenlos.","0","1","2026-05-22T02:16:17.000Z","lachave37","https://www.tiktok.com/@telediario/video/7642063192079813908","213232216074866688","7642534198143140615","https://p19-common-sign.tiktokcdn-us.com/tos-maliva-avt-0068/835fb3c2444f23dc7470a6ee98763f33~tplv-tiktokx-cropcenter:100:100.jpg?dr=9640&refresh_token=5688c09f&x-expires=1780200000&x-signature=A21Lw5lUQ2EaAhDeGrTtQXr06z8%3D&t=4d5b0474&ps=13740610&shp=30310797&shcp=ff37627b&idc=useast5"
"Te odio cheinbaun","4","0","2026-05-28T23:40:52.000Z","taniamoonserrat","https://www.tiktok.com/@tucompaema/video/7644763453785246983","6782937216818693126","7645091751706788629","https://p19-common-sign.tiktokcdn.com/tos-alisg-avt-0068/26b78740e726a0e7c3d4c9670b18f424~tplv-tiktokx-cropcenter:100:100.jpg?dr=14579&refresh_token=be80cd7f&x-expires=1780200000&x-signature=bxzYKA7ORh7BvBseksSR8Z2IZ%2FM%3D&t=4d5b0474&ps=13740610&shp=30310797&shcp=ff37627b&idc=my2"
"No era necesario hacer tanto desmadre, para 5 partidos moleros que va ver, en el 86 en Neza hubo 3 partidos del mundial y las calles aledaña al Estadio no tenía ni pavimento, solo la principal.","43","3","2026-05-28T02:41:33.000Z","aquarius.2020","https://www.tiktok.com/@tucompaema/video/7644763453785246983","7387992414760551430","7644767254965928712","https://p16-common-sign.tiktokcdn-us.com/tos-maliva-avt-0068/d3389a46334bed6b710a33e6ffa3fb3e~tplv-tiktokx-cropcenter:100:100.jpg?dr=9640&refresh_token=884d63cf&x-expires=1780200000&x-signature=lQXZABx%2FJ8x0f%2BCnHtPDwirLawA%3D&t=4d5b0474&ps=13740610&shp=30310797&shcp=ff37627b&idc=useast5"
"inviertan o no siguen jodiendo, todo les molesta que horror","0","1","2026-05-28T20:59:48.000Z","jaredkf1","https://www.tiktok.com/@tucompaema/video/7644763453785246983","7146416822907995141","7645050264386601736","https://p16-common-sign.tiktokcdn-us.com/tos-alisg-avt-0068/f5bc2a8d3d5c7366f43e32f5277c6219~tplv-tiktokx-cropcenter:100:100.jpg?dr=9640&refresh_token=48aa4e35&x-expires=1780200000&x-signature=swKQyBZ9gcQo152KTwDhWWUO1jA%3D&t=4d5b0474&ps=13740610&shp=30310797&shcp=ff37627b&idc=useast5"
"¿Cómo no? Un parchecito por aquí, otro parchecito por allá y nadie ve los daños (sarcasmo).","0","0","2026-05-29T07:50:07.000Z","soyaries_deabril","https://www.tiktok.com/@tucompaema/video/7644763453785246983","6806493695325963269","7645217836814926599","https://p16-common-sign.tiktokcdn-eu.com/tos-alisg-avt-0068/8fda815e4bf9daa4a20fcd9fdc8a5d91~tplv-tiktokx-cropcenter:100:100.jpg?dr=10399&refresh_token=74b21343&x-expires=1780200000&x-signature=9h9iMg1YfGcufuxz9Z3ScE6T6mg%3D&t=4d5b0474&ps=13740610&shp=30310797&shcp=ff37627b&idc=no1a"
"no lo hicieron antes porque sabiendo como somos los mexicanos no iba a durar ni el año","0","0","2026-05-29T06:56:16.000Z","chiquitolino67","https://www.tiktok.com/@tucompaema/video/7644763453785246983","7333870484956070918","7645203982038467346","https://p16-common-sign.tiktokcdn-eu.com/tos-alisg-avt-0068/529260f6e6e087b2e4a211a4f10532a7~tplv-tiktokx-cropcenter:100:100.jpg?dr=10399&refresh_token=971114e9&x-expires=1780200000&x-signature=ZX1I6P%2BSLfUI8Gcpb665K%2FydGFw%3D&t=4d5b0474&ps=13740610&shp=30310797&shcp=ff37627b&idc=no1a"
"Sinlo hubieran hecho desde el principio para hoy no se vería ""bonito"" qué es lo que quieren aparentar... No es para nosotros, es para quedar bien con las visitas... Y vivo en esta zona 😵‍💫😵🤬😠","0","0","2026-05-29T06:50:56.000Z","karendidi4","https://www.tiktok.com/@tucompaema/video/7644763453785246983","6641313631643271173","7645202610156438293","https://p16-common-sign.tiktokcdn-eu.com/tos-alisg-avt-0068/3b30d68677e7b45a7ada3e416d74911b~tplv-tiktokx-cropcenter:100:100.jpg?dr=10399&refresh_token=f7cd6076&x-expires=1780200000&x-signature=zKe%2B%2F7KIwj4e1nYLlKu39BWm5k4%3D&t=4d5b0474&ps=13740610&shp=30310797&shcp=ff37627b&idc=no1a"
"¿A que partido te vendiste ?¿cuánto te pagaron ?","0","0","2026-05-29T05:43:02.000Z","lu_ci6521","https://www.tiktok.com/@tucompaema/video/7644763453785246983","7330161323072455686","7645185119728517896","https://p16-common-sign.tiktokcdn-eu.com/tos-alisg-avt-0068/3d3c08125c286ebe169c6e3d496da726~tplv-tiktokx-cropcenter:100:100.jpg?dr=10399&refresh_token=92691cf4&x-expires=1780200000&x-signature=x4bQQZGjF1ciiPSgg2i44Oxnfg0%3D&t=4d5b0474&ps=13740610&shp=30310797&shcp=ff37627b&idc=no1a"
"un mega desmadre","0","0","2026-05-29T05:09:04.000Z","octaviocruzmart12","https://www.tiktok.com/@tucompaema/video/7644763453785246983","7117112585808724997","7645176334058947348","https://p16-common-sign.tiktokcdn-eu.com/tos-alisg-avt-0068/d514e4b7a710048c385ddc3204ddb495~tplv-tiktokx-cropcenter:100:100.jpg?dr=10399&refresh_token=66be9158&x-expires=1780200000&x-signature=GzgPTptgVfwrNU4Ip1biBuykd5Q%3D&t=4d5b0474&ps=13740610&shp=30310797&shcp=ff37627b&idc=no1a"
"parece zona de guerra","0","0","2026-05-29T05:06:59.000Z","octaviocruzmart12","https://www.tiktok.com/@tucompaema/video/7644763453785246983","7117112585808724997","7645175817747759892","https://p16-common-sign.tiktokcdn-eu.com/tos-alisg-avt-0068/d514e4b7a710048c385ddc3204ddb495~tplv-tiktokx-cropcenter:100:100.jpg?dr=10399&refresh_token=66be9158&x-expires=1780200000&x-signature=GzgPTptgVfwrNU4Ip1biBuykd5Q%3D&t=4d5b0474&ps=13740610&shp=30310797&shcp=ff37627b&idc=no1a"
"ahorita México es como nosotros de chiquitos toda la media hora","0","0","2026-05-29T02:58:59.000Z","brunomartinez1915","https://www.tiktok.com/@tucompaema/video/7644763453785246983","7066134467501605893","7645142799390802709","https://p16-common-sign.tiktokcdn-eu.com/tos-alisg-avt-0068/e387dc03b345c0f71d4613a67c7ed08e~tplv-tiktokx-cropcenter:100:100.jpg?dr=10399&refresh_token=93653f3f&x-expires=1780200000&x-signature=YMWRbWzCAZ5IgUn%2BK9CMnuaijEk%3D&t=4d5b0474&ps=13740610&shp=30310797&shcp=ff37627b&idc=no1a"
"ningún chile les embona","0","0","2026-05-29T02:47:17.000Z","michi.landia2","https://www.tiktok.com/@tucompaema/video/7644763453785246983","7557411992039883783","7645139819756552967","https://p16-common-sign.tiktokcdn-eu.com/tos-alisg-avt-0068/fbb6af70155bd8980175707ede75a509~tplv-tiktokx-cropcenter:100:100.jpg?dr=10399&refresh_token=a1f2904e&x-expires=1780200000&x-signature=polDbMUqGbYQEUpA9ehnueaLjaE%3D&t=4d5b0474&ps=13740610&shp=30310797&shcp=ff37627b&idc=no1a"
"con pintura morada y unos ajolititos quedan 🤣","0","0","2026-05-29T02:17:22.000Z","cess2764","https://www.tiktok.com/@tucompaema/video/7644763453785246983","6898420991316968449","7645130368691864340","https://p16-common-sign.tiktokcdn-eu.com/tos-alisg-avt-0068/84133ddc149227fa99dae235de9ae77f~tplv-tiktokx-cropcenter:100:100.jpg?dr=10399&refresh_token=f47d18e0&x-expires=1780200000&x-signature=w3zRocxVtrt5HQM%2BTCzHr%2BlDrdo%3D&t=4d5b0474&ps=13740610&shp=30310797&shcp=ff37627b&idc=no1a"
"Para que todo cambie se tiene que empezar desde nosotros desde el pueblo pero lastimosamente tanto el gobierno como las personas son un problema claro no todas pero la delincuencia la mala gente todo eso no lo podemos evitar de un día para otro, triste lo de este país tan hermoso pero a la vez tan malo","0","0","2026-05-29T02:11:59.000Z","chavira816","https://www.tiktok.com/@tucompaema/video/7644763453785246983","7587982651459912760","7645130695627948808","https://p16-common-sign.tiktokcdn-eu.com/tos-alisg-avt-0068/86cca8a1136f24d7a3341ed64352220a~tplv-tiktokx-cropcenter:100:100.jpg?dr=10399&refresh_token=9e7b2509&x-expires=1780200000&x-signature=pIZE9Yx8NAEq8EKWqL2aW8yfRJ0%3D&t=4d5b0474&ps=13740610&shp=30310797&shcp=ff37627b&idc=no1a"
"arruinaron la línea azul 😔","0","0","2026-05-29T02:00:57.000Z","yazvic95","https://www.tiktok.com/@tucompaema/video/7644763453785246983","7192905545228043270","7645127869643719431","https://p16-common-sign.tiktokcdn-eu.com/tos-maliva-avt-0068/1b8ef97046cc497b56ef4c1a54346b75~tplv-tiktokx-cropcenter:100:100.jpg?dr=10399&refresh_token=ad689fcd&x-expires=1780200000&x-signature=e13Bc4cNULp6%2Bwlqmf%2FU0sKCja4%3D&t=4d5b0474&ps=13740610&shp=30310797&shcp=ff37627b&idc=no1a"
"[Sticker] Cómo siempre obras de 4ta","0","0","2026-05-29T01:15:20.000Z","fansdecazzumex","https://www.tiktok.com/@tucompaema/video/7644763453785246983","7403814083671622662","7645116092273361672","https://p16-common-sign.tiktokcdn-eu.com/tos-alisg-avt-0068/200b97f9186feb2ec080013db530e72c~tplv-tiktokx-cropcenter:100:100.jpg?dr=10399&refresh_token=32da943b&x-expires=1780200000&x-signature=1JI6ISseBaEx3v9ZWGinp2s7bbw%3D&t=4d5b0474&ps=13740610&shp=30310797&shcp=ff37627b&idc=no1a"
"Y la línea A cuando? ah no, que a Iztapalacra no vienen turistas 😮‍💨","0","0","2026-05-29T00:56:32.000Z","eddiezant","https://www.tiktok.com/@tucompaema/video/7644763453785246983","6958307140365943813","7645111277073646354","https://p16-common-sign.tiktokcdn-eu.com/tos-maliva-avt-0068/848c7f2fd44f779efcf4f3fef654177e~tplv-tiktokx-cropcenter:100:100.jpg?dr=10399&refresh_token=34bdfcc1&x-expires=1780200000&x-signature=H7Tt1SOdsbzCzzam0%2BEM1Kx7eRI%3D&t=4d5b0474&ps=13740610&shp=30310797&shcp=ff37627b&idc=no1a"
"Ustedes enserio creen que si lo hubieran arreglado antes, aun estaría en buenas condiciones? Que no lo van a pintar? Pegarle cosas? Y de más?
La gente no sabe cuidar y respetar lo poquito o mucho que hacen, ya hay puentes que grafitiaron y estaban recién pintados, las paredes de los edificios, los mismos anuncios y hasta las luminarias","0","0","2026-05-28T22:06:54.000Z","zoe_campos0","https://www.tiktok.com/@tucompaema/video/7644763453785246983","6887609375504630790","7645067522185822997","https://p16-common-sign.tiktokcdn-eu.com/tos-alisg-avt-0068/e4114900ef95645b57a87ead65a49773~tplv-tiktokx-cropcenter:100:100.jpg?dr=10399&refresh_token=19b230be&x-expires=1780200000&x-signature=6oiJVwYjJmdFn0jPlOPEB%2B4giLY%3D&t=4d5b0474&ps=13740610&shp=30310797&shcp=ff37627b&idc=no1a"
"15 días y ya hicieron su mmda,, te apuesto que ni lo van a terminar y lo van a dejar a medias","0","0","2026-05-28T19:23:05.000Z","elemiliano555","https://www.tiktok.com/@tucompaema/video/7644763453785246983","7279216996411081734","7645025306781467413","https://p16-common-sign.tiktokcdn-eu.com/tos-alisg-avt-0068/9d015f72f8b40f622afcd352b99c449a~tplv-tiktokx-cropcenter:100:100.jpg?dr=10399&refresh_token=5cc12942&x-expires=1780200000&x-signature=2yYWnmbGjBpr0duGbt7LxrRm7FU%3D&t=4d5b0474&ps=13740610&shp=30310797&shcp=ff37627b&idc=no1a"
"La del Zócalo está de la vrga ni abierta estaba","0","0","2026-05-28T19:12:04.000Z","danimors","https://www.tiktok.com/@tucompaema/video/7644763453785246983","6764102788102112261","7645022503547486994","https://p16-common-sign.tiktokcdn-eu.com/tos-alisg-avt-0068/1f8c47f1e9c2d4fe91054e2e42cee28f~tplv-tiktokx-cropcenter:100:100.jpg?dr=10399&refresh_token=fc02f6d8&x-expires=1780200000&x-signature=%2BIjJC%2F3siP2rQNUVSgO8OMjxkCM%3D&t=4d5b0474&ps=13740610&shp=30310797&shcp=ff37627b&idc=no1a"
"apoco si creían que morena iba a hacer obras de calidad ???😂😂😂
ya maduren 😂😂😂","0","0","2026-05-28T19:03:42.000Z","optimis1999","https://www.tiktok.com/@tucompaema/video/7644763453785246983","7476890730541564945","7645020341102822145","https://p16-common-sign.tiktokcdn-eu.com/tos-alisg-avt-0068/ab27d2b131d4714a4e34ee95d3cb2ed9~tplv-tiktokx-cropcenter:100:100.jpg?dr=10399&refresh_token=1acfe96d&x-expires=1780200000&x-signature=VihauX4VD3hbV8wm6lRZmViz21I%3D&t=4d5b0474&ps=13740610&shp=30310797&shcp=ff37627b&idc=no1a"
"a mi me dio mucha risa ver los candelabros de hidalgo xd","0","0","2026-05-28T16:57:28.000Z","michi_dms","https://www.tiktok.com/@tucompaema/video/7644763453785246983","6804553196091442181","7644987824035300112","https://p16-common-sign.tiktokcdn-eu.com/tos-maliva-avt-0068/7321545390640070661~tplv-tiktokx-cropcenter:100:100.jpg?dr=10399&refresh_token=d189b80b&x-expires=1780200000&x-signature=CkJHGtB%2Bd89GPsno7%2FLhsWFZ%2B0I%3D&t=4d5b0474&ps=13740610&shp=30310797&shcp=ff37627b&idc=no1a"
"Cuando estaba lloviendo yo una vez me iba a caer a las vías por que me resbalé por evitar esas tablas 🙃","0","0","2026-05-28T16:36:50.000Z","arilissett","https://www.tiktok.com/@tucompaema/video/7644763453785246983","6532047090573377538","7644982514377392916","https://p16-common-sign.tiktokcdn-eu.com/tos-alisg-avt-0068/d4860d5deaaa743c211b62d87815a9a5~tplv-tiktokx-cropcenter:100:100.jpg?dr=10399&refresh_token=2d533d71&x-expires=1780200000&x-signature=H0aVYN11lMzuQI1FWJKCpIpdJTA%3D&t=4d5b0474&ps=13740610&shp=30310797&shcp=ff37627b&idc=no1a"
"El gobierno es un chiste","0","0","2026-05-28T16:16:45.000Z","canch0la","https://www.tiktok.com/@tucompaema/video/7644763453785246983","6872818249253651461","7644977332549714709","https://p19-common-sign.tiktokcdn-eu.com/tos-alisg-avt-0068/574c5ab9e603a678de632edf3d1032a0~tplv-tiktokx-cropcenter:100:100.jpg?dr=10399&refresh_token=aeea0c48&x-expires=1780200000&x-signature=DxDeln5uOP97EyHYivm9iEkHXak%3D&t=4d5b0474&ps=13740610&shp=30310797&shcp=ff37627b&idc=no1a"
"La cosa es que van a “entregar” y así lo van a dejar para el “siguiente”.","0","0","2026-05-28T15:44:34.000Z","octaviusdiaz29","https://www.tiktok.com/@tucompaema/video/7644763453785246983","6819503556518396934","7644969048480236309","https://p16-common-sign.tiktokcdn-eu.com/tos-maliva-avt-0068/812ba4186a5b7a2ce6917def128d09f4~tplv-tiktokx-cropcenter:100:100.jpg?dr=10399&refresh_token=4dc2e8c1&x-expires=1780200000&x-signature=nQ3tiJDJ%2FeA8y45EHXYViBVVosU%3D&t=4d5b0474&ps=13740610&shp=30310797&shcp=ff37627b&idc=no1a"
"siento que no lo van a terminar y van a usar el pretexto de que en realidad las reparaciones no eran para el mundial sino para el pueblo bueno 🤡","0","0","2026-05-28T14:54:49.000Z","aiidastar","https://www.tiktok.com/@tucompaema/video/7644763453785246983","319790359683829760","7644956206906082068","https://p19-common-sign.tiktokcdn-eu.com/tos-alisg-avt-0068/6b32221e9fccc0f1dfd56ef49dcce38f~tplv-tiktokx-cropcenter:100:100.jpg?dr=10399&refresh_token=14e55740&x-expires=1780200000&x-signature=nubp48%2FJ0kE9IxRpX5QYNvkAg8I%3D&t=4d5b0474&ps=13740610&shp=30310797&shcp=ff37627b&idc=no1a"
"Pov comienzan a cerrar estaciones estoy segura que seguramente entre semana empezarán a cerrar como lo hacen en fin de semana que
que desmadre se hace 🫩🫩🫩🫩","0","0","2026-05-28T14:13:31.000Z","dayanidan","https://www.tiktok.com/@tucompaema/video/7644763453785246983","6963441978257376262","7644945578547626772","https://p16-common-sign.tiktokcdn-eu.com/tos-alisg-avt-0068/40fe42bc7f47d06578c20e2a373d03e4~tplv-tiktokx-cropcenter:100:100.jpg?dr=10399&refresh_token=1f752423&x-expires=1780200000&x-signature=HcYp1D7%2F9lRwY2LTEd9SG2jMzNk%3D&t=4d5b0474&ps=13740610&shp=30310797&shcp=ff37627b&idc=no1a"
"Lo peor del caso es que, lo van a terminar meses después, y no le van a volver a meter mano hasta que suceda una tragedia tipo L 12","0","0","2026-05-28T13:05:41.000Z","f4tb4zt3rd","https://www.tiktok.com/@tucompaema/video/7644763453785246983","7399648220537914374","7644928058236191508","https://p16-common-sign.tiktokcdn-eu.com/musically-maliva-obj/1594805258216454~tplv-tiktokx-cropcenter:100:100.jpg?dr=10399&refresh_token=4e4254cb&x-expires=1780200000&x-signature=ZwQE3W%2FYdO0RcGX4cEf22EDYdus%3D&t=4d5b0474&ps=13740610&shp=30310797&shcp=ff37627b&idc=no1a"
"toodo el desmadr3 por solo 5 partidos de fut","0","0","2026-05-28T12:39:31.000Z","soymmgs","https://www.tiktok.com/@tucompaema/video/7644763453785246983","7292528494033093638","7644921349718737685","https://p16-common-sign.tiktokcdn-eu.com/tos-alisg-avt-0068/7f6d5e52e37806d45e226699a10e5f53~tplv-tiktokx-cropcenter:100:100.jpg?dr=10399&refresh_token=5ced82f9&x-expires=1780200000&x-signature=r0E7Z4ml%2F1cXBytwqjRyzhDRy6M%3D&t=4d5b0474&ps=13740610&shp=30310797&shcp=ff37627b&idc=no1a"
"Yo creo que usarán el poder mexa, dejar todo para el día de entrega de la tarea y sacar 6","0","0","2026-05-28T11:21:48.000Z","tooru12m","https://www.tiktok.com/@tucompaema/video/7644763453785246983","7082807050459448325","7644901330880316168","https://p16-common-sign.tiktokcdn-eu.com/tos-alisg-avt-0068/ae9760c724b428fe7a21ea2bd2cf232c~tplv-tiktokx-cropcenter:100:100.jpg?dr=10399&refresh_token=c73e373d&x-expires=1780200000&x-signature=Eg9XhR06M6Ka92R68HChdyzjxfA%3D&t=4d5b0474&ps=13740610&shp=30310797&shcp=ff37627b&idc=no1a"
"cuanto van a cobrar por usarlos??","3","0","2026-05-22T17:14:50.000Z","nellysg.g08","https://www.tiktok.com/@telediario/video/7642063192079813908","6894818843715208193","7642765779763512084","https://p16-common-sign.tiktokcdn-us.com/tos-alisg-avt-0068/c13053f9557722ce2113aa8d839d5c73~tplv-tiktokx-cropcenter:100:100.jpg?dr=9640&refresh_token=2dca11a6&x-expires=1780200000&x-signature=oPnYi8XGM2Zs6ZMCq1691jf9W6A%3D&t=4d5b0474&ps=13740610&shp=30310797&shcp=ff37627b&idc=useast5"
"CDMX es bien random","3","0","2026-05-22T10:16:44.000Z","vorticehub","https://www.tiktok.com/@telediario/video/7642063192079813908","7118739498976216070","7642658010535625492","https://p16-common-sign.tiktokcdn-us.com/tos-alisg-avt-0068/f0700e91926c29ca3651ceff0496bfc4~tplv-tiktokx-cropcenter:100:100.jpg?dr=9640&refresh_token=e9c66c1c&x-expires=1780200000&x-signature=V8%2BNtoyWf5kniu6s9iU8sRBqpbg%3D&t=4d5b0474&ps=13740610&shp=30310797&shcp=ff37627b&idc=useast5"
"Y luego en la esquina de la CIUDADELA ya vi el crujin JAJAJAJAJAJAJA 😬","3","0","2026-05-21T05:26:39.000Z","rey_cesaar","https://www.tiktok.com/@telediario/video/7642063192079813908","7189113504682165253","7642212181727904533","https://p16-common-sign.tiktokcdn-us.com/tos-alisg-avt-0068/2727f60a89d0ae14739c4f2ac5c135be~tplv-tiktokx-cropcenter:100:100.jpg?dr=9640&refresh_token=3b7ea68e&x-expires=1780200000&x-signature=uopLaVRXTLkYxtUrC9RDt1yQcFw%3D&t=4d5b0474&ps=13740610&shp=30310797&shcp=ff37627b&idc=useast5"
"no va durar ni 1 año porque lo van a ensuciar mucho por fuera y lo van a pintar y dudo que lo atiendan y le cambien el agua siempre","1","0","2026-05-24T20:40:48.000Z","cuentaterceraria","https://www.tiktok.com/@telediario/video/7642063192079813908","7599021952264061970","7643561032069415698","https://p16-common-sign.tiktokcdn-us.com/tos-alisg-avt-0068/341e80a1e50a2e12f855642a9e95658b~tplv-tiktokx-cropcenter:100:100.jpg?dr=9640&refresh_token=98ca83ea&x-expires=1780200000&x-signature=VBse6rT1kQHT6JqCMf4y8GcMISQ%3D&t=4d5b0474&ps=13740610&shp=30310797&shcp=ff37627b&idc=useast5"
"no hay medicina en los hospitales pero esto es importante","1","0","2026-05-23T16:25:41.000Z","_.juana_b_miranda._","https://www.tiktok.com/@telediario/video/7642063192079813908","6922498350995063814","7643124183530439440","https://p19-common-sign.tiktokcdn-us.com/tos-maliva-avt-0068/1c0c6c1881f0097e8643496515b26f3b~tplv-tiktokx-cropcenter:100:100.jpg?dr=9640&refresh_token=12d01348&x-expires=1780200000&x-signature=ESuZcrYEWt3RObxT4eAiEWNe%2BRc%3D&t=4d5b0474&ps=13740610&shp=30310797&shcp=ff37627b&idc=useast5"
"mejor que inviten los boletos para la final de Cruz azul vs pumas👏😁","3","1","2026-05-21T21:06:39.000Z","johnykerlegand26","https://www.tiktok.com/@telediario/video/7642063192079813908","6932330697785050117","7642454432206897938","https://p16-common-sign.tiktokcdn-us.com/tos-maliva-avt-0068/49fedc03abbf90710dcc47d6e3dc47c7~tplv-tiktokx-cropcenter:100:100.jpg?dr=9640&refresh_token=c41e28ce&x-expires=1780200000&x-signature=%2Bh5yUNrhjKxt8fnHB3xFIbfvKw4%3D&t=4d5b0474&ps=13740610&shp=30310797&shcp=ff37627b&idc=useast5"
"No hay cámaras 😂","3","0","2026-05-21T23:51:04.000Z","elena.lome","https://www.tiktok.com/@telediario/video/7642063192079813908","7409107299804431365","7642496744408269589","https://p16-common-sign.tiktokcdn-us.com/tos-maliva-avt-0068/ef4e49e12f463eb091d79c816f898c6e~tplv-tiktokx-cropcenter:100:100.jpg?dr=9640&refresh_token=b7a1b65a&x-expires=1780200000&x-signature=5bPC%2BgTwgSPc5HRvNZMZsYNJO04%3D&t=4d5b0474&ps=13740610&shp=30310797&shcp=ff37627b&idc=useast5"
"mejor que pongan más cámaras de seguridad","2","0","2026-05-22T05:36:49.000Z","migue.jimnez45","https://www.tiktok.com/@telediario/video/7642063192079813908","7474181723091190789","7642585890519368468","https://p16-common-sign.tiktokcdn-us.com/tos-alisg-avt-0068/0aa3e90613e0e8a3b7634d0895031fa0~tplv-tiktokx-cropcenter:100:100.jpg?dr=9640&refresh_token=023ead36&x-expires=1780200000&x-signature=RATFIpGcUcl3gfN105q6WAf8j5U%3D&t=4d5b0474&ps=13740610&shp=30310797&shcp=ff37627b&idc=useast5"
"Nada nos parece 😅","2","0","2026-05-21T18:22:06.000Z","samuelgalialatriste","https://www.tiktok.com/@telediario/video/7642063192079813908","7622756870507594773","7642412033073513234","https://p16-common-sign.tiktokcdn-us.com/tos-alisg-avt-0068/d56e88ec1eb9c15d4847e894edf63ac3~tplv-tiktokx-cropcenter:100:100.jpg?dr=9640&refresh_token=e9176015&x-expires=1780200000&x-signature=PdY%2FLv3UrAfxgAZZjYUKKMRdRAM%3D&t=4d5b0474&ps=13740610&shp=30310797&shcp=ff37627b&idc=useast5"
"y quién los vendió ?????
ANDY?????","2","0","2026-05-21T08:35:33.000Z","chechegarcia6","https://www.tiktok.com/@telediario/video/7642063192079813908","6875788701714580485","7642260904888795911","https://p16-common-sign.tiktokcdn-us.com/tos-alisg-avt-0068/7322810045786882050~tplv-tiktokx-cropcenter:100:100.jpg?dr=9640&refresh_token=1e75467f&x-expires=1780200000&x-signature=4P4fCEZkCBg0tqcl%2FdwoJhkdlRU%3D&t=4d5b0474&ps=13740610&shp=30310797&shcp=ff37627b&idc=useast5"
"y si arreglan los vagones del metro?","2","0","2026-05-21T07:02:30.000Z","user4929058483454","https://www.tiktok.com/@telediario/video/7642063192079813908","7468424893975479302","7642236918914089745","https://p16-common-sign.tiktokcdn-us.com/tos-alisg-avt-0068/b3d563d8a2c897948dcead746a068d2f~tplv-tiktokx-cropcenter:100:100.jpg?dr=9640&refresh_token=2fcc56d1&x-expires=1780200000&x-signature=0OpSu4N6L0lhNcPNwMVk2sGMrWY%3D&t=4d5b0474&ps=13740610&shp=30310797&shcp=ff37627b&idc=useast5"
"que pongan de esos en ecatepec","2","0","2026-05-21T02:02:27.000Z","joserodriguez9410","https://www.tiktok.com/@telediario/video/7642063192079813908","6996074261564589061","7642159526830015240","https://p19-common-sign.tiktokcdn-us.com/tos-maliva-avt-0068/7323762786486616069~tplv-tiktokx-cropcenter:100:100.jpg?dr=9640&refresh_token=2e74c630&x-expires=1780200000&x-signature=zvjsgwKYINDVluxnObmAKbfyBzo%3D&t=4d5b0474&ps=13740610&shp=30310797&shcp=ff37627b&idc=useast5"
"que den más instrumentos, aparatos, y medicamentos para hospitales","2","0","2026-05-21T21:25:43.000Z","karinacastro18190","https://www.tiktok.com/@telediario/video/7642063192079813908","6989797741778584582","7642459342851293959","https://p16-common-sign.tiktokcdn-us.com/tos-maliva-avt-0068/7334475735746428934~tplv-tiktokx-cropcenter:100:100.jpg?dr=9640&refresh_token=01233024&x-expires=1780200000&x-signature=aP2kwfWRlMPDQo7aUjUvn%2Fbcqjg%3D&t=4d5b0474&ps=13740610&shp=30310797&shcp=ff37627b&idc=useast5"
"Pero seguimos con baches 🙄🙄🙄","2","0","2026-05-21T20:52:16.000Z","malenapenumbra","https://www.tiktok.com/@telediario/video/7642063192079813908","7225081681496507397","7642450732632916754","https://p16-common-sign.tiktokcdn-us.com/tos-alisg-avt-0068/f0a851f5da9a2d9a19070b55b0b6230b~tplv-tiktokx-cropcenter:100:100.jpg?dr=9640&refresh_token=ed386dbc&x-expires=1780200000&x-signature=5ZdQdubaWX2GFSKbELjQKVZL3%2F8%3D&t=4d5b0474&ps=13740610&shp=30310797&shcp=ff37627b&idc=useast5"
"Ya me imagino esos baños , cerrados como los baños del metro bus. teniendo que buscar a algún policía para que te pueda abrir.","2","0","2026-05-21T07:28:10.000Z","markusvilla","https://www.tiktok.com/@telediario/video/7642063192079813908","6826516044606276614","7642243503330853639","https://p16-common-sign.tiktokcdn-us.com/tos-maliva-avt-0068/a4a0c988ce35e8e581e068d0677c45fa~tplv-tiktokx-cropcenter:100:100.jpg?dr=9640&refresh_token=559e6404&x-expires=1780200000&x-signature=GLtvFjBJrM8Sq1NHn1mf57ZV3dE%3D&t=4d5b0474&ps=13740610&shp=30310797&shcp=ff37627b&idc=useast5"
"Para si hay presupuesto pero para tratamiento oncologico ¿no? Wow","3","0","2026-05-21T19:18:29.000Z","kukingee","https://www.tiktok.com/@telediario/video/7642063192079813908","122175151135256576","7642426479939535637","https://p19-common-sign.tiktokcdn-us.com/tos-alisg-avt-0068/731384398e9ccba4a45d04a90aaefca1~tplv-tiktokx-cropcenter:100:100.jpg?dr=9640&refresh_token=045c76a9&x-expires=1780200000&x-signature=LSZ1TIlWtoDBtYd%2BlYE97hd0RFg%3D&t=4d5b0474&ps=13740610&shp=30310797&shcp=ff37627b&idc=useast5"
"uyyy y cuanto le costará a los de la CDMX esos baños?
serán permanentes o solo por lo del mundial 🤨","2","0","2026-05-21T22:17:20.000Z","user324356795","https://www.tiktok.com/@telediario/video/7642063192079813908","7449624784604693510","7642472581531714325","https://p16-common-sign.tiktokcdn-us.com/tos-alisg-avt-0068/e0923ce93608b4f06943e4ca2f6ea3cc~tplv-tiktokx-cropcenter:100:100.jpg?dr=9640&refresh_token=d8458352&x-expires=1780200000&x-signature=Ht%2FXZO4eK0B0AY0e%2FKv6GBuOuKs%3D&t=4d5b0474&ps=13740610&shp=30310797&shcp=ff37627b&idc=useast5"
"quién los. habrá licitado?
cuánto. van a costar?","3","0","2026-05-21T01:12:22.000Z","diegovoltaire","https://www.tiktok.com/@telediario/video/7642063192079813908","6675124270014055429","7642146643441451796","https://p16-common-sign.tiktokcdn-us.com/tos-maliva-avt-0068/7329291866473103365~tplv-tiktokx-cropcenter:100:100.jpg?dr=9640&refresh_token=70bba1de&x-expires=1780200000&x-signature=YCBSOXklwnvKjNsdGP6Yl1tJ2%2FI%3D&t=4d5b0474&ps=13740610&shp=30310797&shcp=ff37627b&idc=useast5"
"No roban la energía ya está la instalación de CFE solo faltan los medidores eso pasa hasta en las casas no lo instalan de inmediato","2","0","2026-05-21T13:49:47.000Z","richardkerstenmx","https://www.tiktok.com/@telediario/video/7642063192079813908","6949165709073531910","7642341863625982728","https://p16-common-sign.tiktokcdn-us.com/tos-maliva-avt-0068/7329160422831947782~tplv-tiktokx-cropcenter:100:100.jpg?dr=9640&refresh_token=77acbe92&x-expires=1780200000&x-signature=vYZxNQblAFVj%2FmJesopTj2DZCz0%3D&t=4d5b0474&ps=13740610&shp=30310797&shcp=ff37627b&idc=useast5"
"Y si mejor le dan el presupuesto a las escuelas y hospitales?","2","0","2026-05-21T04:07:06.000Z","dyan.sol","https://www.tiktok.com/@telediario/video/7642063192079813908","6816096611896263686","7642191654116197140","https://p16-common-sign.tiktokcdn-us.com/tos-alisg-avt-0068/a337dbb33f1342c7d177e590cd3e6479~tplv-tiktokx-cropcenter:100:100.jpg?dr=9640&refresh_token=4e6e185c&x-expires=1780200000&x-signature=9ybyF7UZWooMovZSqvUZzlD%2FxK8%3D&t=4d5b0474&ps=13740610&shp=30310797&shcp=ff37627b&idc=useast5"
"Esas goteras tienen tanto tiempo, qué ya daño el cemento del piso, se nota en la huella.","9","0","2026-05-26T05:44:34.000Z","titas.pa","https://www.tiktok.com/@karolvelda/video/7643328314429443335","7265003027450741765","7644072219656487701","https://p16-common-sign.tiktokcdn-us.com/tos-alisg-avt-0068/df41f53617c763df9db968a8e4609e8a~tplv-tiktokx-cropcenter:100:100.jpg?dr=9640&refresh_token=2279566e&x-expires=1780200000&x-signature=wfKZcaz7yB01DATGLcv6TyVKIKg%3D&t=4d5b0474&ps=13740610&shp=30310797&shcp=ff37627b&idc=useast5"
"uno que otro usuario del metro","14","0","2026-05-25T16:49:34.000Z","fernandofranco176","https://www.tiktok.com/@karolvelda/video/7643328314429443335","6934433401706382342","7643872523890180884","https://p16-common-sign.tiktokcdn-us.com/tos-maliva-avt-0068/7322332213248196613~tplv-tiktokx-cropcenter:100:100.jpg?dr=9640&refresh_token=5e5583f0&x-expires=1780200000&x-signature=E5cQ7hxlU8fsAHGOEFaUlaSSwb4%3D&t=4d5b0474&ps=13740610&shp=30310797&shcp=ff37627b&idc=useast5"
"Maquillaje barato del bienestarttt","12","0","2026-05-24T22:26:59.000Z","engelbert224","https://www.tiktok.com/@karolvelda/video/7643328314429443335","7424315756924191750","7643588382706107154","https://p16-common-sign.tiktokcdn-us.com/tos-maliva-avt-0068/60edf1cd897f2ec11978ed702679e4c4~tplv-tiktokx-cropcenter:100:100.jpg?dr=9640&refresh_token=d61f7048&x-expires=1780200000&x-signature=TEtcCl7Zl7R9csOcxThZH3VjhN4%3D&t=4d5b0474&ps=13740610&shp=30310797&shcp=ff37627b&idc=useast5"
"despierta México","10","1","2026-05-25T05:53:07.000Z","marioalbertocolmenares","https://www.tiktok.com/@karolvelda/video/7643328314429443335","7385826338894218245","7643703379469812488","https://p19-common-sign.tiktokcdn-us.com/tos-maliva-avt-0068/180412eccee78d0f62d7b48bee882cea~tplv-tiktokx-cropcenter:100:100.jpg?dr=9640&refresh_token=5dd4e691&x-expires=1780200000&x-signature=zpNj5g0bfw19HeOe60%2B2V9tD1I4%3D&t=4d5b0474&ps=13740610&shp=30310797&shcp=ff37627b&idc=useast5"
"falto pintura morada","8","0","2026-05-25T16:32:12.000Z","israelgonzlezrold","https://www.tiktok.com/@karolvelda/video/7643328314429443335","7437642977264567352","7643868074994893576","https://p16-common-sign.tiktokcdn-us.com/tos-alisg-avt-0068/5da858108cf10cb4aac294f86aef5436~tplv-tiktokx-cropcenter:100:100.jpg?dr=9640&refresh_token=71348964&x-expires=1780200000&x-signature=%2BtjAamrw9Lj2i4zo9%2FHRETVzgc8%3D&t=4d5b0474&ps=13740610&shp=30310797&shcp=ff37627b&idc=useast5"
"Te se está empezando a meter el agua al titanic","6","1","2026-05-27T04:00:34.000Z","carter.rodriguez04","https://www.tiktok.com/@karolvelda/video/7643328314429443335","7358163091001295877","7644416551986184967","https://p16-common-sign.tiktokcdn-us.com/tos-maliva-avt-0068/7358163231489294341~tplv-tiktokx-cropcenter:100:100.jpg?dr=9640&refresh_token=5601e833&x-expires=1780200000&x-signature=v6Uhi5cvd8Rct2CQw6G4yu9jwZY%3D&t=4d5b0474&ps=13740610&shp=30310797&shcp=ff37627b&idc=useast5"
"creen que colocando una lámpara tipo farol, en una pared ya es una remodelación jajajajaja","10","0","2026-05-25T01:45:44.000Z","raymondladjoficial","https://www.tiktok.com/@karolvelda/video/7643328314429443335","7184079050145629189","7643639596224889608","https://p16-common-sign.tiktokcdn-us.com/tos-maliva-avt-0068/7184102070247489541~tplv-tiktokx-cropcenter:100:100.jpg?dr=9640&refresh_token=14d74461&x-expires=1780200000&x-signature=ShDJu2IoDxt6FHBn8lMkp932Hcs%3D&t=4d5b0474&ps=13740610&shp=30310797&shcp=ff37627b&idc=useast5"
"desde que pasas los torniquetes","7","0","2026-05-27T01:01:53.000Z","ericknengua","https://www.tiktok.com/@karolvelda/video/7643328314429443335","6950803978159391749","7644370487640523538","https://p16-common-sign.tiktokcdn-us.com/tos-maliva-avt-0068/7332100711041859589~tplv-tiktokx-cropcenter:100:100.jpg?dr=9640&refresh_token=0c71a1c6&x-expires=1780200000&x-signature=J6Ks74COP2nAxj1%2FVu0F7JwqpHw%3D&t=4d5b0474&ps=13740610&shp=30310797&shcp=ff37627b&idc=useast5"
"pintura morada,ajokotes y listo.","5","0","2026-05-25T02:53:15.000Z","flaka7528","https://www.tiktok.com/@karolvelda/video/7643328314429443335","7354878207101010950","7643656984899044103","https://p19-common-sign.tiktokcdn-us.com/tos-maliva-avt-0068/7378405138262589445~tplv-tiktokx-cropcenter:100:100.jpg?dr=9640&refresh_token=4db91b46&x-expires=1780200000&x-signature=0RJHJDL01lORgPisqNcPe%2BvJVYg%3D&t=4d5b0474&ps=13740610&shp=30310797&shcp=ff37627b&idc=useast5"
"que compren medicinas x qué luego no hay en el seguro ni para la presión","2","0","2026-05-22T00:13:59.000Z","carmenurbina857","https://www.tiktok.com/@telediario/video/7642063192079813908","7365276162668430341","7642502667680924424","https://p16-common-sign.tiktokcdn-us.com/tos-maliva-avt-0068/7365276652466601989~tplv-tiktokx-cropcenter:100:100.jpg?dr=9640&refresh_token=a76add7c&x-expires=1780200000&x-signature=LmDTU7BFGUdZe1r1fFbeVE8ACZU%3D&t=4d5b0474&ps=13740610&shp=30310797&shcp=ff37627b&idc=useast8"
"Estudie en Inglaterra y déjame decirte que esa filtración no es nada comparado con las inundaciones de por allá","10","7","2026-05-25T01:24:11.000Z","warcry121","https://www.tiktok.com/@karolvelda/video/7643328314429443335","7397411812411868166","7643634050574074642","https://p16-common-sign.tiktokcdn-us.com/tos-maliva-avt-0068/a8c2759307611838501e57f322598c8d~tplv-tiktokx-cropcenter:100:100.jpg?dr=9640&refresh_token=090daaf4&x-expires=1780200000&x-signature=524y6pHB6hOCdxl0NPyX0NTfNH0%3D&t=4d5b0474&ps=13740610&shp=30310797&shcp=ff37627b&idc=useast8"
"Que ponga letrinas o existen los baños públicos. Que les cobren 10 dólares","2","0","2026-05-21T03:14:25.000Z","maryon.rodrguez","https://www.tiktok.com/@telediario/video/7642063192079813908","7388231520757269509","7642178120019362580","https://p16-common-sign.tiktokcdn-eu.com/tos-maliva-avt-0068/ada2a666a3734587966c07c117e1d9a2~tplv-tiktokx-cropcenter:100:100.jpg?dr=10399&refresh_token=e4febc21&x-expires=1780200000&x-signature=s8N0LIZCm2D1dTdLr7XHzFa4RHg%3D&t=4d5b0474&ps=13740610&shp=30310797&shcp=ff37627b&idc=no1a"
"ni hay agua","2","0","2026-05-21T00:08:12.000Z","fernandodexto","https://www.tiktok.com/@telediario/video/7642063192079813908","6965324784427828229","7642130064709468935","https://p16-common-sign.tiktokcdn-eu.com/tos-alisg-avt-0068/4f2fcb1e02d8a7f2a0947726d25a736d~tplv-tiktokx-cropcenter:100:100.jpg?dr=10399&refresh_token=5225d5c9&x-expires=1780200000&x-signature=2WmFhQ1PNHi1%2BCHZgqzq3HkN%2BoM%3D&t=4d5b0474&ps=13740610&shp=30310797&shcp=ff37627b&idc=no1a"
"jajajajaja no mms","1","0","2026-05-22T04:53:37.000Z","hectorperez1902","https://www.tiktok.com/@telediario/video/7642063192079813908","6889634856419951622","7642574748815196929","https://p16-common-sign.tiktokcdn-eu.com/tos-maliva-avt-0068/e636144aa53088f70f4def0c239e83a1~tplv-tiktokx-cropcenter:100:100.jpg?dr=10399&refresh_token=9c714a97&x-expires=1780200000&x-signature=0UG5oWZwIuyGZ0xRM9DCepqk%2BS0%3D&t=4d5b0474&ps=13740610&shp=30310797&shcp=ff37627b&idc=no1a"
"los nuevos hoteles económicos","1","0","2026-05-21T23:19:01.000Z","kevin.abb","https://www.tiktok.com/@telediario/video/7642063192079813908","22141604","7642488433160979207","https://p16-common-sign.tiktokcdn-eu.com/tos-maliva-avt-0068/cd95d8f6ebaa3f2dc0e6e015531933dd~tplv-tiktokx-cropcenter:100:100.jpg?dr=10399&refresh_token=961bf323&x-expires=1780200000&x-signature=2Ipr0sBSfsunjdzpE1gRsqyYOTk%3D&t=4d5b0474&ps=13740610&shp=30310797&shcp=ff37627b&idc=no1a"
"Esta quedando con madre la escenografía🫡","1","0","2026-05-21T23:01:00.000Z","grlaaaaafcccc","https://www.tiktok.com/@telediario/video/7642063192079813908","68217950721175552","7642483849197536007","https://p16-common-sign.tiktokcdn-eu.com/tos-alisg-avt-0068/0ab7409e3355a51c076a65cd59acb663~tplv-tiktokx-cropcenter:100:100.jpg?dr=10399&refresh_token=45fab9a1&x-expires=1780200000&x-signature=1NVJpRKk4GHX6JzJ%2Fy5U4orpO9M%3D&t=4d5b0474&ps=13740610&shp=30310797&shcp=ff37627b&idc=no1a"
"Buena idea pero estoy segura que estarán pésimos porque no tendrán mantenimiento.","1","0","2026-05-21T22:16:51.000Z","nadiarf2","https://www.tiktok.com/@telediario/video/7642063192079813908","6773481503885476870","7642472509459301141","https://p16-common-sign.tiktokcdn-eu.com/tos-maliva-avt-0068/7328236645445337093~tplv-tiktokx-cropcenter:100:100.jpg?dr=10399&refresh_token=3e63f92b&x-expires=1780200000&x-signature=Zyr9QaVmIcIhj9I5anPPJwkvMXU%3D&t=4d5b0474&ps=13740610&shp=30310797&shcp=ff37627b&idc=no1a"
"con la tarjeta de movilidad integrada","1","0","2026-05-21T22:00:09.000Z","deerscarlo","https://www.tiktok.com/@telediario/video/7642063192079813908","7015744820312572934","7642468172201886482","https://p16-common-sign.tiktokcdn-eu.com/tos-alisg-avt-0068/f19c1d1e91942bb87cc27997cd700293~tplv-tiktokx-cropcenter:100:100.jpg?dr=10399&refresh_token=c0cd525d&x-expires=1780200000&x-signature=gxven6BFopJilGZ993PaQvzMS%2BU%3D&t=4d5b0474&ps=13740610&shp=30310797&shcp=ff37627b&idc=no1a"
"y si en los centros de salud nos dan sillas dignas para trabajar y material","1","0","2026-05-21T21:17:00.000Z","normamontenegro94","https://www.tiktok.com/@telediario/video/7642063192079813908","6543581349905940481","7642457095690011409","https://p16-common-sign.tiktokcdn-eu.com/tos-alisg-avt-0068/3745fb8657bba10588a331bebe4afa4c~tplv-tiktokx-cropcenter:100:100.jpg?dr=10399&refresh_token=3423309a&x-expires=1780200000&x-signature=0fD3JkPEwP1PrptRDqkUeOqT9nk%3D&t=4d5b0474&ps=13740610&shp=30310797&shcp=ff37627b&idc=no1a"
"Pero qué tal acá por el Estado de México en cada lluvia parece río.","1","0","2026-05-21T20:57:17.000Z","thaniafuentes1","https://www.tiktok.com/@telediario/video/7642063192079813908","258254330288664578","7642452019383010065","https://p19-common-sign.tiktokcdn-eu.com/tos-maliva-avt-0068/99f87e0d5c4ca80b835de90138b97f0d~tplv-tiktokx-cropcenter:100:100.jpg?dr=10399&refresh_token=4d3d86d6&x-expires=1780200000&x-signature=Ecx%2BG4B0TC1YAb04xDc07XA2r9E%3D&t=4d5b0474&ps=13740610&shp=30310797&shcp=ff37627b&idc=no1a"
"[Sticker] hayyy no","1","0","2026-05-21T19:42:55.000Z","isabelflores6813","https://www.tiktok.com/@telediario/video/7642063192079813908","7102260249079710725","7642432848092349191","https://p16-common-sign.tiktokcdn-eu.com/tos-alisg-avt-0068/9541793d5f2298986ccb5501559ad2f7~tplv-tiktokx-cropcenter:100:100.jpg?dr=10399&refresh_token=f47a218b&x-expires=1780200000&x-signature=sJkMKWEHlKDlZaj2fQgWGjop9qU%3D&t=4d5b0474&ps=13740610&shp=30310797&shcp=ff37627b&idc=no1a"
"lo que van a durar 😂","1","0","2026-05-21T10:51:49.000Z","guzmanmz8","https://www.tiktok.com/@telediario/video/7642063192079813908","7579993207662380044","7642296009553249042","https://p16-common-sign.tiktokcdn-eu.com/tos-alisg-avt-0068/4fc6b30eb991e756b953900170ff4d40~tplv-tiktokx-cropcenter:100:100.jpg?dr=10399&refresh_token=0c9bcb9d&x-expires=1780200000&x-signature=tax0LhUgxvdZ03pjkK0l87auFJc%3D&t=4d5b0474&ps=13740610&shp=30310797&shcp=ff37627b&idc=no1a"
"no nada más por el mundial todos esos sanitarios los deberían de poner en cada transborde de las líneas del metro de la CDMX","3","0","2026-05-21T01:10:53.000Z","prisgarcgobantes96","https://www.tiktok.com/@telediario/video/7642063192079813908","7389114586832159749","7642144964016816914","https://p19-common-sign.tiktokcdn.com/tos-alisg-avt-0068/05c908f7138f57a62cf7eda7044b4972~tplv-tiktokx-cropcenter:100:100.jpg?dr=14579&refresh_token=423febae&x-expires=1780200000&x-signature=mYONW1zIF7AUT2MfLDasAP1Bo5s%3D&t=4d5b0474&ps=13740610&shp=30310797&shcp=ff37627b&idc=my2"
"Nuevas casas para las personas en situación de calle.","2","0","2026-05-22T05:12:36.000Z","alfonso.hyanez","https://www.tiktok.com/@telediario/video/7642063192079813908","7446402302695425029","7642579673284985608","https://p16-common-sign.tiktokcdn.com/tos-alisg-avt-0068/6ac8c40a88e831eb5fdcc92e7c8d9ac9~tplv-tiktokx-cropcenter:100:100.jpg?dr=14579&refresh_token=82b18858&x-expires=1780200000&x-signature=D%2BXcDMAWcWu8ok7PiYjHNiAMemM%3D&t=4d5b0474&ps=13740610&shp=30310797&shcp=ff37627b&idc=my2"
"😂😂😂","0","0","2026-05-28T20:54:02.000Z","roman_roket_lima","https://www.tiktok.com/@tucompaema/video/7644763453785246983","7072426086605505542","7645048785106158344","https://p19-common-sign.tiktokcdn-us.com/tos-alisg-avt-0068/5b76a9649949eca19bc8a045f7089b53~tplv-tiktokx-cropcenter:100:100.jpg?dr=9640&refresh_token=2ae930f1&x-expires=1780200000&x-signature=hWOrlAhrEk1rHT6QqPKKL%2FO2ctY%3D&t=4d5b0474&ps=13740610&shp=30310797&shcp=ff37627b&idc=useast5"
"😳😳😳","0","0","2026-05-28T23:20:31.000Z","nameless1902","https://www.tiktok.com/@tucompaema/video/7644763453785246983","6942854254932624389","7645086520474665735","https://p19-common-sign.tiktokcdn-us.com/tos-alisg-avt-0068/ba049ac91b2df099db983cbf6c235a04~tplv-tiktokx-cropcenter:100:100.jpg?dr=9640&refresh_token=13eb3b5f&x-expires=1780200000&x-signature=Fad0TrNMBdzxmjjhc7%2B9bePYfHM%3D&t=4d5b0474&ps=13740610&shp=30310797&shcp=ff37627b&idc=useast5"
"🤣🤣🤣","0","0","2026-05-29T00:59:33.000Z","alvarobadso","https://www.tiktok.com/@tucompaema/video/7644763453785246983","7424613248165856261","7645111983650931477","https://p19-common-sign.tiktokcdn-us.com/tos-alisg-avt-0068/04b6eb8c3202326b666ab958f93397d5~tplv-tiktokx-cropcenter:100:100.jpg?dr=9640&refresh_token=e819a2c9&x-expires=1780200000&x-signature=5cPFl%2F8%2BgAWNYG7NaYE1gxxBSGs%3D&t=4d5b0474&ps=13740610&shp=30310797&shcp=ff37627b&idc=useast5"
"😳😳😳","0","0","2026-05-29T05:39:14.000Z","ale.pea84","https://www.tiktok.com/@tucompaema/video/7644763453785246983","7503395554446197780","7645184143391294226","https://p19-common-sign.tiktokcdn-us.com/tos-alisg-avt-0068/6a360e1289fb9bc392dc3fede62908e0~tplv-tiktokx-cropcenter:100:100.jpg?dr=9640&refresh_token=9993a585&x-expires=1780200000&x-signature=UdIw7xI0XAYedWYbPYqxs6dgk2Y%3D&t=4d5b0474&ps=13740610&shp=30310797&shcp=ff37627b&idc=useast5"
"😁😁😁","0","0","2026-05-28T09:22:49.000Z","ivonne.granados6","https://www.tiktok.com/@tucompaema/video/7644763453785246983","7537846687802033208","7644870655570346759","https://p19-common-sign.tiktokcdn-us.com/tos-alisg-avt-0068/52b6680df9ce3653bacaf54307366d11~tplv-tiktokx-cropcenter:100:100.jpg?dr=9640&refresh_token=f40dcb6e&x-expires=1780200000&x-signature=Im7z11VISHpKMygvgF5pBHYI23E%3D&t=4d5b0474&ps=13740610&shp=30310797&shcp=ff37627b&idc=useast5"
"🤣🤣🤣","0","0","2026-05-28T19:52:28.000Z","llulius.azem","https://www.tiktok.com/@tucompaema/video/7644763453785246983","7272077471083250694","7645032910718305031","https://p16-common-sign.tiktokcdn-us.com/tos-maliva-avt-0068/7272382332018163718~tplv-tiktokx-cropcenter:100:100.jpg?dr=9640&refresh_token=32967b8d&x-expires=1780200000&x-signature=Z5SyRLH2QhTTZzfErwVKwHdYEGs%3D&t=4d5b0474&ps=13740610&shp=30310797&shcp=ff37627b&idc=useast5"
"Jajajajajajq no mmen","1","0","2026-05-21T16:05:41.000Z","itzeldcmtz","https://www.tiktok.com/@telediario/video/7642063192079813908","6759393839976596486","7642376842901832469","https://p19-common-sign.tiktokcdn-us.com/tos-alisg-avt-0068/010e46ec03b8e24cf99445abec0e09b8~tplv-tiktokx-cropcenter:100:100.jpg?dr=9640&refresh_token=643c9aba&x-expires=1780200000&x-signature=EAMb2KxmSGmTIrqCdNCIvs8FBDk%3D&t=4d5b0474&ps=13740610&shp=30310797&shcp=ff37627b&idc=useast8"
"[Sticker] ","1","0","2026-05-21T00:24:22.000Z","hiltonnena1","https://www.tiktok.com/@telediario/video/7642063192079813908","7065928309318632453","7642134289341809426","https://p19-common-sign.tiktokcdn-us.com/tos-alisg-avt-0068/a541f20f2696eeba20e7d532413ce8d7~tplv-tiktokx-cropcenter:100:100.jpg?dr=9640&refresh_token=6491d0b8&x-expires=1780200000&x-signature=vnTYepYjv6%2BNlA7dL48uLqSdgPM%3D&t=4d5b0474&ps=13740610&shp=30310797&shcp=ff37627b&idc=useast8"
"Súper bien, por que se ocupan !! Luego te andan multando por orinar pero tampoco no hay baños cercanos !!","1","0","2026-05-21T05:50:37.000Z","carloscortes454","https://www.tiktok.com/@telediario/video/7642063192079813908","6669552378838745093","7642218372960207636","https://p16-common-sign.tiktokcdn-us.com/tos-maliva-avt-0068/ba44976a8390fd1d6a271b157cfc5ea2~tplv-tiktokx-cropcenter:100:100.jpg?dr=9640&refresh_token=02a0258b&x-expires=1780200000&x-signature=xjVig2KwFbzh5ldtXVUhP9dconk%3D&t=4d5b0474&ps=13740610&shp=30310797&shcp=ff37627b&idc=useast8"
"no maaaa...","1","0","2026-05-21T20:39:37.000Z","murciegalamu","https://www.tiktok.com/@telediario/video/7642063192079813908","6944134974548755461","7642447429099373320","https://p19-common-sign.tiktokcdn-us.com/tos-maliva-avt-0068/7108813598792613893~tplv-tiktokx-cropcenter:100:100.jpg?dr=9640&refresh_token=34f25516&x-expires=1780200000&x-signature=9IC2Hes%2FdEI4CZZjGkj%2FLRQeqb4%3D&t=4d5b0474&ps=13740610&shp=30310797&shcp=ff37627b&idc=useast8"
"Y los baches ?????","2","0","2026-05-21T02:34:55.000Z","kenn_barragan","https://www.tiktok.com/@telediario/video/7642063192079813908","7094398510641382406","7642167943933281031","https://p16-common-sign.tiktokcdn-us.com/tos-maliva-avt-0068/500593c4413f32aba29ae218720d8baa~tplv-tiktokx-cropcenter:100:100.jpg?dr=9640&refresh_token=906ef445&x-expires=1780200000&x-signature=CRN%2FSBgwjWosZ8im5UdcoHtFl9s%3D&t=4d5b0474&ps=13740610&shp=30310797&shcp=ff37627b&idc=useast8"
"y el estado vlv..no mms😅😅","1","0","2026-05-22T00:36:54.000Z","vevita209","https://www.tiktok.com/@telediario/video/7642063192079813908","6875048834091713537","7642508604029567752","https://p19-common-sign.tiktokcdn-us.com/tos-alisg-avt-0068/ec50bbb646531de05aa917237ec8df60~tplv-tiktokx-cropcenter:100:100.jpg?dr=9640&refresh_token=088dbdb4&x-expires=1780200000&x-signature=yZFYa8GY8fnBMM7RohjFAi3LIwY%3D&t=4d5b0474&ps=13740610&shp=30310797&shcp=ff37627b&idc=useast8"
"Para que después lo sirvan para nada","1","0","2026-05-21T03:01:17.000Z","loberasebas","https://www.tiktok.com/@telediario/video/7642063192079813908","7256650053510939653","7642174672541762325","https://p16-common-sign.tiktokcdn-us.com/tos-alisg-avt-0068/df0446bb7902d6c643bed42bbe966a33~tplv-tiktokx-cropcenter:100:100.jpg?dr=9640&refresh_token=2a3c13a2&x-expires=1780200000&x-signature=%2F3dt2V5UFRSgAcEiCN9VKMg5QH4%3D&t=4d5b0474&ps=13740610&shp=30310797&shcp=ff37627b&idc=useast8"
"y las coladeras trampa, para cuando 🤔","1","0","2026-05-21T05:06:28.000Z","vikingo4797","https://www.tiktok.com/@telediario/video/7642063192079813908","7417162148775871494","7642206999988142856","https://p19-common-sign.tiktokcdn-us.com/tos-alisg-avt-0068/e8bff5362ab632561fc8a7d1debde0be~tplv-tiktokx-cropcenter:100:100.jpg?dr=9640&refresh_token=c840e6fc&x-expires=1780200000&x-signature=AEhKjLEwCB46A5ny4MeR8QMIcmQ%3D&t=4d5b0474&ps=13740610&shp=30310797&shcp=ff37627b&idc=useast8"
"La primera señora tiene toda la razón 🥰","1","0","2026-05-21T03:07:18.000Z","www.tiktok.comzazuale","https://www.tiktok.com/@telediario/video/7642063192079813908","7485768798042915847","7642176260106552085","https://p19-common-sign.tiktokcdn-us.com/tos-alisg-avt-0068/eee6c9c0b278ff2b484f5291a560d889~tplv-tiktokx-cropcenter:100:100.jpg?dr=9640&refresh_token=d49285e1&x-expires=1780200000&x-signature=EGxnRKsMY1eNfE9ebi1J%2F8lTU0E%3D&t=4d5b0474&ps=13740610&shp=30310797&shcp=ff37627b&idc=useast8"
"Nada les parece 🤷🏻‍♀️","1","0","2026-05-21T04:21:08.000Z","lmegnuz","https://www.tiktok.com/@telediario/video/7642063192079813908","6646144548341563398","7642195289513181969","https://p19-common-sign.tiktokcdn-us.com/tos-maliva-avt-0068/497ff8828b17fe5066363a22a345843d~tplv-tiktokx-cropcenter:100:100.jpg?dr=9640&refresh_token=089e4ee4&x-expires=1780200000&x-signature=QN22uqRFoTMnHm82G2eMLSwADVY%3D&t=4d5b0474&ps=13740610&shp=30310797&shcp=ff37627b&idc=useast8"
"No gracias","1","0","2026-05-20T23:40:54.000Z","sarahilun","https://www.tiktok.com/@telediario/video/7642063192079813908","6769800473613566982","7642122996535264020","https://p16-common-sign.tiktokcdn-us.com/tos-maliva-avt-0068/49f12c30151a19125a2dff00cc588dd2~tplv-tiktokx-cropcenter:100:100.jpg?dr=9640&refresh_token=cfe9ee76&x-expires=1780200000&x-signature=OMmPSiHf4W9Tex3p%2FYGvzbw0bmI%3D&t=4d5b0474&ps=13740610&shp=30310797&shcp=ff37627b&idc=useast8"
"Ay sí y en unos meses va costar jaja","1","0","2026-05-21T01:08:24.000Z","melanie_ast7","https://www.tiktok.com/@telediario/video/7642063192079813908","7397423290790790150","7642145629934535432","https://p19-common-sign.tiktokcdn-us.com/tos-alisg-avt-0068/138499d7460a8df86c497c1a4d1cea7a~tplv-tiktokx-cropcenter:100:100.jpg?dr=9640&refresh_token=ba888ef4&x-expires=1780200000&x-signature=ES6Y5ZWdsNIazFotiPl6DFrLo04%3D&t=4d5b0474&ps=13740610&shp=30310797&shcp=ff37627b&idc=useast8"
"y pregunta cuánto costara?","1","0","2026-05-20T23:52:54.000Z","mormini","https://www.tiktok.com/@telediario/video/7642063192079813908","6803777968352330758","7642126178263417607","https://p19-common-sign.tiktokcdn-us.com/tos-maliva-avt-0068/999a4d9815988156069959a9b18b230c~tplv-tiktokx-cropcenter:100:100.jpg?dr=9640&refresh_token=6bffb4a6&x-expires=1780200000&x-signature=a9YvbFeVbhSq1ZVWSTXtk%2BmUlMs%3D&t=4d5b0474&ps=13740610&shp=30310797&shcp=ff37627b&idc=useast8"
"pues que bueno porque mi trabajo es en campo y luego no encuentro baños 😫😫😫😫","1","0","2026-05-21T02:15:05.000Z","samantha.castillo2","https://www.tiktok.com/@telediario/video/7642063192079813908","7254619650230125574","7642162836155876103","https://p19-common-sign.tiktokcdn-us.com/tos-alisg-avt-0068/d7c58338872a0a573b3cf6a6ac8bf56b~tplv-tiktokx-cropcenter:100:100.jpg?dr=9640&refresh_token=19d7e319&x-expires=1780200000&x-signature=9hiVbXqH8rSWtTDhuZpmQ9oLhqE%3D&t=4d5b0474&ps=13740610&shp=30310797&shcp=ff37627b&idc=useast8"
"La palabra pandemia te dice algo?🙄","0","1","2026-05-29T19:20:57.000Z","latinos.emprendedores","https://www.tiktok.com/@tucompaema/video/7644763453785246983","6777967708799124485","7645395839985369877","https://p16-common-sign.tiktokcdn-eu.com/tos-maliva-avt-0068/7336131599194390534~tplv-tiktokx-cropcenter:100:100.jpg?dr=10399&refresh_token=421af9ed&x-expires=1780200000&x-signature=hkLHLFkhLgcQCJUFpUUQj1Gfg0s%3D&t=4d5b0474&ps=13740610&shp=30310797&shcp=ff37627b&idc=no1a"
"Jajaja y cobraron como si fuera una restauración completa","66","2","2026-05-25T00:12:19.000Z","antonio.pm04","https://www.tiktok.com/@karolvelda/video/7643328314429443335","6813196897441907718","7643615513470157575","https://p16-common-sign.tiktokcdn.com/tos-maliva-avt-0068/4bef80e12853a9a76525c2b241c82f66~tplv-tiktokx-cropcenter:100:100.jpg?dr=14579&refresh_token=4ebd467a&x-expires=1780200000&x-signature=XZkLoafQRsBRL4efyrnI4ZhZm%2BI%3D&t=4d5b0474&ps=13740610&shp=30310797&shcp=ff37627b&idc=my2"
"cómo experta en la materia que sugiere usted ingeniera del tiktok","24","29","2026-05-24T20:02:05.000Z","shynnuen","https://www.tiktok.com/@karolvelda/video/7643328314429443335","7249533741958169605","7643551052202050322","https://p16-common-sign.tiktokcdn.com/tos-maliva-avt-0068/29c55c148b8622b16dde71233fbd685e~tplv-tiktokx-cropcenter:100:100.jpg?dr=14579&refresh_token=d886aabc&x-expires=1780200000&x-signature=tIcT6Kj%2BmZQNUQBEIFnQhs7gZ%2B8%3D&t=4d5b0474&ps=13740610&shp=30310797&shcp=ff37627b&idc=my2"
"si es buena opción con el débido mantenimiento desde hace años lo hubieran instalado","2","0","2026-05-20T23:05:36.000Z","dhavydhariusmende","https://www.tiktok.com/@telediario/video/7642063192079813908","6615671350600826885","7642113883856061204","https://p16-common-sign.tiktokcdn.com/tos-maliva-avt-0068/6dfa2e61dd380b3141c9cce1308dab89~tplv-tiktokx-cropcenter:100:100.jpg?dr=14579&refresh_token=60625448&x-expires=1780200000&x-signature=LxlwWGD6xsc3A1Xg7uRprcn9n1A%3D&t=4d5b0474&ps=13740610&shp=30310797&shcp=ff37627b&idc=my"
"Y no sería mejor que den mantenimiento o modernicen los semáforos de la ciudad? 🫠","1","0","2026-05-21T01:11:08.000Z","sarahylucas4","https://www.tiktok.com/@telediario/video/7642063192079813908","6703401414964855814","7642146311955383047","https://p16-common-sign.tiktokcdn.com/tos-alisg-avt-0068/69b4b65227061a2d6d3f6c60fc0e9648~tplv-tiktokx-cropcenter:100:100.jpg?dr=14579&refresh_token=a348b427&x-expires=1780200000&x-signature=NwbP3xBl1hrjYqcY%2B1zvWqhoTYA%3D&t=4d5b0474&ps=13740610&shp=30310797&shcp=ff37627b&idc=my"
"es para que haga contraste con la arquitectura.","8","0","2026-05-25T05:57:27.000Z","alejandrosanchez5252","https://www.tiktok.com/@karolvelda/video/7643328314429443335","7575215759916991504","7643702691118367508","https://p16-common-sign.tiktokcdn-us.com/tos-alisg-avt-0068/9862dd5662fcd0e1e39bbb3aa64c95c4~tplv-tiktokx-cropcenter:100:100.jpg?dr=9640&refresh_token=5ecdfde1&x-expires=1780200000&x-signature=jYHDxJKEXaq8LQcKUW%2BjE8VTeJw%3D&t=4d5b0474&ps=13740610&shp=30310797&shcp=ff37627b&idc=useast8"
"remodelacion a medias, igual que en las calles de la CDMX.","7","0","2026-05-25T06:09:16.000Z","xochitlsanchez2965","https://www.tiktok.com/@karolvelda/video/7643328314429443335","7519029771751343111","7643706203231077141","https://p16-common-sign.tiktokcdn-us.com/tos-alisg-avt-0068/4297a6ea37c9e64737b020ecffacc5d5~tplv-tiktokx-cropcenter:100:100.jpg?dr=9640&refresh_token=f1f2f0a4&x-expires=1780200000&x-signature=J3UbD3hllEAPFXcU2%2Bfn74LEAj0%3D&t=4d5b0474&ps=13740610&shp=30310797&shcp=ff37627b&idc=useast8"
"las bromas del gobierno!!!!","6","0","2026-05-25T00:09:40.000Z","tani.meli0","https://www.tiktok.com/@karolvelda/video/7643328314429443335","6979302949278221317","7643614837985215239","https://p19-common-sign.tiktokcdn-us.com/tos-maliva-avt-0068/71ef2182adb67f9c0f4806f57e08836b~tplv-tiktokx-cropcenter:100:100.jpg?dr=9640&refresh_token=b6b59c35&x-expires=1780200000&x-signature=RvQrIwv9cMI1slwce3uE45my5HY%3D&t=4d5b0474&ps=13740610&shp=30310797&shcp=ff37627b&idc=useast8"
"🤦‍♀️🤦‍♀️🤦‍♀️🤦‍♀️mejor no hagan nada 🤣😂🤣🙏🏼","8","0","2026-05-25T03:04:06.000Z","dominguez.rc","https://www.tiktok.com/@karolvelda/video/7643328314429443335","7185188360142128134","7643659776967525138","https://p19-common-sign.tiktokcdn-us.com/tos-maliva-avt-0068/b5422dcc19a7a5ae0a69cb562171304c~tplv-tiktokx-cropcenter:100:100.jpg?dr=9640&refresh_token=82fd8a34&x-expires=1780200000&x-signature=1SCoPUgOVtfWDhBHOuuy%2FnYrJRM%3D&t=4d5b0474&ps=13740610&shp=30310797&shcp=ff37627b&idc=useast8"
"así es la vida... le arreglas una cosa y se descompone otra 😂","9","0","2026-05-24T23:38:53.000Z","elensorssa","https://www.tiktok.com/@karolvelda/video/7643328314429443335","6797405009627251717","7643606918409224968","https://p19-common-sign.tiktokcdn-us.com/tos-alisg-avt-0068/d5b9487e77e2c495fd7f66d4c858127f~tplv-tiktokx-cropcenter:100:100.jpg?dr=9640&refresh_token=1dd3df56&x-expires=1780200000&x-signature=7rTnSMY8FAuH2OxSmh2JOvqoOqk%3D&t=4d5b0474&ps=13740610&shp=30310797&shcp=ff37627b&idc=useast8"
"Eso le da un toque Vintage 😁","9","0","2026-05-24T23:17:02.000Z","jesmtzjim","https://www.tiktok.com/@karolvelda/video/7643328314429443335","6818767031275897862","7643601268920828692","https://p16-common-sign.tiktokcdn-us.com/tos-maliva-avt-0068/7323261443754639366~tplv-tiktokx-cropcenter:100:100.jpg?dr=9640&refresh_token=8ec0bc94&x-expires=1780200000&x-signature=4AlfnPEWQwIHxTqSAB96HcoONeM%3D&t=4d5b0474&ps=13740610&shp=30310797&shcp=ff37627b&idc=useast8"
"exacto las goteras l humedad las escaleras eléctricas que no sirven para eso hubieran usado el presupuesto no que puras cosas inservibles","5","0","2026-05-26T17:26:08.000Z","alejandracastillo010","https://www.tiktok.com/@karolvelda/video/7643328314429443335","6892519838205166594","7644253048856675079","https://p16-common-sign.tiktokcdn-us.com/tos-alisg-avt-0068/41970c63c3f068ccd370fa8977603344~tplv-tiktokx-cropcenter:100:100.jpg?dr=9640&refresh_token=dbc72366&x-expires=1780200000&x-signature=xhQksOzi4wsSpbag6bNfe3jwlB8%3D&t=4d5b0474&ps=13740610&shp=30310797&shcp=ff37627b&idc=useast8"
"Composturas del bienestar","9","0","2026-05-25T00:01:31.000Z","paodyl","https://www.tiktok.com/@karolvelda/video/7643328314429443335","6811710174429283334","7643612664774542100","https://p16-common-sign.tiktokcdn-us.com/tos-maliva-avt-0068/7326231494358859782~tplv-tiktokx-cropcenter:100:100.jpg?dr=9640&refresh_token=0a2dc1fe&x-expires=1780200000&x-signature=eOHRiPLtt5%2Fqpmsbx3T1SDJXrWE%3D&t=4d5b0474&ps=13740610&shp=30310797&shcp=ff37627b&idc=useast8"
"Se abrirá de inmediato una carpeta de investigación.","5","0","2026-05-25T23:19:27.000Z","refugio.castillo81","https://www.tiktok.com/@karolvelda/video/7643328314429443335","7568759067448787984","7643972950445540117","https://p16-common-sign.tiktokcdn-us.com/tos-alisg-avt-0068/4e3a476e6b94a13b723f392974b9f600~tplv-tiktokx-cropcenter:100:100.jpg?dr=9640&refresh_token=64a36de3&x-expires=1780200000&x-signature=TE9DFs5LlgNAMcKu3juAPQs4cL0%3D&t=4d5b0474&ps=13740610&shp=30310797&shcp=ff37627b&idc=useast8"
"es solo para guardar las apariencias","5","0","2026-05-25T01:08:29.000Z","holydayver","https://www.tiktok.com/@karolvelda/video/7643328314429443335","7238483196585034757","7643630014558765842","https://p19-common-sign.tiktokcdn-us.com/tos-alisg-avt-0068/aa510f1573c8ff062ac015dbf86ecdcf~tplv-tiktokx-cropcenter:100:100.jpg?dr=9640&refresh_token=1993296d&x-expires=1780200000&x-signature=rWZZFEKanrHBci4m7HbCOIzBIus%3D&t=4d5b0474&ps=13740610&shp=30310797&shcp=ff37627b&idc=useast8"
"[Sticker] DE HECHO PENSE QUE ERA EL UNICO QUE SE DIO CUENTA DEL TEMA xD 🤣","8","0","2026-05-25T11:12:19.000Z","kruspe.ssj4","https://www.tiktok.com/@karolvelda/video/7643328314429443335","7331950639667512326","7643785619416302344","https://p19-common-sign.tiktokcdn-us.com/tos-alisg-avt-0068/415596f5b055af6e4960f85a5728c64e~tplv-tiktokx-cropcenter:100:100.jpg?dr=9640&refresh_token=dfdaec6e&x-expires=1780200000&x-signature=WvbidauAGI9ZMr5JoYNFYvYttM0%3D&t=4d5b0474&ps=13740610&shp=30310797&shcp=ff37627b&idc=useast8"
"Se pasaron yo me imaginaba más moderno el metro que iba a quedar pero no así.😌","6","0","2026-05-26T01:02:13.000Z","jus08517","https://www.tiktok.com/@karolvelda/video/7643328314429443335","7412047628362368006","7643999437093864212","https://p19-common-sign.tiktokcdn-us.com/tos-maliva-avt-0068/f49ad35e602774d71833a4d9df8119b2~tplv-tiktokx-cropcenter:100:100.jpg?dr=9640&refresh_token=79d3e4db&x-expires=1780200000&x-signature=TuPLCJtFyZobM4P1pRMX84ALspA%3D&t=4d5b0474&ps=13740610&shp=30310797&shcp=ff37627b&idc=useast8"
"Normal diran que entre en calendabro y la pinta dirán que costo 9.5 millones de dólares para justificar no te espantes","6","0","2026-05-25T03:41:24.000Z","oso.panda.gris","https://www.tiktok.com/@karolvelda/video/7643328314429443335","7326812544403047429","7643669427351929607","https://p19-common-sign.tiktokcdn-us.com/tos-alisg-avt-0068/ccc9ae85bae912e20f2a415740e43f22~tplv-tiktokx-cropcenter:100:100.jpg?dr=9640&refresh_token=5d4bf3a9&x-expires=1780200000&x-signature=nAPUyR54PVKAdpi7jm20kcHGwlg%3D&t=4d5b0474&ps=13740610&shp=30310797&shcp=ff37627b&idc=useast8"
"es impresionismo /arte abstracto. Lo pintó un artista famoso y costo millones.","7","0","2026-05-25T02:35:12.000Z","egrojlobo","https://www.tiktok.com/@karolvelda/video/7643328314429443335","6920679628986598402","7643652355510534930","https://p16-common-sign.tiktokcdn-us.com/tos-alisg-avt-0068/42d4bca5f1f50734d9ec8da935e01627~tplv-tiktokx-cropcenter:100:100.jpg?dr=9640&refresh_token=2f66ac6d&x-expires=1780200000&x-signature=PKRNld15yiPmG6SnwSO2hdZdgV0%3D&t=4d5b0474&ps=13740610&shp=30310797&shcp=ff37627b&idc=useast8"
"[Sticker] No lo entiendes es el toque de humildad que todo burgués necesita","8","0","2026-05-24T22:12:13.000Z","azul94.1","https://www.tiktok.com/@karolvelda/video/7643328314429443335","7612399039280219156","7643584587058463495","https://p19-common-sign.tiktokcdn-us.com/tos-alisg-avt-0068/86e33368840ec685afc27e17a70081af~tplv-tiktokx-cropcenter:100:100.jpg?dr=9640&refresh_token=881802a6&x-expires=1780200000&x-signature=XPHsEq3RKMjdJbYRGtzJ%2BmzyZ04%3D&t=4d5b0474&ps=13740610&shp=30310797&shcp=ff37627b&idc=useast8"
"Jajajaja es para sentir q estas en Venecia entre lujos y agua","6","0","2026-05-26T01:34:34.000Z","lilith.astaroth7","https://www.tiktok.com/@karolvelda/video/7643328314429443335","7444388480953926711","7644006359004005141","https://p16-common-sign.tiktokcdn-us.com/tos-maliva-avt-0068/f6ba36cdef3b9f772fd317b554d5ed7f~tplv-tiktokx-cropcenter:100:100.jpg?dr=9640&refresh_token=d071d975&x-expires=1780200000&x-signature=5THEo3kZnG4BQrq48XSYHTwOExg%3D&t=4d5b0474&ps=13740610&shp=30310797&shcp=ff37627b&idc=useast8"
"Siguen las simulaciones, hicieron como que remodelaron, y a la primera de las lluvias, ven lo obvio, lo mal hecho😐","9","0","2026-05-24T22:34:14.000Z","gigileco","https://www.tiktok.com/@karolvelda/video/7643328314429443335","6988729066922066950","7643588782964622098","https://p19-common-sign.tiktokcdn-us.com/tos-alisg-avt-0068/39a5b211f027abc812e8e5ab8d412907~tplv-tiktokx-cropcenter:100:100.jpg?dr=9640&refresh_token=1d47245b&x-expires=1780200000&x-signature=KZrtLRsYwOBddfirU5pz8kDM4qA%3D&t=4d5b0474&ps=13740610&shp=30310797&shcp=ff37627b&idc=useast8"
"Es parte bro es una mezcla de arte antiguo con arte moderno aestetic","7","0","2026-05-25T02:19:00.000Z","solemma1993","https://www.tiktok.com/@karolvelda/video/7643328314429443335","7279295410954699781","7643648178952274709","https://p19-common-sign.tiktokcdn-us.com/tos-maliva-avt-0068/7279296194304409605~tplv-tiktokx-cropcenter:100:100.jpg?dr=9640&refresh_token=9b2e3ea8&x-expires=1780200000&x-signature=6m%2FO%2F3E4VYHDfbIttsCkjZce9Ho%3D&t=4d5b0474&ps=13740610&shp=30310797&shcp=ff37627b&idc=useast8"
"maquillaje del bienestar","7","0","2026-05-24T20:07:37.000Z","heismork","https://www.tiktok.com/@karolvelda/video/7643328314429443335","6562970699743690757","7643552486875464456","https://p16-common-sign.tiktokcdn-us.com/tos-maliva-avt-0068/b9a7ffaec3e5cf47a02a2ce950b4a30e~tplv-tiktokx-cropcenter:100:100.jpg?dr=9640&refresh_token=53669370&x-expires=1780200000&x-signature=oBIZWD7rhC9rCAYGQ38OuIzJbiA%3D&t=4d5b0474&ps=13740610&shp=30310797&shcp=ff37627b&idc=useast8"
"[Sticker] Gobierno de la Ciudad de México","9","0","2026-05-24T22:01:14.000Z","eddy855","https://www.tiktok.com/@karolvelda/video/7643328314429443335","6811944476886451205","7643581734722011912","https://p19-common-sign.tiktokcdn-us.com/tos-maliva-avt-0068/ed1cb79dfc3f482155bc96b16474f260~tplv-tiktokx-cropcenter:100:100.jpg?dr=9640&refresh_token=fdd09974&x-expires=1780200000&x-signature=o4%2Fhos%2Bij5IH%2BTobMbpDuycjK5U%3D&t=4d5b0474&ps=13740610&shp=30310797&shcp=ff37627b&idc=useast8"
"Les digo que hay goteras , en pino Suárez llueve más dentro que fuera del metro","7","0","2026-05-26T04:02:40.000Z","teremfgwn9j","https://www.tiktok.com/@karolvelda/video/7643328314429443335","7225660134151930886","7644045970385126160","https://p19-common-sign.tiktokcdn-us.com/tos-alisg-avt-0068/e9b7ac64f4e237617f9d12530ae78e7a~tplv-tiktokx-cropcenter:100:100.jpg?dr=9640&refresh_token=11b76d1d&x-expires=1780200000&x-signature=2J6qTnB1oDNBn%2F31UXS99GyNP%2Bc%3D&t=4d5b0474&ps=13740610&shp=30310797&shcp=ff37627b&idc=useast8"
"y se sigue parando el metro a veces :'v","7","1","2026-05-25T03:01:30.000Z","vayejacinto","https://www.tiktok.com/@karolvelda/video/7643328314429443335","7037643655612531717","7643659115890688786","https://p19-common-sign.tiktokcdn-us.com/tos-alisg-avt-0068/58e59b1528de990467122a0e0e565718~tplv-tiktokx-cropcenter:100:100.jpg?dr=9640&refresh_token=d93772b8&x-expires=1780200000&x-signature=NpsO5s1G3L2PyK%2BV3wjB3B2CvRU%3D&t=4d5b0474&ps=13740610&shp=30310797&shcp=ff37627b&idc=useast8"
"justo... Vi en un video como pintaban de morado un edificio en ruinas que ya se estaba cayendo.","6","0","2026-05-25T17:54:33.000Z","latiademaya","https://www.tiktok.com/@karolvelda/video/7643328314429443335","6769421109353808902","7643889281248887572","https://p16-common-sign.tiktokcdn-us.com/tos-alisg-avt-0068/67497d97b3b3f00dacfe95b43d69ef9d~tplv-tiktokx-cropcenter:100:100.jpg?dr=9640&refresh_token=d3385341&x-expires=1780200000&x-signature=StGeSGZnHRTznhI8390ibjc7Ock%3D&t=4d5b0474&ps=13740610&shp=30310797&shcp=ff37627b&idc=useast8"
"[Sticker] ","0","0","2026-05-21T09:08:13.000Z","vicky_luun","https://www.tiktok.com/@telediario/video/7642063192079813908","6817339772111471621","7642269284270621457","https://p19-common-sign.tiktokcdn-us.com/tos-alisg-avt-0068/dee7d562f9e637259ea731de977128d8~tplv-tiktokx-cropcenter:100:100.jpg?dr=9640&refresh_token=f092d475&x-expires=1780200000&x-signature=1SBdTrdhzKucCkOS8eCmXd%2B96%2BY%3D&t=4d5b0474&ps=13740610&shp=30310797&shcp=ff37627b&idc=useast8"
"pudieron arreglar la ciudad pero no los hospitales, ojalá que con toda la derrama económica que se tendrá lo del mundial mejoren los servicios públicos de primera necesidad","0","0","2026-05-21T08:26:57.000Z","userj8oo","https://www.tiktok.com/@telediario/video/7642063192079813908","7437758485968962616","7642258636249858837","https://p16-common-sign.tiktokcdn-us.com/tos-alisg-avt-0068/cc07b60082a5b7ec8119030efe9121a3~tplv-tiktokx-cropcenter:100:100.jpg?dr=9640&refresh_token=ee979b22&x-expires=1780200000&x-signature=PI8JGLqhs6KHNha2VuIqOK0EsCs%3D&t=4d5b0474&ps=13740610&shp=30310797&shcp=ff37627b&idc=useast8"
"cómo si valiera la pena","0","0","2026-05-21T13:52:17.000Z","marly_793","https://www.tiktok.com/@telediario/video/7642063192079813908","7353061455329854470","7642342523561673490","https://p19-common-sign.tiktokcdn-us.com/tos-alisg-avt-0068/006feb2a12598cbeee0259643f7f1745~tplv-tiktokx-cropcenter:100:100.jpg?dr=9640&refresh_token=d537fdf7&x-expires=1780200000&x-signature=CWUELUlgNsTYiFgvnW3DLRrXFko%3D&t=4d5b0474&ps=13740610&shp=30310797&shcp=ff37627b&idc=useast8"
"mejor arreglen las cosas","0","0","2026-05-21T13:32:13.000Z","citla_es0","https://www.tiktok.com/@telediario/video/7642063192079813908","6885524439333618689","7642337329399202580","https://p19-common-sign.tiktokcdn-us.com/tos-alisg-avt-0068/e5b579956dc20f64de0238054f0af1f4~tplv-tiktokx-cropcenter:100:100.jpg?dr=9640&refresh_token=0dbb38e5&x-expires=1780200000&x-signature=yireicA8M3E4V4w%2BEx3kjJftjYU%3D&t=4d5b0474&ps=13740610&shp=30310797&shcp=ff37627b&idc=useast8"
"exacto por apariencia","0","0","2026-05-24T02:44:15.000Z","marisolita_correa","https://www.tiktok.com/@telediario/video/7642063192079813908","6813134051022210053","7643283478033924881","https://p19-common-sign.tiktokcdn-us.com/tos-alisg-avt-0068/cc327161eb6bc083c62e3b47da8d8744~tplv-tiktokx-cropcenter:100:100.jpg?dr=9640&refresh_token=ea5b5b19&x-expires=1780200000&x-signature=BOP%2FBvyXK6zg0HIB0mCsVsDTpr4%3D&t=4d5b0474&ps=13740610&shp=30310797&shcp=ff37627b&idc=useast8"
"3 mil millones de pesos costaron seguramente!! Y se embolsaron más de la mitad!!!
Y van a costar más de 30 pesos el acceso!","0","0","2026-05-21T07:01:59.000Z","lex_cg01","https://www.tiktok.com/@telediario/video/7642063192079813908","6875184868780377093","7642236788723270416","https://p19-common-sign.tiktokcdn-us.com/tos-alisg-avt-0068/7328420910749188104~tplv-tiktokx-cropcenter:100:100.jpg?dr=9640&refresh_token=7eb86fe6&x-expires=1780200000&x-signature=rlzIOLWZ1Zt8AdO5dk1au6z4RcM%3D&t=4d5b0474&ps=13740610&shp=30310797&shcp=ff37627b&idc=useast8"
"Pongan botes de basura que no ha en ningún lado mejor!","0","0","2026-05-21T20:56:36.000Z","breejgonzalez","https://www.tiktok.com/@telediario/video/7642063192079813908","6776861375061165061","7642451841284014866","https://p16-common-sign.tiktokcdn-us.com/tos-maliva-avt-0068/7321825656634310661~tplv-tiktokx-cropcenter:100:100.jpg?dr=9640&refresh_token=76562c8a&x-expires=1780200000&x-signature=XwV501%2F3mUZtNS0p57Goi2vOImI%3D&t=4d5b0474&ps=13740610&shp=30310797&shcp=ff37627b&idc=useast8"
"que va a pasar después???? quien les va a dar mantenimiento??","0","0","2026-05-21T21:55:48.000Z","luluherrerac","https://www.tiktok.com/@telediario/video/7642063192079813908","7618048643324838928","7642467087936193298","https://p16-common-sign.tiktokcdn-us.com/tos-alisg-avt-0068/90fd8a2ba94f1698c2a36b8905be087f~tplv-tiktokx-cropcenter:100:100.jpg?dr=9640&refresh_token=d8c14011&x-expires=1780200000&x-signature=m59PxHs%2FmDcuOkIJuxry%2BISd2oc%3D&t=4d5b0474&ps=13740610&shp=30310797&shcp=ff37627b&idc=useast8"
"para cuantos les gustan","0","0","2026-05-21T19:29:43.000Z","angelescamacho79","https://www.tiktok.com/@telediario/video/7642063192079813908","7069590568758854661","7642429442158166791","https://p16-common-sign.tiktokcdn-us.com/tos-maliva-avt-0068/7188577752369987590~tplv-tiktokx-cropcenter:100:100.jpg?dr=9640&refresh_token=1ac0a11a&x-expires=1780200000&x-signature=KZERImjf5X7Y5pyt4DyaIJJaXSo%3D&t=4d5b0474&ps=13740610&shp=30310797&shcp=ff37627b&idc=useast8"
"shhhaaale😒😒","0","0","2026-05-21T16:23:55.000Z","karencita_gomez7","https://www.tiktok.com/@telediario/video/7642063192079813908","7295533623817176070","7642381593629770514","https://p19-common-sign.tiktokcdn-us.com/tos-alisg-avt-0068/ed0c7c94887b6ed352623f2fabcbd625~tplv-tiktokx-cropcenter:100:100.jpg?dr=9640&refresh_token=3df48f6f&x-expires=1780200000&x-signature=iSwYLOoGI0qQii3hHmQytGJ2bQ4%3D&t=4d5b0474&ps=13740610&shp=30310797&shcp=ff37627b&idc=useast8"
"Uffas nuevos lienzos","0","0","2026-05-21T06:49:58.000Z","aldoks_d","https://www.tiktok.com/@telediario/video/7642063192079813908","6933080428530795525","7642233659123319570","https://p16-common-sign.tiktokcdn-us.com/tos-alisg-avt-0068/ae0b36445ea3e8166eb03654f105f054~tplv-tiktokx-cropcenter:100:100.jpg?dr=9640&refresh_token=12bb7522&x-expires=1780200000&x-signature=n%2F%2FsD43FvmBGfeFYnykcqbM7WIQ%3D&t=4d5b0474&ps=13740610&shp=30310797&shcp=ff37627b&idc=useast8"
"está bien luego no hay donde entrar al baño","0","0","2026-05-21T01:04:15.000Z","nadia.vzquez39","https://www.tiktok.com/@telediario/video/7642063192079813908","7164991106765456389","7642144574928356104","https://p19-common-sign.tiktokcdn-us.com/tos-alisg-avt-0068/9f269b5b1f3f3504b770d2ebb1ffb0ea~tplv-tiktokx-cropcenter:100:100.jpg?dr=9640&refresh_token=a999497c&x-expires=1780200000&x-signature=j5D9Fq0Df2O29zAG0Agdt8sY7ZA%3D&t=4d5b0474&ps=13740610&shp=30310797&shcp=ff37627b&idc=useast8"
"Hay esos baños desde hace años en Paris por ejemplo.","0","0","2026-05-22T18:10:51.000Z","adricabam","https://www.tiktok.com/@telediario/video/7642063192079813908","6809418797833913350","7642780242054382354","https://p16-common-sign.tiktokcdn-us.com/tos-maliva-avt-0068/150bd2f7e39796101cc67c8d2c94dff0~tplv-tiktokx-cropcenter:100:100.jpg?dr=9640&refresh_token=d2e59d89&x-expires=1780200000&x-signature=NlLDGqGvlKl6vryW04NshNwdkFA%3D&t=4d5b0474&ps=13740610&shp=30310797&shcp=ff37627b&idc=useast8"
"para Tapar Los Baches","0","0","2026-05-21T04:23:04.000Z","yayo.sanchez42","https://www.tiktok.com/@telediario/video/7642063192079813908","7292088159955846149","7642195786508829458","https://p16-common-sign.tiktokcdn-us.com/tos-maliva-avt-0068/1ad03ed4a63dfff2084952287d7d5070~tplv-tiktokx-cropcenter:100:100.jpg?dr=9640&refresh_token=a92d8f7b&x-expires=1780200000&x-signature=Eg%2FtFGVLnoxBTKkKFxSxzcFQvdE%3D&t=4d5b0474&ps=13740610&shp=30310797&shcp=ff37627b&idc=useast8"
"mmm a ver cuánto duran la verdad","0","0","2026-05-22T01:31:40.000Z","grisita200","https://www.tiktok.com/@telediario/video/7642063192079813908","7105533525089256454","7642522738380604178","https://p16-common-sign.tiktokcdn-us.com/tos-alisg-avt-0068/1ca28ae2ac16b4033d0279f976300b15~tplv-tiktokx-cropcenter:100:100.jpg?dr=9640&refresh_token=d780b144&x-expires=1780200000&x-signature=5%2BzqMUVJHehpWct6KJ%2Br5i7MjJk%3D&t=4d5b0474&ps=13740610&shp=30310797&shcp=ff37627b&idc=useast8"
"increíble 🤦🏻‍♂️🤦🏻‍♂️🤦🏻‍♂️🤦🏻‍♂️","0","0","2026-05-21T06:20:27.000Z","lgs2388","https://www.tiktok.com/@telediario/video/7642063192079813908","7264557279509513221","7642226026135454484","https://p16-common-sign.tiktokcdn-us.com/tos-alisg-avt-0068/452a5841d0e7b18c1976668f9e621c24~tplv-tiktokx-cropcenter:100:100.jpg?dr=9640&refresh_token=32fed069&x-expires=1780200000&x-signature=AEvpaCEonGBSdJnajPwmMxL6OFU%3D&t=4d5b0474&ps=13740610&shp=30310797&shcp=ff37627b&idc=useast8"
"Casitas premium","0","0","2026-05-22T04:51:45.000Z","ximbo.0","https://www.tiktok.com/@telediario/video/7642063192079813908","6892986961561338885","7642574279929840404","https://p16-common-sign.tiktokcdn-us.com/tos-alisg-avt-0068/fe813425d6c4a1d789959906fe2802df~tplv-tiktokx-cropcenter:100:100.jpg?dr=9640&refresh_token=2d94cf56&x-expires=1780200000&x-signature=wzqIBA%2BfiWhsOEoxnHtkQSTzxvM%3D&t=4d5b0474&ps=13740610&shp=30310797&shcp=ff37627b&idc=useast8"
"pues ya lo hubiera dejado en 5pesos🙄","0","0","2026-05-28T02:06:07.000Z","martha_546789","https://www.tiktok.com/@telediario/video/7642063192079813908","7179959825458332677","7644758126923137799","https://p19-common-sign.tiktokcdn-us.com/tos-maliva-avt-0068/64ab4c58a52fe5acce3571d0ac7a9daa~tplv-tiktokx-cropcenter:100:100.jpg?dr=9640&refresh_token=f8d47ff0&x-expires=1780200000&x-signature=t5RkuI%2B2RKkZxQJIZED9RyuleFw%3D&t=4d5b0474&ps=13740610&shp=30310797&shcp=ff37627b&idc=useast8"
"gobierno","0","0","2026-05-22T04:56:26.000Z","roberto.moreno8454","https://www.tiktok.com/@telediario/video/7642063192079813908","7573127721250505746","7642575478696231687","https://p19-common-sign.tiktokcdn-us.com/tos-alisg-avt-0068/c35d2fed6763abc50fec0894160c5839~tplv-tiktokx-cropcenter:100:100.jpg?dr=9640&refresh_token=235b75e5&x-expires=1780200000&x-signature=7qEkl9pBbs4niMD3E%2FZbHzMGOug%3D&t=4d5b0474&ps=13740610&shp=30310797&shcp=ff37627b&idc=useast8"
"a mi si me sirve si me ando cagando es entrandole jejeje","0","0","2026-05-21T23:45:11.000Z","wichh.5","https://www.tiktok.com/@telediario/video/7642063192079813908","7275541150697767942","7642495274857906962","https://p19-common-sign.tiktokcdn-us.com/tos-alisg-avt-0068/8189a1e2a14395a8318d35c23f92fea9~tplv-tiktokx-cropcenter:100:100.jpg?dr=9640&refresh_token=ac4b8bc2&x-expires=1780200000&x-signature=FvGSpd%2Ft82ob5x9Q%2BeDxGgr9euo%3D&t=4d5b0474&ps=13740610&shp=30310797&shcp=ff37627b&idc=useast8"
"Por ejemplo seguridad","0","0","2026-05-22T03:11:37.000Z","david.padilla5308","https://www.tiktok.com/@telediario/video/7642063192079813908","7447999524956636166","7642548451105243922","https://p19-common-sign.tiktokcdn-us.com/tos-maliva-avt-0068/bac8401449a34ae7d855796fb5f2e3cd~tplv-tiktokx-cropcenter:100:100.jpg?dr=9640&refresh_token=1d2276a4&x-expires=1780200000&x-signature=3EWHskbXjIZpK1VkI4OrG5j68YU%3D&t=4d5b0474&ps=13740610&shp=30310797&shcp=ff37627b&idc=useast8"
"Csm","0","0","2026-05-22T03:14:32.000Z","sibelmoraless","https://www.tiktok.com/@telediario/video/7642063192079813908","6910592728633279493","7642549267986383623","https://p19-common-sign.tiktokcdn-us.com/tos-alisg-avt-0068/2fcc3e74eade79f020068022499cdc81~tplv-tiktokx-cropcenter:100:100.jpg?dr=9640&refresh_token=048fb70d&x-expires=1780200000&x-signature=D3NKBilC6FFBGQ79PyEaDtvFJzM%3D&t=4d5b0474&ps=13740610&shp=30310797&shcp=ff37627b&idc=useast8"
"Si ubican que solo habrá 5 partidos en CDMX? 5 de 104. Mucha inversión para la expectativa de turistas…","3","0","2026-05-21T03:03:54.000Z","lupitapullen5","https://www.tiktok.com/@telediario/video/7642063192079813908","6858046622744953862","7642175426903147280","https://p19-common-sign.tiktokcdn-us.com/tos-maliva-avt-0068/7331180777747447813~tplv-tiktokx-cropcenter:100:100.jpg?dr=9640&refresh_token=440ee64f&x-expires=1780200000&x-signature=on2xOFGaqoN51Rdjxipj%2F%2B6gavI%3D&t=4d5b0474&ps=13740610&shp=30310797&shcp=ff37627b&idc=useast8"
"y los hospitales hasta sin reactivos para hacer un laboratorio de gabinete básico.","2","0","2026-05-21T21:15:31.000Z","olicrayoli35023","https://www.tiktok.com/@telediario/video/7642063192079813908","6972179346468160517","7642456665665323796","https://p16-common-sign.tiktokcdn-us.com/tos-maliva-avt-0068/71f12178eb63ff265a566708f2a7117d~tplv-tiktokx-cropcenter:100:100.jpg?dr=9640&refresh_token=4f582195&x-expires=1780200000&x-signature=l7AavFz63tRqu0eONG1HBH6ECio%3D&t=4d5b0474&ps=13740610&shp=30310797&shcp=ff37627b&idc=useast8"
"Ahí uno en revolución","0","0","2026-05-22T14:39:03.000Z","danybrocoli","https://www.tiktok.com/@telediario/video/7642063192079813908","6557061179986411525","7642725662486512392","https://p19-common-sign.tiktokcdn-us.com/tos-maliva-avt-0068/02d03a4c984bd1fd1a5dfb897bfafde9~tplv-tiktokx-cropcenter:100:100.jpg?dr=9640&refresh_token=e2a9a3f4&x-expires=1780200000&x-signature=70baiHOmfAJCCmMckMZSGZWVOGE%3D&t=4d5b0474&ps=13740610&shp=30310797&shcp=ff37627b&idc=useast8"
"Estuvo súper bien!!! Me agrada la idea👌🏻","0","0","2026-05-25T00:51:39.000Z","yeilin_aguilar.20","https://www.tiktok.com/@telediario/video/7642063192079813908","6773748296776745989","7643625649923719956","https://p19-common-sign.tiktokcdn-us.com/tos-alisg-avt-0068/095af92d3dfa7b21bcc82e77df005819~tplv-tiktokx-cropcenter:100:100.jpg?dr=9640&refresh_token=444b9a53&x-expires=1780200000&x-signature=PkmRVDp77kOIIVIf0nnL4KwBlPs%3D&t=4d5b0474&ps=13740610&shp=30310797&shcp=ff37627b&idc=useast8"
"en otros países hay baños públicos de alta tecnología, nosotros los necesitamos?, no, estamos preparados para tenerlos?, no... México siempre corriendo antes de caminar","1","0","2026-05-20T23:00:34.000Z","america1590","https://www.tiktok.com/@telediario/video/7642063192079813908","7068122322649498629","7642112686863811336","https://p19-common-sign.tiktokcdn-us.com/tos-maliva-avt-0068/549b0f756c75e0ba9a0718e3d945c92d~tplv-tiktokx-cropcenter:100:100.jpg?dr=9640&refresh_token=2926fdcc&x-expires=1780200000&x-signature=6SyFwa8i%2B1n1%2F5KrbyVYRn0ZobU%3D&t=4d5b0474&ps=13740610&shp=30310797&shcp=ff37627b&idc=useast8"
"Ay mi México, todo a última hora y solo por encimita 😍😍","24","0","2026-05-25T03:48:32.000Z","eduardo.hernandez.02","https://www.tiktok.com/@karolvelda/video/7643328314429443335","7137262976403178501","7643671259372897040","https://p19-common-sign.tiktokcdn-us.com/tos-alisg-avt-0068/a96ec2ae68321cc9d640abb2facc9ad3~tplv-tiktokx-cropcenter:100:100.jpg?dr=9640&refresh_token=2b06de74&x-expires=1780200000&x-signature=nJzKjxAb2NucEZN666E07FSUZok%3D&t=4d5b0474&ps=13740610&shp=30310797&shcp=ff37627b&idc=useast5"
"nada les embona","7","7","2026-05-25T03:34:41.000Z","ranmatendo745","https://www.tiktok.com/@karolvelda/video/7643328314429443335","7088518464588399622","7643667663504638727","https://p16-common-sign.tiktokcdn-us.com/tos-maliva-avt-0068/7103163376636788741~tplv-tiktokx-cropcenter:100:100.jpg?dr=9640&refresh_token=ebfc5e47&x-expires=1780200000&x-signature=WxDCDq%2F3Usty3b0CG0bvbFRurp8%3D&t=4d5b0474&ps=13740610&shp=30310797&shcp=ff37627b&idc=useast5"
"Es que necesitaba mantenimiento, no remodelación 🫩","17","0","2026-05-25T02:26:11.000Z","linn.anye","https://www.tiktok.com/@karolvelda/video/7643328314429443335","7333499994844513286","7643650048735331090","https://p16-common-sign.tiktokcdn-us.com/tos-alisg-avt-0068/6e60d2f55b87dc612cbda92bbae9742f~tplv-tiktokx-cropcenter:100:100.jpg?dr=9640&refresh_token=26d077ca&x-expires=1780200000&x-signature=8FL44p0hsbv6sTA7Dcbef2%2F31CQ%3D&t=4d5b0474&ps=13740610&shp=30310797&shcp=ff37627b&idc=useast5"
"Cuantos miles de millones van a costar","0","0","2026-05-21T14:36:00.000Z","tlaloc150","https://www.tiktok.com/@telediario/video/7642063192079813908","6836834627643130885","7642353785198101256","https://p16-common-sign.tiktokcdn.com/tos-alisg-avt-0068/eb02937c416fcc12356f374fb046a707~tplv-tiktokx-cropcenter:100:100.jpg?dr=14579&refresh_token=843bd9a0&x-expires=1780200000&x-signature=BpxQcZkygFRP11iaHSse5IwQTVc%3D&t=4d5b0474&ps=13740610&shp=30310797&shcp=ff37627b&idc=my"
"se quejan pero no cuidan las cosas.","1","0","2026-05-21T13:43:35.000Z","brad.loyo","https://www.tiktok.com/@telediario/video/7642063192079813908","7431693791910151174","7642340237163823890","https://p16-common-sign.tiktokcdn.com/tos-maliva-avt-0068/89a709e84fcedcd71e35032122375baf~tplv-tiktokx-cropcenter:100:100.jpg?dr=14579&refresh_token=3e552963&x-expires=1780200000&x-signature=H%2BFq2RAww%2FhrFVZKEExxUrGhqmg%3D&t=4d5b0474&ps=13740610&shp=30310797&shcp=ff37627b&idc=my"
"Nada les embona, no doblada ni enrollada.","1","0","2026-05-21T06:21:51.000Z","torresgemelasacap","https://www.tiktok.com/@telediario/video/7642063192079813908","7587921993463530503","7642226424242275080","https://p16-common-sign.tiktokcdn.com/tos-alisg-avt-0068/c0ee23f01840a9928a5ce0fc4eb7e4ab~tplv-tiktokx-cropcenter:100:100.jpg?dr=14579&refresh_token=b2aac310&x-expires=1780200000&x-signature=KJQ7NNiqjeFERBTawsbozKs7Tk0%3D&t=4d5b0474&ps=13740610&shp=30310797&shcp=ff37627b&idc=my"
"las nuevas cabinas de los 🧑‍🤝‍🧑","1","0","2026-05-20T22:55:55.000Z","tanjiro8187","https://www.tiktok.com/@telediario/video/7642063192079813908","7266988299510842374","7642111363431006996","https://p16-common-sign.tiktokcdn-us.com/tos-alisg-avt-0068/bafa14d5f1d3a1404f69f142babb3e16~tplv-tiktokx-cropcenter:100:100.jpg?dr=9640&refresh_token=f0d1ba54&x-expires=1780200000&x-signature=J6gK5rbHSjRJBC8%2FjhJgYSZJE8E%3D&t=4d5b0474&ps=13740610&shp=30310797&shcp=ff37627b&idc=useast8"
"ya después los quitan hahaha","0","0","2026-05-22T07:53:00.000Z","carloshdz68","https://www.tiktok.com/@telediario/video/7642063192079813908","6693777729345946630","7642621019907195655","https://p19-common-sign.tiktokcdn-us.com/tos-alisg-avt-0068/5d43b96b30ada60aa3cef0f2e38acc11~tplv-tiktokx-cropcenter:100:100.jpg?dr=9640&refresh_token=506bea8d&x-expires=1780200000&x-signature=eWl%2BvPJHaSk4DbdwOuQnzCLK98s%3D&t=4d5b0474&ps=13740610&shp=30310797&shcp=ff37627b&idc=useast8"
"Se van a meter a dormir ahí los que viven en la calle por ahí","0","0","2026-05-22T22:41:46.000Z","kowalski.ffby","https://www.tiktok.com/@telediario/video/7642063192079813908","6807852777986835461","7642849981288235783","https://p16-common-sign.tiktokcdn-us.com/tos-maliva-avt-0068/7334176354983936006~tplv-tiktokx-cropcenter:100:100.jpg?dr=9640&refresh_token=3ba2e610&x-expires=1780200000&x-signature=mnjZ3LfQrKH57fDEHcNzKHo%2BEJU%3D&t=4d5b0474&ps=13740610&shp=30310797&shcp=ff37627b&idc=useast8"
"Porque no empiezan a comprar medicamentos para la nueva pandemia que se va venir gracias a este mundial 🙄","0","0","2026-05-26T16:39:55.000Z","nasi89val","https://www.tiktok.com/@telediario/video/7642063192079813908","6789433392180380677","7644241112744215316","https://p19-common-sign.tiktokcdn-us.com/tos-alisg-avt-0068/b994d9047e341da0b492db0c5f425191~tplv-tiktokx-cropcenter:100:100.jpg?dr=9640&refresh_token=87abd8ec&x-expires=1780200000&x-signature=3RjZz%2B26E%2FlsaVSZDZfqmTqaW4s%3D&t=4d5b0474&ps=13740610&shp=30310797&shcp=ff37627b&idc=useast8"
"cuánto iremos a pagar por sus caprichos 😡😡😡todo está subiendo de precio","0","0","2026-05-22T11:30:05.000Z","esmeralda.aguilar40","https://www.tiktok.com/@telediario/video/7642063192079813908","7346279946279797765","7642676947709461256","https://p16-common-sign.tiktokcdn-us.com/tos-alisg-avt-0068/b2e90cec9d5ba9039fc392df034cc0ab~tplv-tiktokx-cropcenter:100:100.jpg?dr=9640&refresh_token=492554c3&x-expires=1780200000&x-signature=pti%2FJ%2FEFIl79LSpaSQAZp%2FMQNtY%3D&t=4d5b0474&ps=13740610&shp=30310797&shcp=ff37627b&idc=useast8"
"mejor la ajolotera esa que vea los baches caray","0","0","2026-05-22T22:57:25.000Z","canal6665","https://www.tiktok.com/@telediario/video/7642063192079813908","7472613265802593285","7642854011789034248","https://p19-common-sign.tiktokcdn-us.com/tos-alisg-avt-0068/3f3a2d15433af028dd2edd0f802d101e~tplv-tiktokx-cropcenter:100:100.jpg?dr=9640&refresh_token=167d30e5&x-expires=1780200000&x-signature=aVRMr65O%2BABt8mYMtlKE3rbu014%3D&t=4d5b0474&ps=13740610&shp=30310797&shcp=ff37627b&idc=useast8"
"Hay ora 😂😂😂,en un año ya no estarán","0","0","2026-05-22T02:20:45.000Z","annazamudio27","https://www.tiktok.com/@telediario/video/7642063192079813908","6795737199524316165","7642535387969487637","https://p19-common-sign.tiktokcdn-us.com/tos-alisg-avt-0068/f800e80b3e4d9705b67e66f33a78565b~tplv-tiktokx-cropcenter:100:100.jpg?dr=9640&refresh_token=d3cfa796&x-expires=1780200000&x-signature=Le%2B%2FWGPzqjL6awNOs1NNzS4kSDQ%3D&t=4d5b0474&ps=13740610&shp=30310797&shcp=ff37627b&idc=useast8"
"La gente nada les gusta y todo critican","0","0","2026-05-22T13:07:49.000Z","rgsrd","https://www.tiktok.com/@telediario/video/7642063192079813908","7603869304287151124","7642702146635039509","https://p16-common-sign.tiktokcdn-us.com/tos-alisg-avt-0068/0513b518af7d8de9087baf0e5456c7ba~tplv-tiktokx-cropcenter:100:100.jpg?dr=9640&refresh_token=0170294e&x-expires=1780200000&x-signature=SzwH3vGiMlZF2C9Oo75fycvLSUI%3D&t=4d5b0474&ps=13740610&shp=30310797&shcp=ff37627b&idc=useast8"
"que arreglen las calles","0","0","2026-05-22T13:16:25.000Z","user7419427639920","https://www.tiktok.com/@telediario/video/7642063192079813908","7412266864271557637","7642704364506710791","https://p16-common-sign.tiktokcdn-us.com/musically-maliva-obj/1594805258216454~tplv-tiktokx-cropcenter:100:100.jpg?dr=9640&refresh_token=f6d184af&x-expires=1780200000&x-signature=VW8UWPJqAaIplom5IP4ju2xgIsk%3D&t=4d5b0474&ps=13740610&shp=30310797&shcp=ff37627b&idc=useast8"
"Ojalá las personas que viven en las calles, no se adueñen de los baños y las conviertan en su hogar. 😳","0","0","2026-05-23T12:55:16.000Z","maruca5882","https://www.tiktok.com/@telediario/video/7642063192079813908","7119332020740129798","7643069955453960980","https://p19-common-sign.tiktokcdn-us.com/musically-maliva-obj/1594805258216454~tplv-tiktokx-cropcenter:100:100.jpg?dr=9640&refresh_token=e340c4d0&x-expires=1780200000&x-signature=y0I6Dncomm86fyA9XjJdWa1HRzE%3D&t=4d5b0474&ps=13740610&shp=30310797&shcp=ff37627b&idc=useast8"
"y tapar los baches, no les gusta(","0","0","2026-05-26T17:47:45.000Z","eduardodelgadillo43","https://www.tiktok.com/@telediario/video/7642063192079813908","6804281672520598534","7644258585976275728","https://p16-common-sign.tiktokcdn-us.com/tos-maliva-avt-0068/b902688c379da60a95d5aeaeb69c0378~tplv-tiktokx-cropcenter:100:100.jpg?dr=9640&refresh_token=c4bce0c2&x-expires=1780200000&x-signature=jpwwtcFsDV5WB5bbvhsJE2%2BU7jw%3D&t=4d5b0474&ps=13740610&shp=30310797&shcp=ff37627b&idc=useast8"
"pasara lo que con los bebederos en los metros 🤣 solo el gasto y ya","0","0","2026-05-23T00:02:01.000Z","cinthya1130","https://www.tiktok.com/@telediario/video/7642063192079813908","6805774432575325190","7642870680396317448","https://p19-common-sign.tiktokcdn-us.com/tos-alisg-avt-0068/5a57580b383d8786a9aa0bd1624dcc76~tplv-tiktokx-cropcenter:100:100.jpg?dr=9640&refresh_token=1bfadb82&x-expires=1780200000&x-signature=GeTVBLPu6itp5q8QzwWdMI30rFE%3D&t=4d5b0474&ps=13740610&shp=30310797&shcp=ff37627b&idc=useast8"
"haré mis cruces de caca","0","0","2026-05-22T17:16:18.000Z","xtrauuggly","https://www.tiktok.com/@telediario/video/7642063192079813908","6921591110663095302","7642766164889223954","https://p16-common-sign.tiktokcdn-us.com/tos-alisg-avt-0068/1128b3040470f26314af0e8e710dd229~tplv-tiktokx-cropcenter:100:100.jpg?dr=9640&refresh_token=5e00a188&x-expires=1780200000&x-signature=hToDv1jsNFnIxj28BqoWn%2BwzJsw%3D&t=4d5b0474&ps=13740610&shp=30310797&shcp=ff37627b&idc=useast8"
"Y EL ÉBOLA AMA??? CENTROS DE CONTAGIO SEGURO....","1","0","2026-05-21T04:53:19.000Z","mattiuw82","https://www.tiktok.com/@telediario/video/7642063192079813908","7538501344371409921","7642203585128203024","https://p16-common-sign.tiktokcdn-us.com/tos-alisg-avt-0068/351f86ff13e46c80ca383c22e9240336~tplv-tiktokx-cropcenter:100:100.jpg?dr=9640&refresh_token=ba318bf7&x-expires=1780200000&x-signature=%2BD%2BjunCCJzB5Y51P%2FgZQqTbeuvY%3D&t=4d5b0474&ps=13740610&shp=30310797&shcp=ff37627b&idc=useast8"
"me imagino que habrá mucha gente de limpieza para todo lo que piensan poner","0","0","2026-05-22T02:57:23.000Z","netzi28","https://www.tiktok.com/@telediario/video/7642063192079813908","7031925111406576646","7642542217719497488","https://p19-common-sign.tiktokcdn-us.com/tos-maliva-avt-0068/46013d81197eee7094afabaf37eba5ec~tplv-tiktokx-cropcenter:100:100.jpg?dr=9640&refresh_token=68961b5e&x-expires=1780200000&x-signature=PAwSE1AxaWMEZBhTLfbe9P1Hwa0%3D&t=4d5b0474&ps=13740610&shp=30310797&shcp=ff37627b&idc=useast8"
"y afuera van a cobrar 😂😂","0","0","2026-05-23T00:23:19.000Z","anitadejesus700","https://www.tiktok.com/@telediario/video/7642063192079813908","7092151365121131526","7642876171772478215","https://p16-common-sign.tiktokcdn-us.com/tos-maliva-avt-0068/7092155477630386181~tplv-tiktokx-cropcenter:100:100.jpg?dr=9640&refresh_token=8de7931b&x-expires=1780200000&x-signature=f9WM7xrFbuiaI3iF1P8d3Iwb3LQ%3D&t=4d5b0474&ps=13740610&shp=30310797&shcp=ff37627b&idc=useast8"
"A nosotros los viejos ya no nos gusta nada","0","0","2026-05-22T17:52:23.000Z","gusdelacruz60","https://www.tiktok.com/@telediario/video/7642063192079813908","6805460445525607430","7642775478457680658","https://p16-common-sign.tiktokcdn-us.com/tos-maliva-avt-0068/7328356844945014790~tplv-tiktokx-cropcenter:100:100.jpg?dr=9640&refresh_token=da4c6a2f&x-expires=1780200000&x-signature=0UTlrLrd5Akir%2FiiQr3qtpz0ud0%3D&t=4d5b0474&ps=13740610&shp=30310797&shcp=ff37627b&idc=useast8"
"dónde donde 😳 para ir a ensuciarlo y no bajarle al baño 😳😳","0","0","2026-05-23T00:49:34.000Z","oscar.pilo","https://www.tiktok.com/@telediario/video/7642063192079813908","7267007545784845318","7642882976459555591","https://p16-common-sign.tiktokcdn-us.com/tos-maliva-avt-0068/7267240180652703750~tplv-tiktokx-cropcenter:100:100.jpg?dr=9640&refresh_token=4dce1056&x-expires=1780200000&x-signature=c00keLLqC06Y0Ob97iYQ6QTNHYw%3D&t=4d5b0474&ps=13740610&shp=30310797&shcp=ff37627b&idc=useast8"
"los van a abandonar","0","0","2026-05-22T02:39:44.000Z","issaiypichi","https://www.tiktok.com/@telediario/video/7642063192079813908","7452371410478154758","7642540231736836885","https://p16-common-sign.tiktokcdn-us.com/tos-maliva-avt-0068/e82991c4003b9618876711921cae8d47~tplv-tiktokx-cropcenter:100:100.jpg?dr=9640&refresh_token=05f716a8&x-expires=1780200000&x-signature=y3hIyeQt7xHGW1lBZ9qY1Fbb2NY%3D&t=4d5b0474&ps=13740610&shp=30310797&shcp=ff37627b&idc=useast8"
"Awebo otro lugar para embarrar todo 🥰 gracias México 😍","0","0","2026-05-22T18:01:38.000Z","justlionok","https://www.tiktok.com/@telediario/video/7642063192079813908","6943565996608160774","7642777860754981640","https://p16-common-sign.tiktokcdn-us.com/tos-alisg-avt-0068/626981c61cf487da8da2f57185251ee0~tplv-tiktokx-cropcenter:100:100.jpg?dr=9640&refresh_token=4273fb8b&x-expires=1780200000&x-signature=byxwEdR95f9bveRiBgJtB5ivewc%3D&t=4d5b0474&ps=13740610&shp=30310797&shcp=ff37627b&idc=useast8"
"como el mismo gobierno se roba la luz 😱😱?","0","0","2026-05-23T01:07:55.000Z","mailymp","https://www.tiktok.com/@telediario/video/7642063192079813908","6798957506909783046","7642887621497193237","https://p16-common-sign.tiktokcdn-us.com/tos-alisg-avt-0068/52b8b08ae92bfb3de35cc5bae4d74382~tplv-tiktokx-cropcenter:100:100.jpg?dr=9640&refresh_token=9a34d226&x-expires=1780200000&x-signature=1xn7G5zuhOM9VfjU7tEx5ydtb3E%3D&t=4d5b0474&ps=13740610&shp=30310797&shcp=ff37627b&idc=useast8"
"También pinche gente, quiere que le hagamos todo, el pueblo también es el reflejo del gobierno.","1","0","2026-05-21T05:27:35.000Z","thedavidjimm","https://www.tiktok.com/@telediario/video/7642063192079813908","6777087539582845957","7642212408341660437","https://p16-common-sign.tiktokcdn-us.com/tos-alisg-avt-0068/b24a80aff035bc74561e7ae7801fb82e~tplv-tiktokx-cropcenter:100:100.jpg?dr=9640&refresh_token=34b4304a&x-expires=1780200000&x-signature=DLM6sPaVouDqj6wS7YYU790NFpw%3D&t=4d5b0474&ps=13740610&shp=30310797&shcp=ff37627b&idc=useast8"
"El problema no es el gobierno el problema es la gente.","0","0","2026-05-23T16:48:31.000Z","tezzbe","https://www.tiktok.com/@telediario/video/7642063192079813908","6802409721691292678","7643130094118470420","https://p19-common-sign.tiktokcdn-us.com/tos-maliva-avt-0068/e036ecd63a6fba898c6c68c75fc26f0e~tplv-tiktokx-cropcenter:100:100.jpg?dr=9640&refresh_token=61785ff6&x-expires=1780200000&x-signature=iJydVX%2FEG5G9Fdwr%2BjOGOuP4Rjo%3D&t=4d5b0474&ps=13740610&shp=30310797&shcp=ff37627b&idc=useast8"
"pero deberían dejarlos para siempre y poner más en sonas específicas de barrió también","0","0","2026-05-22T03:34:53.000Z","jesus1234567890000000000","https://www.tiktok.com/@telediario/video/7642063192079813908","7094916306960925702","7642554461986980615","https://p16-common-sign.tiktokcdn-us.com/tos-alisg-avt-0068/6186863965733584f6e8e4b24541965f~tplv-tiktokx-cropcenter:100:100.jpg?dr=9640&refresh_token=0835d65c&x-expires=1780200000&x-signature=25CJCoCfG5grbKlXABjNZ1jhBeQ%3D&t=4d5b0474&ps=13740610&shp=30310797&shcp=ff37627b&idc=useast8"
"no saben en qué pedote se metieron","0","0","2026-05-22T03:35:56.000Z","juanramon830","https://www.tiktok.com/@telediario/video/7642063192079813908","7483364005206213650","7642554722112881429","https://p16-common-sign.tiktokcdn-us.com/tos-alisg-avt-0068/5e3d2a53b2739ae122dac205f368329f~tplv-tiktokx-cropcenter:100:100.jpg?dr=9640&refresh_token=2066c999&x-expires=1780200000&x-signature=PCMDJ9tsSFptRg%2F1PYXPmLRr41A%3D&t=4d5b0474&ps=13740610&shp=30310797&shcp=ff37627b&idc=useast8"
"Bye bye moteles","0","0","2026-05-23T01:25:01.000Z","mayteabreu21","https://www.tiktok.com/@telediario/video/7642063192079813908","6789831513031771141","7642892072936391444","https://p16-common-sign.tiktokcdn-us.com/tos-maliva-avt-0068/c58f05231bc70b3ede69de9fc033a8c0~tplv-tiktokx-cropcenter:100:100.jpg?dr=9640&refresh_token=bbb66e22&x-expires=1780200000&x-signature=APbA7J6Ve2o6OWtWl1KRFS5%2Bdgw%3D&t=4d5b0474&ps=13740610&shp=30310797&shcp=ff37627b&idc=useast8"
"servirán para el crujin? 👀","0","0","2026-05-22T04:25:53.000Z","le_mua_uwu","https://www.tiktok.com/@telediario/video/7642063192079813908","6976368148833616902","7642567623452394260","https://p16-common-sign.tiktokcdn-us.com/tos-maliva-avt-0068/d70a934c80f3bdb5e1f3973063c71cc8~tplv-tiktokx-cropcenter:100:100.jpg?dr=9640&refresh_token=066f773f&x-expires=1780200000&x-signature=%2FFh3aQ79adbhJsI4nuu5fnne8Fg%3D&t=4d5b0474&ps=13740610&shp=30310797&shcp=ff37627b&idc=useast8"
"Ya vi a los habitantes de calle durmiendo ahi","0","0","2026-05-22T04:40:48.000Z","jaiver005","https://www.tiktok.com/@telediario/video/7642063192079813908","6859773559087662086","7642571410754650900","https://p16-common-sign.tiktokcdn-us.com/tos-maliva-avt-0068/1c620fe1b1e6636b4fff05dc6d337890~tplv-tiktokx-cropcenter:100:100.jpg?dr=9640&refresh_token=55162a98&x-expires=1780200000&x-signature=VCUtAe7RLqNvH9KctQpF2qNBCVs%3D&t=4d5b0474&ps=13740610&shp=30310797&shcp=ff37627b&idc=useast8"
"Solo si te fijas michojajajajaja","4","0","2026-05-27T15:57:47.000Z","janethrodriguez9790","https://www.tiktok.com/@karolvelda/video/7643328314429443335","7034252831730254854","7644601355903238930","https://p16-common-sign.tiktokcdn-eu.com/tos-maliva-avt-0068/e2bb38bb7d02474861f1538a19d6ef1c~tplv-tiktokx-cropcenter:100:100.jpg?dr=10399&refresh_token=e40cc7b9&x-expires=1780200000&x-signature=oPP%2FQBfbMhvh5M7AoLrKJetbL%2B4%3D&t=4d5b0474&ps=13740610&shp=30310797&shcp=ff37627b&idc=no1a"
"lo que tú no entiendes es que son las famosísimas grutas del antiguo D.F😂","5","0","2026-05-27T13:58:14.000Z","urielalamilla127","https://www.tiktok.com/@karolvelda/video/7643328314429443335","7054994383870903301","7644570545975788296","https://p16-common-sign.tiktokcdn-eu.com/tos-maliva-avt-0068/7067740852067500038~tplv-tiktokx-cropcenter:100:100.jpg?dr=10399&refresh_token=862b5a92&x-expires=1780200000&x-signature=XYewZ8XdLalsCFfXS3fW2DCkbYk%3D&t=4d5b0474&ps=13740610&shp=30310797&shcp=ff37627b&idc=no1a"
"pero se ve bonito, recuerda que es el gobierno de la maqueta bonita","4","0","2026-05-27T11:36:49.000Z","donkcje","https://www.tiktok.com/@karolvelda/video/7643328314429443335","7043129408794887174","7644534105384289044","https://p16-common-sign.tiktokcdn-eu.com/tos-maliva-avt-0068/7331915958551838725~tplv-tiktokx-cropcenter:100:100.jpg?dr=10399&refresh_token=19bf9809&x-expires=1780200000&x-signature=xkICIWGugNvmBY4bxsEmL6rYULY%3D&t=4d5b0474&ps=13740610&shp=30310797&shcp=ff37627b&idc=no1a"
"jajajaja me encanta pura pantalla mundialista","3","0","2026-05-28T01:26:36.000Z","alessandrorodri9210","https://www.tiktok.com/@karolvelda/video/7643328314429443335","6982274135507567621","7644747912409023253","https://p19-common-sign.tiktokcdn-eu.com/tos-maliva-avt-0068/11e2b87fe3726fce8850dc31e86ca914~tplv-tiktokx-cropcenter:100:100.jpg?dr=10399&refresh_token=268d7360&x-expires=1780200000&x-signature=i8Kzu2v4hm0vxK%2FM7iSG0UCWEgg%3D&t=4d5b0474&ps=13740610&shp=30310797&shcp=ff37627b&idc=no1a"
"que caray ....no duró ni para el mundial","3","0","2026-05-28T00:09:42.000Z","mayte76243","https://www.tiktok.com/@karolvelda/video/7643328314429443335","7229326738202657798","7644728086433202962","https://p16-common-sign.tiktokcdn-eu.com/tos-alisg-avt-0068/0a53b5e02af7d7f4129b9f505deeb55c~tplv-tiktokx-cropcenter:100:100.jpg?dr=10399&refresh_token=374356a4&x-expires=1780200000&x-signature=Hzt6%2BRpyOqZFhK30H6pwZd3%2Bfmo%3D&t=4d5b0474&ps=13740610&shp=30310797&shcp=ff37627b&idc=no1a"
"la apuesta es que no llueva en el mundial 😅😅😅😅😅","5","0","2026-05-26T23:20:56.000Z","pepeccjv","https://www.tiktok.com/@karolvelda/video/7643328314429443335","7130105900119081989","7644344435551585045","https://p16-common-sign.tiktokcdn-eu.com/tos-alisg-avt-0068/110588f06eadcd11e65fff6cb652c3b3~tplv-tiktokx-cropcenter:100:100.jpg?dr=10399&refresh_token=fad5e16f&x-expires=1780200000&x-signature=WUI%2BPj0JzrB45bVjCdeACHNAb9c%3D&t=4d5b0474&ps=13740610&shp=30310797&shcp=ff37627b&idc=no1a"
"oooh!! todo quieren jajaja","3","0","2026-05-27T18:39:47.000Z","e.garcia.29","https://www.tiktok.com/@karolvelda/video/7643328314429443335","7425645293238027269","7644643093791064852","https://p16-common-sign.tiktokcdn-eu.com/tos-alisg-avt-0068/fb7d824cbc2d33bd5fcf69fe2dafeac0~tplv-tiktokx-cropcenter:100:100.jpg?dr=10399&refresh_token=da6e74ed&x-expires=1780200000&x-signature=HEurT9EP1yxElsYPYv1sqtpCklQ%3D&t=4d5b0474&ps=13740610&shp=30310797&shcp=ff37627b&idc=no1a"
"línea 1 tiene puros plafones oxidados, por humedad. Rubalcaba también nosotros maltratamos las estaciones con humedad?🤔","4","0","2026-05-26T21:09:09.000Z","kena.velez","https://www.tiktok.com/@karolvelda/video/7643328314429443335","7357116417425392646","7644310474385687314","https://p16-common-sign.tiktokcdn-eu.com/tos-maliva-avt-0068/7370544962133295110~tplv-tiktokx-cropcenter:100:100.jpg?dr=10399&refresh_token=18756aea&x-expires=1780200000&x-signature=q7rKuG2EtNqmJuUKqNt9xuyDTUA%3D&t=4d5b0474&ps=13740610&shp=30310797&shcp=ff37627b&idc=no1a"
"según yo antes de la remodelación no había goteras 🫪","4","0","2026-05-26T20:36:57.000Z","kram__y2k","https://www.tiktok.com/@karolvelda/video/7643328314429443335","6924489529110021125","7644302123475780373","https://p16-common-sign.tiktokcdn-eu.com/tos-alisg-avt-0068/8ec32cefbd6b7fcac7c703362c2f97d1~tplv-tiktokx-cropcenter:100:100.jpg?dr=10399&refresh_token=1a7b5553&x-expires=1780200000&x-signature=xmtR7Tfn7gRg7DgfzWw2KH9T%2FQM%3D&t=4d5b0474&ps=13740610&shp=30310797&shcp=ff37627b&idc=no1a"
"Ya se abrió una carpeta de investigación de que pasó ahí, se necesitan pruebas :v","3","0","2026-05-27T15:00:26.000Z","maudelgado1","https://www.tiktok.com/@karolvelda/video/7643328314429443335","7025061245415146502","7644586568351777557","https://p16-common-sign.tiktokcdn-eu.com/tos-maliva-avt-0068/5e6bc4b192d677bd4b0ff53df8d15fac~tplv-tiktokx-cropcenter:100:100.jpg?dr=10399&refresh_token=f95e7f2e&x-expires=1780200000&x-signature=O%2F9H5xLcMDHMnkUf9C2MLNeQj8Q%3D&t=4d5b0474&ps=13740610&shp=30310797&shcp=ff37627b&idc=no1a"
"😔😔😔 el metro y la cuidad necesitan mantenimiento preventivo y correctivo, no solo pintura 🫟
el país necesita educación y todos necesitamos más cultura 😔 tamos bien mal todos y todo 😔","3","0","2026-05-27T14:23:20.000Z","nay._._.nay","https://www.tiktok.com/@karolvelda/video/7643328314429443335","6536355913819755520","7644577008978264852","https://p19-common-sign.tiktokcdn-eu.com/tos-maliva-avt-0068/73a6fe6e54d2a3f3724c5f8c9e659b6a~tplv-tiktokx-cropcenter:100:100.jpg?dr=10399&refresh_token=b74d72e0&x-expires=1780200000&x-signature=ecw4TrY0QBgLHKhlbaFOPCiiE3E%3D&t=4d5b0474&ps=13740610&shp=30310797&shcp=ff37627b&idc=no1a"
"lo primero era arreglar los problemas que tenia, tuvieron 4 años para hacerlo","2","0","2026-05-28T04:27:48.000Z","lcca10","https://www.tiktok.com/@karolvelda/video/7643328314429443335","6803169133975913477","7644794649659638546","https://p16-common-sign.tiktokcdn-eu.com/tos-maliva-avt-0068/7953bd69e0462fd66604a96585dd198a~tplv-tiktokx-cropcenter:100:100.jpg?dr=10399&refresh_token=451c4e4c&x-expires=1780200000&x-signature=%2BHb7214ZBvmYXvWSFaMoIxpYOis%3D&t=4d5b0474&ps=13740610&shp=30310797&shcp=ff37627b&idc=no1a"
"[Sticker] ese tono va acordé con mi stiker.","3","0","2026-05-27T03:37:45.000Z","irisvaldes03","https://www.tiktok.com/@karolvelda/video/7643328314429443335","6978203802080084997","7644410665797305095","https://p16-common-sign.tiktokcdn-eu.com/tos-alisg-avt-0068/fe13c053510f73915f81bc8fd9938670~tplv-tiktokx-cropcenter:100:100.jpg?dr=10399&refresh_token=b043c321&x-expires=1780200000&x-signature=KbOI7RIQukNQ41y4dcq43A5ceQQ%3D&t=4d5b0474&ps=13740610&shp=30310797&shcp=ff37627b&idc=no1a"
"puras apariencias","4","0","2026-05-26T02:49:44.000Z","lililofer","https://www.tiktok.com/@karolvelda/video/7643328314429443335","6973134686357816326","7644027185044603668","https://p16-common-sign.tiktokcdn-eu.com/tos-maliva-avt-0068/ca0b6b455501a0d0b150db2bf197746f~tplv-tiktokx-cropcenter:100:100.jpg?dr=10399&refresh_token=d71b3df7&x-expires=1780200000&x-signature=S4tRrT2k9n37oySJsEjVeIPFWjY%3D&t=4d5b0474&ps=13740610&shp=30310797&shcp=ff37627b&idc=no1a"
"😢😢😢 y el mantenimiento de los 🚋🚋🚋🚋 triste 😢😢","4","0","2026-05-26T02:44:04.000Z","1111amor4","https://www.tiktok.com/@karolvelda/video/7643328314429443335","7118579645376971782","7644025724671951623","https://p19-common-sign.tiktokcdn-eu.com/tos-maliva-avt-0068/d2bf9fbabc791f0be6d1ac41fe54738e~tplv-tiktokx-cropcenter:100:100.jpg?dr=10399&refresh_token=4271e19b&x-expires=1780200000&x-signature=15zKDcwMbgsDmixYogtLMR8VCPQ%3D&t=4d5b0474&ps=13740610&shp=30310797&shcp=ff37627b&idc=no1a"
"En lugar de gastar en tonterías, deberían dar mantenimiento real al metro... 😑😑😑","2","0","2026-05-28T02:57:28.000Z","fergger41","https://www.tiktok.com/@karolvelda/video/7643328314429443335","7274774724068099078","7644771369171043080","https://p19-common-sign.tiktokcdn-eu.com/tos-alisg-avt-0068/3c06b54e20e373fff476b9e7ef3e792c~tplv-tiktokx-cropcenter:100:100.jpg?dr=10399&refresh_token=048a7c41&x-expires=1780200000&x-signature=4lglfsR1byh8zdAfzcVeCYWMZDw%3D&t=4d5b0474&ps=13740610&shp=30310797&shcp=ff37627b&idc=no1a"
"[Sticker] si se mete el agua ya va a parecer otra escena de una película 😳donde se mete el agua ..","2","0","2026-05-28T02:56:18.000Z","ofeliahernandez700","https://www.tiktok.com/@karolvelda/video/7643328314429443335","7128890239309087749","7644771056826024722","https://p16-common-sign.tiktokcdn-eu.com/tos-maliva-avt-0068/3a7db4011276727e1ca667fe0406cbbe~tplv-tiktokx-cropcenter:100:100.jpg?dr=10399&refresh_token=4af9da99&x-expires=1780200000&x-signature=wUPG%2BfCj8RcqS4nzjytWNjZdW8k%3D&t=4d5b0474&ps=13740610&shp=30310797&shcp=ff37627b&idc=no1a"
"es como feria de pueblo, pero en el metro.","2","0","2026-05-28T01:07:56.000Z","elias_ibarra3.3.3","https://www.tiktok.com/@karolvelda/video/7643328314429443335","6801461140414120965","7644743102809654023","https://p16-common-sign.tiktokcdn-eu.com/tos-maliva-avt-0068/7329717836116344838~tplv-tiktokx-cropcenter:100:100.jpg?dr=10399&refresh_token=48fd0483&x-expires=1780200000&x-signature=DgBXJYCZQWijQT4SS8bceiHCTzU%3D&t=4d5b0474&ps=13740610&shp=30310797&shcp=ff37627b&idc=no1a"
"dejaron las fuentes modernas 😂","1","0","2026-05-29T02:35:28.000Z","tamypah","https://www.tiktok.com/@karolvelda/video/7643328314429443335","7380858758246040582","7645136755902219016","https://p16-common-sign.tiktokcdn-eu.com/tos-alisg-avt-0068/405c676d32404daf752687a85c0f08dd~tplv-tiktokx-cropcenter:100:100.jpg?dr=10399&refresh_token=7a481ceb&x-expires=1780200000&x-signature=SfGxtIU6AZP81OKOPQODV8Xa9E0%3D&t=4d5b0474&ps=13740610&shp=30310797&shcp=ff37627b&idc=no1a"
"pensé que lo de los candelabros era broma 🫠","2","0","2026-05-27T17:51:44.000Z","heyalee95","https://www.tiktok.com/@karolvelda/video/7643328314429443335","7253651332073702406","7644630704752739092","https://p16-common-sign.tiktokcdn-eu.com/tos-maliva-avt-0068/6a0f3f03c83350ee23cb7dbed38657a9~tplv-tiktokx-cropcenter:100:100.jpg?dr=10399&refresh_token=e56e1cdc&x-expires=1780200000&x-signature=TNV4WNpTzaUZfu00wbtb2%2Bnehcs%3D&t=4d5b0474&ps=13740610&shp=30310797&shcp=ff37627b&idc=no1a"
"[Sticker] Es que la prioridad era la elegancia de Francia, aunque se caiga el techo o llueva en las estaciones, a la mejor más allá de eso su visión es que tenga un toque romántico con lluvia, (Es bromis), pero si deberían de arreglar lo más importante en vez de los candelabros.","4","0","2026-05-25T04:00:33.000Z","rosskimhevil","https://www.tiktok.com/@karolvelda/video/7643328314429443335","6850898877786407941","7643674336335397653","https://p16-common-sign.tiktokcdn-eu.com/tos-maliva-avt-0068/c21ceddab0af534ee2b99356726e5882~tplv-tiktokx-cropcenter:100:100.jpg?dr=10399&refresh_token=a8d5deb8&x-expires=1780200000&x-signature=VfEPQ1JhCinJpODtwPhF3rt1anA%3D&t=4d5b0474&ps=13740610&shp=30310797&shcp=ff37627b&idc=no1a"
"jaja la tubería , el reloj y el letrero entre otros jajajajaja","4","0","2026-05-25T03:27:41.000Z","gabycha.gomsol","https://www.tiktok.com/@karolvelda/video/7643328314429443335","6807468067364029445","7643665867490722578","https://p16-common-sign.tiktokcdn-eu.com/tos-maliva-avt-0068/c7efaaecf5b687deaa23fba5b4b617bc~tplv-tiktokx-cropcenter:100:100.jpg?dr=10399&refresh_token=0e0b8d21&x-expires=1780200000&x-signature=i6LmMDZOhxVoBvFKBZU%2FNqbrqP0%3D&t=4d5b0474&ps=13740610&shp=30310797&shcp=ff37627b&idc=no1a"
"Jajajaja es para poder llenar las estaciones de agua jajaja","1","0","2026-05-28T22:06:36.000Z","vero.rous8","https://www.tiktok.com/@karolvelda/video/7643328314429443335","7434897831208961080","7645067459528311553","https://p16-common-sign.tiktokcdn-eu.com/tos-maliva-avt-0068/b30a0aee0195e692fb0a214ec5e6acbb~tplv-tiktokx-cropcenter:100:100.jpg?dr=10399&refresh_token=5578d662&x-expires=1780200000&x-signature=687FFYhFguMdzyHc9FCcaFHZ5fM%3D&t=4d5b0474&ps=13740610&shp=30310797&shcp=ff37627b&idc=no1a"
"Muchas falta de mantenimiento. Para que los candelabros? 🫤","1","0","2026-05-28T21:21:48.000Z","veronicavazquez93","https://www.tiktok.com/@karolvelda/video/7643328314429443335","7578896288058475521","7645054124040471317","https://p16-common-sign.tiktokcdn-eu.com/tos-alisg-avt-0068/86a1c5af3d6b498eecc390b541170577~tplv-tiktokx-cropcenter:100:100.jpg?dr=10399&refresh_token=9552a88f&x-expires=1780200000&x-signature=vLejS%2Fui7eNVQbYzjVklxCUXunA%3D&t=4d5b0474&ps=13740610&shp=30310797&shcp=ff37627b&idc=no1a"
"[Sticker] yo esperando el metro jajajjaa la goteras jajajajaja","4","0","2026-05-24T23:09:01.000Z","bebesosotaarabii","https://www.tiktok.com/@karolvelda/video/7643328314429443335","7129331750056756230","7643599162677166866","https://p16-common-sign.tiktokcdn-eu.com/tos-alisg-avt-0068/ab2ef012a8e5d7709ff8d5357a68ccd9~tplv-tiktokx-cropcenter:100:100.jpg?dr=10399&refresh_token=e4569ba1&x-expires=1780200000&x-signature=pUzMpRu94RG7wo7IMMYRmomprKY%3D&t=4d5b0474&ps=13740610&shp=30310797&shcp=ff37627b&idc=no1a"
"muchas gracias por tu reporte joaquin 😂😂😂","4","0","2026-05-24T21:34:58.000Z","xtrem.centro","https://www.tiktok.com/@karolvelda/video/7643328314429443335","7400568705308754950","7643574934019818258","https://p16-common-sign.tiktokcdn-eu.com/tos-maliva-avt-0068/765ca30c408b8518cb2908ec2ad35303~tplv-tiktokx-cropcenter:100:100.jpg?dr=10399&refresh_token=d23c3802&x-expires=1780200000&x-signature=kcKcnmYdSRbbG3olFCX8tfeFhno%3D&t=4d5b0474&ps=13740610&shp=30310797&shcp=ff37627b&idc=no1a"
"nmmn llueve mas adentro que afuera","1","0","2026-05-28T14:14:11.000Z","jmh8018","https://www.tiktok.com/@karolvelda/video/7643328314429443335","7338116244404569093","7644945755325596434","https://p16-common-sign.tiktokcdn-eu.com/tos-maliva-avt-0068/782956697a9a9658f240de69fd4dc2b2~tplv-tiktokx-cropcenter:100:100.jpg?dr=10399&refresh_token=ac6621c3&x-expires=1780200000&x-signature=DMC66bJF4IWOimVcqbd%2BDjHczNw%3D&t=4d5b0474&ps=13740610&shp=30310797&shcp=ff37627b&idc=no1a"
"Jajaja es parte de la atracción","1","0","2026-05-28T13:23:09.000Z","userozrrpbb6cm","https://www.tiktok.com/@karolvelda/video/7643328314429443335","7147098745187124229","7644932581003477780","https://p16-common-sign.tiktokcdn-eu.com/tos-maliva-avt-0068/a1462f48c68497a8a857f8ae3a63f7f7~tplv-tiktokx-cropcenter:100:100.jpg?dr=10399&refresh_token=8ced1f18&x-expires=1780200000&x-signature=3aSTYDqgJG6MNwn%2BZxnrsT0P3RA%3D&t=4d5b0474&ps=13740610&shp=30310797&shcp=ff37627b&idc=no1a"
"POR AÑOS MME Y MME QUE PUSIERAN BAÑOS PÚBLICOS Y AHORA QUE LOS PONEN SIGUEN MMDO 🤦🏻‍♂️🤦🏻‍♂️🤦🏻‍♂️","0","0","2026-05-21T23:15:26.000Z","miguel_a_g_v","https://www.tiktok.com/@telediario/video/7642063192079813908","7387867469136937990","7642487591456064263","https://p19-common-sign.tiktokcdn-us.com/tos-maliva-avt-0068/ed73b8e3a061599cee4a1da7225d0fe7~tplv-tiktokx-cropcenter:100:100.jpg?dr=9640&refresh_token=9f1888d7&x-expires=1780200000&x-signature=mlZuGd%2B5U6IGkCl%2B%2FkzlNY%2Fs0as%3D&t=4d5b0474&ps=13740610&shp=30310797&shcp=ff37627b&idc=useast5"
"ya van a estrenar casa las personas de la calle","0","0","2026-05-21T23:03:33.000Z","fenix.damian.666","https://www.tiktok.com/@telediario/video/7642063192079813908","7418827477274297349","7642484561821254420","https://p19-common-sign.tiktokcdn-us.com/tos-alisg-avt-0068/d6d6efcd629ab15dedd87ed36e3b7f08~tplv-tiktokx-cropcenter:100:100.jpg?dr=9640&refresh_token=4cbf6084&x-expires=1780200000&x-signature=J226KCILM9ym01i4K84c0k0RZHg%3D&t=4d5b0474&ps=13740610&shp=30310797&shcp=ff37627b&idc=useast5"
"cuál es el más cercado para rayar el nombre de mi rukaleta","0","0","2026-05-21T22:45:57.000Z","davicho_53","https://www.tiktok.com/@telediario/video/7642063192079813908","7010484654010057733","7642479964910666516","https://p19-common-sign.tiktokcdn-us.com/tos-alisg-avt-0068/0f3610225fd10516f5e5b9c6b5e4fb7e~tplv-tiktokx-cropcenter:100:100.jpg?dr=9640&refresh_token=ba9175c6&x-expires=1780200000&x-signature=mLXqnKmphqeIcjhiMTM2E%2BH9XDM%3D&t=4d5b0474&ps=13740610&shp=30310797&shcp=ff37627b&idc=useast5"
"esos sanitarios se saldrán de control estará apestosos","0","0","2026-05-21T22:44:37.000Z","user2139429347709","https://www.tiktok.com/@telediario/video/7642063192079813908","7021529193477866502","7642477879465345813","https://p19-common-sign.tiktokcdn-us.com/tos-maliva-avt-0068/5ceb6a58db766d8d4489b455c48f403f~tplv-tiktokx-cropcenter:100:100.jpg?dr=9640&refresh_token=06c068c2&x-expires=1780200000&x-signature=GuUnEZcl5Sy2B%2BMapWA2PpnZbws%3D&t=4d5b0474&ps=13740610&shp=30310797&shcp=ff37627b&idc=useast5"
"Para que vergas","0","0","2026-05-22T19:25:54.000Z","simio.789","https://www.tiktok.com/@telediario/video/7642063192079813908","7618798220274058241","7642799543508091656","https://p19-common-sign.tiktokcdn-us.com/tos-alisg-avt-0068/f28d0e2132c5875a31a5914bc94e7fd5~tplv-tiktokx-cropcenter:100:100.jpg?dr=9640&refresh_token=7238bbe5&x-expires=1780200000&x-signature=NXs17yBgmxwopJdNIpLRTFgVxGI%3D&t=4d5b0474&ps=13740610&shp=30310797&shcp=ff37627b&idc=useast5"
"En tres meses va estar alguien afuera de cada baño vendiendo dulces y cobrando $7 🙄🙄🙄🙄","0","0","2026-05-23T19:54:35.000Z","meyliz27","https://www.tiktok.com/@telediario/video/7642063192079813908","6529157489080947727","7643178019666150165","https://p19-common-sign.tiktokcdn-us.com/tos-alisg-avt-0068/435e3d6aebb41bf88836a5fcf9bd76e6~tplv-tiktokx-cropcenter:100:100.jpg?dr=9640&refresh_token=87f1f103&x-expires=1780200000&x-signature=vPdVDulUmmDs5nYGisfMJO4po4U%3D&t=4d5b0474&ps=13740610&shp=30310797&shcp=ff37627b&idc=useast5"
"La CFE robándole a la nación de la CFE","0","0","2026-05-22T00:44:03.000Z","r3d_77777","https://www.tiktok.com/@telediario/video/7642063192079813908","7023351585498252293","7642510424982192916","https://p19-common-sign.tiktokcdn-us.com/tos-alisg-avt-0068/f186b32c5ba11468f9d85ea9c860be38~tplv-tiktokx-cropcenter:100:100.jpg?dr=9640&refresh_token=2bfe46b8&x-expires=1780200000&x-signature=W9PQGew%2BHmVvWBQMD3OK8MJfUxM%3D&t=4d5b0474&ps=13740610&shp=30310797&shcp=ff37627b&idc=useast5"
"y donde que yo me echo unas 💩 bien apestosotas ajajaja","0","0","2026-05-27T01:57:27.000Z","oton_constantino_ll","https://www.tiktok.com/@telediario/video/7642063192079813908","7401715867325367302","7644384815504229141","https://p16-common-sign.tiktokcdn-us.com/tos-alisg-avt-0068/bf3d078086248e9aec18972e12c05707~tplv-tiktokx-cropcenter:100:100.jpg?dr=9640&refresh_token=85d23aea&x-expires=1780200000&x-signature=%2FnXdROB3Az1L%2B%2F6hql2I7GCNhdc%3D&t=4d5b0474&ps=13740610&shp=30310797&shcp=ff37627b&idc=useast5"
"[Sticker] va a estar bn asqueroso","0","0","2026-05-21T21:16:15.000Z","danny_jimnzz","https://www.tiktok.com/@telediario/video/7642063192079813908","7100621796965745670","7642456913023746824","https://p16-common-sign.tiktokcdn-us.com/tos-alisg-avt-0068/08cec2aea836e82e2389e2259eba8860~tplv-tiktokx-cropcenter:100:100.jpg?dr=9640&refresh_token=c4591304&x-expires=1780200000&x-signature=mX8lSqBpUpFFyfS0Nw8TPv7SCNA%3D&t=4d5b0474&ps=13740610&shp=30310797&shcp=ff37627b&idc=useast5"
"mejor gastar el dinero en los hospitales en medicamentos","0","0","2026-05-23T02:09:01.000Z","ivonne.salazar10","https://www.tiktok.com/@telediario/video/7642063192079813908","7484079108852663304","7642903373348782868","https://p16-common-sign.tiktokcdn-us.com/tos-maliva-avt-0068/0f869386cbfc8ae303706b378fd04004~tplv-tiktokx-cropcenter:100:100.jpg?dr=9640&refresh_token=361d1fe1&x-expires=1780200000&x-signature=zXLtWa5zWdhOunQjSYcYoiWmLvg%3D&t=4d5b0474&ps=13740610&shp=30310797&shcp=ff37627b&idc=useast5"
"ni mundial debería de a ver así como está la situación de las enfermedades que se están propagando","0","0","2026-05-23T23:04:51.000Z","97_espinosamax","https://www.tiktok.com/@telediario/video/7642063192079813908","7055146647857529862","7643227026871239431","https://p19-common-sign.tiktokcdn-us.com/tos-maliva-avt-0068/7331874444916457477~tplv-tiktokx-cropcenter:100:100.jpg?dr=9640&refresh_token=367165fe&x-expires=1780200000&x-signature=Jw2H7zxqDSk%2FfPGtambJEBgfGG8%3D&t=4d5b0474&ps=13740610&shp=30310797&shcp=ff37627b&idc=useast5"
"eso es un gasto innecesario.... termino aran cerrados y con basura","0","0","2026-05-21T23:38:38.000Z","berenicediaz31","https://www.tiktok.com/@telediario/video/7642063192079813908","6802299447994074117","7642493530658063111","https://p19-common-sign.tiktokcdn-us.com/tos-alisg-avt-0068/07927c708e7044d73162159c5cbd702f~tplv-tiktokx-cropcenter:100:100.jpg?dr=9640&refresh_token=b644f587&x-expires=1780200000&x-signature=9inFb9jUlh0pipHDQIfES8dxosA%3D&t=4d5b0474&ps=13740610&shp=30310797&shcp=ff37627b&idc=useast5"
"Es otro gasto inútil y lo que necesita la ciudad bien gracias, baches😳y tendrían que dejar un policía porque aquí no respetan nada","0","0","2026-05-23T03:46:54.000Z","bennymadona","https://www.tiktok.com/@telediario/video/7642063192079813908","7039565066031809542","7642928681525986055","https://p19-common-sign.tiktokcdn-us.com/tos-maliva-avt-0068/71706c46c192d0bb9a03f4bf9503e5a6~tplv-tiktokx-cropcenter:100:100.jpg?dr=9640&refresh_token=f56f0f8d&x-expires=1780200000&x-signature=pI6Uu6Vt96SoMXG02LWWLgTvaCI%3D&t=4d5b0474&ps=13740610&shp=30310797&shcp=ff37627b&idc=useast5"
"deberas ya no saben ni que hacer","0","0","2026-05-21T23:29:09.000Z","cecibsb3","https://www.tiktok.com/@telediario/video/7642063192079813908","7335566014551376902","7642491029694858005","https://p19-common-sign.tiktokcdn-us.com/tos-maliva-avt-0068/95e982b7e656be1a734e668e9eec1167~tplv-tiktokx-cropcenter:100:100.jpg?dr=9640&refresh_token=a6a488c2&x-expires=1780200000&x-signature=lhlysj4MbicKrnIW1YtHXrrw4ok%3D&t=4d5b0474&ps=13740610&shp=30310797&shcp=ff37627b&idc=useast5"
"Y no hay enseres en el IMS😏😏","0","0","2026-05-22T21:51:03.000Z","maferlow6","https://www.tiktok.com/@telediario/video/7642063192079813908","7314541428586480646","7642836966014305045","https://p16-common-sign.tiktokcdn-eu.com/musically-maliva-obj/1594805258216454~tplv-tiktokx-cropcenter:100:100.jpg?dr=10399&refresh_token=4e4254cb&x-expires=1780200000&x-signature=ZwQE3W%2FYdO0RcGX4cEf22EDYdus%3D&t=4d5b0474&ps=13740610&shp=30310797&shcp=ff37627b&idc=no1a"
"sin papel y sin agua para que?","0","0","2026-05-22T21:27:51.000Z","chorrita_15","https://www.tiktok.com/@telediario/video/7642063192079813908","6947535837077423109","7642830950413402900","https://p16-common-sign.tiktokcdn-eu.com/tos-maliva-avt-0068/fb59295b7dc17b6d2318080191c9a36b~tplv-tiktokx-cropcenter:100:100.jpg?dr=10399&refresh_token=05798777&x-expires=1780200000&x-signature=4Vmv5imrmW%2BUI83276TNiiEPQxQ%3D&t=4d5b0474&ps=13740610&shp=30310797&shcp=ff37627b&idc=no1a"
"está bien porque sale más caro la multa por orinar en publico","0","0","2026-05-22T15:13:02.000Z","lucianopea42","https://www.tiktok.com/@telediario/video/7642063192079813908","7421204404727481350","7642733689001149192","https://p16-common-sign.tiktokcdn-eu.com/tos-maliva-avt-0068/3adc398cd767aa447dba963ce33e6230~tplv-tiktokx-cropcenter:100:100.jpg?dr=10399&refresh_token=fa7de955&x-expires=1780200000&x-signature=eHmSIW8gjo5AT2mqlkcpYkSbcXc%3D&t=4d5b0474&ps=13740610&shp=30310797&shcp=ff37627b&idc=no1a"
"atentos grafiteros 😁","0","0","2026-05-22T07:12:10.000Z","elmochomo5","https://www.tiktok.com/@telediario/video/7642063192079813908","6890365770317480965","7642610466745991944","https://p16-common-sign.tiktokcdn-eu.com/tos-alisg-avt-0068/9e9da88193811911a2ebc55374053df0~tplv-tiktokx-cropcenter:100:100.jpg?dr=10399&refresh_token=a4b8c5a6&x-expires=1780200000&x-signature=C1Wy51A2W21BnH4FQw%2BXDhPb6VA%3D&t=4d5b0474&ps=13740610&shp=30310797&shcp=ff37627b&idc=no1a"
"Baños con Ajolotes...","0","0","2026-05-22T06:45:05.000Z","jomiz0","https://www.tiktok.com/@telediario/video/7642063192079813908","6809880290825225222","7642602388100760340","https://p16-common-sign.tiktokcdn-eu.com/tos-alisg-avt-0068/7333180949485584392~tplv-tiktokx-cropcenter:100:100.jpg?dr=10399&refresh_token=6da928f2&x-expires=1780200000&x-signature=mV%2BtB6pE%2F5L01llY7LCwyCT0Rfo%3D&t=4d5b0474&ps=13740610&shp=30310797&shcp=ff37627b&idc=no1a"
"volten a la comunidad estudiantil","0","0","2026-05-22T06:39:52.000Z","fabiangutierrez061","https://www.tiktok.com/@telediario/video/7642063192079813908","6804647166406837254","7642602159569634066","https://p16-common-sign.tiktokcdn-eu.com/tos-maliva-avt-0068/f9e8c0dfa81770b085528391b008a27c~tplv-tiktokx-cropcenter:100:100.jpg?dr=10399&refresh_token=129f1aaf&x-expires=1780200000&x-signature=mmJGXRgnLpBOiLreSCOuCamMCWk%3D&t=4d5b0474&ps=13740610&shp=30310797&shcp=ff37627b&idc=no1a"
"para puro turista y los ricos","0","0","2026-05-22T05:34:54.000Z","juan.marvan","https://www.tiktok.com/@telediario/video/7642063192079813908","7294713610152231941","7642585403628110600","https://p16-common-sign.tiktokcdn-eu.com/tos-maliva-avt-0068/7294715739392409606~tplv-tiktokx-cropcenter:100:100.jpg?dr=10399&refresh_token=a02f548a&x-expires=1780200000&x-signature=SVio8hykMECb1uEgVRPRwdcBBTE%3D&t=4d5b0474&ps=13740610&shp=30310797&shcp=ff37627b&idc=no1a"
"mejor pongan botes de basura en los metros, luego se quejan que hay basura en todos lados","0","0","2026-05-22T05:19:00.000Z","argimartinezbluue","https://www.tiktok.com/@telediario/video/7642063192079813908","245906406560731136","7642581304181572372","https://p16-common-sign.tiktokcdn-eu.com/tos-maliva-avt-0068/78dda2e6a22909bf052314c5e1f66fd2~tplv-tiktokx-cropcenter:100:100.jpg?dr=10399&refresh_token=d21f04da&x-expires=1780200000&x-signature=b3vT3Ow6cxU6%2FINr2RSyHyblRiE%3D&t=4d5b0474&ps=13740610&shp=30310797&shcp=ff37627b&idc=no1a"
"Debería también implementar contenedores grandes de basura para que la gente ya no sea tan cochina y ahí depositen su basura","0","0","2026-05-22T02:15:06.000Z","lalito22fuentes","https://www.tiktok.com/@telediario/video/7642063192079813908","7046238548890010629","7642533885721133844","https://p16-common-sign.tiktokcdn-eu.com/tos-alisg-avt-0068/4382af9466334ddd8d29263b8a4de0dc~tplv-tiktokx-cropcenter:100:100.jpg?dr=10399&refresh_token=4285bfc6&x-expires=1780200000&x-signature=wjuOFGsQG%2B1g27%2B6up6QvOo34P4%3D&t=4d5b0474&ps=13740610&shp=30310797&shcp=ff37627b&idc=no1a"
"Ni un chile les embona deberas","0","0","2026-05-22T01:58:15.000Z","el.prado24","https://www.tiktok.com/@telediario/video/7642063192079813908","7583927659589010444","7642529559418389269","https://p16-common-sign.tiktokcdn-eu.com/tos-alisg-avt-0068/a26df7e80154077ee81eea3526747ad5~tplv-tiktokx-cropcenter:100:100.jpg?dr=10399&refresh_token=bc7b7093&x-expires=1780200000&x-signature=d%2FeY9WWasFQ1YCM8ueuyLM1NYys%3D&t=4d5b0474&ps=13740610&shp=30310797&shcp=ff37627b&idc=no1a"
"[Sticker] gastan en todo menos en lo que se necesita","0","0","2026-05-22T00:57:21.000Z","annraphaela","https://www.tiktok.com/@telediario/video/7642063192079813908","6858315696746742790","7642513889745273607","https://p16-common-sign.tiktokcdn-eu.com/tos-alisg-avt-0068/15923700488cd2271f15ddde0bee01fc~tplv-tiktokx-cropcenter:100:100.jpg?dr=10399&refresh_token=7ff7865a&x-expires=1780200000&x-signature=4%2FJf1xy9EUldok7mxWUVm8Z2yNU%3D&t=4d5b0474&ps=13740610&shp=30310797&shcp=ff37627b&idc=no1a"
"Ni van a tener agua","0","0","2026-05-22T00:51:16.000Z","isma_g195","https://www.tiktok.com/@telediario/video/7642063192079813908","7464066742500246529","7642512287535022849","https://p16-common-sign.tiktokcdn-eu.com/tos-alisg-avt-0068/c4a9890b9b3284fb15d58d4a2319e942~tplv-tiktokx-cropcenter:100:100.jpg?dr=10399&refresh_token=f25e50e8&x-expires=1780200000&x-signature=m2CDS1%2FPo9jAHwoO51IQ1GIqDss%3D&t=4d5b0474&ps=13740610&shp=30310797&shcp=ff37627b&idc=no1a"
"Cuando le calculan para que estén bandalizados y abandonados.","0","0","2026-05-22T00:50:06.000Z","richi_chc","https://www.tiktok.com/@telediario/video/7642063192079813908","7085056160855802885","7642511982437335826","https://p16-common-sign.tiktokcdn-eu.com/tos-maliva-avt-0068/7085063595620466694~tplv-tiktokx-cropcenter:100:100.jpg?dr=10399&refresh_token=85935747&x-expires=1780200000&x-signature=e3yoMv0rX%2FxNBjopZkqT8PwB%2FDU%3D&t=4d5b0474&ps=13740610&shp=30310797&shcp=ff37627b&idc=no1a"
"Todo lo que gastan deberían de aumentar las pensiones de los s trabajadores del IMSS ni al mínimo llega","1","0","2026-05-30T04:22:02.000Z","ratoncitos2022","https://www.tiktok.com/@karolvelda/video/7643328314429443335","7112621954456323078","7645535346612110098","https://p16-common-sign.tiktokcdn.com/tos-maliva-avt-0068/91e92a83e01e7086dc53816512297c2f~tplv-tiktokx-cropcenter:100:100.jpg?dr=14579&refresh_token=866e509d&x-expires=1780200000&x-signature=FsK9mBSKs0czU1iE17fXdOmU2G4%3D&t=4d5b0474&ps=13740610&shp=30310797&shcp=ff37627b&idc=my2"
"toma taxi","1","2","2026-05-26T12:18:22.000Z","mikegelbruno","https://www.tiktok.com/@karolvelda/video/7643328314429443335","7129377169628988422","7644173708731204373","https://p16-common-sign.tiktokcdn.com/tos-maliva-avt-0068/7129380819637895173~tplv-tiktokx-cropcenter:100:100.jpg?dr=14579&refresh_token=a259d533&x-expires=1780200000&x-signature=xcPCG6XjiJYpRdF67em4g2mloxQ%3D&t=4d5b0474&ps=13740610&shp=30310797&shcp=ff37627b&idc=my2"
"se ve más económico 😭","4","2","2026-05-25T15:54:09.000Z","lash_nomnom","https://www.tiktok.com/@karolvelda/video/7643328314429443335","6836747134151164933","7643858264081613588","https://p16-common-sign.tiktokcdn.com/tos-alisg-avt-0068/66cd77d7f9dffe0978e31d8bb81b3586~tplv-tiktokx-cropcenter:100:100.jpg?dr=14579&refresh_token=155108ee&x-expires=1780200000&x-signature=z3MI9pEix8YvgKuzevQVGOnFSUQ%3D&t=4d5b0474&ps=13740610&shp=30310797&shcp=ff37627b&idc=my2"
"El que busca que hacer siempre va a encontrar y sobre todo cuando se descuido el metro Pero con el cuidado que le demos estaremos más que satisfechos","1","3","2026-05-24T23:02:29.000Z","noem.ortega26","https://www.tiktok.com/@karolvelda/video/7643328314429443335","7291437096614544390","7643597513358820104","https://p16-common-sign.tiktokcdn.com/musically-maliva-obj/1594805258216454~tplv-tiktokx-cropcenter:100:100.jpg?dr=14579&refresh_token=fa307169&x-expires=1780200000&x-signature=mehcPq0GqZUJprcMKOYk31VuyvU%3D&t=4d5b0474&ps=13740610&shp=30310797&shcp=ff37627b&idc=my2"
"Usa UBER mija!","1","1","2026-05-27T19:42:12.000Z","djpatriotaeloriginal","https://www.tiktok.com/@karolvelda/video/7643328314429443335","7442596878745224247","7644659191265018641","https://p16-common-sign.tiktokcdn.com/tos-alisg-avt-0068/1c2106429adfab071d13e715151c8e9a~tplv-tiktokx-cropcenter:100:100.jpg?dr=14579&refresh_token=505609d1&x-expires=1780200000&x-signature=d6tvWjLKUUmiEw6NmpTwwHUEhU4%3D&t=4d5b0474&ps=13740610&shp=30310797&shcp=ff37627b&idc=my2"
"Gasto innecesario","4","1","2026-05-27T06:07:46.000Z","jadan375","https://www.tiktok.com/@karolvelda/video/7643328314429443335","7482989958035489798","7644449303482254101","https://p16-common-sign.tiktokcdn.com/tos-maliva-avt-0068/bd172f2409bd08ebf113260704ed5f91~tplv-tiktokx-cropcenter:100:100.jpg?dr=14579&refresh_token=b8970a03&x-expires=1780200000&x-signature=0iAIMs5ZX5nZnIpRZ8glD2RbYKM%3D&t=4d5b0474&ps=13740610&shp=30310797&shcp=ff37627b&idc=my2"
"Bienvenida a la cuarta transformación","2","1","2026-05-27T04:31:41.000Z","betocruz50","https://www.tiktok.com/@karolvelda/video/7643328314429443335","6780722840234918918","7644424532304954132","https://p16-common-sign.tiktokcdn.com/tos-maliva-avt-0068/0ed4d0caeca47dce5451c02f38c71958~tplv-tiktokx-cropcenter:100:100.jpg?dr=14579&refresh_token=191ed88a&x-expires=1780200000&x-signature=vP9D7orGUbJXrUjKPtKyor9%2BOh4%3D&t=4d5b0474&ps=13740610&shp=30310797&shcp=ff37627b&idc=my2"
"Tu votaste por lo actual. 🤷🏻‍♂️","3","0","2026-05-26T22:32:32.000Z","el.botudo","https://www.tiktok.com/@karolvelda/video/7643328314429443335","7208386468317840390","7644331967354716946","https://p16-common-sign.tiktokcdn.com/tos-maliva-avt-0068/a2be9322f90eb4f8d112581390f61612~tplv-tiktokx-cropcenter:100:100.jpg?dr=14579&refresh_token=c1cbd357&x-expires=1780200000&x-signature=CyO0hWlVkGgEyedpn9w7051UWs8%3D&t=4d5b0474&ps=13740610&shp=30310797&shcp=ff37627b&idc=my2"
"que pena cdmx","2","1","2026-05-26T03:56:08.000Z","30luisamaria","https://www.tiktok.com/@karolvelda/video/7643328314429443335","6900384717247251462","7644044292444635924","https://p16-common-sign.tiktokcdn.com/tos-alisg-avt-0068/016146ea5ccfbf4737c8843b84655d56~tplv-tiktokx-cropcenter:100:100.jpg?dr=14579&refresh_token=cff82b23&x-expires=1780200000&x-signature=nm7SmLr2agIQvvaEVMtGPYHx%2BF4%3D&t=4d5b0474&ps=13740610&shp=30310797&shcp=ff37627b&idc=my2"
"y cuantos millones costaron🤣🤣🤣🤣","2","1","2026-05-26T02:43:50.000Z","scalas.geminis","https://www.tiktok.com/@karolvelda/video/7643328314429443335","7517823552620643335","7644025635175809793","https://p16-common-sign.tiktokcdn.com/tos-alisg-avt-0068/b8fe2524645443a8d8686d67a0048a5e~tplv-tiktokx-cropcenter:100:100.jpg?dr=14579&refresh_token=17602db4&x-expires=1780200000&x-signature=kRgcYKPnlUDd5%2BaDghapZhHYFDw%3D&t=4d5b0474&ps=13740610&shp=30310797&shcp=ff37627b&idc=my2"
"Que esperaban!","1","1","2026-05-26T01:15:46.000Z","janstar16","https://www.tiktok.com/@karolvelda/video/7643328314429443335","6906514105051415557","7644002948364894984","https://p16-common-sign.tiktokcdn.com/tos-maliva-avt-0068/250aeb981f81f163fbf868291bccfd00~tplv-tiktokx-cropcenter:100:100.jpg?dr=14579&refresh_token=f226e1fc&x-expires=1780200000&x-signature=J%2Biyzh8PsmHlVbO9J0pkkwp9ixY%3D&t=4d5b0474&ps=13740610&shp=30310797&shcp=ff37627b&idc=my2"
"que metro es??","2","1","2026-05-25T04:44:22.000Z","maki.bravo","https://www.tiktok.com/@karolvelda/video/7643328314429443335","7114493019018068998","7643685622767190804","https://p16-common-sign.tiktokcdn.com/tos-maliva-avt-0068/7270373734169935877~tplv-tiktokx-cropcenter:100:100.jpg?dr=14579&refresh_token=1842533c&x-expires=1780200000&x-signature=YNIaLZ9wbKDDDiBUTfxl4bZOb1M%3D&t=4d5b0474&ps=13740610&shp=30310797&shcp=ff37627b&idc=my2"
"que iglesia ⛪️es???","2","1","2026-05-25T01:06:53.000Z","daantiin","https://www.tiktok.com/@karolvelda/video/7643328314429443335","7499939846469125128","7643629585066164999","https://p16-common-sign.tiktokcdn.com/tos-alisg-avt-0068/0fd39b0d1dfb2e75461a81ebd8d096c8~tplv-tiktokx-cropcenter:100:100.jpg?dr=14579&refresh_token=7e187704&x-expires=1780200000&x-signature=Vi3K4khL7XeHpXvDDQMVsQIGPJA%3D&t=4d5b0474&ps=13740610&shp=30310797&shcp=ff37627b&idc=my2"
"y que volteas hacia arriba? 😒","1","1","2026-05-25T03:35:18.000Z","dariusch91","https://www.tiktok.com/@karolvelda/video/7643328314429443335","7474747821071336449","7643667781903090452","https://p16-common-sign.tiktokcdn.com/tos-alisg-avt-0068/0478548d3e79535a2a5a15eb509102cf~tplv-tiktokx-cropcenter:100:100.jpg?dr=14579&refresh_token=13a8fcd0&x-expires=1780200000&x-signature=pa5welDe5sHLqoSSy%2FwKc4HM3pc%3D&t=4d5b0474&ps=13740610&shp=30310797&shcp=ff37627b&idc=my2"
"que t valgaa","1","1","2026-05-25T02:40:37.000Z","francisco.serrano615","https://www.tiktok.com/@karolvelda/video/7643328314429443335","7401990668685755398","7643651193618465554","https://p16-common-sign.tiktokcdn.com/tos-alisg-avt-0068/186820ce75c3f95c8561da21282ae97d~tplv-tiktokx-cropcenter:100:100.jpg?dr=14579&refresh_token=5b13bb1d&x-expires=1780200000&x-signature=trYIVAzqMZSscp2mOxCvvUtOrbo%3D&t=4d5b0474&ps=13740610&shp=30310797&shcp=ff37627b&idc=my2"
"no alcanzo el presupuesto para hacerlo bien","1","0","2026-05-29T18:33:55.000Z","mariaconcepcinsal0","https://www.tiktok.com/@karolvelda/video/7643328314429443335","7461123825306174481","7645383786397926151","https://p16-common-sign.tiktokcdn.com/tos-alisg-avt-0068/a7dff28fc5b8763709616375d7b330c4~tplv-tiktokx-cropcenter:100:100.jpg?dr=14579&refresh_token=b67fc0b5&x-expires=1780200000&x-signature=8pPJNt%2FCIiNkJ4CZEkpzo4u4SLA%3D&t=4d5b0474&ps=13740610&shp=30310797&shcp=ff37627b&idc=my2"
"exactamente que arregle mejor las calles banquetas drenajes ya que el gobierno tiene el poder y el dinero","1","0","2026-05-29T18:08:41.000Z","patriciasalinas3","https://www.tiktok.com/@karolvelda/video/7643328314429443335","7123354393424757765","7645377244635202312","https://p16-common-sign.tiktokcdn.com/tos-alisg-avt-0068/6438aa7bf0e75cf21adbfe913529c181~tplv-tiktokx-cropcenter:100:100.jpg?dr=14579&refresh_token=26d69b82&x-expires=1780200000&x-signature=VtWGthVZz%2B2L7ONR0PyIJaGN9pc%3D&t=4d5b0474&ps=13740610&shp=30310797&shcp=ff37627b&idc=my2"
"Ay que cosa, no se si reír o ponerme a llorar por la burla de las autoridades","3","0","2026-05-28T18:24:40.000Z","laura.fernndez938","https://www.tiktok.com/@karolvelda/video/7643328314429443335","7376093309217375238","7645010306439480065","https://p16-common-sign.tiktokcdn.com/tos-maliva-avt-0068/7a5a5b0dbefece0d6a8838676d187185~tplv-tiktokx-cropcenter:100:100.jpg?dr=14579&refresh_token=b4958228&x-expires=1780200000&x-signature=ikvr1%2BababH5vQMXgYdMANEPOwE%3D&t=4d5b0474&ps=13740610&shp=30310797&shcp=ff37627b&idc=my2"
"Puras mmds","0","0","2026-05-21T06:28:20.000Z","ivangordillo00","https://www.tiktok.com/@telediario/video/7642063192079813908","6741705985646445569","7642228088215405328","https://p16-common-sign.tiktokcdn-eu.com/tos-alisg-avt-0068/4f8b729efcf6aa10d2e50f02ff531f44~tplv-tiktokx-cropcenter:100:100.jpg?dr=10399&refresh_token=df8220f7&x-expires=1780200000&x-signature=e2vK9EV8Sfr%2Byjlyt4XgAMreV%2Bs%3D&t=4d5b0474&ps=13740610&shp=30310797&shcp=ff37627b&idc=no1a"
"mejor que no haiga mundial no saben los riesgos de salud que puede ver más adelante nueva pandemia","0","0","2026-05-21T05:52:32.000Z","elibet.ortega","https://www.tiktok.com/@telediario/video/7642063192079813908","7574109336932041736","7642218815326454549","https://p16-common-sign.tiktokcdn-eu.com/musically-maliva-obj/1594805258216454~tplv-tiktokx-cropcenter:100:100.jpg?dr=10399&refresh_token=4e4254cb&x-expires=1780200000&x-signature=ZwQE3W%2FYdO0RcGX4cEf22EDYdus%3D&t=4d5b0474&ps=13740610&shp=30310797&shcp=ff37627b&idc=no1a"
"Hay al ratito van a decir que costo mil de millones para justificar su robo jaja","0","0","2026-05-27T14:50:36.000Z","sai_gar23","https://www.tiktok.com/@telediario/video/7642063192079813908","6763492983247750150","7644584037193679637","https://p16-common-sign.tiktokcdn-eu.com/tos-maliva-avt-0068/9f5411b55d6eff9c4417ebe48be4ddc5~tplv-tiktokx-cropcenter:100:100.jpg?dr=10399&refresh_token=e1c73fcb&x-expires=1780200000&x-signature=DWmGEaYfrWM2p5awjuI%2FnZlGRtQ%3D&t=4d5b0474&ps=13740610&shp=30310797&shcp=ff37627b&idc=no1a"
"Déjanos con esos pequeños momentos de finura Porfavor!!! 😂😂😂","6","0","2026-05-24T23:59:37.000Z","gloriaaguilar711","https://www.tiktok.com/@karolvelda/video/7643328314429443335","7393913213220111366","7643612230134596372","https://p19-common-sign.tiktokcdn-us.com/tos-maliva-avt-0068/7394461604923097093~tplv-tiktokx-cropcenter:100:100.jpg?dr=9640&refresh_token=a0d5595a&x-expires=1780200000&x-signature=7ZvrNITE52XuIma1GiHpYu38KME%3D&t=4d5b0474&ps=13740610&shp=30310797&shcp=ff37627b&idc=useast5"
"hay presencia de humedad en esa área y es precisamente porque la CDMX se está hundiendo, sé que no lo van a comprender, lo más simple es decirles que eso no se va a ir.","6","0","2026-05-25T18:09:59.000Z","loismarroquin1","https://www.tiktok.com/@karolvelda/video/7643328314429443335","6788535407024096261","7643893251774448405","https://p16-common-sign.tiktokcdn-us.com/tos-alisg-avt-0068/efa754e2d1f23ed3c96b5763d8de1ea5~tplv-tiktokx-cropcenter:100:100.jpg?dr=9640&refresh_token=c7f7cb6f&x-expires=1780200000&x-signature=CB6Z11KO8KkWz5Z%2Fmyz4Uh1dYVg%3D&t=4d5b0474&ps=13740610&shp=30310797&shcp=ff37627b&idc=useast5"
"saben como va a terminar eso","0","0","2026-05-21T23:25:59.000Z","marichuytorres7","https://www.tiktok.com/@telediario/video/7642063192079813908","6803551178425779205","7642490257272062728","https://p19-common-sign.tiktokcdn-us.com/tos-maliva-avt-0068/0d2240eaa9ede654671be5d2e1fb7914~tplv-tiktokx-cropcenter:100:100.jpg?dr=9640&refresh_token=f2ec39d6&x-expires=1780200000&x-signature=UyVrcVlqJo8ewMH%2B7u6dpE5b2Ko%3D&t=4d5b0474&ps=13740610&shp=30310797&shcp=ff37627b&idc=useast8"
"De verdad nada, nada, nada les embona.","0","0","2026-05-21T21:21:58.000Z","diiego2207","https://www.tiktok.com/@telediario/video/7642063192079813908","6812301281568015366","7642458361170199303","https://p16-common-sign.tiktokcdn-us.com/tos-alisg-avt-0068/1a1c1fc727509fac53630464bec9b25c~tplv-tiktokx-cropcenter:100:100.jpg?dr=9640&refresh_token=69bd39ad&x-expires=1780200000&x-signature=u7NcSfPOEOQ%2F%2FZdzbH1Fh%2B4pp3w%3D&t=4d5b0474&ps=13740610&shp=30310797&shcp=ff37627b&idc=useast8"
"apenas le tocó a mi niño en pediatría y no había camas solo casos graves les asignaron , los demás en sillas estaban canalizados en batita cansados de madrugada que difícil situación del país, deberían invertir esos temas ya que todos los mexicanos aportamos para eso","0","0","2026-05-21T23:50:11.000Z","internauta27","https://www.tiktok.com/@telediario/video/7642063192079813908","6952303353440257030","7642496550031753992","https://p16-common-sign.tiktokcdn-us.com/tos-alisg-avt-0068/3857a1cf2bac6076a1a38ebf0b8d0482~tplv-tiktokx-cropcenter:100:100.jpg?dr=9640&refresh_token=4a5dfedc&x-expires=1780200000&x-signature=%2BDK63wvKHyAYDyTeBVYGmiaRDWk%3D&t=4d5b0474&ps=13740610&shp=30310797&shcp=ff37627b&idc=useast8"
"QPKM tiene el gobierno , habiendo tantas pinches necesidades en el país y gastan en esto .","0","0","2026-05-21T23:30:20.000Z","jonaa.ortega","https://www.tiktok.com/@telediario/video/7642063192079813908","7297057517178373126","7642491445995340551","https://p16-common-sign.tiktokcdn-us.com/tos-alisg-avt-0068/ad0ee5bb3db7c8e345d29e35aa33a188~tplv-tiktokx-cropcenter:100:100.jpg?dr=9640&refresh_token=e80fe7f5&x-expires=1780200000&x-signature=XUqW40DgZn4sVNMlwJG8ObWoXRw%3D&t=4d5b0474&ps=13740610&shp=30310797&shcp=ff37627b&idc=useast8"
"te imaginas cuanto supuestamente gastarían en ""arreglar"" nadamas una parte así :v? dirían q ocupan unos cuantos billones y aún así, ""haber si queda"" :v pq es difícil yo digo pero aún así :v en una de esas por la humedad pierde sus propiedades para cargar tanto peso para el q fue diseñado y sacas q se caiga mms","6","0","2026-05-24T22:22:21.000Z","edugamr_","https://www.tiktok.com/@karolvelda/video/7643328314429443335","6930437156788012038","7643587137438401296","https://p19-common-sign.tiktokcdn-us.com/tos-maliva-avt-0068/eb76483fb6fec1b7a7dbeab391a2cb23~tplv-tiktokx-cropcenter:100:100.jpg?dr=9640&refresh_token=bfdfb4a1&x-expires=1780200000&x-signature=DxHKPl1NSyLjrYmDdk1BstWndKs%3D&t=4d5b0474&ps=13740610&shp=30310797&shcp=ff37627b&idc=useast5"
"Gastaron en embellecer y no hay trenes","5","0","2026-05-25T03:46:17.000Z","isaaczaragoza77","https://www.tiktok.com/@karolvelda/video/7643328314429443335","7212038897232528390","7643670608518365973","https://p19-common-sign.tiktokcdn-us.com/tos-alisg-avt-0068/75581d5ff9646633566317946610e12d~tplv-tiktokx-cropcenter:100:100.jpg?dr=9640&refresh_token=f4089e58&x-expires=1780200000&x-signature=fwE%2FfhZbbsXYBpgc1uRcsIeBxOs%3D&t=4d5b0474&ps=13740610&shp=30310797&shcp=ff37627b&idc=useast5"
"que pensaban, la lamparita costó bastantes millones de pesos, no alcanzo para arreglar bien el anden","5","0","2026-05-24T22:40:02.000Z","lola30603","https://www.tiktok.com/@karolvelda/video/7643328314429443335","7583006489934267409","7643589312169149192","https://p19-common-sign.tiktokcdn-us.com/tos-alisg-avt-0068/6dd75e0082a51d1e75e1041cc23a4550~tplv-tiktokx-cropcenter:100:100.jpg?dr=9640&refresh_token=fa94b00b&x-expires=1780200000&x-signature=fkt50nl%2Feg7CQp%2BAEMXD3MUIvcc%3D&t=4d5b0474&ps=13740610&shp=30310797&shcp=ff37627b&idc=useast5"
"es que la gente por que no entiende que es mas importante que se vea bonito a que funcione bien","5","0","2026-05-25T00:43:04.000Z","marquin2982","https://www.tiktok.com/@karolvelda/video/7643328314429443335","7224309117242065926","7643623332789502736","https://p16-common-sign.tiktokcdn-us.com/tos-maliva-avt-0068/7225295926607708166~tplv-tiktokx-cropcenter:100:100.jpg?dr=9640&refresh_token=8ff7064b&x-expires=1780200000&x-signature=zT0nKW99b%2BH3NOZKmsN4dEVtNHs%3D&t=4d5b0474&ps=13740610&shp=30310797&shcp=ff37627b&idc=useast5"
"podra ir hasta la mare en hora pico pero la decoración 🤣","5","0","2026-05-24T17:53:36.000Z","enedina7498","https://www.tiktok.com/@karolvelda/video/7643328314429443335","7630624048317481992","7643516925775168277","https://p16-common-sign.tiktokcdn-us.com/tos-alisg-avt-0068/a529f9ebc7bbb3784485b06d4357baad~tplv-tiktokx-cropcenter:100:100.jpg?dr=9640&refresh_token=608eb21a&x-expires=1780200000&x-signature=Nvv0D69RDQk0%2Bx2T%2FYbtAXMK7c4%3D&t=4d5b0474&ps=13740610&shp=30310797&shcp=ff37627b&idc=useast5"
"son faroles y de hecho tienes razón lo que debieron remodelar no lo hicieron","6","0","2026-05-24T20:45:23.000Z","natazarat1517","https://www.tiktok.com/@karolvelda/video/7643328314429443335","7046579418941211654","7643562154537911061","https://p19-common-sign.tiktokcdn-us.com/tos-alisg-avt-0068/8aba1cbd0b88e6aa2e6f504a1adcb443~tplv-tiktokx-cropcenter:100:100.jpg?dr=9640&refresh_token=1650639f&x-expires=1780200000&x-signature=pbQHrqZl9mfDDVpPe%2ByND3%2BxRdU%3D&t=4d5b0474&ps=13740610&shp=30310797&shcp=ff37627b&idc=useast5"
"peña nieto se te extraña","2","1","2026-05-28T13:30:28.000Z","cesar75ol","https://www.tiktok.com/@karolvelda/video/7643328314429443335","7083283696200369157","7644934491618607879","https://p19-common-sign.tiktokcdn-us.com/tos-alisg-avt-0068/96de6d953951bfb0abe39b4264fefc58~tplv-tiktokx-cropcenter:100:100.jpg?dr=9640&refresh_token=da47283d&x-expires=1780200000&x-signature=hgG2qeFxVDW84U7fp1cFKFOHAcI%3D&t=4d5b0474&ps=13740610&shp=30310797&shcp=ff37627b&idc=useast5"
"lo q no sabes es q esas goteras son parte de los adornos","4","1","2026-05-28T05:01:11.000Z","chealemancito","https://www.tiktok.com/@karolvelda/video/7643328314429443335","7159296579122529286","7644803260330820360","https://p19-common-sign.tiktokcdn-us.com/tos-alisg-avt-0068/861d7269aedb739b33eaa4c067a06fed~tplv-tiktokx-cropcenter:100:100.jpg?dr=9640&refresh_token=fca4ff5c&x-expires=1780200000&x-signature=g9fNZyDIoHj%2FWVOQ%2F64Uxq96iJw%3D&t=4d5b0474&ps=13740610&shp=30310797&shcp=ff37627b&idc=useast5"
"todos con teléfono iPhone en paguitos...y recargas de 100","1","0","2026-05-27T23:09:23.000Z","ricardoarriaga46","https://www.tiktok.com/@karolvelda/video/7643328314429443335","7397119262932009989","7644712582082741000","https://p19-common-sign.tiktokcdn-us.com/tos-maliva-avt-0068/3bc4ecb9d30a6d01b7ff132a5659d521~tplv-tiktokx-cropcenter:100:100.jpg?dr=9640&refresh_token=050e4c15&x-expires=1780200000&x-signature=DHWJTfLIEpJjemZyzEVKXKRQLoo%3D&t=4d5b0474&ps=13740610&shp=30310797&shcp=ff37627b&idc=useast5"
"yo solo juzgamos y juzgamos como si fuwramos perfectos avwces si hay gente que cae mal se creen perfectos","4","6","2026-05-25T22:06:32.000Z","miguelangelvazque5311","https://www.tiktok.com/@karolvelda/video/7643328314429443335","7324796129429488645","7643952829506028304","https://p19-common-sign.tiktokcdn-us.com/tos-alisg-avt-0068/d93f9d1c48cb1204a373a36cf5e10d42~tplv-tiktokx-cropcenter:100:100.jpg?dr=9640&refresh_token=f63cab8b&x-expires=1780200000&x-signature=DUtTXYIWJBayzJDEk7RecgfDZAs%3D&t=4d5b0474&ps=13740610&shp=30310797&shcp=ff37627b&idc=useast5"
"Y las calles y carreteras como para cuando?","2","2","2026-05-27T23:06:27.000Z","brendabautista90","https://www.tiktok.com/@karolvelda/video/7643328314429443335","7099644870906692614","7644711772158952213","https://p16-common-sign.tiktokcdn-us.com/tos-maliva-avt-0068/7154100602025148422~tplv-tiktokx-cropcenter:100:100.jpg?dr=9640&refresh_token=14e3a395&x-expires=1780200000&x-signature=UdSC1Mbvvub80VKoqAGdvKoKByU%3D&t=4d5b0474&ps=13740610&shp=30310797&shcp=ff37627b&idc=useast5"
"y dicen que nada nos envona","2","1","2026-05-28T16:25:05.000Z","davidespinosa3173","https://www.tiktok.com/@karolvelda/video/7643328314429443335","7582992960276235285","7644978540954223377","https://p19-common-sign.tiktokcdn-us.com/tos-alisg-avt-0068/f035df439fafd8e2fa1b80043174f738~tplv-tiktokx-cropcenter:100:100.jpg?dr=9640&refresh_token=f82458f6&x-expires=1780200000&x-signature=Oa5nHCq7JP22WFPzksVmNfeNb%2Bc%3D&t=4d5b0474&ps=13740610&shp=30310797&shcp=ff37627b&idc=useast5"
"Remodelación estética solamente ,para controlar esas goteras imaginen el tipo de trabajo que tienen que hacer y esa zona es muy difícil de tratar ya que con temblores, el hundimiento y el paso de el tiempo es normal que se hagan","0","6","2026-05-25T02:11:16.000Z","hendrik9984","https://www.tiktok.com/@karolvelda/video/7643328314429443335","7390115420764062725","7643646129742480146","https://p16-common-sign.tiktokcdn-us.com/tos-maliva-avt-0068/05f18cf833b2acf06cb034b18320448b~tplv-tiktokx-cropcenter:100:100.jpg?dr=9640&refresh_token=a89bd7ae&x-expires=1780200000&x-signature=dVhhIZaUGr2NVG%2BCtsAdvmKBdcQ%3D&t=4d5b0474&ps=13740610&shp=30310797&shcp=ff37627b&idc=useast5"
"es interactivo así sabrás cuando esté lloviendo afuera jaja","1","0","2026-05-25T01:14:08.000Z","frananto819","https://www.tiktok.com/@karolvelda/video/7643328314429443335","6758386278117934082","7643631427472720661","https://p16-common-sign.tiktokcdn-us.com/tos-maliva-avt-0068/425f25c107dac7bc3e2ce87959a27414~tplv-tiktokx-cropcenter:100:100.jpg?dr=9640&refresh_token=cd04b0e9&x-expires=1780200000&x-signature=G7x3JFipzamOxJ%2BDGvgTWh%2Fz1vs%3D&t=4d5b0474&ps=13740610&shp=30310797&shcp=ff37627b&idc=useast5"
"Y justificaron millones de pesos gastados JAJAJAJA","1","0","2026-05-26T17:25:19.000Z","duransweet","https://www.tiktok.com/@karolvelda/video/7643328314429443335","7081023783302054917","7644252837191041810","https://p16-common-sign.tiktokcdn-us.com/tos-alisg-avt-0068/9ba0f2174d2d527dbb979ac22a487e10~tplv-tiktokx-cropcenter:100:100.jpg?dr=9640&refresh_token=a139c991&x-expires=1780200000&x-signature=i6rTmMW6OkC0ePi6VQUmXrFt%2BA4%3D&t=4d5b0474&ps=13740610&shp=30310797&shcp=ff37627b&idc=useast5"
"cuando realizarán algo bien?","2","0","2026-05-26T16:44:00.000Z","antonioalvarez145","https://www.tiktok.com/@karolvelda/video/7643328314429443335","6797228457694594053","7644242172615213844","https://p19-common-sign.tiktokcdn-us.com/tos-maliva-avt-0068/61f96274dea2163da55f64564d6bce8e~tplv-tiktokx-cropcenter:100:100.jpg?dr=9640&refresh_token=e96a1706&x-expires=1780200000&x-signature=SAncnQSkIOEL%2FQhFih0Io7H4fQU%3D&t=4d5b0474&ps=13740610&shp=30310797&shcp=ff37627b&idc=useast5"
"Ya le quitaste el encanto","1","0","2026-05-27T00:31:59.000Z","sol705887","https://www.tiktok.com/@karolvelda/video/7643328314429443335","7263974076178777093","7644362736721511188","https://p19-common-sign.tiktokcdn-us.com/tos-maliva-avt-0068/7341884572496068613~tplv-tiktokx-cropcenter:100:100.jpg?dr=9640&refresh_token=d4b045b3&x-expires=1780200000&x-signature=CwU7rItp2IgXj2L16yh3XMi1vs8%3D&t=4d5b0474&ps=13740610&shp=30310797&shcp=ff37627b&idc=useast5"
"y las cascadas y goteras para cuando???","1","0","2026-05-27T17:56:27.000Z","metallisandy","https://www.tiktok.com/@karolvelda/video/7643328314429443335","6636775857834033158","7644631939755983636","https://p16-common-sign.tiktokcdn-us.com/tos-alisg-avt-0068/640c862b93d35c68db7b03848ea50537~tplv-tiktokx-cropcenter:100:100.jpg?dr=9640&refresh_token=550a537d&x-expires=1780200000&x-signature=ULoXexiZfrjHHj1TfYyiS%2FyuM6g%3D&t=4d5b0474&ps=13740610&shp=30310797&shcp=ff37627b&idc=useast5"
"SIN COMENTARIOS,SEÑORES ESTO ES MÉXICO","1","0","2026-05-27T01:16:02.000Z","thekingofthenight0","https://www.tiktok.com/@karolvelda/video/7643328314429443335","6824973344686507013","7644372307112968980","https://p19-common-sign.tiktokcdn-us.com/tos-maliva-avt-0068/7332151305605611525~tplv-tiktokx-cropcenter:100:100.jpg?dr=9640&refresh_token=f65a8f6b&x-expires=1780200000&x-signature=UIOpOpyn6c%2B3MhNvxZwWFc9QcZQ%3D&t=4d5b0474&ps=13740610&shp=30310797&shcp=ff37627b&idc=useast5"
"que ve vea 1912","1","0","2026-05-27T00:36:42.000Z","abi269103","https://www.tiktok.com/@karolvelda/video/7643328314429443335","6875950587134084102","7644363941263885076","https://p19-common-sign.tiktokcdn-us.com/tos-alisg-avt-0068/a15d2be17d39f9edfe0523607ce6f259~tplv-tiktokx-cropcenter:100:100.jpg?dr=9640&refresh_token=301aa9fe&x-expires=1780200000&x-signature=lBLiOrd6UqLg3ffqbtuYEZoz%2FVA%3D&t=4d5b0474&ps=13740610&shp=30310797&shcp=ff37627b&idc=useast5"
"ni el reloj que es necesario existe","2","0","2026-05-26T03:51:18.000Z","manuel.perez419","https://www.tiktok.com/@karolvelda/video/7643328314429443335","7258104181368636422","7644043023902835477","https://p16-common-sign.tiktokcdn-us.com/tos-maliva-avt-0068/0fa79b9745d9aa1039f047bf842416b1~tplv-tiktokx-cropcenter:100:100.jpg?dr=9640&refresh_token=0772d613&x-expires=1780200000&x-signature=jtFfHEIqbtKUnBPxxFmfG3JzA0w%3D&t=4d5b0474&ps=13740610&shp=30310797&shcp=ff37627b&idc=useast5"
"😂😂😂😂more y sus cosas 🤦🤦🤦","1","0","2026-05-25T04:55:38.000Z","sadkyel6","https://www.tiktok.com/@karolvelda/video/7643328314429443335","6869178814510023686","7643688543294030612","https://p19-common-sign.tiktokcdn-us.com/musically-maliva-obj/1594805258216454~tplv-tiktokx-cropcenter:100:100.jpg?dr=9640&refresh_token=e340c4d0&x-expires=1780200000&x-signature=y0I6Dncomm86fyA9XjJdWa1HRzE%3D&t=4d5b0474&ps=13740610&shp=30310797&shcp=ff37627b&idc=useast5"
"Es q es una fuente 🥰🥰🥰🥰🥰🥰🥰🥰🥰🥰🥰🥰","4","0","2026-05-25T03:49:36.000Z","tewolayang","https://www.tiktok.com/@karolvelda/video/7643328314429443335","6602359121177395206","7643671524503421703","https://p19-common-sign.tiktokcdn-us.com/tos-alisg-avt-0068/3874506972af52163f5558284dfb7287~tplv-tiktokx-cropcenter:100:100.jpg?dr=9640&refresh_token=4f0e17e9&x-expires=1780200000&x-signature=vos1UtyP%2FIfz%2F0qHmM9QejVgbjg%3D&t=4d5b0474&ps=13740610&shp=30310797&shcp=ff37627b&idc=useast5"
"Es la brugadizacion de la CDMX","1","0","2026-05-27T03:49:19.000Z","tik.tok.erito_02","https://www.tiktok.com/@karolvelda/video/7643328314429443335","7301824823436067846","7644413624891589384","https://p16-common-sign.tiktokcdn-us.com/musically-maliva-obj/1594805258216454~tplv-tiktokx-cropcenter:100:100.jpg?dr=9640&refresh_token=f6d184af&x-expires=1780200000&x-signature=VW8UWPJqAaIplom5IP4ju2xgIsk%3D&t=4d5b0474&ps=13740610&shp=30310797&shcp=ff37627b&idc=useast5"
"Que decepción, ojalá hicieran bien las cosas !!!","4","0","2026-05-25T00:02:03.000Z","chocolateitaliano.mx","https://www.tiktok.com/@karolvelda/video/7643328314429443335","7420862440588346373","7643612789228110612","https://p16-common-sign.tiktokcdn-us.com/tos-alisg-avt-0068/a394efae138c81583d6f7079c0e6f131~tplv-tiktokx-cropcenter:100:100.jpg?dr=9640&refresh_token=8e05789c&x-expires=1780200000&x-signature=oGXw%2F2YpLE3%2B6IPNUh5dEvt%2BC0E%3D&t=4d5b0474&ps=13740610&shp=30310797&shcp=ff37627b&idc=useast5"
"se ve como 1520 .... no se de que te quejas????","3","0","2026-05-25T03:19:06.000Z","spadaf7","https://www.tiktok.com/@karolvelda/video/7643328314429443335","7489919396821337093","7643663658866164497","https://p19-common-sign.tiktokcdn-us.com/tos-alisg-avt-0068/e6e6bea77aa6378cfea8ec321c43b334~tplv-tiktokx-cropcenter:100:100.jpg?dr=9640&refresh_token=9503c25f&x-expires=1780200000&x-signature=CpGAyjvwdVX485imeBJm76isAaI%3D&t=4d5b0474&ps=13740610&shp=30310797&shcp=ff37627b&idc=useast5"
"🤣🤣🤣🤣🤣🤣 mejor me río.","3","0","2026-05-25T03:27:03.000Z","ragnarok3696","https://www.tiktok.com/@karolvelda/video/7643328314429443335","6991952602310050821","7643665732479632135","https://p16-common-sign.tiktokcdn-us.com/tos-alisg-avt-0068/df003a50cc79e0b622ba0db5cca828b8~tplv-tiktokx-cropcenter:100:100.jpg?dr=9640&refresh_token=a4e2e2fa&x-expires=1780200000&x-signature=R%2BOObxeuu8X7QSD52Yh9xBvu794%3D&t=4d5b0474&ps=13740610&shp=30310797&shcp=ff37627b&idc=useast5"
"De los trenes ni hablamos😂","3","0","2026-05-24T22:50:01.000Z","gazu8851","https://www.tiktok.com/@karolvelda/video/7643328314429443335","7614166051055764498","7643594187406312212","https://p19-common-sign.tiktokcdn-us.com/musically-maliva-obj/1594805258216454~tplv-tiktokx-cropcenter:100:100.jpg?dr=9640&refresh_token=e340c4d0&x-expires=1780200000&x-signature=y0I6Dncomm86fyA9XjJdWa1HRzE%3D&t=4d5b0474&ps=13740610&shp=30310797&shcp=ff37627b&idc=useast5"
"fue remodelacion, no reconstrucción, eso seria casi imposible porque por arriba ya hay casas 🤣","3","0","2026-05-24T21:14:41.000Z","jessmike26","https://www.tiktok.com/@karolvelda/video/7643328314429443335","7565784272247800850","7643569743522710290","https://p19-common-sign.tiktokcdn-us.com/tos-alisg-avt-0068/f8f26d850c16dd09f37006079f3a064d~tplv-tiktokx-cropcenter:100:100.jpg?dr=9640&refresh_token=6eb2f68f&x-expires=1780200000&x-signature=dAtFBkY%2B74rxfjPljwKZwCV9LOw%3D&t=4d5b0474&ps=13740610&shp=30310797&shcp=ff37627b&idc=useast5"
"También tú, ni modo que remodelaran en la remodelación xd","3","0","2026-05-25T02:14:10.000Z","el.brian696","https://www.tiktok.com/@karolvelda/video/7643328314429443335","7397094833917314054","7643646885508875009","https://p19-common-sign.tiktokcdn-us.com/tos-alisg-avt-0068/73e88418a1e0a8a82ea8da4bd53df285~tplv-tiktokx-cropcenter:100:100.jpg?dr=9640&refresh_token=cf739a48&x-expires=1780200000&x-signature=xIqEnsoNHgNVvCZvJWZ961XFzrY%3D&t=4d5b0474&ps=13740610&shp=30310797&shcp=ff37627b&idc=useast5"
"esas filtraciónes ya son muy dificil","3","0","2026-05-25T04:32:01.000Z","martinojitos","https://www.tiktok.com/@karolvelda/video/7643328314429443335","7033258670268040198","7643680829185278738","https://p19-common-sign.tiktokcdn-us.com/tos-maliva-avt-0068/7331843632225828869~tplv-tiktokx-cropcenter:100:100.jpg?dr=9640&refresh_token=47430cd5&x-expires=1780200000&x-signature=B0e5LhJqySKpGjHQZxyMu9BKQ%2Fo%3D&t=4d5b0474&ps=13740610&shp=30310797&shcp=ff37627b&idc=useast5"
"lo remodelo bis chungus","1","1","2026-05-25T03:23:10.000Z","jesusvazquezpaz5","https://www.tiktok.com/@karolvelda/video/7643328314429443335","7521579712914260999","7643664737078788882","https://p19-common-sign.tiktokcdn-us.com/tos-alisg-avt-0068/05549464c9ac05bc8a6dbf1000826290~tplv-tiktokx-cropcenter:100:100.jpg?dr=9640&refresh_token=bcad110b&x-expires=1780200000&x-signature=Hzor3i6EyNFNPWKfBX9diQmq4cs%3D&t=4d5b0474&ps=13740610&shp=30310797&shcp=ff37627b&idc=useast5"
"solo en México","1","0","2026-05-24T21:20:22.000Z","alimartinez47","https://www.tiktok.com/@karolvelda/video/7643328314429443335","279705937295138816","7643571165932176149","https://p16-common-sign.tiktokcdn-us.com/tos-alisg-avt-0068/af7b4420f5123313134242fb76962bd9~tplv-tiktokx-cropcenter:100:100.jpg?dr=9640&refresh_token=abee7482&x-expires=1780200000&x-signature=5c%2Bw%2B0Do6oi6c7hdBWwJFQD8m0s%3D&t=4d5b0474&ps=13740610&shp=30310797&shcp=ff37627b&idc=useast5"
"No se si llorar 😭 o reír 😂","1","0","2026-05-25T01:33:54.000Z","user740004311","https://www.tiktok.com/@karolvelda/video/7643328314429443335","7257564213451146245","7643636517895176981","https://p19-common-sign.tiktokcdn-us.com/tos-maliva-avt-0068/7262838832070918150~tplv-tiktokx-cropcenter:100:100.jpg?dr=9640&refresh_token=208f20a5&x-expires=1780200000&x-signature=MXloj29rtvNL82JpZUePpyiYnCc%3D&t=4d5b0474&ps=13740610&shp=30310797&shcp=ff37627b&idc=useast5"
"Llego la locomotora 5972!!!","2","0","2026-05-24T20:26:05.000Z","cosgalla55","https://www.tiktok.com/@karolvelda/video/7643328314429443335","6786695725403571205","7643557172324614929","https://p19-common-sign.tiktokcdn-us.com/tos-maliva-avt-0068/7327417883007385606~tplv-tiktokx-cropcenter:100:100.jpg?dr=9640&refresh_token=75e44a57&x-expires=1780200000&x-signature=eUgoAgRhFKQ%2B2yxXgX%2Bc4EugmbY%3D&t=4d5b0474&ps=13740610&shp=30310797&shcp=ff37627b&idc=useast5"
"pero ya esa estación es te etiqueta 😂","2","0","2026-05-24T22:24:28.000Z","chrismich19","https://www.tiktok.com/@karolvelda/video/7643328314429443335","6785864133121328133","7643587685341463313","https://p19-common-sign.tiktokcdn-us.com/tos-alisg-avt-0068/c3d91a86082c867e1dc9065a2bac84c4~tplv-tiktokx-cropcenter:100:100.jpg?dr=9640&refresh_token=98895573&x-expires=1780200000&x-signature=8b54Pgcbr0ApEPmAHAijk06xtF4%3D&t=4d5b0474&ps=13740610&shp=30310797&shcp=ff37627b&idc=useast5"
"eh ey ey ¿porque no hay un ajolote ahí? ¿y por qué no está pintado de morado?","2","0","2026-05-25T03:48:43.000Z","ickonnio","https://www.tiktok.com/@karolvelda/video/7643328314429443335","7215425611778868230","7643671295733302037","https://p16-common-sign.tiktokcdn-us.com/tos-maliva-avt-0068/cdefecffe7344104e90a72103e0d6ba7~tplv-tiktokx-cropcenter:100:100.jpg?dr=9640&refresh_token=02060cbe&x-expires=1780200000&x-signature=T6RN%2B9IGaYFcGkjEBEBagyGn32s%3D&t=4d5b0474&ps=13740610&shp=30310797&shcp=ff37627b&idc=useast5"
"puro impuestos de los trabajadores q bárbaros pero en fin","0","0","2026-05-21T19:59:59.000Z","andreslove10","https://www.tiktok.com/@telediario/video/7642063192079813908","7318935101675553797","7642437210814546708","https://p16-common-sign.tiktokcdn-us.com/tos-maliva-avt-0068/2862801def997c5aff702cd859f01ecc~tplv-tiktokx-cropcenter:100:100.jpg?dr=9640&refresh_token=9414afca&x-expires=1780200000&x-signature=YO1JBOW6aYJezmu9PoPOOBL8vdQ%3D&t=4d5b0474&ps=13740610&shp=30310797&shcp=ff37627b&idc=useast5"
"Pena ajena este gobierno en verdad","0","0","2026-05-21T19:47:53.000Z","mau_ss26","https://www.tiktok.com/@telediario/video/7642063192079813908","7015055413225980933","7642434058300457749","https://p16-common-sign.tiktokcdn-us.com/musically-maliva-obj/1594805258216454~tplv-tiktokx-cropcenter:100:100.jpg?dr=9640&refresh_token=f6d184af&x-expires=1780200000&x-signature=VW8UWPJqAaIplom5IP4ju2xgIsk%3D&t=4d5b0474&ps=13740610&shp=30310797&shcp=ff37627b&idc=useast5"
"Dar mantenimiento a toda la Ciudad de México pintar paredes escombrar los jardines limpiar puentes peatonales y vehículares plantar más árboles afuera de Chapultepec donde muchos fueron cortados ahora que fui de visita todo abandonado ya pónganse las pilas","0","0","2026-05-21T22:22:04.000Z","cklassica98","https://www.tiktok.com/@telediario/video/7642063192079813908","7317433191719552006","7642473766199821076","https://p16-common-sign.tiktokcdn-us.com/musically-maliva-obj/1594805258216454~tplv-tiktokx-cropcenter:100:100.jpg?dr=9640&refresh_token=f6d184af&x-expires=1780200000&x-signature=VW8UWPJqAaIplom5IP4ju2xgIsk%3D&t=4d5b0474&ps=13740610&shp=30310797&shcp=ff37627b&idc=useast5"
"por que no arreglan las avenidas principales no que hay un buen de baches y la delincuencia cada dia esta peor 😤","0","0","2026-05-21T22:19:39.000Z","karmenghamez","https://www.tiktok.com/@telediario/video/7642063192079813908","6779945210529989637","7642473078463726337","https://p16-common-sign.tiktokcdn-us.com/tos-alisg-avt-0068/3ff2024a9f38d81b4e4fb2f031f46f95~tplv-tiktokx-cropcenter:100:100.jpg?dr=9640&refresh_token=4d5e159b&x-expires=1780200000&x-signature=yc9s9SmoYttd1b%2F630M9W4EXvmY%3D&t=4d5b0474&ps=13740610&shp=30310797&shcp=ff37627b&idc=useast5"
"no lo se luego andas por ahí con el topo atorado y sin cambio :(","0","0","2026-05-21T22:17:20.000Z","dios_conquistador","https://www.tiktok.com/@telediario/video/7642063192079813908","6940506729852814342","7642472595107676936","https://p19-common-sign.tiktokcdn-us.com/tos-alisg-avt-0068/afbcc8b1186d60d55e68b0edae1b434a~tplv-tiktokx-cropcenter:100:100.jpg?dr=9640&refresh_token=a32e4eef&x-expires=1780200000&x-signature=BXO%2BAE9xPglXxRtrksskjdOdpbI%3D&t=4d5b0474&ps=13740610&shp=30310797&shcp=ff37627b&idc=useast5"
"Ya quiero ver el costo al que se los vendieron a Brugada","0","0","2026-05-21T22:08:13.000Z","vicman07111","https://www.tiktok.com/@telediario/video/7642063192079813908","7004963494789776390","7642470284469633799","https://p19-common-sign.tiktokcdn-us.com/tos-maliva-avt-0068/e68ccffd030731b65efd21e8eac0d8e6~tplv-tiktokx-cropcenter:100:100.jpg?dr=9640&refresh_token=40de349b&x-expires=1780200000&x-signature=tIQuGQdxYiarWIDlYjrsVsZA3dA%3D&t=4d5b0474&ps=13740610&shp=30310797&shcp=ff37627b&idc=useast5"
"Hasta eso les van a quitar a los comerciantes","0","0","2026-05-21T20:33:15.000Z","kryptonitemoon888","https://www.tiktok.com/@telediario/video/7642063192079813908","7182701830035309573","7642445788019507975","https://p16-common-sign.tiktokcdn-us.com/tos-alisg-avt-0068/f3d8868790e074c5f4a79c84ad829e42~tplv-tiktokx-cropcenter:100:100.jpg?dr=9640&refresh_token=860c313e&x-expires=1780200000&x-signature=ckRhDJPB0d7NZukLg8FqbKz7ZIs%3D&t=4d5b0474&ps=13740610&shp=30310797&shcp=ff37627b&idc=useast5"
"Por qué quieren aparentar lo que no es ???","0","0","2026-05-21T20:55:54.000Z","marifer_bal30","https://www.tiktok.com/@telediario/video/7642063192079813908","6815364610209252358","7642451640252547848","https://p19-common-sign.tiktokcdn-us.com/tos-alisg-avt-0068/6c7eae123bf3f42d030051bc94abab59~tplv-tiktokx-cropcenter:100:100.jpg?dr=9640&refresh_token=f14f699e&x-expires=1780200000&x-signature=R%2FrpxrulySLjp%2BqhAWggY6qLsAg%3D&t=4d5b0474&ps=13740610&shp=30310797&shcp=ff37627b&idc=useast5"
"Lo van a desvalijar el primer día","0","0","2026-05-21T20:41:51.000Z","pepillofl","https://www.tiktok.com/@telediario/video/7642063192079813908","6764190595957359622","7642447983712338709","https://p16-common-sign.tiktokcdn-us.com/tos-maliva-avt-0068/6c924679447edfbe48f7cc90143c1001~tplv-tiktokx-cropcenter:100:100.jpg?dr=9640&refresh_token=8a89abd6&x-expires=1780200000&x-signature=sVZf5%2BdV8CTNRoXFZ09bHXjkzCc%3D&t=4d5b0474&ps=13740610&shp=30310797&shcp=ff37627b&idc=useast5"
"no entendien que entre mas gente vengas mas gente deja su dinero aquí en mexico","0","0","2026-05-21T21:14:55.000Z","hackett.stern","https://www.tiktok.com/@telediario/video/7642063192079813908","7235267191615390726","7642456494291010324","https://p19-common-sign.tiktokcdn-us.com/tos-alisg-avt-0068/9ef4bf064e9ece6f96e8784f4414e06c~tplv-tiktokx-cropcenter:100:100.jpg?dr=9640&refresh_token=4bcba9b6&x-expires=1780200000&x-signature=QJz1Qe43GJPmoJjed3LnYganJz8%3D&t=4d5b0474&ps=13740610&shp=30310797&shcp=ff37627b&idc=useast5"
"Mejor que recojan realmente la basura que hay en las calles","0","0","2026-05-21T19:38:33.000Z","ivazdlg","https://www.tiktok.com/@telediario/video/7642063192079813908","6814223719364461574","7642431690393322261","https://p19-common-sign.tiktokcdn-us.com/tos-maliva-avt-0068/7336387129160138758~tplv-tiktokx-cropcenter:100:100.jpg?dr=9640&refresh_token=5914a633&x-expires=1780200000&x-signature=1f%2B33GSrtDoZxGIJ5onTvkd2DQA%3D&t=4d5b0474&ps=13740610&shp=30310797&shcp=ff37627b&idc=useast8"
"yujuuuu para los choferesde app jajajaja","0","0","2026-05-21T22:26:29.000Z","cochideli","https://www.tiktok.com/@telediario/video/7642063192079813908","7105035521516536838","7642474989476430600","https://p19-common-sign.tiktokcdn-us.com/tos-alisg-avt-0068/c63779e02af107d1cc573546cacd73f9~tplv-tiktokx-cropcenter:100:100.jpg?dr=9640&refresh_token=b4a0a8b5&x-expires=1780200000&x-signature=Zou20kVbMqri8LwHftFeIjnobMU%3D&t=4d5b0474&ps=13740610&shp=30310797&shcp=ff37627b&idc=useast8"
"dejemos que pongan todo lo que quieran pero cuando empiece el mundial a sabotear todo","0","0","2026-05-21T21:11:37.000Z","lxs.huevxtes","https://www.tiktok.com/@telediario/video/7642063192079813908","7438884842060907575","7642455716105618183","https://p19-common-sign.tiktokcdn-us.com/tos-maliva-avt-0068/3302785e70726a0fccb6d3fa8d70e82c~tplv-tiktokx-cropcenter:100:100.jpg?dr=9640&refresh_token=7ac15826&x-expires=1780200000&x-signature=x6itkwZzbDChAy2hUVzO9Zs%2BHb4%3D&t=4d5b0474&ps=13740610&shp=30310797&shcp=ff37627b&idc=useast8"
"Que elegancia la de Francia, y las goteras pa'","4","0","2026-05-25T01:04:44.000Z","lalochanvecito","https://www.tiktok.com/@karolvelda/video/7643328314429443335","7106188993700938758","7643628987324121872","https://p16-common-sign.tiktokcdn-eu.com/musically-maliva-obj/1594805258216454~tplv-tiktokx-cropcenter:100:100.jpg?dr=10399&refresh_token=4e4254cb&x-expires=1780200000&x-signature=ZwQE3W%2FYdO0RcGX4cEf22EDYdus%3D&t=4d5b0474&ps=13740610&shp=30310797&shcp=ff37627b&idc=no1a"
"es decoracion no una verdadera remodelacion 😥","4","0","2026-05-24T23:21:24.000Z","elecassss","https://www.tiktok.com/@karolvelda/video/7643328314429443335","6895258037444150278","7643602386824708885","https://p16-common-sign.tiktokcdn-eu.com/tos-alisg-avt-0068/7331411447362093057~tplv-tiktokx-cropcenter:100:100.jpg?dr=10399&refresh_token=da11d2cb&x-expires=1780200000&x-signature=st8xxrnIyTv%2FedYRrF016hRITOI%3D&t=4d5b0474&ps=13740610&shp=30310797&shcp=ff37627b&idc=no1a"
"Y las escaleras eléctricas ama","1","0","2026-05-28T02:15:48.000Z","cecilio978","https://www.tiktok.com/@karolvelda/video/7643328314429443335","7093514244968940549","7644760592603333397","https://p16-common-sign.tiktokcdn-eu.com/tos-maliva-avt-0068/7093515006632787974~tplv-tiktokx-cropcenter:100:100.jpg?dr=10399&refresh_token=a45a35c9&x-expires=1780200000&x-signature=bUtgWJYtDl8cu3qEkIz7J8wf5Qc%3D&t=4d5b0474&ps=13740610&shp=30310797&shcp=ff37627b&idc=no1a"
"Este gobierno pura estupidez","1","0","2026-05-27T14:34:15.000Z","ponchogonzalez221","https://www.tiktok.com/@karolvelda/video/7643328314429443335","6962954815216616453","7644579812350264085","https://p16-common-sign.tiktokcdn-eu.com/tos-maliva-avt-0068/7326493590409412613~tplv-tiktokx-cropcenter:100:100.jpg?dr=10399&refresh_token=453e1ae3&x-expires=1780200000&x-signature=%2FZs%2FxX01OHC%2F54u9qxeMLsdOCUQ%3D&t=4d5b0474&ps=13740610&shp=30310797&shcp=ff37627b&idc=no1a"
"","2","0","2026-05-24T21:37:19.000Z","amarsinfronteras2000","https://www.tiktok.com/@karolvelda/video/7643328314429443335","7546587313888101383","7643575566951908117","https://p16-common-sign.tiktokcdn-eu.com/tos-alisg-avt-0068/c15d4a5f9d2c1794762062034e9bc831~tplv-tiktokx-cropcenter:100:100.jpg?dr=10399&refresh_token=20c0b2be&x-expires=1780200000&x-signature=2aDfONWnj7gMkVJIab%2Bn%2BIvcW6k%3D&t=4d5b0474&ps=13740610&shp=30310797&shcp=ff37627b&idc=no1a"
"Había ofertas en GALERÍAS EL TRIUNFO?!?’ 🐶🐻","1","0","2026-05-27T04:21:14.000Z","landysotelo","https://www.tiktok.com/@karolvelda/video/7643328314429443335","6782219603927286789","7644421869424149268","https://p16-common-sign.tiktokcdn-eu.com/tos-maliva-avt-0068/7318905797518508037~tplv-tiktokx-cropcenter:100:100.jpg?dr=10399&refresh_token=97ce8b16&x-expires=1780200000&x-signature=hHVlNh%2FmOmCDUxFYkLlO18GRCFw%3D&t=4d5b0474&ps=13740610&shp=30310797&shcp=ff37627b&idc=no1a"
"jajajaja ese vídeo está bueno es pura estampa nada más","1","0","2026-05-26T01:20:37.000Z","albafica5704","https://www.tiktok.com/@karolvelda/video/7643328314429443335","7464812607700042758","7644004065140425489","https://p16-common-sign.tiktokcdn-eu.com/tos-maliva-avt-0068/5391aff73d904a9cf1206a166266778d~tplv-tiktokx-cropcenter:100:100.jpg?dr=10399&refresh_token=8dd078ad&x-expires=1780200000&x-signature=WdCTW1uQHs0F3LNT0%2FmZmySI4aE%3D&t=4d5b0474&ps=13740610&shp=30310797&shcp=ff37627b&idc=no1a"
"[Sticker] ","1","0","2026-05-25T20:30:29.000Z","rrexy38","https://www.tiktok.com/@karolvelda/video/7643328314429443335","6628401634853371910","7643929407337857812","https://p16-common-sign.tiktokcdn-eu.com/tos-alisg-avt-0068/44fb7bcc9ef1d8b762de515a26674c2e~tplv-tiktokx-cropcenter:100:100.jpg?dr=10399&refresh_token=0ff4ff37&x-expires=1780200000&x-signature=rjBkpHeevv3r9UdYjLVPyL80l%2BU%3D&t=4d5b0474&ps=13740610&shp=30310797&shcp=ff37627b&idc=no1a"
"Es serio?
creí eran memes","0","0","2026-05-30T03:36:54.000Z","maria.soledad.can0","https://www.tiktok.com/@karolvelda/video/7643328314429443335","7418916076468372486","7645523689983378184","https://p16-common-sign.tiktokcdn-eu.com/tos-alisg-avt-0068/3b4ac786672486ca082c87a15055332a~tplv-tiktokx-cropcenter:100:100.jpg?dr=10399&refresh_token=640b5a25&x-expires=1780200000&x-signature=IpEAgWGvqoSBK5qKXayeEu%2BRl4I%3D&t=4d5b0474&ps=13740610&shp=30310797&shcp=ff37627b&idc=no1a"
"[Sticker] ","1","0","2026-05-25T03:26:20.000Z","dimensiones06","https://www.tiktok.com/@karolvelda/video/7643328314429443335","6812282249197093893","7643665527386342164","https://p16-common-sign.tiktokcdn-eu.com/tos-alisg-avt-0068/038884af33eaf554e5e302508e0c0554~tplv-tiktokx-cropcenter:100:100.jpg?dr=10399&refresh_token=2f59b59f&x-expires=1780200000&x-signature=FZm5VFSYApLRJspvwdpxNOvolxc%3D&t=4d5b0474&ps=13740610&shp=30310797&shcp=ff37627b&idc=no1a"
"es una cascada muy top muy fina para que cualquiera le vea el potencial muy como en Dubai 🤣😂","1","0","2026-05-25T02:28:25.000Z","sad_syx","https://www.tiktok.com/@karolvelda/video/7643328314429443335","6849986740058833925","7643650631626130183","https://p16-common-sign.tiktokcdn-eu.com/tos-alisg-avt-0068/56bdcf77bb343094675cc22e38dddb55~tplv-tiktokx-cropcenter:100:100.jpg?dr=10399&refresh_token=3e72d56a&x-expires=1780200000&x-signature=xYzZVmBmgEpVIcKf7BPEfCVxvN4%3D&t=4d5b0474&ps=13740610&shp=30310797&shcp=ff37627b&idc=no1a"
"México no está preparado para ese tipo de infraestructura 😂","0","0","2026-05-21T17:15:29.000Z","user6709936274","https://www.tiktok.com/@telediario/video/7642063192079813908","7078457718780822534","7642394873577292552","https://p16-common-sign.tiktokcdn-us.com/tos-maliva-avt-0068/e3190bca99dddcbb4234778c49d2dcb6~tplv-tiktokx-cropcenter:100:100.jpg?dr=9640&refresh_token=3a1f5d75&x-expires=1780200000&x-signature=7CJzOMBSe%2BUR59ONm%2FQcJer54Xw%3D&t=4d5b0474&ps=13740610&shp=30310797&shcp=ff37627b&idc=useast8"
"van a ser todo menos baños jaja","0","0","2026-05-21T17:26:48.000Z","saulmillan358","https://www.tiktok.com/@telediario/video/7642063192079813908","7041551116663948294","7642397778568561416","https://p16-common-sign.tiktokcdn-us.com/tos-alisg-avt-0068/2c443ece00dd4fff8457a6bd5ea1fb8e~tplv-tiktokx-cropcenter:100:100.jpg?dr=9640&refresh_token=52d76eb7&x-expires=1780200000&x-signature=EtG7AzBb7K8IIByhfe65NaCv8e8%3D&t=4d5b0474&ps=13740610&shp=30310797&shcp=ff37627b&idc=useast8"
"Lo que urge son botes para basura","0","0","2026-05-21T17:26:59.000Z","tona_muvi","https://www.tiktok.com/@telediario/video/7642063192079813908","6797832486082937862","7642397814077850388","https://p19-common-sign.tiktokcdn-us.com/tos-alisg-avt-0068/0deb37a6ce45fc3785528e88cdad6255~tplv-tiktokx-cropcenter:100:100.jpg?dr=9640&refresh_token=265a8bcc&x-expires=1780200000&x-signature=tYjTihskvBI9HWO98L8Xk8kjMZM%3D&t=4d5b0474&ps=13740610&shp=30310797&shcp=ff37627b&idc=useast8"
"No sé porque permitimos estos desfalcos innecesarios, cuando en el país hay otras prioridades... entonces si hay presupuesto pero el gobierno de 💩 no lo suelta porque le vale madres el país y su gente 😡","0","0","2026-05-21T18:53:28.000Z","lilymenherz_01","https://www.tiktok.com/@telediario/video/7642063192079813908","6727732084817249286","7642420093209740053","https://p16-common-sign.tiktokcdn-us.com/tos-maliva-avt-0068/7327005609298788358~tplv-tiktokx-cropcenter:100:100.jpg?dr=9640&refresh_token=8a6307c3&x-expires=1780200000&x-signature=sItCSjOz5Yzp8Lk5ijaAmZ2OC8c%3D&t=4d5b0474&ps=13740610&shp=30310797&shcp=ff37627b&idc=useast8"
"con que presupuesto de mugre le van a dar mantenimiento? Electricidad de donde? Quien va a pagar eso. Todos van a baños publicos sin costo","0","0","2026-05-21T18:22:19.000Z","gerardocano43","https://www.tiktok.com/@telediario/video/7642063192079813908","6602008544421429254","7642412051457999637","https://p19-common-sign.tiktokcdn-us.com/tos-alisg-avt-0068/7322558035577012226~tplv-tiktokx-cropcenter:100:100.jpg?dr=9640&refresh_token=372bdbe9&x-expires=1780200000&x-signature=CCqvmD98tUAGAWYrd9QjkBU8fDI%3D&t=4d5b0474&ps=13740610&shp=30310797&shcp=ff37627b&idc=useast8"
"y cuando pasen los 15 minutos se queda encerrado🤣🤣🤣🤣🤣","0","0","2026-05-21T20:21:04.000Z","lalito_inocente","https://www.tiktok.com/@telediario/video/7642063192079813908","6810616004558767110","7642442663321076500","https://p16-common-sign.tiktokcdn-us.com/tos-maliva-avt-0068/758c41692be54aa878e942f4f20f7e8c~tplv-tiktokx-cropcenter:100:100.jpg?dr=9640&refresh_token=8ea2aacd&x-expires=1780200000&x-signature=BCUOlWe8ymHiVdKipdJBEF1k5as%3D&t=4d5b0474&ps=13740610&shp=30310797&shcp=ff37627b&idc=useast8"
"al rato va a estar abandonado, sucio, y con basura.","0","0","2026-05-21T12:52:30.000Z","asla_75","https://www.tiktok.com/@telediario/video/7642063192079813908","7147336480317621254","7642327102977721109","https://p16-common-sign.tiktokcdn-us.com/tos-alisg-avt-0068/a64fe98578c85a5ca2eddc78138fa9f8~tplv-tiktokx-cropcenter:100:100.jpg?dr=9640&refresh_token=d6afbf09&x-expires=1780200000&x-signature=CMXqkvbzgMklBnsIZfThiz2mrHo%3D&t=4d5b0474&ps=13740610&shp=30310797&shcp=ff37627b&idc=useast8"
"Para que no los abran! Como los elevadores en puentes y metro 🙄","0","0","2026-05-21T16:40:01.000Z","pussibooo","https://www.tiktok.com/@telediario/video/7642063192079813908","6819778055357367301","7642385734214025992","https://p19-common-sign.tiktokcdn-us.com/tos-maliva-avt-0068/29cb323169b6c69f8f65a082394571d7~tplv-tiktokx-cropcenter:100:100.jpg?dr=9640&refresh_token=b81994c1&x-expires=1780200000&x-signature=xKwFp8ItiBUactHHlYAKfjVPw10%3D&t=4d5b0474&ps=13740610&shp=30310797&shcp=ff37627b&idc=useast8"
"@🪷 n necesito q vayas","0","0","2026-05-22T03:21:38.000Z","mrsof9","https://www.tiktok.com/@telediario/video/7642063192079813908","7121554281659974661","7642551027035915028","https://p16-common-sign.tiktokcdn-us.com/tos-alisg-avt-0068/e24dcb3d56487b28ebdd2ddce06609c4~tplv-tiktokx-cropcenter:100:100.jpg?dr=9640&refresh_token=2b614cd3&x-expires=1780200000&x-signature=Ap1486tZSh%2FSHNLFMyhmM0yxutA%3D&t=4d5b0474&ps=13740610&shp=30310797&shcp=ff37627b&idc=useast8"
"@María Aguilera 😂","1","0","2026-05-22T20:02:16.000Z","lizzyeaguilera","https://www.tiktok.com/@telediario/video/7642063192079813908","6869896136431453189","7642808918267577108","https://p16-common-sign.tiktokcdn-us.com/tos-alisg-avt-0068/eee2ce4158ba2b887511ba602aea2cab~tplv-tiktokx-cropcenter:100:100.jpg?dr=9640&refresh_token=bb76ce52&x-expires=1780200000&x-signature=m%2B2d%2B62GKsUKgjHixosvDzTbpXc%3D&t=4d5b0474&ps=13740610&shp=30310797&shcp=ff37627b&idc=useast8"
"@Claudia Sheinbaum Pardo NO QUEREMOS MUNDIAL, QUEREMOS NUESTRA SALUD.","1","0","2026-05-20T23:35:18.000Z","belenmine_27","https://www.tiktok.com/@telediario/video/7642063192079813908","7027630954056631301","7642121551748694804","https://p16-common-sign.tiktokcdn-us.com/tos-alisg-avt-0068/b93335b153bfd7c68ff9b46996281d1b~tplv-tiktokx-cropcenter:100:100.jpg?dr=9640&refresh_token=ae2494a1&x-expires=1780200000&x-signature=CPamiCaGmXKBnlmVNdhNkuP2Fkg%3D&t=4d5b0474&ps=13740610&shp=30310797&shcp=ff37627b&idc=useast8"
"🤣🤣🤣🤣🤣","1","0","2026-05-20T23:30:51.000Z","tigreton50","https://www.tiktok.com/@telediario/video/7642063192079813908","7241587829927363589","7642120500000867079","https://p19-common-sign.tiktokcdn-us.com/tos-alisg-avt-0068/400c6bbc5b2a10332bb3ab6fb1ca93af~tplv-tiktokx-cropcenter:100:100.jpg?dr=9640&refresh_token=55bb3bf7&x-expires=1780200000&x-signature=B476TxZWGbX0MdrLPW2IhGx8ZJo%3D&t=4d5b0474&ps=13740610&shp=30310797&shcp=ff37627b&idc=useast8"
"😂😂😂","0","0","2026-05-21T20:48:37.000Z","lauramendozacru27","https://www.tiktok.com/@telediario/video/7642063192079813908","6881317284230071301","7642449765200954130","https://p19-common-sign.tiktokcdn-us.com/tos-maliva-avt-0068/0ed597c8c72ca40ae7d3f8dadcb42260~tplv-tiktokx-cropcenter:100:100.jpg?dr=9640&refresh_token=a264a30c&x-expires=1780200000&x-signature=KFWoyafYO%2Fty%2B0L%2BeQuVpYsa5LI%3D&t=4d5b0474&ps=13740610&shp=30310797&shcp=ff37627b&idc=useast8"
"😱","0","0","2026-05-21T20:50:52.000Z","leoana1519","https://www.tiktok.com/@telediario/video/7642063192079813908","6915067796151321606","7642450349005112085","https://p19-common-sign.tiktokcdn-us.com/tos-maliva-avt-0068/c85d71cb66b49a695f6faece5036b252~tplv-tiktokx-cropcenter:100:100.jpg?dr=9640&refresh_token=45dc1881&x-expires=1780200000&x-signature=p%2BmHe1sgaPeV%2FYBqrUtqhUSDH4w%3D&t=4d5b0474&ps=13740610&shp=30310797&shcp=ff37627b&idc=useast8"
"😳😳😳","0","0","2026-05-21T21:00:51.000Z","nuriatorres232","https://www.tiktok.com/@telediario/video/7642063192079813908","7165667361716995077","7642452897012384519","https://p19-common-sign.tiktokcdn-us.com/tos-maliva-avt-0068/7165668007980007429~tplv-tiktokx-cropcenter:100:100.jpg?dr=9640&refresh_token=ce8e9ef8&x-expires=1780200000&x-signature=c6%2F67ZwMvncMupwRG33zOokNIo4%3D&t=4d5b0474&ps=13740610&shp=30310797&shcp=ff37627b&idc=useast8"
"😂","0","0","2026-05-22T07:12:19.000Z","jaimearturoperez1","https://www.tiktok.com/@telediario/video/7642063192079813908","7570585081892504597","7642610522047431432","https://p19-common-sign.tiktokcdn-us.com/tos-alisg-avt-0068/9672354288f3dc7f1ac6b005241da30e~tplv-tiktokx-cropcenter:100:100.jpg?dr=9640&refresh_token=3d2585c0&x-expires=1780200000&x-signature=jFrGx%2F6hxEzQd16JsBUO00RkufM%3D&t=4d5b0474&ps=13740610&shp=30310797&shcp=ff37627b&idc=useast8"
"😳😳😳","0","0","2026-05-21T21:17:39.000Z","martochisrochis","https://www.tiktok.com/@telediario/video/7642063192079813908","7230521131324670982","7642457194886349589","https://p19-common-sign.tiktokcdn-us.com/tos-maliva-avt-0068/7245068515085352965~tplv-tiktokx-cropcenter:100:100.jpg?dr=9640&refresh_token=0c5970cb&x-expires=1780200000&x-signature=3rLRwTczynRvjrbT0vPdeuD9hhc%3D&t=4d5b0474&ps=13740610&shp=30310797&shcp=ff37627b&idc=useast8"
"😂😂😂","0","0","2026-05-21T21:53:13.000Z","mryodo1sensei","https://www.tiktok.com/@telediario/video/7642063192079813908","6775680850161828870","7642466364943647506","https://p16-common-sign.tiktokcdn-us.com/tos-alisg-avt-0068/833ab4975aff284e3906572006455075~tplv-tiktokx-cropcenter:100:100.jpg?dr=9640&refresh_token=bd07ffa9&x-expires=1780200000&x-signature=hvfCe0Xf7vAy%2Bfxb%2F%2B%2FRKHbmB4o%3D&t=4d5b0474&ps=13740610&shp=30310797&shcp=ff37627b&idc=useast8"
"😱😱😱","0","0","2026-05-21T22:07:48.000Z","cklassica98","https://www.tiktok.com/@telediario/video/7642063192079813908","7317433191719552006","7642470131574850325","https://p16-common-sign.tiktokcdn-us.com/musically-maliva-obj/1594805258216454~tplv-tiktokx-cropcenter:100:100.jpg?dr=9640&refresh_token=f6d184af&x-expires=1780200000&x-signature=VW8UWPJqAaIplom5IP4ju2xgIsk%3D&t=4d5b0474&ps=13740610&shp=30310797&shcp=ff37627b&idc=useast8"
"😂😂😂","0","0","2026-05-21T22:33:32.000Z","eduard82_83","https://www.tiktok.com/@telediario/video/7642063192079813908","7035410930038359046","7642476765081207559","https://p16-common-sign.tiktokcdn-us.com/tos-maliva-avt-0068/35f5ed6aaae13e76d51a090e4813116b~tplv-tiktokx-cropcenter:100:100.jpg?dr=9640&refresh_token=53ab7dd9&x-expires=1780200000&x-signature=8AiY%2FhNTI5vI5NX3nYg5lQkGlxw%3D&t=4d5b0474&ps=13740610&shp=30310797&shcp=ff37627b&idc=useast8"
"😂😂😂😂😂","0","0","2026-05-21T22:44:10.000Z","tatum3560","https://www.tiktok.com/@telediario/video/7642063192079813908","7336016850113430534","7642479496423621396","https://p19-common-sign.tiktokcdn-us.com/tos-maliva-avt-0068/948d4e2e70cc4627b243dd31074d782d~tplv-tiktokx-cropcenter:100:100.jpg?dr=9640&refresh_token=c2f2ee43&x-expires=1780200000&x-signature=UtC3ogVE3hHwtLcXbCBiLzlHwB0%3D&t=4d5b0474&ps=13740610&shp=30310797&shcp=ff37627b&idc=useast8"
"😡😡😡","0","0","2026-05-21T06:18:42.000Z","lilyponnss","https://www.tiktok.com/@telediario/video/7642063192079813908","6870949755573797893","7642225595388314385","https://p19-common-sign.tiktokcdn-us.com/tos-alisg-avt-0068/59461169a2f2c6661871bf42e5adf96d~tplv-tiktokx-cropcenter:100:100.jpg?dr=9640&refresh_token=e51e4cf8&x-expires=1780200000&x-signature=bLOpru7F8os46Rl6wWzUOvJzQ6Y%3D&t=4d5b0474&ps=13740610&shp=30310797&shcp=ff37627b&idc=useast8"
"🤣🤣🤣","0","0","2026-05-23T12:34:22.000Z","vianeyarcea","https://www.tiktok.com/@telediario/video/7642063192079813908","6876736926717215750","7643064617128330002","https://p16-common-sign.tiktokcdn-us.com/tos-alisg-avt-0068/5cbc283e43ab3d092a9493908a73024b~tplv-tiktokx-cropcenter:100:100.jpg?dr=9640&refresh_token=e0a6d30a&x-expires=1780200000&x-signature=hiRhIBo0GO9HOjdWpebX1tZFo%2Bg%3D&t=4d5b0474&ps=13740610&shp=30310797&shcp=ff37627b&idc=useast5"
"y qué tal si te lo suben a 10 pesos?","2","5","2026-05-25T02:11:34.000Z","jostorices","https://www.tiktok.com/@karolvelda/video/7643328314429443335","6966664780330746885","7643646206417044241","https://p16-common-sign.tiktokcdn-us.com/tos-maliva-avt-0068/7334457554907119622~tplv-tiktokx-cropcenter:100:100.jpg?dr=9640&refresh_token=21b8e31a&x-expires=1780200000&x-signature=kxRp4XW1OnRh%2FLn%2F1TQ9GremvbM%3D&t=4d5b0474&ps=13740610&shp=30310797&shcp=ff37627b&idc=useast8"
"Es que es parte de la decoración","0","0","2026-05-29T07:39:40.000Z","edgarpadilla91","https://www.tiktok.com/@karolvelda/video/7643328314429443335","7164957009946231814","7645214081330512661","https://p19-common-sign.tiktokcdn-us.com/tos-alisg-avt-0068/e43195d074703e671f808ce09c189bdc~tplv-tiktokx-cropcenter:100:100.jpg?dr=9640&refresh_token=0a4f4cbb&x-expires=1780200000&x-signature=IEYieRsJ%2FsYIceNCc8l%2B6kailow%3D&t=4d5b0474&ps=13740610&shp=30310797&shcp=ff37627b&idc=useast8"
"😂😂😂","0","0","2026-05-21T22:49:42.000Z","joseonlyonek","https://www.tiktok.com/@telediario/video/7642063192079813908","6664627910110560258","7642480954938524434","https://p16-common-sign.tiktokcdn-us.com/tos-maliva-avt-0068/7323928253508141061~tplv-tiktokx-cropcenter:100:100.jpg?dr=9640&refresh_token=9d45334c&x-expires=1780200000&x-signature=lN3rOAeAcGlMd0PEKtOfMStph9s%3D&t=4d5b0474&ps=13740610&shp=30310797&shcp=ff37627b&idc=useast8"
"😂😂😂","0","0","2026-05-21T22:56:59.000Z","mercyparedes0","https://www.tiktok.com/@telediario/video/7642063192079813908","6811746772189185029","7642482838063350536","https://p19-common-sign.tiktokcdn-us.com/tos-maliva-avt-0068/0506811f873303d0d85ad1da5b27227e~tplv-tiktokx-cropcenter:100:100.jpg?dr=9640&refresh_token=147dae18&x-expires=1780200000&x-signature=ACIdu72pQQn7FjC38mhYAVN%2BoV4%3D&t=4d5b0474&ps=13740610&shp=30310797&shcp=ff37627b&idc=useast8"
"😱😱😱","0","0","2026-05-22T12:09:39.000Z","karl0s19","https://www.tiktok.com/@telediario/video/7642063192079813908","6798946404355638278","7642687064844763905","https://p19-common-sign.tiktokcdn-us.com/tos-alisg-avt-0068/6219aaad2cb74a1d414df1ae3a024ad5~tplv-tiktokx-cropcenter:100:100.jpg?dr=9640&refresh_token=f28694f0&x-expires=1780200000&x-signature=FSZGrWNxib%2F8ekVkQfiay5JjZKw%3D&t=4d5b0474&ps=13740610&shp=30310797&shcp=ff37627b&idc=useast8"
"Esto es una locura de corrupción @Clara Brugada @Ciudad de México","0","0","2026-05-21T23:44:49.000Z","mariaeugeniadejlo","https://www.tiktok.com/@telediario/video/7642063192079813908","7094248883387433990","7642495161603998471","https://p16-common-sign.tiktokcdn-us.com/tos-maliva-avt-0068/acd1339349a5c85e265d58e85056f82f~tplv-tiktokx-cropcenter:100:100.jpg?dr=9640&refresh_token=3ee77752&x-expires=1780200000&x-signature=g%2B%2BLvB7GmuV8O8lXOI3oJYi%2BKnE%3D&t=4d5b0474&ps=13740610&shp=30310797&shcp=ff37627b&idc=useast8"
"🤣🤣🤣","0","0","2026-05-21T23:58:33.000Z","gabrielalanderos26","https://www.tiktok.com/@telediario/video/7642063192079813908","6960542177178207238","7642498688632537874","https://p16-common-sign.tiktokcdn-us.com/tos-alisg-avt-0068/a7f3c964da25af880946962c5ee860b4~tplv-tiktokx-cropcenter:100:100.jpg?dr=9640&refresh_token=92835b05&x-expires=1780200000&x-signature=50DSZNZh4gv5PVq0Ow9E8CNAckU%3D&t=4d5b0474&ps=13740610&shp=30310797&shcp=ff37627b&idc=useast8"
"😁😁😁","0","0","2026-05-22T00:28:46.000Z","dc060297","https://www.tiktok.com/@telediario/video/7642063192079813908","6724471818592257030","7642506424908858132","https://p16-common-sign.tiktokcdn-us.com/tos-maliva-avt-0068/7322838833098620934~tplv-tiktokx-cropcenter:100:100.jpg?dr=9640&refresh_token=b295b8ef&x-expires=1780200000&x-signature=oxGsz%2F4gBNsmBixgOsmNGO0MJng%3D&t=4d5b0474&ps=13740610&shp=30310797&shcp=ff37627b&idc=useast8"
"🤣🤣🤣","0","0","2026-05-22T00:37:36.000Z","bryan_alvarez2801","https://www.tiktok.com/@telediario/video/7642063192079813908","6579666836961607686","7642508785692820242","https://p16-common-sign.tiktokcdn-us.com/tos-maliva-avt-0068/a8b6f0f018b3277c14c6420d15c9f44e~tplv-tiktokx-cropcenter:100:100.jpg?dr=9640&refresh_token=4a2fdef4&x-expires=1780200000&x-signature=8yIrKizEFk%2BYnlYOt4Qc0c3uTh8%3D&t=4d5b0474&ps=13740610&shp=30310797&shcp=ff37627b&idc=useast8"
"🥰🥰🥰","0","0","2026-05-22T23:35:22.000Z","tabatajalilmn","https://www.tiktok.com/@telediario/video/7642063192079813908","7313306768393110534","7642863823891972882","https://p19-common-sign.tiktokcdn-us.com/tos-alisg-avt-0068/8f2ec66567dd9bcd3b6b5c4ddc1a81f0~tplv-tiktokx-cropcenter:100:100.jpg?dr=9640&refresh_token=cdd6ff50&x-expires=1780200000&x-signature=f7EsAjSM4XcsuYtgJB1lTaee0Is%3D&t=4d5b0474&ps=13740610&shp=30310797&shcp=ff37627b&idc=useast8"
"🤣🤣🤣","0","0","2026-05-22T02:25:56.000Z","jeo7543","https://www.tiktok.com/@telediario/video/7642063192079813908","7273495157844231174","7642536641047790356","https://p16-common-sign.tiktokcdn-us.com/tos-maliva-avt-0068/7388752153812008965~tplv-tiktokx-cropcenter:100:100.jpg?dr=9640&refresh_token=7dfd0ca2&x-expires=1780200000&x-signature=chdF%2FMoTSs2HxpLv6k40vfQm%2Fzk%3D&t=4d5b0474&ps=13740610&shp=30310797&shcp=ff37627b&idc=useast8"
"😁😁😁","0","0","2026-05-22T17:20:27.000Z","kenyaa970","https://www.tiktok.com/@telediario/video/7642063192079813908","6768714779307426821","7642767239246922514","https://p19-common-sign.tiktokcdn-us.com/tos-alisg-avt-0068/47a4f70fbe422855a9c36e318083f0aa~tplv-tiktokx-cropcenter:100:100.jpg?dr=9640&refresh_token=d98a0067&x-expires=1780200000&x-signature=0pGb8hVhUfT6M9vg2zPhiGVtsAI%3D&t=4d5b0474&ps=13740610&shp=30310797&shcp=ff37627b&idc=useast8"
"😂😂😂","0","0","2026-05-22T18:03:09.000Z","sorpresa_fresa_frambuesa","https://www.tiktok.com/@telediario/video/7642063192079813908","7106209332010140678","7642778251706483474","https://p16-common-sign.tiktokcdn-us.com/tos-maliva-avt-0068/7241980560317349894~tplv-tiktokx-cropcenter:100:100.jpg?dr=9640&refresh_token=84bb7959&x-expires=1780200000&x-signature=14mtE37dQAUp109VqfVtU8%2B7fCU%3D&t=4d5b0474&ps=13740610&shp=30310797&shcp=ff37627b&idc=useast8"
"🤣🤣🤣🤣","0","0","2026-05-22T04:15:25.000Z","lacasitadeloshuesitos","https://www.tiktok.com/@telediario/video/7642063192079813908","7506945543399244817","7642564929144275732","https://p19-common-sign.tiktokcdn-us.com/tos-alisg-avt-0068/0ed247907e7b4f53f73df7e728c6a66b~tplv-tiktokx-cropcenter:100:100.jpg?dr=9640&refresh_token=3590b45f&x-expires=1780200000&x-signature=BRWrwsuvI1vD6Pzof0h9uS5YJ%2FQ%3D&t=4d5b0474&ps=13740610&shp=30310797&shcp=ff37627b&idc=useast8"
"😂😂😂","0","0","2026-05-21T06:24:34.000Z","bambam97201","https://www.tiktok.com/@telediario/video/7642063192079813908","7003210822726665221","7642227145217065746","https://p16-common-sign.tiktokcdn-us.com/tos-alisg-avt-0068/55ff018a9a44d2b5aa0cc70edad009c9~tplv-tiktokx-cropcenter:100:100.jpg?dr=9640&refresh_token=c87b2e08&x-expires=1780200000&x-signature=ufcVFNl49Quvif8t4YgzeJ7MiBc%3D&t=4d5b0474&ps=13740610&shp=30310797&shcp=ff37627b&idc=useast8"
"😂😂😂","0","0","2026-05-22T19:59:56.000Z","key_nava26","https://www.tiktok.com/@telediario/video/7642063192079813908","301998842516865024","7642808313364792085","https://p19-common-sign.tiktokcdn-us.com/tos-alisg-avt-0068/fc6c2e2b7cd6902db6933c362ade7eec~tplv-tiktokx-cropcenter:100:100.jpg?dr=9640&refresh_token=474908aa&x-expires=1780200000&x-signature=gRY0qDGo9sQ6ebbYPTDGYBvc%2BjM%3D&t=4d5b0474&ps=13740610&shp=30310797&shcp=ff37627b&idc=useast8"
"😂😂😂","0","0","2026-05-21T06:25:55.000Z","adrianjacoboezquivel","https://www.tiktok.com/@telediario/video/7642063192079813908","7036964918435775494","7642227427650257684","https://p16-common-sign.tiktokcdn-us.com/tos-alisg-avt-0068/cd2993b7973848f989586326a0b61c34~tplv-tiktokx-cropcenter:100:100.jpg?dr=9640&refresh_token=15b1b0a6&x-expires=1780200000&x-signature=5zyxDZwLtzc%2FvVJuImq5Qc2togE%3D&t=4d5b0474&ps=13740610&shp=30310797&shcp=ff37627b&idc=useast8"
"😱😱😱😱😱😱","0","0","2026-05-22T05:17:04.000Z","giogarc","https://www.tiktok.com/@telediario/video/7642063192079813908","6811184537503187973","7642580772168516372","https://p16-common-sign.tiktokcdn-us.com/tos-maliva-avt-0068/602014027036bffc69ed5403d78ee4dd~tplv-tiktokx-cropcenter:100:100.jpg?dr=9640&refresh_token=dc472920&x-expires=1780200000&x-signature=%2FQ6NvYG7qDe8GMbRJ37fP5xsXAE%3D&t=4d5b0474&ps=13740610&shp=30310797&shcp=ff37627b&idc=useast8"
"😂😂😂","0","0","2026-05-21T12:57:36.000Z","said.z19","https://www.tiktok.com/@telediario/video/7642063192079813908","7059977550655865862","7642328409356878600","https://p19-common-sign.tiktokcdn-us.com/tos-alisg-avt-0068/10ac4e88e1ef14fb6c5fdba60f20756d~tplv-tiktokx-cropcenter:100:100.jpg?dr=9640&refresh_token=552aff22&x-expires=1780200000&x-signature=NT3FlZNhubtf%2BzaRSPyE%2B6xlTjI%3D&t=4d5b0474&ps=13740610&shp=30310797&shcp=ff37627b&idc=useast8"
"@TelediarioMx ya sabemos el destino de estos sanitarios públicos, quedaran en el abandonó u operando en precarias e insalubres condiciones","0","0","2026-05-21T13:48:26.000Z","rodrigo.rivelino1","https://www.tiktok.com/@telediario/video/7642063192079813908","7496969202684363783","7642341476119544596","https://p16-common-sign.tiktokcdn-us.com/tos-alisg-avt-0068/4863f7771c711fb1fc490149f2e36107~tplv-tiktokx-cropcenter:100:100.jpg?dr=9640&refresh_token=6dd4048a&x-expires=1780200000&x-signature=UKiAvDpakEOm93CNgRDG9fLHzoA%3D&t=4d5b0474&ps=13740610&shp=30310797&shcp=ff37627b&idc=useast8"
"😡😡😡","0","0","2026-05-21T13:51:00.000Z","adrianagarcia993","https://www.tiktok.com/@telediario/video/7642063192079813908","6854740677710218245","7642342189330645768","https://p19-common-sign.tiktokcdn-us.com/tos-alisg-avt-0068/06177382633d9cbcf180f070898feda1~tplv-tiktokx-cropcenter:100:100.jpg?dr=9640&refresh_token=b6044129&x-expires=1780200000&x-signature=stG1uegnp9yqzt3XSJPMSGT1rY4%3D&t=4d5b0474&ps=13740610&shp=30310797&shcp=ff37627b&idc=useast8"
"😂😂😂","0","0","2026-05-22T05:31:23.000Z","la_petit_fille.84","https://www.tiktok.com/@telediario/video/7642063192079813908","6875874887962362881","7642584518112658194","https://p19-common-sign.tiktokcdn-us.com/tos-alisg-avt-0068/6a9b4353f6eb381b211e18bb1b772ed0~tplv-tiktokx-cropcenter:100:100.jpg?dr=9640&refresh_token=491fe780&x-expires=1780200000&x-signature=HqFJZLuRImSqVp17L3NxDHiqPaY%3D&t=4d5b0474&ps=13740610&shp=30310797&shcp=ff37627b&idc=useast8"
"😂😂😂","0","0","2026-05-22T21:24:44.000Z","la.garcia155","https://www.tiktok.com/@telediario/video/7642063192079813908","7524840974549353480","7642830184051114759","https://p19-common-sign.tiktokcdn-us.com/tos-alisg-avt-0068/dbc7f9311513b1ba9f90379f39fe22ca~tplv-tiktokx-cropcenter:100:100.jpg?dr=9640&refresh_token=4b608029&x-expires=1780200000&x-signature=9%2FklzRuzXxaz02fdJnuh58BT99E%3D&t=4d5b0474&ps=13740610&shp=30310797&shcp=ff37627b&idc=useast8"
"😂😂😂😂","0","0","2026-05-21T16:50:45.000Z","krlozpuki","https://www.tiktok.com/@telediario/video/7642063192079813908","6809347435237852166","7642388505062490881","https://p16-common-sign.tiktokcdn-us.com/tos-alisg-avt-0068/104f4537e924175f90cf147c87185ff3~tplv-tiktokx-cropcenter:100:100.jpg?dr=9640&refresh_token=81caaef2&x-expires=1780200000&x-signature=B%2FoA52qSXSTKsYItPdXV%2BhIFqlM%3D&t=4d5b0474&ps=13740610&shp=30310797&shcp=ff37627b&idc=useast8"
"😂😂😂😂","0","0","2026-05-21T18:14:41.000Z","raymorales39","https://www.tiktok.com/@telediario/video/7642063192079813908","6906868764273411077","7642410127169504017","https://p19-common-sign.tiktokcdn-us.com/tos-maliva-avt-0068/6eff9110cc86fbe0e236cf5eef18c9b3~tplv-tiktokx-cropcenter:100:100.jpg?dr=9640&refresh_token=5b1efccb&x-expires=1780200000&x-signature=bczvmuqgayFy%2FKPp%2BmNN6GG3FNI%3D&t=4d5b0474&ps=13740610&shp=30310797&shcp=ff37627b&idc=useast8"
"la mayoría de gente gasta en cigarros, cocas, cervezas alcohol, fiestas a lo wey y ahorita que somos pais anfitrión y quieren que México no se vea tan pichurriento y que ahorre todo 😂","0","0","2026-05-21T10:53:15.000Z","yosidl","https://www.tiktok.com/@telediario/video/7642063192079813908","6990855025653269509","7642296337636426517","https://p19-common-sign.tiktokcdn-us.com/tos-maliva-avt-0068/7933db4a6887c252673beaed6d36349c~tplv-tiktokx-cropcenter:100:100.jpg?dr=9640&refresh_token=b81fe23a&x-expires=1780200000&x-signature=mxfyIwfdI%2Fdn4uxGP50k3hckl1Y%3D&t=4d5b0474&ps=13740610&shp=30310797&shcp=ff37627b&idc=useast8"
"que es estooooooo!!!!!😳😂😂","0","0","2026-05-28T22:54:14.000Z","sam_angel_094","https://www.tiktok.com/@karolvelda/video/7643328314429443335","7585605305129747467","7645079752058995474","https://p16-common-sign.tiktokcdn-eu.com/tos-alisg-avt-0068/eba82ac7a33ddef6066c6972cb458424~tplv-tiktokx-cropcenter:100:100.jpg?dr=10399&refresh_token=7e0c716f&x-expires=1780200000&x-signature=ZsWxlJgcylzR64q7aYTMptdmEGA%3D&t=4d5b0474&ps=13740610&shp=30310797&shcp=ff37627b&idc=no1a"
"Jajajajajaja.","0","0","2026-05-28T22:51:31.000Z","mrca8510","https://www.tiktok.com/@karolvelda/video/7643328314429443335","7263992283246216198","7645078997253309192","https://p16-common-sign.tiktokcdn-eu.com/tos-alisg-avt-0068/3d376b22d42b4677609e22e18b5987e1~tplv-tiktokx-cropcenter:100:100.jpg?dr=10399&refresh_token=f38581fb&x-expires=1780200000&x-signature=Eiql3sHTL2nD8iMk1QAgXZpGLJE%3D&t=4d5b0474&ps=13740610&shp=30310797&shcp=ff37627b&idc=no1a"
"Él hazme reír para el mundo entero 😰🤭😜","0","0","2026-05-28T22:43:19.000Z","anamarialosadam","https://www.tiktok.com/@karolvelda/video/7643328314429443335","7111518635613766661","7645076865288504084","https://p16-common-sign.tiktokcdn-eu.com/tos-maliva-avt-0068/d1e22df87b6ca1c763341729e8f042ef~tplv-tiktokx-cropcenter:100:100.jpg?dr=10399&refresh_token=6f3bb46b&x-expires=1780200000&x-signature=3xn%2FGOY247ZhQxUqbkxof7c33jk%3D&t=4d5b0474&ps=13740610&shp=30310797&shcp=ff37627b&idc=no1a"
"Nada los tiene contentos","0","0","2026-05-28T22:40:06.000Z","lauraelviravargas","https://www.tiktok.com/@karolvelda/video/7643328314429443335","6959383134941070341","7645076097633157909","https://p16-common-sign.tiktokcdn-eu.com/tos-maliva-avt-0068/7331165824832208902~tplv-tiktokx-cropcenter:100:100.jpg?dr=10399&refresh_token=0ca10395&x-expires=1780200000&x-signature=b5Cgnf4r%2Bqk3ijmd69ku3IIljfw%3D&t=4d5b0474&ps=13740610&shp=30310797&shcp=ff37627b&idc=no1a"
"todo hace juego 😂","0","0","2026-05-28T22:34:42.000Z","jazzrey11","https://www.tiktok.com/@karolvelda/video/7643328314429443335","7518942401482769415","7645074696027636487","https://p16-common-sign.tiktokcdn-eu.com/tos-alisg-avt-0068/05703652e9e2d0b6d3fe5036574a12da~tplv-tiktokx-cropcenter:100:100.jpg?dr=10399&refresh_token=9d7eeda5&x-expires=1780200000&x-signature=ffc%2FP5ZjYjE3pQS3TmXhiIm9qNQ%3D&t=4d5b0474&ps=13740610&shp=30310797&shcp=ff37627b&idc=no1a"
"😂😂😂😂🤣 ya nada nas da risa jajaja","0","0","2026-05-28T21:52:53.000Z","coralchavezcoral","https://www.tiktok.com/@karolvelda/video/7643328314429443335","7094806836445463557","7645063904569934613","https://p16-common-sign.tiktokcdn-eu.com/tos-maliva-avt-0068/a921e5922b9f3b5228a111f2837a3693~tplv-tiktokx-cropcenter:100:100.jpg?dr=10399&refresh_token=310935e2&x-expires=1780200000&x-signature=jQRfQxIoTVemVAZybaGs3N8%2FZII%3D&t=4d5b0474&ps=13740610&shp=30310797&shcp=ff37627b&idc=no1a"
"Jajajajajajaja","0","0","2026-05-28T21:37:46.000Z","abigail.flores0824","https://www.tiktok.com/@karolvelda/video/7643328314429443335","7476137201915560966","7645059984708256533","https://p16-common-sign.tiktokcdn-eu.com/tos-maliva-avt-0068/31d432bf726be816458cea9034eaf3fa~tplv-tiktokx-cropcenter:100:100.jpg?dr=10399&refresh_token=74ab814c&x-expires=1780200000&x-signature=CrPl1SvUPkA7qmWMhYT9ViI%2BCAk%3D&t=4d5b0474&ps=13740610&shp=30310797&shcp=ff37627b&idc=no1a"
"ESO NO ESTABA EN EL PRESUPUESTO JIJIJIJJII","0","0","2026-05-28T21:08:05.000Z","katsumotosam13","https://www.tiktok.com/@karolvelda/video/7643328314429443335","6992050729703867398","7645052361832710933","https://p16-common-sign.tiktokcdn-eu.com/tos-maliva-avt-0068/65f7a8d5b03fc1fe3dca8cdda9759c0d~tplv-tiktokx-cropcenter:100:100.jpg?dr=10399&refresh_token=b149631b&x-expires=1780200000&x-signature=C8PaybTbTrbeBIm%2FBGS%2FmovPq30%3D&t=4d5b0474&ps=13740610&shp=30310797&shcp=ff37627b&idc=no1a"
"son cascadas para dar el toque de la Francia de los grandes jardines con fuentes","0","0","2026-05-28T21:02:15.000Z","miguelguzman5295","https://www.tiktok.com/@karolvelda/video/7643328314429443335","7381328964177200133","7645050815623627540","https://p16-common-sign.tiktokcdn-eu.com/tos-maliva-avt-0068/22ab407f0665ddc7805e295fabeadd71~tplv-tiktokx-cropcenter:100:100.jpg?dr=10399&refresh_token=bfbaa977&x-expires=1780200000&x-signature=baQqJTicznIacfmu%2FsIlj3WQPGY%3D&t=4d5b0474&ps=13740610&shp=30310797&shcp=ff37627b&idc=no1a"
"yo no sé para madres arreglaron tantas estaciones, y solo en lo visual , xq lo verdadero importante q son las grietas como estás, o los trenes ,","0","0","2026-05-28T20:42:12.000Z","wengonzalezgarcia","https://www.tiktok.com/@karolvelda/video/7643328314429443335","7452924390956205061","7644865794351219476","https://p16-common-sign.tiktokcdn-eu.com/tos-maliva-avt-0068/c0696b42c8da3d598d7fa9ba015adb1d~tplv-tiktokx-cropcenter:100:100.jpg?dr=10399&refresh_token=a7621211&x-expires=1780200000&x-signature=1BGRiRuobnzCOVfvu%2Brg0wRMwdE%3D&t=4d5b0474&ps=13740610&shp=30310797&shcp=ff37627b&idc=no1a"
"es sistema de Humidificación!🤣😂😅","0","0","2026-05-28T20:31:48.000Z","user9432083041963","https://www.tiktok.com/@karolvelda/video/7643328314429443335","7525962332243510288","7645042150078055188","https://p16-common-sign.tiktokcdn-eu.com/musically-maliva-obj/1594805258216454~tplv-tiktokx-cropcenter:100:100.jpg?dr=10399&refresh_token=4e4254cb&x-expires=1780200000&x-signature=ZwQE3W%2FYdO0RcGX4cEf22EDYdus%3D&t=4d5b0474&ps=13740610&shp=30310797&shcp=ff37627b&idc=no1a"
"🤣🤣🤣🤣🤣🤣🤣🤣🤣🤣🤣🤣🤣🤣🤣🤣🤣🤣no pues bueno jajajajajajaja","0","0","2026-05-28T20:20:40.000Z","maylibelu","https://www.tiktok.com/@karolvelda/video/7643328314429443335","7330411353029510149","7645040173151748871","https://p16-common-sign.tiktokcdn-eu.com/tos-alisg-avt-0068/2fecc4fa6b409f004d20d04f1be38b35~tplv-tiktokx-cropcenter:100:100.jpg?dr=10399&refresh_token=ebf9e592&x-expires=1780200000&x-signature=EMGK4hDYzUWqs3jTTqSsMoZKn2s%3D&t=4d5b0474&ps=13740610&shp=30310797&shcp=ff37627b&idc=no1a"
"Ahí deberían colocar buna fuente","0","0","2026-05-28T20:08:49.000Z","pekasballili","https://www.tiktok.com/@karolvelda/video/7643328314429443335","7131453803355063301","7645037135569781522","https://p16-common-sign.tiktokcdn-eu.com/tos-alisg-avt-0068/17f0e56824995b1e0a79aaee8be084c2~tplv-tiktokx-cropcenter:100:100.jpg?dr=10399&refresh_token=a78738bc&x-expires=1780200000&x-signature=SPs6Y0%2BklqWMXmB2VNHofvRCDr4%3D&t=4d5b0474&ps=13740610&shp=30310797&shcp=ff37627b&idc=no1a"
"[Sticker] ","0","0","2026-05-28T18:59:18.000Z","rechelbardales","https://www.tiktok.com/@karolvelda/video/7643328314429443335","6807038093939934213","7645019214253163271","https://p16-common-sign.tiktokcdn-eu.com/tos-alisg-avt-0068/6430fc12012c1bdf1e6382bd40689367~tplv-tiktokx-cropcenter:100:100.jpg?dr=10399&refresh_token=bffb654a&x-expires=1780200000&x-signature=Gm7dah3cub3ted5CwuOLvlGX6iI%3D&t=4d5b0474&ps=13740610&shp=30310797&shcp=ff37627b&idc=no1a"
"Es la gealidad dul tegceg monde. 🤌🏻 Chingona la decoración ¿y el servicio de calidad para cuando?","0","0","2026-05-28T18:44:52.000Z","zeki.eze","https://www.tiktok.com/@karolvelda/video/7643328314429443335","7361665820013855749","7645015433981117204","https://p16-common-sign.tiktokcdn-eu.com/tos-maliva-avt-0068/f9e1fc72c85d9ef61da13a2c3ecc35b8~tplv-tiktokx-cropcenter:100:100.jpg?dr=10399&refresh_token=7d330fe2&x-expires=1780200000&x-signature=0O2O6jBn%2BzaCLFfSWFee4YJ0Cak%3D&t=4d5b0474&ps=13740610&shp=30310797&shcp=ff37627b&idc=no1a"
"creen que los candelabros evitarán que no se den cuenta de las deficiencias en el transporte colectivo","0","0","2026-05-28T18:23:33.000Z","marquesa89","https://www.tiktok.com/@karolvelda/video/7643328314429443335","6820244318177346566","7645010003850494741","https://p16-common-sign.tiktokcdn-eu.com/tos-maliva-avt-0068/7334894096416735237~tplv-tiktokx-cropcenter:100:100.jpg?dr=10399&refresh_token=bf05cb18&x-expires=1780200000&x-signature=FwmCpaIu3rPKjs8O2sMAYbeHcFw%3D&t=4d5b0474&ps=13740610&shp=30310797&shcp=ff37627b&idc=no1a"
"Jajaja","0","0","2026-05-28T16:23:57.000Z","christineg954","https://www.tiktok.com/@karolvelda/video/7643328314429443335","6991160738828993541","7644979176249279252","https://p16-common-sign.tiktokcdn-eu.com/tos-alisg-avt-0068/065df858f879c80e454b42740acdc542~tplv-tiktokx-cropcenter:100:100.jpg?dr=10399&refresh_token=ee7928e5&x-expires=1780200000&x-signature=Aa8%2BfU9iCi4z%2BUMaMe8NH0sHRfI%3D&t=4d5b0474&ps=13740610&shp=30310797&shcp=ff37627b&idc=no1a"
"Hecho en México","0","0","2026-05-28T16:07:37.000Z","aldoveites","https://www.tiktok.com/@karolvelda/video/7643328314429443335","6787894945322075141","7644974838306652929","https://p19-common-sign.tiktokcdn-eu.com/tos-alisg-avt-0068/44e5eababfaba9d2bfc654d47ddf3a13~tplv-tiktokx-cropcenter:100:100.jpg?dr=10399&refresh_token=9cb03d8b&x-expires=1780200000&x-signature=mzPgndxfltouG59uOXltdVML4qo%3D&t=4d5b0474&ps=13740610&shp=30310797&shcp=ff37627b&idc=no1a"
"Jajjajajaj","0","0","2026-05-28T15:18:51.000Z","ivan.gonzalez4550","https://www.tiktok.com/@karolvelda/video/7643328314429443335","7472159510481486903","7644962436554015495","https://p16-common-sign.tiktokcdn-eu.com/tos-alisg-avt-0068/e527056c3bfd09dbd354139b6d911436~tplv-tiktokx-cropcenter:100:100.jpg?dr=10399&refresh_token=4b4b75e9&x-expires=1780200000&x-signature=7wEv9pMAZxwhmAJD0O4qcPnHnsU%3D&t=4d5b0474&ps=13740610&shp=30310797&shcp=ff37627b&idc=no1a"
"[Sticker] ","0","0","2026-05-28T14:38:38.000Z","edgardo.miramon","https://www.tiktok.com/@karolvelda/video/7643328314429443335","7315958476379227142","7644952029316875028","https://p16-common-sign.tiktokcdn-eu.com/tos-maliva-avt-0068/7b5068014e694eda26c751d9d965ba3f~tplv-tiktokx-cropcenter:100:100.jpg?dr=10399&refresh_token=5bd8f694&x-expires=1780200000&x-signature=z614%2FxFur5MAre2Wgho4%2FE7P0cY%3D&t=4d5b0474&ps=13740610&shp=30310797&shcp=ff37627b&idc=no1a"
"transformación de 4ta","0","0","2026-05-28T14:27:01.000Z","user76111994615371","https://www.tiktok.com/@karolvelda/video/7643328314429443335","7480596677826528274","7644949065318892308","https://p16-common-sign.tiktokcdn-eu.com/musically-maliva-obj/1594805258216454~tplv-tiktokx-cropcenter:100:100.jpg?dr=10399&refresh_token=4e4254cb&x-expires=1780200000&x-signature=ZwQE3W%2FYdO0RcGX4cEf22EDYdus%3D&t=4d5b0474&ps=13740610&shp=30310797&shcp=ff37627b&idc=no1a"
"Jajajaja","0","0","2026-05-28T14:26:31.000Z","alberto.aldaco96","https://www.tiktok.com/@karolvelda/video/7643328314429443335","7552060171397530635","7644948953678578433","https://p16-common-sign.tiktokcdn-eu.com/tos-alisg-avt-0068/6cf870eaf097fc512f97fc301ea98999~tplv-tiktokx-cropcenter:100:100.jpg?dr=10399&refresh_token=641db736&x-expires=1780200000&x-signature=PqVqpg4a6ixhkQ3g9enMEnC4n8A%3D&t=4d5b0474&ps=13740610&shp=30310797&shcp=ff37627b&idc=no1a"
"triste realidad","0","0","2026-05-28T13:02:57.000Z","hectorenigma","https://www.tiktok.com/@karolvelda/video/7643328314429443335","7010607964735603718","7644927365928190741","https://p16-common-sign.tiktokcdn-eu.com/tos-maliva-avt-0068/77fdfdfb321769693eae48b493bc5960~tplv-tiktokx-cropcenter:100:100.jpg?dr=10399&refresh_token=19b0b771&x-expires=1780200000&x-signature=R9%2BCgPYtj69Ca7azgxaOW0YiApo%3D&t=4d5b0474&ps=13740610&shp=30310797&shcp=ff37627b&idc=no1a"
"🤣🤣🤣🤣🤣🤣🤣 que mal !!!","0","0","2026-05-28T07:07:14.000Z","user4361600622147","https://www.tiktok.com/@karolvelda/video/7643328314429443335","7554630465501807623","7644834406105203476","https://p16-common-sign.tiktokcdn-eu.com/tos-alisg-avt-0068/cf4fb21844cd4f838ad335792796ae5c~tplv-tiktokx-cropcenter:100:100.jpg?dr=10399&refresh_token=50c04c6d&x-expires=1780200000&x-signature=7%2BwFsGIO0e%2BlyZ9AvXwEEIPseaU%3D&t=4d5b0474&ps=13740610&shp=30310797&shcp=ff37627b&idc=no1a"
"Gente, tendremos Titanic 2 En México, claro que si.
Próximamente en envivos de tik tok🤣😅","0","0","2026-05-28T07:00:28.000Z","michsm04","https://www.tiktok.com/@karolvelda/video/7643328314429443335","6907053206275359749","7644833957444829953","https://p19-common-sign.tiktokcdn-eu.com/tos-alisg-avt-0068/c41e8839343491826705845d6ce266ec~tplv-tiktokx-cropcenter:100:100.jpg?dr=10399&refresh_token=73505092&x-expires=1780200000&x-signature=mnpWdJZMPbpQ%2F2bYPKXmv%2Bguixw%3D&t=4d5b0474&ps=13740610&shp=30310797&shcp=ff37627b&idc=no1a"
"no, no, no, 😳solo ve los candelabros","0","0","2026-05-28T06:06:49.000Z","alexa395410","https://www.tiktok.com/@karolvelda/video/7643328314429443335","7220979445099611141","7644820148168246017","https://p16-common-sign.tiktokcdn-eu.com/tos-maliva-avt-0068/df53d26afa4293aa5fbbea45395f909e~tplv-tiktokx-cropcenter:100:100.jpg?dr=10399&refresh_token=e81341e4&x-expires=1780200000&x-signature=%2Fc853DQKR1R3%2BPmMtwax%2F0HZv8c%3D&t=4d5b0474&ps=13740610&shp=30310797&shcp=ff37627b&idc=no1a"
"lo bueno que ya le dieron mantenimiento","0","0","2026-05-28T05:44:05.000Z","omar.cano774","https://www.tiktok.com/@karolvelda/video/7643328314429443335","7625507348882277396","7644814299533984519","https://p16-common-sign.tiktokcdn-eu.com/tos-alisg-avt-0068/06523319cb3e1ad65db2da944f6e7e8c~tplv-tiktokx-cropcenter:100:100.jpg?dr=10399&refresh_token=b21ba419&x-expires=1780200000&x-signature=4msxCQP6f4mnJVhqUjFcv64%2FEUY%3D&t=4d5b0474&ps=13740610&shp=30310797&shcp=ff37627b&idc=no1a"
"jajajjajaj 🤣🤣🤣🤣","0","0","2026-05-28T04:34:18.000Z","user3171954594681","https://www.tiktok.com/@karolvelda/video/7643328314429443335","7514144087117808658","7644794660472718087","https://p16-common-sign.tiktokcdn-eu.com/tos-alisg-avt-0068/80468d014080c4e7bae2fe462f2a16cb~tplv-tiktokx-cropcenter:100:100.jpg?dr=10399&refresh_token=1e8a8c84&x-expires=1780200000&x-signature=YZCqT5FdgBjLnIEYPf01e9j%2BN6w%3D&t=4d5b0474&ps=13740610&shp=30310797&shcp=ff37627b&idc=no1a"
"Las calles con pinches coladeras destapadas, baches y hoyos por","0","0","2026-05-28T04:24:37.000Z","lorenzz_carrillo","https://www.tiktok.com/@karolvelda/video/7643328314429443335","6812271949428425733","7644793812695237393","https://p16-common-sign.tiktokcdn-eu.com/tos-maliva-avt-0068/7333579100309815301~tplv-tiktokx-cropcenter:100:100.jpg?dr=10399&refresh_token=d15026ee&x-expires=1780200000&x-signature=uN3nMne65QKvnAF%2BySvfs5G7YfQ%3D&t=4d5b0474&ps=13740610&shp=30310797&shcp=ff37627b&idc=no1a"
"falta mantenimiento hay muchas goteras","0","0","2026-05-28T04:04:01.000Z","ioslick.iunlick.n","https://www.tiktok.com/@karolvelda/video/7643328314429443335","7128189261560464389","7644788498264130322","https://p19-common-sign.tiktokcdn-eu.com/tos-maliva-avt-0068/7331664422345113606~tplv-tiktokx-cropcenter:100:100.jpg?dr=10399&refresh_token=7f22028a&x-expires=1780200000&x-signature=ifppt6MtNePCDcLA9TN%2FxpkT2n0%3D&t=4d5b0474&ps=13740610&shp=30310797&shcp=ff37627b&idc=no1a"
"ay! que bueno porque yo siempre me ando haciendo popis y es bien difícil encontrar donde o quien te dejé entrar.
al fin alguien pensó en nosotros los cagones 🥰","0","0","2026-05-21T22:29:00.000Z","elibarrera04","https://www.tiktok.com/@telediario/video/7642063192079813908","267520084745900032","7642475560006140693","https://p16-common-sign.tiktokcdn.com/tos-maliva-avt-0068/03820608ab0fa99f5f6771932e63afcb~tplv-tiktokx-cropcenter:100:100.jpg?dr=14579&refresh_token=c6f80083&x-expires=1780200000&x-signature=An58qXuN01yam%2B8bTv7m3ac8W74%3D&t=4d5b0474&ps=13740610&shp=30310797&shcp=ff37627b&idc=my"
"Siiii para un rapidín 😂","0","0","2026-05-21T21:56:53.000Z","luzbelmorningstar666","https://www.tiktok.com/@telediario/video/7642063192079813908","6862882731229398021","7642467384402002706","https://p16-common-sign.tiktokcdn.com/tos-alisg-avt-0068/7007f190752f43a8b8b595275f37bca2~tplv-tiktokx-cropcenter:100:100.jpg?dr=14579&refresh_token=d242a486&x-expires=1780200000&x-signature=WYHE885h4UvCiwdMzHqCUaSE%2Fzw%3D&t=4d5b0474&ps=13740610&shp=30310797&shcp=ff37627b&idc=my"
"Y después de dos meses estarán olvidados y servirán de basurero","0","0","2026-05-21T21:44:58.000Z","joelmartinezuwu","https://www.tiktok.com/@telediario/video/7642063192079813908","7000383602875073542","7642464319317459729","https://p16-common-sign.tiktokcdn.com/tos-maliva-avt-0068/2a343ea0bc4c589886df594428eecfe0~tplv-tiktokx-cropcenter:100:100.jpg?dr=14579&refresh_token=16074674&x-expires=1780200000&x-signature=v2AgDj%2B6gyJSRTxXsbOcyOqbJ2w%3D&t=4d5b0474&ps=13740610&shp=30310797&shcp=ff37627b&idc=my"
"Mejor que pongan botes de basura en todos lados hasta en el metro 🗑️","0","0","2026-05-21T17:05:02.000Z","berecita_57","https://www.tiktok.com/@telediario/video/7642063192079813908","6565548160147456006","7642392183320707847","https://p16-common-sign.tiktokcdn.com/tos-alisg-avt-0068/81ddb02e906868184b1d7eddeb9094d6~tplv-tiktokx-cropcenter:100:100.jpg?dr=14579&refresh_token=6bbd08c2&x-expires=1780200000&x-signature=6vFJWXB0RsRHnmCBu%2BA1PGSklN0%3D&t=4d5b0474&ps=13740610&shp=30310797&shcp=ff37627b&idc=my"
"y ya los rayaron😂😂","0","0","2026-05-21T16:45:38.000Z","bianca.espinosa20","https://www.tiktok.com/@telediario/video/7642063192079813908","7422821410349941766","7642387172620485394","https://p16-common-sign.tiktokcdn.com/tos-alisg-avt-0068/16195feb916f4ef5553a736879503be9~tplv-tiktokx-cropcenter:100:100.jpg?dr=14579&refresh_token=a8d9eba3&x-expires=1780200000&x-signature=ckC0AVHXvF3GIX19AbLi33WFnUY%3D&t=4d5b0474&ps=13740610&shp=30310797&shcp=ff37627b&idc=my"
"solo faltan que pongan ""uso exclusivo para turistas ""","0","0","2026-05-21T16:38:17.000Z","mm.ap2","https://www.tiktok.com/@telediario/video/7642063192079813908","6852383081305064453","7642385290439197458","https://p16-common-sign.tiktokcdn.com/musically-maliva-obj/1594805258216454~tplv-tiktokx-cropcenter:100:100.jpg?dr=14579&refresh_token=fa307169&x-expires=1780200000&x-signature=mehcPq0GqZUJprcMKOYk31VuyvU%3D&t=4d5b0474&ps=13740610&shp=30310797&shcp=ff37627b&idc=my"
"en medicamentos para el IMSS ,para personas con cáncer o demás, deberían de hacer, y no gastar el dinero aparentando México es súper woooo","0","0","2026-05-21T16:13:57.000Z","gema0701","https://www.tiktok.com/@telediario/video/7642063192079813908","6831349796508124166","7642378999125754644","https://p19-common-sign.tiktokcdn.com/tos-alisg-avt-0068/c3ffbee29b01b95b1eedde93fe7fa7ea~tplv-tiktokx-cropcenter:100:100.jpg?dr=14579&refresh_token=8f343957&x-expires=1780200000&x-signature=R3MY6gkPhXP8mOA5%2BCAd79a2hU8%3D&t=4d5b0474&ps=13740610&shp=30310797&shcp=ff37627b&idc=my"
"QUE BUENO XQ LUEGO UNO SE HANDA C@G@ND@ Y NO HAY DOND TIRARSE EL KEY","0","0","2026-05-21T14:44:50.000Z","jonafz1","https://www.tiktok.com/@telediario/video/7642063192079813908","7587576549504123924","7642356055053959944","https://p16-common-sign.tiktokcdn.com/tos-alisg-avt-0068/b80ceea99352836bebc94a450ffd9336~tplv-tiktokx-cropcenter:100:100.jpg?dr=14579&refresh_token=5315b61c&x-expires=1780200000&x-signature=XMoZB2%2FEXZpwejhNfhgZAyTf%2B8A%3D&t=4d5b0474&ps=13740610&shp=30310797&shcp=ff37627b&idc=my"
"está de lujo 🥰","0","0","2026-05-29T16:06:33.000Z","casavi001","https://www.tiktok.com/@karolvelda/video/7643328314429443335","7119322113056850949","7645345797995102994","https://p16-common-sign.tiktokcdn-us.com/tos-alisg-avt-0068/44e1471ad57b1f50564967adefb5d6bc~tplv-tiktokx-cropcenter:100:100.jpg?dr=9640&refresh_token=632553a8&x-expires=1780200000&x-signature=sUl3OV9mFH1UfEy0F5ZNiw50qMQ%3D&t=4d5b0474&ps=13740610&shp=30310797&shcp=ff37627b&idc=useast5"
"es pues la cuarta","0","0","2026-05-29T02:54:10.000Z","lilia.cordero.sal","https://www.tiktok.com/@karolvelda/video/7643328314429443335","7359438507738235909","7645141405610885904","https://p19-common-sign.tiktokcdn-us.com/tos-maliva-avt-0068/7382276243829293062~tplv-tiktokx-cropcenter:100:100.jpg?dr=9640&refresh_token=fdeab4c5&x-expires=1780200000&x-signature=1RXkEpCTAm35k2E5jTPwXPI6lRA%3D&t=4d5b0474&ps=13740610&shp=30310797&shcp=ff37627b&idc=useast5"
"Omg ya eres toda una famosa 🤑","1","1","2026-05-29T03:04:16.000Z","_edu.a.t_","https://www.tiktok.com/@karolvelda/video/7643328314429443335","6761438232552981510","7645144179186107157","https://p19-common-sign.tiktokcdn-us.com/tos-alisg-avt-0068/6ee62223ff9a029ee2ad83c83f4bd757~tplv-tiktokx-cropcenter:100:100.jpg?dr=9640&refresh_token=b208bae2&x-expires=1780200000&x-signature=Uhil%2FXk8Tn%2Fsz4W2QZxTlxWSA%2FQ%3D&t=4d5b0474&ps=13740610&shp=30310797&shcp=ff37627b&idc=useast5"
"puesi q ganan con gastar dinero en eso con quién quieren quedar bien y eso es poco por loq hayq hacer por los metros hospitales parques xxxxxx","0","0","2026-05-29T16:21:47.000Z","monica.moni200","https://www.tiktok.com/@karolvelda/video/7643328314429443335","7526362485600044050","7645349736463352577","https://p16-common-sign.tiktokcdn-us.com/tos-alisg-avt-0068/afd95a37c0bb7d964bb46b9ed797f11e~tplv-tiktokx-cropcenter:100:100.jpg?dr=9640&refresh_token=b0694962&x-expires=1780200000&x-signature=BLO5aPNpTRuMyeYKY0%2Br7HI5LFw%3D&t=4d5b0474&ps=13740610&shp=30310797&shcp=ff37627b&idc=useast5"
"sin palabras 😁😂","0","0","2026-05-29T03:49:03.000Z","angelesiturbidecolin","https://www.tiktok.com/@karolvelda/video/7643328314429443335","7029154927449670662","7645155754185343761","https://p16-common-sign.tiktokcdn-us.com/tos-maliva-avt-0068/350293c220da7d1ec92a9447d5d3f9d1~tplv-tiktokx-cropcenter:100:100.jpg?dr=9640&refresh_token=09a2633e&x-expires=1780200000&x-signature=SqY4oe9k4DmfhgufSeRt19E8o4E%3D&t=4d5b0474&ps=13740610&shp=30310797&shcp=ff37627b&idc=useast5"
"Jajajajj","0","0","2026-05-29T04:02:44.000Z","jadaivcndlb","https://www.tiktok.com/@karolvelda/video/7643328314429443335","7145172083201311750","7645159280496198418","https://p19-common-sign.tiktokcdn-us.com/musically-maliva-obj/1594805258216454~tplv-tiktokx-cropcenter:100:100.jpg?dr=9640&refresh_token=e340c4d0&x-expires=1780200000&x-signature=y0I6Dncomm86fyA9XjJdWa1HRzE%3D&t=4d5b0474&ps=13740610&shp=30310797&shcp=ff37627b&idc=useast5"
"entonces si es muy parecido al Titanic 😳","0","0","2026-05-29T04:11:19.000Z","taitaigamer","https://www.tiktok.com/@karolvelda/video/7643328314429443335","6554053519384772609","7645161484326585106","https://p19-common-sign.tiktokcdn-us.com/tos-alisg-avt-0068/386c591717e734dfd082dd4c19da2996~tplv-tiktokx-cropcenter:100:100.jpg?dr=9640&refresh_token=af7514c6&x-expires=1780200000&x-signature=76F%2FO7GFtXGMd%2FCh%2FbMxcHGCsGw%3D&t=4d5b0474&ps=13740610&shp=30310797&shcp=ff37627b&idc=useast5"
"jajajaja","0","0","2026-05-29T22:23:06.000Z","rmz_966","https://www.tiktok.com/@karolvelda/video/7643328314429443335","7289991630306853893","7645442764839142165","https://p16-common-sign.tiktokcdn-us.com/musically-maliva-obj/1594805258216454~tplv-tiktokx-cropcenter:100:100.jpg?dr=9640&refresh_token=f6d184af&x-expires=1780200000&x-signature=VW8UWPJqAaIplom5IP4ju2xgIsk%3D&t=4d5b0474&ps=13740610&shp=30310797&shcp=ff37627b&idc=useast5"
"Y la pinturita morada","0","0","2026-05-29T17:15:34.000Z","atzirirubihidalgo","https://www.tiktok.com/@karolvelda/video/7643328314429443335","7420977316254385158","7645363585979482888","https://p16-common-sign.tiktokcdn-us.com/tos-alisg-avt-0068/1a40e4dabb57910ed39009fb09da72e1~tplv-tiktokx-cropcenter:100:100.jpg?dr=9640&refresh_token=555b1665&x-expires=1780200000&x-signature=B%2FCx7%2FtfZTn0oQYNnC%2FhJvJTSKU%3D&t=4d5b0474&ps=13740610&shp=30310797&shcp=ff37627b&idc=useast5"
"Que absurdo!","0","0","2026-05-29T22:24:19.000Z","optica.monali","https://www.tiktok.com/@karolvelda/video/7643328314429443335","7474405360871949367","7645443116338250497","https://p16-common-sign.tiktokcdn-us.com/tos-maliva-avt-0068/4e7ce1b7f533b3cdab3c4e61b266297d~tplv-tiktokx-cropcenter:100:100.jpg?dr=9640&refresh_token=12c24278&x-expires=1780200000&x-signature=DBuEubMuPWoPbbDTN4NHWuzNj%2BY%3D&t=4d5b0474&ps=13740610&shp=30310797&shcp=ff37627b&idc=useast5"
"Otra que nada le embona","0","0","2026-05-29T22:39:12.000Z","alejandra.torres267","https://www.tiktok.com/@karolvelda/video/7643328314429443335","7115237529154618374","7645446915388392208","https://p16-common-sign.tiktokcdn-us.com/tos-alisg-avt-0068/dcdea0ef0413670d4fc5d1131bb75206~tplv-tiktokx-cropcenter:100:100.jpg?dr=9640&refresh_token=f913518e&x-expires=1780200000&x-signature=UTW2V%2BLT3Ggm9lXt9EqzbwMgAL8%3D&t=4d5b0474&ps=13740610&shp=30310797&shcp=ff37627b&idc=useast5"
"[Sticker] ","0","0","2026-05-29T04:41:40.000Z","almadommyreyes","https://www.tiktok.com/@karolvelda/video/7643328314429443335","6801642940881748997","7645169298315002642","https://p19-common-sign.tiktokcdn-us.com/tos-alisg-avt-0068/ff94df5b346da8c0bacf100f83ffdd1c~tplv-tiktokx-cropcenter:100:100.jpg?dr=9640&refresh_token=eddd0054&x-expires=1780200000&x-signature=bpTiZoMMHVlUUbcOMnLIJOxcaf4%3D&t=4d5b0474&ps=13740610&shp=30310797&shcp=ff37627b&idc=useast5"
"señores no han visto la regadera que puso para lavar los trenes😂","0","0","2026-05-29T17:43:42.000Z","el.marin.1","https://www.tiktok.com/@karolvelda/video/7643328314429443335","7324548832276333573","7645370780147335957","https://p16-common-sign.tiktokcdn-us.com/tos-alisg-avt-0068/a5ce4efbcb43b26064ee66c71d646346~tplv-tiktokx-cropcenter:100:100.jpg?dr=9640&refresh_token=059c750f&x-expires=1780200000&x-signature=v6CKZCa2RsGT2aqBM%2BgDa8LaUIw%3D&t=4d5b0474&ps=13740610&shp=30310797&shcp=ff37627b&idc=useast5"
"me gozo como se Disen de todo en los comentarios 😂😂","0","0","2026-05-29T04:58:40.000Z","carlosvillagrande0","https://www.tiktok.com/@karolvelda/video/7643328314429443335","7253924507332363270","7645173652095664903","https://p19-common-sign.tiktokcdn-us.com/tos-alisg-avt-0068/76f9b6d835c6d4a612aff5b1c8d474c6~tplv-tiktokx-cropcenter:100:100.jpg?dr=9640&refresh_token=34d35b9e&x-expires=1780200000&x-signature=k1XZcbW14hZhd2Lwbzhn7ZJHALA%3D&t=4d5b0474&ps=13740610&shp=30310797&shcp=ff37627b&idc=useast5"
"Hay que hablar de esto ruvalcaba","0","0","2026-05-29T05:20:59.000Z","melanie2502js","https://www.tiktok.com/@karolvelda/video/7643328314429443335","6955849653632091141","7645179390922834709","https://p19-common-sign.tiktokcdn-us.com/tos-alisg-avt-0068/0949246a5ad91936660f742c9db58b12~tplv-tiktokx-cropcenter:100:100.jpg?dr=9640&refresh_token=c6df0922&x-expires=1780200000&x-signature=VxabnWaadPWRq2wWz2vgt%2Fu5Jrw%3D&t=4d5b0474&ps=13740610&shp=30310797&shcp=ff37627b&idc=useast5"
"exacto!!! es lo que digo, ese dinero que se gastaron, millones de pesos en remodelaciones piteras que no eran necesarias, y las vías, los trenes, las instalaciones eléctricas, las goteras, la humedad, lo que sí es necesario!?!?!?","0","0","2026-05-29T05:40:14.000Z","merirueda1","https://www.tiktok.com/@karolvelda/video/7643328314429443335","271191640495788032","7645184384665076487","https://p16-common-sign.tiktokcdn-us.com/tos-maliva-avt-0068/852ab2857283070d7e566642f8a8e604~tplv-tiktokx-cropcenter:100:100.jpg?dr=9640&refresh_token=87b4a923&x-expires=1780200000&x-signature=rXv1uws0Z28cC67O43I39HYOujQ%3D&t=4d5b0474&ps=13740610&shp=30310797&shcp=ff37627b&idc=useast5"
"Jajajajaja","0","0","2026-05-29T13:14:17.000Z","chapis_cha","https://www.tiktok.com/@karolvelda/video/7643328314429443335","7128558644618953733","7645301395365217044","https://p16-common-sign.tiktokcdn-us.com/tos-alisg-avt-0068/ff51e1d55bb0bc50289c5edd64446f01~tplv-tiktokx-cropcenter:100:100.jpg?dr=9640&refresh_token=a56693e5&x-expires=1780200000&x-signature=41oz9bKFTzPtRJOT%2B5W6vKmfV%2BA%3D&t=4d5b0474&ps=13740610&shp=30310797&shcp=ff37627b&idc=useast5"
"exacto 😁😁😁😁","0","0","2026-05-29T00:37:55.000Z","dykgkxwwqe75","https://www.tiktok.com/@karolvelda/video/7643328314429443335","7046077727652283397","7645104374759342869","https://p19-common-sign.tiktokcdn-us.com/tos-maliva-avt-0068/7330331262319755269~tplv-tiktokx-cropcenter:100:100.jpg?dr=9640&refresh_token=435e46e4&x-expires=1780200000&x-signature=okH0IVNu2daAwqrthK7L7ZP%2FQ9c%3D&t=4d5b0474&ps=13740610&shp=30310797&shcp=ff37627b&idc=useast5"
"Exacto y lo que deberían de arreglar no lo arreglan 🙄🙄🙄😒😒😒🤦🤦🤦🤷🤷🤷","0","0","2026-05-29T14:38:41.000Z","luis.vera7427","https://www.tiktok.com/@karolvelda/video/7643328314429443335","7501956907939955713","7645323134963811093","https://p16-common-sign.tiktokcdn-us.com/tos-alisg-avt-0068/6610ec3d06f2c7a9e870bc140672b8cd~tplv-tiktokx-cropcenter:100:100.jpg?dr=9640&refresh_token=59f29567&x-expires=1780200000&x-signature=McVruXo3SMzsWavs1WUjPovpddg%3D&t=4d5b0474&ps=13740610&shp=30310797&shcp=ff37627b&idc=useast5"
"","0","0","2026-05-29T01:24:06.000Z","raulm130","https://www.tiktok.com/@karolvelda/video/7643328314429443335","7180577587659539461","7645118383730148114","https://p19-common-sign.tiktokcdn-us.com/tos-maliva-avt-0068/7192464149375352838~tplv-tiktokx-cropcenter:100:100.jpg?dr=9640&refresh_token=43a09c65&x-expires=1780200000&x-signature=JpEMCw%2B1aUSAQLLOG2T2jHPRSKc%3D&t=4d5b0474&ps=13740610&shp=30310797&shcp=ff37627b&idc=useast5"
"[Sticker] ","0","0","2026-05-29T01:33:30.000Z","annimos446","https://www.tiktok.com/@karolvelda/video/7643328314429443335","7437932095689032760","7645120728090641172","https://p16-common-sign.tiktokcdn-us.com/tos-alisg-avt-0068/2cb38c805ee70f828b871cef1e529abf~tplv-tiktokx-cropcenter:100:100.jpg?dr=9640&refresh_token=9e0f830a&x-expires=1780200000&x-signature=oJywdV6%2BLnNmc9a3USbBlOTI5jE%3D&t=4d5b0474&ps=13740610&shp=30310797&shcp=ff37627b&idc=useast5"
"[Sticker] somos bendecidos por tenene un medio transporte barato por $5°° pesos ya ven los del estado pagan lo triple","0","0","2026-05-29T01:35:51.000Z","oscar_mr_santana","https://www.tiktok.com/@karolvelda/video/7643328314429443335","7046471681288569862","7645121359782150932","https://p16-common-sign.tiktokcdn-us.com/tos-maliva-avt-0068/7063215184394846213~tplv-tiktokx-cropcenter:100:100.jpg?dr=9640&refresh_token=6eb1d00e&x-expires=1780200000&x-signature=wOaklGUukHzggqgE5SW3xL%2Bo8mE%3D&t=4d5b0474&ps=13740610&shp=30310797&shcp=ff37627b&idc=useast5"
"Así es Ocapa Brukk","0","0","2026-05-29T20:22:28.000Z","giorgio7923","https://www.tiktok.com/@karolvelda/video/7643328314429443335","7247778352646816774","7645411735662412562","https://p16-common-sign.tiktokcdn-us.com/tos-maliva-avt-0068/7248373784816812037~tplv-tiktokx-cropcenter:100:100.jpg?dr=9640&refresh_token=89632a18&x-expires=1780200000&x-signature=OzWBqu%2FMIF20MHiKvEFwp8e373w%3D&t=4d5b0474&ps=13740610&shp=30310797&shcp=ff37627b&idc=useast5"
"quiero llorar, pero tendré que actuar, con mis derechos","0","0","2026-05-29T01:47:13.000Z","melena7963","https://www.tiktok.com/@karolvelda/video/7643328314429443335","7511985273375392786","7645124167129793296","https://p19-common-sign.tiktokcdn-us.com/musically-maliva-obj/1594805258216454~tplv-tiktokx-cropcenter:100:100.jpg?dr=9640&refresh_token=e340c4d0&x-expires=1780200000&x-signature=y0I6Dncomm86fyA9XjJdWa1HRzE%3D&t=4d5b0474&ps=13740610&shp=30310797&shcp=ff37627b&idc=useast5"
"jajaja","0","0","2026-05-29T02:04:01.000Z","harghoz1","https://www.tiktok.com/@karolvelda/video/7643328314429443335","7555158390528295952","7645128654905230100","https://p16-common-sign.tiktokcdn-us.com/tos-alisg-avt-0068/e6da0d177d7dd6f08999d7ae2e5b0a44~tplv-tiktokx-cropcenter:100:100.jpg?dr=9640&refresh_token=5aec69db&x-expires=1780200000&x-signature=QRNNTfEidpffQFrntMnQS7h62Uo%3D&t=4d5b0474&ps=13740610&shp=30310797&shcp=ff37627b&idc=useast5"
"Roma no se construyó en un día........ por algo se empieza. Para mí bellos los Candelabros ♥️","0","0","2026-05-29T15:35:53.000Z","gorgy01","https://www.tiktok.com/@karolvelda/video/7643328314429443335","6824908324225287173","7645337899328307988","https://p19-common-sign.tiktokcdn-us.com/tos-alisg-avt-0068/894e0947f327a2b4e6d3eea1301fd4a3~tplv-tiktokx-cropcenter:100:100.jpg?dr=9640&refresh_token=d18d77cb&x-expires=1780200000&x-signature=%2BPHMrhVdqBXKAmNNJl%2F2Odb5NQ0%3D&t=4d5b0474&ps=13740610&shp=30310797&shcp=ff37627b&idc=useast5"
"de q hay personas q nada les va!!!!!!","4","6","2026-05-25T19:29:20.000Z","alejandra.q77","https://www.tiktok.com/@karolvelda/video/7643328314429443335","7543799923260474375","7643913698277114632","https://p16-common-sign.tiktokcdn-us.com/tos-alisg-avt-0068/15eeee457a1f9263471579a5ec1708c9~tplv-tiktokx-cropcenter:100:100.jpg?dr=9640&refresh_token=16fda6ca&x-expires=1780200000&x-signature=mQ6e6jB43xKXI46MGnSEfDkkrDQ%3D&t=4d5b0474&ps=13740610&shp=30310797&shcp=ff37627b&idc=useast5"
"o que la canción nada t envona","0","3","2026-05-25T01:42:08.000Z","felipegarcia9261985","https://www.tiktok.com/@karolvelda/video/7643328314429443335","6852897071155233798","7643637071080702727","https://p19-common-sign.tiktokcdn-us.com/tos-alisg-avt-0068/e4d0f3929f68c53b91091906096686d4~tplv-tiktokx-cropcenter:100:100.jpg?dr=9640&refresh_token=f7c23a1d&x-expires=1780200000&x-signature=BjdKWkgdJvCOP6rOE0Nk%2B9Xdfrc%3D&t=4d5b0474&ps=13740610&shp=30310797&shcp=ff37627b&idc=useast5"
"haber super genio
como detienes esa humedad a esa profundidad y con agua encima ??","3","3","2026-05-26T20:14:30.000Z","j.juan.vega","https://www.tiktok.com/@karolvelda/video/7643328314429443335","7382826722649687046","7644296416197853972","https://p19-common-sign.tiktokcdn-us.com/tos-maliva-avt-0068/76910d9a4b2914d1cf3771a7407d694e~tplv-tiktokx-cropcenter:100:100.jpg?dr=9640&refresh_token=7806fd41&x-expires=1780200000&x-signature=lxq1sOoPjW8d7yziY3c%2BdeIvoSo%3D&t=4d5b0474&ps=13740610&shp=30310797&shcp=ff37627b&idc=useast5"
"a mí sí me gusta mucho","3","4","2026-05-27T04:54:34.000Z","jesus.ramos9348","https://www.tiktok.com/@karolvelda/video/7643328314429443335","7510277265046045703","7644430451440829202","https://p19-common-sign.tiktokcdn-us.com/tos-alisg-avt-0068/b75e952bac1435b246b967467de25779~tplv-tiktokx-cropcenter:100:100.jpg?dr=9640&refresh_token=323eccdf&x-expires=1780200000&x-signature=A76Gf1VOH728BY1vpmkslmtdR%2BU%3D&t=4d5b0474&ps=13740610&shp=30310797&shcp=ff37627b&idc=useast5"
"a la gente no la tienes contenta","3","2","2026-05-25T08:04:31.000Z","leonard.guevara7","https://www.tiktok.com/@karolvelda/video/7643328314429443335","7421358999817372678","7643737216867762952","https://p16-common-sign.tiktokcdn-us.com/tos-maliva-avt-0068/7cec81e8e8d6be9eb098dd3f9366a2f8~tplv-tiktokx-cropcenter:100:100.jpg?dr=9640&refresh_token=c30a197d&x-expires=1780200000&x-signature=OWfmOOKXZYCqKBkUrypORyBiBR4%3D&t=4d5b0474&ps=13740610&shp=30310797&shcp=ff37627b&idc=useast5"
"creo que no se puede impermeabilizar la calle o si. Alguien puede decir que se puede hacer con su infinita inteligencia","2","9","2026-05-24T22:42:16.000Z","runrunested","https://www.tiktok.com/@karolvelda/video/7643328314429443335","6867618530365441029","7643592261837898516","https://p16-common-sign.tiktokcdn-us.com/tos-maliva-avt-0068/7330734347640848390~tplv-tiktokx-cropcenter:100:100.jpg?dr=9640&refresh_token=ee01b509&x-expires=1780200000&x-signature=gtq%2F4THJEF2rFQHdtzMpUNDfDjQ%3D&t=4d5b0474&ps=13740610&shp=30310797&shcp=ff37627b&idc=useast5"
"EXACTAMENTE, PRIORIDAD A LO REALMENTE IMPORTANTE...","5","0","2026-05-25T01:26:33.000Z","berjigre_82","https://www.tiktok.com/@karolvelda/video/7643328314429443335","7120360865145078790","7643634674820170514","https://p19-common-sign.tiktokcdn-us.com/musically-maliva-obj/1594805258216454~tplv-tiktokx-cropcenter:100:100.jpg?dr=9640&refresh_token=e340c4d0&x-expires=1780200000&x-signature=y0I6Dncomm86fyA9XjJdWa1HRzE%3D&t=4d5b0474&ps=13740610&shp=30310797&shcp=ff37627b&idc=useast5"
"😡 se pasan todo horrible","4","0","2026-05-25T03:39:03.000Z","vernica23553","https://www.tiktok.com/@karolvelda/video/7643328314429443335","7327850778289816582","7643668808456586005","https://p16-common-sign.tiktokcdn-us.com/tos-maliva-avt-0068/d9aa8d79791e38f06c43d11d655036f7~tplv-tiktokx-cropcenter:100:100.jpg?dr=9640&refresh_token=c3cbb489&x-expires=1780200000&x-signature=vfxVdrd9LBkbJFb4JM1Hi808Uas%3D&t=4d5b0474&ps=13740610&shp=30310797&shcp=ff37627b&idc=useast5"
"Dicen que uno abandona el barrio, pero el barrio jamás te abandona 😂😂😂😂","4","0","2026-05-25T02:40:36.000Z","lauraelisa9316","https://www.tiktok.com/@karolvelda/video/7643328314429443335","7268515931294303237","7643653764482122503","https://p16-common-sign.tiktokcdn-us.com/tos-alisg-avt-0068/7f2c1e3e36b85d0548d5e3ef12c41b77~tplv-tiktokx-cropcenter:100:100.jpg?dr=9640&refresh_token=f25d87b8&x-expires=1780200000&x-signature=wdPTSFq9lGDZWZXnGKcJV2TzJqQ%3D&t=4d5b0474&ps=13740610&shp=30310797&shcp=ff37627b&idc=useast5"
"y ya terminaron las obras ???","0","2","2026-05-24T21:47:47.000Z","adrian_malagon","https://www.tiktok.com/@karolvelda/video/7643328314429443335","6999074918328255494","7643578262505947911","https://p19-common-sign.tiktokcdn-us.com/tos-alisg-avt-0068/f568a7fb915580ac402f9e83b3288a61~tplv-tiktokx-cropcenter:100:100.jpg?dr=9640&refresh_token=6d2bb2de&x-expires=1780200000&x-signature=z7PrOE9M%2BYrd%2FDGZ3BC2cFXiL%2Bk%3D&t=4d5b0474&ps=13740610&shp=30310797&shcp=ff37627b&idc=useast5"
"Las goteras del bienestar","0","0","2026-05-29T05:50:42.000Z","edwardisrael47","https://www.tiktok.com/@karolvelda/video/7643328314429443335","7164466520231642118","7645187083150246677","https://p16-common-sign.tiktokcdn.com/tos-alisg-avt-0068/fc41099637561b36a3ea23737badaa53~tplv-tiktokx-cropcenter:100:100.jpg?dr=14579&refresh_token=ac0fad03&x-expires=1780200000&x-signature=c3Zp6WFaBx2hpG7t57tRDPAStgw%3D&t=4d5b0474&ps=13740610&shp=30310797&shcp=ff37627b&idc=my"
"Eso es Culpa de Calderón 🤣🤣🤣","0","0","2026-05-28T23:08:59.000Z","yuli08402","https://www.tiktok.com/@karolvelda/video/7643328314429443335","7182022692006233094","7645083541348549384","https://p16-common-sign.tiktokcdn.com/tos-maliva-avt-0068/94d266d2875c4c62b72917b7145043a7~tplv-tiktokx-cropcenter:100:100.jpg?dr=14579&refresh_token=59fbae2b&x-expires=1780200000&x-signature=VDYIr4F%2Beop6j050wwoIkXbIU2w%3D&t=4d5b0474&ps=13740610&shp=30310797&shcp=ff37627b&idc=my"
"que funcionen los baños del metrobus, los elevadores del metro ... no mames nunca votaré de nuevo por morena","0","0","2026-05-21T03:20:58.000Z","maxmipatron67","https://www.tiktok.com/@telediario/video/7642063192079813908","6809695878019695621","7642179826476385031","https://p16-common-sign.tiktokcdn.com/tos-alisg-avt-0068/7a8414abd47e1c1adc2a0d4b59830937~tplv-tiktokx-cropcenter:100:100.jpg?dr=14579&refresh_token=72b1183a&x-expires=1780200000&x-signature=Tng1eVWJEMmxiRSOXVGu9eU%2Bd6c%3D&t=4d5b0474&ps=13740610&shp=30310797&shcp=ff37627b&idc=sg1"
"@Clara Brugada eso va ser un hotel seguridad es lo que necesitamos no ese hotel de paso","0","0","2026-05-21T03:09:00.000Z","susy21805","https://www.tiktok.com/@telediario/video/7642063192079813908","7477572119940383790","7642176622364525343","https://p16-common-sign.tiktokcdn.com/tos-maliva-avt-0068/fd7b050fb2bb31605dc9747576e797c4~tplv-tiktokx-cropcenter:100:100.jpg?dr=14579&refresh_token=4db95cc5&x-expires=1780200000&x-signature=Xvzqa0oTrxfxuambeaoxZU5p7Mg%3D&t=4d5b0474&ps=13740610&shp=30310797&shcp=ff37627b&idc=sg1"
"menos de un año les doy 😏","0","0","2026-05-21T03:02:54.000Z","vic_serguo28","https://www.tiktok.com/@telediario/video/7642063192079813908","7040657522596201477","7642175121176658708","https://p19-common-sign.tiktokcdn.com/tos-alisg-avt-0068/26d650769dfab95d870c5c5ab6404316~tplv-tiktokx-cropcenter:100:100.jpg?dr=14579&refresh_token=fe822ba4&x-expires=1780200000&x-signature=y2CYJU5zMOsrQWvqCUeHW%2FKxhgU%3D&t=4d5b0474&ps=13740610&shp=30310797&shcp=ff37627b&idc=sg1"
"😂😂😂","0","0","2026-05-21T02:46:14.000Z","momboy74","https://www.tiktok.com/@telediario/video/7642063192079813908","7402958245881381894","7642170830130610965","https://p16-common-sign.tiktokcdn.com/tos-alisg-avt-0068/b8170b383c77c07f03d4bc36931a9a0b~tplv-tiktokx-cropcenter:100:100.jpg?dr=14579&refresh_token=7e7b107a&x-expires=1780200000&x-signature=DPruwypqkaLHTj%2FMdtbgJZSLY%2Bg%3D&t=4d5b0474&ps=13740610&shp=30310797&shcp=ff37627b&idc=sg1"
"Pasando el mundial los quitan, sólo es para aparentar 😒","0","0","2026-05-21T02:32:04.000Z","alxossito","https://www.tiktok.com/@telediario/video/7642063192079813908","6845893150163354630","7642167140817535765","https://p16-common-sign.tiktokcdn.com/tos-alisg-avt-0068/bf870cd2e1374fe659bc470e1fa1dd27~tplv-tiktokx-cropcenter:100:100.jpg?dr=14579&refresh_token=60d0ec49&x-expires=1780200000&x-signature=A5RdWppggXdmAYYwxp2DQssimro%3D&t=4d5b0474&ps=13740610&shp=30310797&shcp=ff37627b&idc=sg1"
"[Sticker] ","0","0","2026-05-21T02:31:40.000Z","danelee840","https://www.tiktok.com/@telediario/video/7642063192079813908","7427406928249619462","7642167023246672641","https://p16-common-sign.tiktokcdn.com/tos-alisg-avt-0068/f20ec6f721f25863a1b66c2f0c3f8a2b~tplv-tiktokx-cropcenter:100:100.jpg?dr=14579&refresh_token=88953a8f&x-expires=1780200000&x-signature=lkEx6K1Xmwg43h63UcC8XA%2BoUr4%3D&t=4d5b0474&ps=13740610&shp=30310797&shcp=ff37627b&idc=sg1"
"No veo las filas y el mar de gente estrenándolos por el Fomo","0","0","2026-05-21T02:27:37.000Z","lxly4_","https://www.tiktok.com/@telediario/video/7642063192079813908","6797492103192085510","7642166064877568789","https://p16-common-sign.tiktokcdn.com/tos-alisg-avt-0068/176e9cd718775478d8cd0a2d4ffa4525~tplv-tiktokx-cropcenter:100:100.jpg?dr=14579&refresh_token=9db898f4&x-expires=1780200000&x-signature=hgrotmseU%2F2v1AwubKug7vELl0Y%3D&t=4d5b0474&ps=13740610&shp=30310797&shcp=ff37627b&idc=sg1"
"ojalá y los tengan limpios","0","0","2026-05-21T03:27:13.000Z","alitenorio93","https://www.tiktok.com/@telediario/video/7642063192079813908","6871007276661326850","7642181417602614024","https://p16-common-sign.tiktokcdn.com/tos-alisg-avt-0068/6363351cfda0f058c1e6c22acf6df28c~tplv-tiktokx-cropcenter:100:100.jpg?dr=14579&refresh_token=1097482b&x-expires=1780200000&x-signature=1L1yIlHjZ4%2Fe6qX8Kv7LIEUodY0%3D&t=4d5b0474&ps=13740610&shp=30310797&shcp=ff37627b&idc=sg1"
"@Claudia Sheinbaum Pardo @Partido Morena","0","0","2026-05-21T02:18:46.000Z","mt49012","https://www.tiktok.com/@telediario/video/7642063192079813908","7292276957123019781","7642163774291919623","https://p16-common-sign.tiktokcdn.com/tos-maliva-avt-0068/7292277354222190598~tplv-tiktokx-cropcenter:100:100.jpg?dr=14579&refresh_token=73489049&x-expires=1780200000&x-signature=vNPyZzdy4jOeBKbLRhphxpZXicA%3D&t=4d5b0474&ps=13740610&shp=30310797&shcp=ff37627b&idc=sg1"
"mejor que pongan camaras
🤨🤨🤨","0","0","2026-05-21T02:13:23.000Z","user5430161153681","https://www.tiktok.com/@telediario/video/7642063192079813908","7595673299142542337","7642160440185832212","https://p16-common-sign.tiktokcdn.com/musically-maliva-obj/1594805258216454~tplv-tiktokx-cropcenter:100:100.jpg?dr=14579&refresh_token=fa307169&x-expires=1780200000&x-signature=mehcPq0GqZUJprcMKOYk31VuyvU%3D&t=4d5b0474&ps=13740610&shp=30310797&shcp=ff37627b&idc=sg1"
"que estupidez jajajaja","0","0","2026-05-21T02:06:03.000Z","user35590818067757","https://www.tiktok.com/@telediario/video/7642063192079813908","7288202928258958341","7642160519201243905","https://p19-common-sign.tiktokcdn.com/tos-maliva-avt-0068/7288203246001192966~tplv-tiktokx-cropcenter:100:100.jpg?dr=14579&refresh_token=8555bf75&x-expires=1780200000&x-signature=3rTrLQE7fszRnzAfdP4M7wplYv4%3D&t=4d5b0474&ps=13740610&shp=30310797&shcp=ff37627b&idc=sg1"
"😁😁😁","0","0","2026-05-21T02:03:14.000Z","nathanskate421","https://www.tiktok.com/@telediario/video/7642063192079813908","6893957372968961025","7642159752822637333","https://p16-common-sign.tiktokcdn.com/tos-alisg-avt-0068/4bc5a7a86402afc0d14fc17cb17b6531~tplv-tiktokx-cropcenter:100:100.jpg?dr=14579&refresh_token=5f6bfc23&x-expires=1780200000&x-signature=i9u349Pn%2BMtGPxnQ2uuAzAOShXo%3D&t=4d5b0474&ps=13740610&shp=30310797&shcp=ff37627b&idc=sg1"
"Si no hay botes d ebasura saben cómo va a estar eso jajajajaa","0","0","2026-05-21T02:03:11.000Z","hector133453729","https://www.tiktok.com/@telediario/video/7642063192079813908","6776480971741119490","7642159763022971656","https://p19-common-sign.tiktokcdn.com/tos-alisg-avt-0068/d55a314efa2b4e22003c1b42c3acf430~tplv-tiktokx-cropcenter:100:100.jpg?dr=14579&refresh_token=03043e6b&x-expires=1780200000&x-signature=E0dJnRw88LCRLKH7kdtR%2BTKMpZY%3D&t=4d5b0474&ps=13740610&shp=30310797&shcp=ff37627b&idc=sg1"
"Por fin!!!!","0","0","2026-05-21T02:02:46.000Z","juancacornejo1","https://www.tiktok.com/@telediario/video/7642063192079813908","6931933795022111749","7642159621637145345","https://p19-common-sign.tiktokcdn.com/tos-maliva-avt-0068/65a0d3d1d7503bc935efe63be6d4e169~tplv-tiktokx-cropcenter:100:100.jpg?dr=14579&refresh_token=08465379&x-expires=1780200000&x-signature=UxPALkZ59sjU2QMUfcX7JWm8FwI%3D&t=4d5b0474&ps=13740610&shp=30310797&shcp=ff37627b&idc=sg1"
"lo importante será que va a pasar.despues del mundial @Claudia Sheinbaum Pardo @Clara Brugada","0","0","2026-05-21T01:58:19.000Z","norma8823","https://www.tiktok.com/@telediario/video/7642063192079813908","6741572382273618949","7642158511124382472","https://p16-common-sign.tiktokcdn.com/tos-maliva-avt-0068/7327287441857019910~tplv-tiktokx-cropcenter:100:100.jpg?dr=14579&refresh_token=c8b9e89f&x-expires=1780200000&x-signature=hJv80kZlXYlDovkLyb%2FNn9mm2G8%3D&t=4d5b0474&ps=13740610&shp=30310797&shcp=ff37627b&idc=sg1"
"mejor q tapen los baches","0","0","2026-05-21T01:54:49.000Z","cukis707","https://www.tiktok.com/@telediario/video/7642063192079813908","6811055061684093958","7642157619448546055","https://p16-common-sign.tiktokcdn.com/tos-maliva-avt-0068/09e909b0e2c86a5bc6028e623f417825~tplv-tiktokx-cropcenter:100:100.jpg?dr=14579&refresh_token=02113ce7&x-expires=1780200000&x-signature=6rnaGTzGhyl5V61VyLpCm7GR0Hg%3D&t=4d5b0474&ps=13740610&shp=30310797&shcp=ff37627b&idc=sg1"
"El problema no son los baños es la gente 😭","0","0","2026-05-21T01:37:31.000Z","arifersita2","https://www.tiktok.com/@telediario/video/7642063192079813908","6855123361010762757","7642153115425686290","https://p19-common-sign.tiktokcdn.com/tos-maliva-avt-0068/33a47d656ee75f8afb798abf98a65ef4~tplv-tiktokx-cropcenter:100:100.jpg?dr=14579&refresh_token=e2652cac&x-expires=1780200000&x-signature=iJL57TMLMHU7nIHwP9MeE%2FqzuNs%3D&t=4d5b0474&ps=13740610&shp=30310797&shcp=ff37627b&idc=sg1"
"y nosotros que nos cargue la chingada","0","0","2026-05-21T04:05:30.000Z","mitzireyes660","https://www.tiktok.com/@telediario/video/7642063192079813908","6968640549604000774","7642191159159669521","https://p16-common-sign.tiktokcdn.com/tos-alisg-avt-0068/15c6bda9eeb8d5c2891adf9d8fe11773~tplv-tiktokx-cropcenter:100:100.jpg?dr=14579&refresh_token=553e871c&x-expires=1780200000&x-signature=rYgvoT9bxoxVH%2BeFukR8cF4z2Y0%3D&t=4d5b0474&ps=13740610&shp=30310797&shcp=ff37627b&idc=sg1"
"Dios ya quitales el poder!!!🥺","0","0","2026-05-21T04:56:40.000Z","carlosiniestra2","https://www.tiktok.com/@telediario/video/7642063192079813908","6892093201886233606","7642204472232395527","https://p16-common-sign.tiktokcdn.com/tos-alisg-avt-0068/781d272fb707170dee2b123ccbbc85f4~tplv-tiktokx-cropcenter:100:100.jpg?dr=14579&refresh_token=998f5bd9&x-expires=1780200000&x-signature=vLkSV%2B377hYZG7lYju%2FTnIgwVTQ%3D&t=4d5b0474&ps=13740610&shp=30310797&shcp=ff37627b&idc=sg1"
"mira nada mas así deverian de poner botes de basura x todos lados.","0","0","2026-05-21T04:54:11.000Z","lauraescalona122","https://www.tiktok.com/@telediario/video/7642063192079813908","6971618853114364934","7642203768146838292","https://p16-common-sign.tiktokcdn.com/tos-maliva-avt-0068/7183402506172104710~tplv-tiktokx-cropcenter:100:100.jpg?dr=14579&refresh_token=310fda46&x-expires=1780200000&x-signature=EwEsHVm%2F7lRh2cVAbkgFoqenr4E%3D&t=4d5b0474&ps=13740610&shp=30310797&shcp=ff37627b&idc=sg1"
"jjj🤪🤪🤪🤪 no mmm","0","0","2026-05-21T04:46:35.000Z","gilberkegil","https://www.tiktok.com/@telediario/video/7642063192079813908","7105229553731470341","7642201857939587858","https://p19-common-sign.tiktokcdn.com/tos-alisg-avt-0068/8a5bb99031870d8f2a342b5ed63f7085~tplv-tiktokx-cropcenter:100:100.jpg?dr=14579&refresh_token=9e3b5dfe&x-expires=1780200000&x-signature=rEhA1L7qbrdIfYoE2%2FyVPg3yQuE%3D&t=4d5b0474&ps=13740610&shp=30310797&shcp=ff37627b&idc=sg1"
"Esas madres ni van a durar 6 meses","0","0","2026-05-21T04:42:33.000Z","aquilesvaesa6","https://www.tiktok.com/@telediario/video/7642063192079813908","6802067808164791302","7642200759777559313","https://p19-common-sign.tiktokcdn.com/tos-maliva-avt-0068/7329486860823035909~tplv-tiktokx-cropcenter:100:100.jpg?dr=14579&refresh_token=9607104f&x-expires=1780200000&x-signature=9gvJ0hyA94lA%2B4wXeUaeTRG1zyw%3D&t=4d5b0474&ps=13740610&shp=30310797&shcp=ff37627b&idc=sg1"
"🤣🤣🤣","0","0","2026-05-21T04:42:21.000Z","aquilesvaesa6","https://www.tiktok.com/@telediario/video/7642063192079813908","6802067808164791302","7642200624181084945","https://p19-common-sign.tiktokcdn.com/tos-maliva-avt-0068/7329486860823035909~tplv-tiktokx-cropcenter:100:100.jpg?dr=14579&refresh_token=9607104f&x-expires=1780200000&x-signature=9gvJ0hyA94lA%2B4wXeUaeTRG1zyw%3D&t=4d5b0474&ps=13740610&shp=30310797&shcp=ff37627b&idc=sg1"
"hoteles gratis 😂","0","0","2026-05-21T04:21:06.000Z","pako_cojulum","https://www.tiktok.com/@telediario/video/7642063192079813908","6937893972980188166","7642195290746110737","https://p16-common-sign.tiktokcdn.com/tos-maliva-avt-0068/1970a9f28b1ef2f19aa5afda2f98be43~tplv-tiktokx-cropcenter:100:100.jpg?dr=14579&refresh_token=908aba22&x-expires=1780200000&x-signature=%2Bm5ZrAhKK9oWCvEqnc4ro7TKTVM%3D&t=4d5b0474&ps=13740610&shp=30310797&shcp=ff37627b&idc=sg1"
"mejor pongan botes de basura","0","0","2026-05-21T04:09:43.000Z","gatoconchanclas14","https://www.tiktok.com/@telediario/video/7642063192079813908","6566617506156068870","7642192377289736967","https://p16-common-sign.tiktokcdn.com/tos-maliva-avt-0068/87e056c993a8cd9595a9d4dce2e36f1f~tplv-tiktokx-cropcenter:100:100.jpg?dr=14579&refresh_token=17da81aa&x-expires=1780200000&x-signature=YEcyuIVSbmsldkm99r%2F8psK%2B3bw%3D&t=4d5b0474&ps=13740610&shp=30310797&shcp=ff37627b&idc=sg1"
"para que despues estén tomados por la gente en situación en calle o un foco de infección muy intensa hasta se metan la gente hacer crussing","0","0","2026-05-21T04:07:53.000Z","jcalifornia.cruz","https://www.tiktok.com/@telediario/video/7642063192079813908","311070647466659840","7642191877852513044","https://p16-common-sign.tiktokcdn.com/tos-maliva-avt-0068/46a71c22d9a01c7cc1c633081459374c~tplv-tiktokx-cropcenter:100:100.jpg?dr=14579&refresh_token=f4ee8420&x-expires=1780200000&x-signature=2fNTE%2BS3PenAye6FNa%2FZBPvmh%2Fk%3D&t=4d5b0474&ps=13740610&shp=30310797&shcp=ff37627b&idc=sg1"
"Ya como en paris jajaa","0","0","2026-05-21T01:35:55.000Z","claudiatlapalamat","https://www.tiktok.com/@telediario/video/7642063192079813908","77722618115571712","7642152734221648658","https://p16-common-sign.tiktokcdn.com/tos-alisg-avt-0068/724f7cd22ae2d2ed01aa8df572860663~tplv-tiktokx-cropcenter:100:100.jpg?dr=14579&refresh_token=da66f2d2&x-expires=1780200000&x-signature=ADToUR7hyMWWPZA0hAcCM6bsACM%3D&t=4d5b0474&ps=13740610&shp=30310797&shcp=ff37627b&idc=sg1"
"van a quedar bien cagados y bien tapados","0","0","2026-05-21T04:04:33.000Z","yahires25","https://www.tiktok.com/@telediario/video/7642063192079813908","6871654934879863814","7642191062043296533","https://p16-common-sign.tiktokcdn.com/tos-alisg-avt-0068/a1f870e13935913296edd98c9e9b82f1~tplv-tiktokx-cropcenter:100:100.jpg?dr=14579&refresh_token=561f0120&x-expires=1780200000&x-signature=g%2FMoTTl4in667vZrzOAEz%2FwOUIs%3D&t=4d5b0474&ps=13740610&shp=30310797&shcp=ff37627b&idc=sg1"
"😅😅😅😅😅","0","0","2026-05-21T04:00:51.000Z","abicita.ram","https://www.tiktok.com/@telediario/video/7642063192079813908","6899580208320758790","7642190097349624593","https://p16-common-sign.tiktokcdn.com/tos-alisg-avt-0068/6c5bab41cb5c955b478fa0097e702e25~tplv-tiktokx-cropcenter:100:100.jpg?dr=14579&refresh_token=d70c3425&x-expires=1780200000&x-signature=anyNghwxJwWY2Tq1c0VY4lm4ZgI%3D&t=4d5b0474&ps=13740610&shp=30310797&shcp=ff37627b&idc=sg1"
"siempre buscando el pelo en la sopa","4","2","2026-05-26T02:15:26.000Z","gabriela.lpez.agu5","https://www.tiktok.com/@karolvelda/video/7643328314429443335","7299270827454415877","7644018323424559893","https://p16-common-sign.tiktokcdn.com/tos-maliva-avt-0068/7393586258721243142~tplv-tiktokx-cropcenter:100:100.jpg?dr=14579&refresh_token=64ba6210&x-expires=1780200000&x-signature=1hsniHU2qmdlr7xNToT5TPa%2Blsk%3D&t=4d5b0474&ps=13740610&shp=30310797&shcp=ff37627b&idc=my2"
"Te falto grabar a la gente 😂😂","0","0","2026-05-27T19:48:10.000Z","cy_louther","https://www.tiktok.com/@karolvelda/video/7643328314429443335","7138203494314853382","7644660701142909716","https://p16-common-sign.tiktokcdn-us.com/tos-alisg-avt-0068/569f20488093d42b9f1bc6b2b6574971~tplv-tiktokx-cropcenter:100:100.jpg?dr=9640&refresh_token=ca10db78&x-expires=1780200000&x-signature=p5iWmLH9ry6JiVeao3XZOtO53WY%3D&t=4d5b0474&ps=13740610&shp=30310797&shcp=ff37627b&idc=useast8"
"Que elegancia la de.......juuuuuaaaatttt 😱😖😅😂🤣‼️‼️","0","0","2026-05-28T01:21:00.000Z","fmota70","https://www.tiktok.com/@karolvelda/video/7643328314429443335","7101418402175288325","7644746478775124757","https://p19-common-sign.tiktokcdn-us.com/musically-maliva-obj/1594805258216454~tplv-tiktokx-cropcenter:100:100.jpg?dr=9640&refresh_token=e340c4d0&x-expires=1780200000&x-signature=y0I6Dncomm86fyA9XjJdWa1HRzE%3D&t=4d5b0474&ps=13740610&shp=30310797&shcp=ff37627b&idc=useast8"
"[Sticker] ","0","0","2026-05-28T00:38:07.000Z","johanmerino5","https://www.tiktok.com/@karolvelda/video/7643328314429443335","6582468397002850310","7644735365417386773","https://p19-common-sign.tiktokcdn-us.com/tos-alisg-avt-0068/abaeb1d135fcdc32df6a9014ceba5d18~tplv-tiktokx-cropcenter:100:100.jpg?dr=9640&refresh_token=417a9179&x-expires=1780200000&x-signature=el7g7cDLbJpLrh60N854BNU6Qoc%3D&t=4d5b0474&ps=13740610&shp=30310797&shcp=ff37627b&idc=useast8"
"Creo que el transporte demanda solución real en otros temas…!!!","0","0","2026-05-29T18:48:37.000Z","pattriciojaramillo","https://www.tiktok.com/@karolvelda/video/7643328314429443335","6869734023066240006","7645387537606984468","https://p16-common-sign.tiktokcdn-us.com/tos-maliva-avt-0068/757d5cf18c50d1aa31bcd478a82e977e~tplv-tiktokx-cropcenter:100:100.jpg?dr=9640&refresh_token=10eb4947&x-expires=1780200000&x-signature=uhIO8WtdWWukjCiWL8z9jszBqiA%3D&t=4d5b0474&ps=13740610&shp=30310797&shcp=ff37627b&idc=useast8"
"el metro es subterráneo y está en medio de un túnel de bajo de la tierra y todas las líneas del metro son así","0","0","2026-05-30T02:18:42.000Z","gerardogonsalesma","https://www.tiktok.com/@karolvelda/video/7643328314429443335","7224237752190960645","7645503520306152199","https://p16-common-sign.tiktokcdn-us.com/tos-maliva-avt-0068/5129b5ee298c2520ca201f2c5f998afb~tplv-tiktokx-cropcenter:100:100.jpg?dr=9640&refresh_token=d0da84c3&x-expires=1780200000&x-signature=PIjJ2%2BIiz2B4charWF1dLv%2FnyCo%3D&t=4d5b0474&ps=13740610&shp=30310797&shcp=ff37627b&idc=useast8"
"algo no cuadra 🤣🤣🤣🤣🤣🤣","0","0","2026-05-28T01:11:29.000Z","patriciaespinoza8571","https://www.tiktok.com/@karolvelda/video/7643328314429443335","7092999568178594821","7644743922590417685","https://p16-common-sign.tiktokcdn-us.com/tos-maliva-avt-0068/60db100c7d07d0ad0d2516e8e7637275~tplv-tiktokx-cropcenter:100:100.jpg?dr=9640&refresh_token=8e2c7adf&x-expires=1780200000&x-signature=vegvKGMzfYSuy%2BkeuIw%2BwpESqKo%3D&t=4d5b0474&ps=13740610&shp=30310797&shcp=ff37627b&idc=useast8"
"no words","0","0","2026-05-28T00:36:56.000Z","luck.yhansolo","https://www.tiktok.com/@karolvelda/video/7643328314429443335","7283011152866640902","7644735110076187400","https://p19-common-sign.tiktokcdn-us.com/tos-maliva-avt-0068/7311199777793212422~tplv-tiktokx-cropcenter:100:100.jpg?dr=9640&refresh_token=0c71aa01&x-expires=1780200000&x-signature=9JywtxPJklHu1VoerWMA%2BxgCyRw%3D&t=4d5b0474&ps=13740610&shp=30310797&shcp=ff37627b&idc=useast8"
"Las prioridades del metro están igual a mi economía","0","0","2026-05-28T00:23:34.000Z","jdlunafer_","https://www.tiktok.com/@karolvelda/video/7643328314429443335","7525652847691777031","7644731661942768404","https://p16-common-sign.tiktokcdn-us.com/tos-alisg-avt-0068/1143dda39da2b078f601a8cfb46c7e69~tplv-tiktokx-cropcenter:100:100.jpg?dr=9640&refresh_token=66608d3f&x-expires=1780200000&x-signature=gG8dRMubjyMdH3DHj1L2ZoykGR4%3D&t=4d5b0474&ps=13740610&shp=30310797&shcp=ff37627b&idc=useast8"
"eso es normal son filtraciones de agua por que es subsuelo","1","0","2026-05-25T03:19:33.000Z","henrich.martinez84","https://www.tiktok.com/@karolvelda/video/7643328314429443335","7478572271080064007","7643663731897189137","https://p16-common-sign.tiktokcdn-us.com/tos-maliva-avt-0068/736831af4cafa5b3409fca0caaefda86~tplv-tiktokx-cropcenter:100:100.jpg?dr=9640&refresh_token=e039658c&x-expires=1780200000&x-signature=Ohtz%2F8h9pcAHlaa46X5zbwuKa4U%3D&t=4d5b0474&ps=13740610&shp=30310797&shcp=ff37627b&idc=useast5"
"[Sticker] Todos esperando.","4","0","2026-05-25T02:55:24.000Z","leo.empower","https://www.tiktok.com/@karolvelda/video/7643328314429443335","7551252350716462088","7643657561904349970","https://p16-common-sign.tiktokcdn-us.com/tos-alisg-avt-0068/7b46d1ee8dadcda5f2cb97af65d3fa52~tplv-tiktokx-cropcenter:100:100.jpg?dr=9640&refresh_token=db95b6e7&x-expires=1780200000&x-signature=dIKIWL%2B3X%2BCywSXhiYG%2F5oOQyYw%3D&t=4d5b0474&ps=13740610&shp=30310797&shcp=ff37627b&idc=useast5"
"puro gasto infructuoso pero bueno como no es su dinero","3","0","2026-05-27T23:19:12.000Z","martharamirezcortes","https://www.tiktok.com/@karolvelda/video/7643328314429443335","6843553023462867974","7644715084585386770","https://p16-common-sign.tiktokcdn-us.com/tos-maliva-avt-0068/7321464606991417349~tplv-tiktokx-cropcenter:100:100.jpg?dr=9640&refresh_token=92168bf4&x-expires=1780200000&x-signature=nh%2F%2FxhzUSkSXc7bjk680IAUKbuI%3D&t=4d5b0474&ps=13740610&shp=30310797&shcp=ff37627b&idc=useast5"
"No les digo cada vez estamos peor","2","0","2026-05-28T02:06:34.000Z","diosabastetoficial","https://www.tiktok.com/@karolvelda/video/7643328314429443335","6600473000964292614","7644758178344862481","https://p16-common-sign.tiktokcdn-us.com/tos-alisg-avt-0068/2f8ee3bed950d1da4b0943cee1bc404c~tplv-tiktokx-cropcenter:100:100.jpg?dr=9640&refresh_token=768a7ea9&x-expires=1780200000&x-signature=HO02040Z3u7MmwegBzwpN%2FQRT1g%3D&t=4d5b0474&ps=13740610&shp=30310797&shcp=ff37627b&idc=useast5"
"todo muy bonito pero los trenes de la fregada jajaja poca madre","1","0","2026-05-28T04:27:52.000Z","pixiiee.butronn","https://www.tiktok.com/@karolvelda/video/7643328314429443335","7273307491982754821","7644794582404432657","https://p16-common-sign.tiktokcdn-us.com/tos-alisg-avt-0068/ad6abae6dcc56a43e2eef4dd4090f763~tplv-tiktokx-cropcenter:100:100.jpg?dr=9640&refresh_token=c2fd2308&x-expires=1780200000&x-signature=B%2BnE535vvrUf4NQuacheJgoM678%3D&t=4d5b0474&ps=13740610&shp=30310797&shcp=ff37627b&idc=useast5"
"Próximamente 🤣🤣","2","0","2026-05-25T20:10:33.000Z","jannethernandez363","https://www.tiktok.com/@karolvelda/video/7643328314429443335","7164915573570552838","7643924301449020168","https://p19-common-sign.tiktokcdn-us.com/tos-maliva-avt-0068/7164916166878560261~tplv-tiktokx-cropcenter:100:100.jpg?dr=9640&refresh_token=a7ba0cb8&x-expires=1780200000&x-signature=LZBt3L8LzHTS6FCNZmUsCln3ysU%3D&t=4d5b0474&ps=13740610&shp=30310797&shcp=ff37627b&idc=useast5"
"Se pasan que es para que el mundo no vea como se cae el país a pedazos ya todo mundo sabe","1","0","2026-05-24T21:34:13.000Z","gabcaxlp88c","https://www.tiktok.com/@karolvelda/video/7643328314429443335","6982202874449626117","7643574751026479879","https://p16-common-sign.tiktokcdn-us.com/tos-alisg-avt-0068/81076ba45f107e53733652b7871d6d7e~tplv-tiktokx-cropcenter:100:100.jpg?dr=9640&refresh_token=94d03c6e&x-expires=1780200000&x-signature=BT%2FZ6VuDeLM9eWBBNRqnP2q3gio%3D&t=4d5b0474&ps=13740610&shp=30310797&shcp=ff37627b&idc=useast5"
"tranquila ahorita lo pintan de morado y le ponen un ajolote","1","0","2026-05-24T21:34:12.000Z","marixmv555","https://www.tiktok.com/@karolvelda/video/7643328314429443335","6960708349467214854","7643574754923004690","https://p16-common-sign.tiktokcdn-us.com/tos-alisg-avt-0068/1fd6a28e8c639c8708f2d1e53f809a2d~tplv-tiktokx-cropcenter:100:100.jpg?dr=9640&refresh_token=069ef48e&x-expires=1780200000&x-signature=vmxdD%2FQtNChWzu%2FWxpSUL98x7A4%3D&t=4d5b0474&ps=13740610&shp=30310797&shcp=ff37627b&idc=useast5"
"Es para que sientas que vas caminando con luz de los candelabros bajo la lluvia al puro estilo europeo","1","0","2026-05-24T22:02:27.000Z","raseccarr26","https://www.tiktok.com/@karolvelda/video/7643328314429443335","6812627738046792709","7643582016030868245","https://p19-common-sign.tiktokcdn-us.com/tos-alisg-avt-0068/d42923710b051328c7f4f20ba365015b~tplv-tiktokx-cropcenter:100:100.jpg?dr=9640&refresh_token=0f494e44&x-expires=1780200000&x-signature=Y0BFrlcPpEUtcfimtuaoqzDi7ek%3D&t=4d5b0474&ps=13740610&shp=30310797&shcp=ff37627b&idc=useast5"
"aquí aplica la de... barrieron nomas por donde pasa la suegra jajajajjajaja","2","0","2026-05-24T20:49:42.000Z","brengvn","https://www.tiktok.com/@karolvelda/video/7643328314429443335","7509264177145545749","7643563315620840212","https://p19-common-sign.tiktokcdn-us.com/tos-alisg-avt-0068/331bc948867657bb2b395f274c6f44fc~tplv-tiktokx-cropcenter:100:100.jpg?dr=9640&refresh_token=0a1a74c6&x-expires=1780200000&x-signature=ay7BaL5JT%2Bi2%2BAWruc1HPcUvf1w%3D&t=4d5b0474&ps=13740610&shp=30310797&shcp=ff37627b&idc=useast5"
"las fugas pa cuando 🤣🤣🤣🤣","2","0","2026-05-24T17:26:13.000Z","xoch_puddin01","https://www.tiktok.com/@karolvelda/video/7643328314429443335","7126509529063506949","7643510892873548552","https://p19-common-sign.tiktokcdn-us.com/tos-maliva-avt-0068/2059b830666d0ade40b82f9a041a082d~tplv-tiktokx-cropcenter:100:100.jpg?dr=9640&refresh_token=68bef0a4&x-expires=1780200000&x-signature=TVZkiy1jldAq0M58tyhtoMJFZT0%3D&t=4d5b0474&ps=13740610&shp=30310797&shcp=ff37627b&idc=useast5"
"Nada les gusta , Al menos no se quedan el dinero como el PRIAN 👌👌","0","0","2026-05-28T22:55:53.000Z","marina_martinez34","https://www.tiktok.com/@karolvelda/video/7643328314429443335","7095000820470547461","7645080194209809153","https://p19-common-sign.tiktokcdn-us.com/tos-maliva-avt-0068/466d7795e62094d9cc450f3fb308a0cb~tplv-tiktokx-cropcenter:100:100.jpg?dr=9640&refresh_token=0c4bf7ce&x-expires=1780200000&x-signature=abrPPeL7kmzf9cJv9Ce1oeFhmlM%3D&t=4d5b0474&ps=13740610&shp=30310797&shcp=ff37627b&idc=useast5"
"Esos candelabros me recuerdan a casa de nuevo rico. No importa nada más que los garigoles y lo dorado barato. Algo fuera de lugar y con mal gusto","0","0","2026-05-29T18:57:22.000Z","al_udel","https://www.tiktok.com/@karolvelda/video/7643328314429443335","7178666349324420102","7645389804066636564","https://p16-common-sign.tiktokcdn-us.com/tos-maliva-avt-0068/d1d16db1707f390f87c0e6b4d822c10a~tplv-tiktokx-cropcenter:100:100.jpg?dr=9640&refresh_token=af11f7ec&x-expires=1780200000&x-signature=XHMpj1rWc2iMmwb%2BnEgiWKeSIUo%3D&t=4d5b0474&ps=13740610&shp=30310797&shcp=ff37627b&idc=useast5"
"restos del prian","0","0","2026-05-28T16:24:48.000Z","adry.more35","https://www.tiktok.com/@karolvelda/video/7643328314429443335","7394960285448619014","7644979420654502674","https://p19-common-sign.tiktokcdn-us.com/tos-maliva-avt-0068/6b09ef307b188e83b9e0a890025a8b41~tplv-tiktokx-cropcenter:100:100.jpg?dr=9640&refresh_token=fb1a2c62&x-expires=1780200000&x-signature=FBvqNH5os9WhnBY0uA%2FeaN8hMCw%3D&t=4d5b0474&ps=13740610&shp=30310797&shcp=ff37627b&idc=useast5"
"yo creo que yá quieren subir el metro, pará pagar esos lujos 😡😡😡.","0","0","2026-05-28T23:04:33.000Z","dogmanuel.zenil","https://www.tiktok.com/@karolvelda/video/7643328314429443335","7233581287755187206","7645082413286032146","https://p19-common-sign.tiktokcdn-us.com/tos-maliva-avt-0068/6b16a044ded7819194e7f2562b57e304~tplv-tiktokx-cropcenter:100:100.jpg?dr=9640&refresh_token=f102ed2a&x-expires=1780200000&x-signature=TCd1hKp9o2%2F%2Fbpsx5RPgAo3IKEw%3D&t=4d5b0474&ps=13740610&shp=30310797&shcp=ff37627b&idc=useast5"
"ah! ca.... y las goteras, son el plus o qué?","0","0","2026-05-29T07:55:46.000Z","user56052026151010","https://www.tiktok.com/@karolvelda/video/7643328314429443335","7591192078400242706","7645218115135472405","https://p16-common-sign.tiktokcdn-us.com/tos-alisg-avt-0068/f948d0d9de2dcc11908cac05de0d7aca~tplv-tiktokx-cropcenter:100:100.jpg?dr=9640&refresh_token=a5e28abb&x-expires=1780200000&x-signature=PlkybJK1MO0RdkWtkhG1MD%2B%2F%2F18%3D&t=4d5b0474&ps=13740610&shp=30310797&shcp=ff37627b&idc=useast5"
"jajaja, pues como siempre, no más nos dan atole con el dedo y así varias estaciones, con fugas de agua","0","0","2026-05-29T07:58:58.000Z","mdzaherrerasamyc","https://www.tiktok.com/@karolvelda/video/7643328314429443335","6797953744123380742","7645220136992408336","https://p16-common-sign.tiktokcdn-us.com/tos-alisg-avt-0068/16b448ddd8354826cba9b1d5873c6a4d~tplv-tiktokx-cropcenter:100:100.jpg?dr=9640&refresh_token=3499f434&x-expires=1780200000&x-signature=F9iEuPkZIBeTVgkcRn7NFnyc3zU%3D&t=4d5b0474&ps=13740610&shp=30310797&shcp=ff37627b&idc=useast5"
"Jajaja con goteras y las calles se inundan 🙈🙈🙈👁️🙈🙈🧐🧐🧐difícil de creer","0","0","2026-05-29T19:26:05.000Z","claudiaanabelguer","https://www.tiktok.com/@karolvelda/video/7643328314429443335","7031055481440158726","7645397092579541761","https://p16-common-sign.tiktokcdn-us.com/tos-alisg-avt-0068/637381e0395b9aa7df20bf18ba35e162~tplv-tiktokx-cropcenter:100:100.jpg?dr=9640&refresh_token=d4e3fdce&x-expires=1780200000&x-signature=F%2BGcjX3hMTF3sC%2FLQzcNNrHBt5g%3D&t=4d5b0474&ps=13740610&shp=30310797&shcp=ff37627b&idc=useast5"
"es un asco el govierno","0","0","2026-05-30T00:04:51.000Z","chokerolvera2","https://www.tiktok.com/@karolvelda/video/7643328314429443335","6880726191033091077","7645469002106635026","https://p16-common-sign.tiktokcdn-us.com/tos-alisg-avt-0068/04305dc49dd9e7eccf8045a1384d21da~tplv-tiktokx-cropcenter:100:100.jpg?dr=9640&refresh_token=abd31aa2&x-expires=1780200000&x-signature=trd3BJetqldoGk3aznhL1hPjLt8%3D&t=4d5b0474&ps=13740610&shp=30310797&shcp=ff37627b&idc=useast5"
"cómo todo lo que hace la jefa de gobierno y la presidenta","0","0","2026-05-29T08:31:27.000Z","nmms769","https://www.tiktok.com/@karolvelda/video/7643328314429443335","7289869010594104325","7645228507760640788","https://p19-common-sign.tiktokcdn-us.com/musically-maliva-obj/1594805258216454~tplv-tiktokx-cropcenter:100:100.jpg?dr=9640&refresh_token=e340c4d0&x-expires=1780200000&x-signature=y0I6Dncomm86fyA9XjJdWa1HRzE%3D&t=4d5b0474&ps=13740610&shp=30310797&shcp=ff37627b&idc=useast5"
"México mágico","1","0","2026-05-24T21:31:53.000Z","bicho.tega","https://www.tiktok.com/@karolvelda/video/7643328314429443335","7569005884585772048","7643574177546634002","https://p16-common-sign.tiktokcdn.com/tos-alisg-avt-0068/1cc397dc460897435db8fca4feb9465a~tplv-tiktokx-cropcenter:100:100.jpg?dr=14579&refresh_token=095e3f9e&x-expires=1780200000&x-signature=2%2BX%2BvyW9uDyHhy5P4VPL%2BdB%2Fxmg%3D&t=4d5b0474&ps=13740610&shp=30310797&shcp=ff37627b&idc=my"
"Como que hacen eso para molestar a Ciudadanos","1","0","2026-05-25T12:38:49.000Z","pikabenny9539","https://www.tiktok.com/@karolvelda/video/7643328314429443335","7418437698077672454","7643807928264295188","https://p16-common-sign.tiktokcdn.com/tos-alisg-avt-0068/51e8103c50d59a64e6d45347ccea18dc~tplv-tiktokx-cropcenter:100:100.jpg?dr=14579&refresh_token=efc83ab4&x-expires=1780200000&x-signature=%2FsD3WnxQJXVQ2lACHlkvGVyqaqI%3D&t=4d5b0474&ps=13740610&shp=30310797&shcp=ff37627b&idc=my"
"me recuerda aquel conocido refrán..
Candil de la calle, Oscuridad de la casa...
😂😂😂😂😂😂😂","1","0","2026-05-25T05:24:36.000Z","robert_hdez0","https://www.tiktok.com/@karolvelda/video/7643328314429443335","6943324256597066757","7643695994722894613","https://p16-common-sign.tiktokcdn.com/tos-alisg-avt-0068/c7ea69cf55b4d3191298470e3b479220~tplv-tiktokx-cropcenter:100:100.jpg?dr=14579&refresh_token=2d65a2f2&x-expires=1780200000&x-signature=%2BA%2BjA4T%2B6VTfBgyqTfEi0DyE2W8%3D&t=4d5b0474&ps=13740610&shp=30310797&shcp=ff37627b&idc=my"
"Por 5 pesos para que te sientas como en tu casa 😂😂","1","0","2026-05-25T03:42:03.000Z","ppalexlopez","https://www.tiktok.com/@karolvelda/video/7643328314429443335","6866823736651301893","7643669601477264145","https://p16-common-sign.tiktokcdn.com/tos-alisg-avt-0068/beef944097eb20077e81eb92a8c7bafb~tplv-tiktokx-cropcenter:100:100.jpg?dr=14579&refresh_token=e6e38073&x-expires=1780200000&x-signature=pcEeCr59HoV4Rf7ndRNEthH8phY%3D&t=4d5b0474&ps=13740610&shp=30310797&shcp=ff37627b&idc=my"
"Ningún chile les embona 😅🤣.","1","0","2026-05-25T03:28:54.000Z","jorgeeduardocalva","https://www.tiktok.com/@karolvelda/video/7643328314429443335","7530122517534966801","7643664424364786440","https://p16-common-sign.tiktokcdn.com/tos-alisg-avt-0068/656e08e8b40dd642c171ee7dc17e702e~tplv-tiktokx-cropcenter:100:100.jpg?dr=14579&refresh_token=700a59b0&x-expires=1780200000&x-signature=I3Ybh%2BePzvO4jJcSfBOiAU0M%2BO8%3D&t=4d5b0474&ps=13740610&shp=30310797&shcp=ff37627b&idc=my"
"mexico magico😂","1","0","2026-05-25T01:50:12.000Z","marcojhaz5","https://www.tiktok.com/@karolvelda/video/7643328314429443335","7167228946022138885","7643638959675736852","https://p16-common-sign.tiktokcdn.com/tos-alisg-avt-0068/482c7a35b7d11f39eeb106a48ee824f1~tplv-tiktokx-cropcenter:100:100.jpg?dr=14579&refresh_token=dbd5cb0a&x-expires=1780200000&x-signature=zFiKsj5yBgea298WjuULluDw51M%3D&t=4d5b0474&ps=13740610&shp=30310797&shcp=ff37627b&idc=my"
"Les digo que este gobierno es una 💩💩💩","1","0","2026-05-25T01:26:42.000Z","oliviasoto30","https://www.tiktok.com/@karolvelda/video/7643328314429443335","7024564417183564806","7643634597838553873","https://p16-common-sign.tiktokcdn.com/tos-maliva-avt-0068/7321864014584578054~tplv-tiktokx-cropcenter:100:100.jpg?dr=14579&refresh_token=f4e4ffcc&x-expires=1780200000&x-signature=6H2MU5%2FGgmFmsD9fO9Q9fRjFAAg%3D&t=4d5b0474&ps=13740610&shp=30310797&shcp=ff37627b&idc=my"
"solo por el mundial no puede ser tierra dinero para que la fifa gane","0","0","2026-05-30T02:44:45.000Z","javiervazmon","https://www.tiktok.com/@karolvelda/video/7643328314429443335","6668526538453549061","7645510248677770002","https://p16-common-sign.tiktokcdn.com/tos-alisg-avt-0068/f9753e1d795f06a7c2da38b6a8bdbf53~tplv-tiktokx-cropcenter:100:100.jpg?dr=14579&refresh_token=125ad7c7&x-expires=1780200000&x-signature=t68S1%2FY7vu8J43ciqrgNs16wyTQ%3D&t=4d5b0474&ps=13740610&shp=30310797&shcp=ff37627b&idc=my"
"puras tonteras de este gobierno","0","0","2026-05-30T02:11:50.000Z","user7023065501457","https://www.tiktok.com/@karolvelda/video/7643328314429443335","7515280271572435984","7645501759155143432","https://p16-common-sign.tiktokcdn.com/musically-maliva-obj/1594805258216454~tplv-tiktokx-cropcenter:100:100.jpg?dr=14579&refresh_token=fa307169&x-expires=1780200000&x-signature=mehcPq0GqZUJprcMKOYk31VuyvU%3D&t=4d5b0474&ps=13740610&shp=30310797&shcp=ff37627b&idc=my"
"y dice la presidenta que somos primer Mundo jajajaja","0","0","2026-05-30T01:53:12.000Z","ramos7920","https://www.tiktok.com/@karolvelda/video/7643328314429443335","6864363334633489414","7645496972371165970","https://p16-common-sign.tiktokcdn.com/tos-maliva-avt-0068/8a213bf10918d5b270bd7cd19e967559~tplv-tiktokx-cropcenter:100:100.jpg?dr=14579&refresh_token=29add5db&x-expires=1780200000&x-signature=%2BwMGx5ro1lQtZR2hIR4a7JtqqZE%3D&t=4d5b0474&ps=13740610&shp=30310797&shcp=ff37627b&idc=my"
"gobierno ignorante mejor que arreglen las goteras","0","0","2026-05-30T01:33:35.000Z","frnko36","https://www.tiktok.com/@karolvelda/video/7643328314429443335","7379073779534758917","7645491913981821714","https://p16-common-sign.tiktokcdn.com/tos-alisg-avt-0068/6d780b82e395118757f34e0f37cf123c~tplv-tiktokx-cropcenter:100:100.jpg?dr=14579&refresh_token=d51ab53e&x-expires=1780200000&x-signature=WAI2n0b5wdsLkyykwrqcd5IDNiQ%3D&t=4d5b0474&ps=13740610&shp=30310797&shcp=ff37627b&idc=my"
"la verdad si estoy de acuerdo en lugar de gastar en pendejadas como ha sido este gobierno hubieran arreglado las estaciones dejen que llueva y todo lo que hicieron va ir a la basura y se quejan de gobiernos anteriores","0","0","2026-05-29T23:19:32.000Z","danielgonzalez497","https://www.tiktok.com/@karolvelda/video/7643328314429443335","7002288646272844805","7645455668010631956","https://p19-common-sign.tiktokcdn.com/tos-alisg-avt-0068/5aa33d18ce6d7e2ae4e436cd217355bf~tplv-tiktokx-cropcenter:100:100.jpg?dr=14579&refresh_token=253bc188&x-expires=1780200000&x-signature=pkYmAr2ZXLPx7OrhDxGmg%2BfaKfk%3D&t=4d5b0474&ps=13740610&shp=30310797&shcp=ff37627b&idc=my"
"Esos candelabros son lo mas inútiles de la vida","0","0","2026-05-29T20:38:28.000Z","oscarzfdf","https://www.tiktok.com/@karolvelda/video/7643328314429443335","6911549961450062853","7645415834285933333","https://p16-common-sign.tiktokcdn.com/tos-maliva-avt-0068/3d15d6fca8fa967b6e58752ea1cd24cb~tplv-tiktokx-cropcenter:100:100.jpg?dr=14579&refresh_token=b060c43a&x-expires=1780200000&x-signature=%2F1boET0lG4XUeQ1gWdxJ%2FWNIGn8%3D&t=4d5b0474&ps=13740610&shp=30310797&shcp=ff37627b&idc=my"
"esto es como pegar el retrovisor con cinta canela 😂","0","0","2026-05-29T20:04:04.000Z","mamilukisconny","https://www.tiktok.com/@karolvelda/video/7643328314429443335","7031169315820291077","7645406970211812116","https://p16-common-sign.tiktokcdn.com/tos-maliva-avt-0068/1a786a4ef6649a5d2e972cc1de136035~tplv-tiktokx-cropcenter:100:100.jpg?dr=14579&refresh_token=20ddb79a&x-expires=1780200000&x-signature=lKMH1xno4WrJX8IktitEV3oKIyc%3D&t=4d5b0474&ps=13740610&shp=30310797&shcp=ff37627b&idc=my"
"😂😂😂😂 quieren tapar la realidad como el sol con un dedo 😂😂😂","0","0","2026-05-29T19:49:58.000Z","user9274281458881","https://www.tiktok.com/@karolvelda/video/7643328314429443335","6946642250072736774","7645403329397703431","https://p16-common-sign.tiktokcdn.com/tos-maliva-avt-0068/8a78e0fa4cfdf93a6879273cf490785a~tplv-tiktokx-cropcenter:100:100.jpg?dr=14579&refresh_token=c4d69347&x-expires=1780200000&x-signature=WcU2bG1nrylG1%2FzuPtT48Sm0Ufk%3D&t=4d5b0474&ps=13740610&shp=30310797&shcp=ff37627b&idc=my"
"arreglos por acá y todos los defectos de más cosas cuando.","0","0","2026-05-29T17:40:22.000Z","mama51885","https://www.tiktok.com/@karolvelda/video/7643328314429443335","7273292909079348230","7645368971961287445","https://p16-common-sign.tiktokcdn.com/musically-maliva-obj/1594805258216454~tplv-tiktokx-cropcenter:100:100.jpg?dr=14579&refresh_token=fa307169&x-expires=1780200000&x-signature=mehcPq0GqZUJprcMKOYk31VuyvU%3D&t=4d5b0474&ps=13740610&shp=30310797&shcp=ff37627b&idc=my"
"Justo así esta en la Linea 7, Estación Río San Joaquín, ya está muy pintado por dentro, pero en el techo las Goteras , hay hasta cartones en el piso , para que absorban el agua, pero muy pintado todo y las Escaleras Eléctricas Sin Funcionar . Ver para Creer 🤬🤬","0","0","2026-05-29T17:07:33.000Z","cecy.gj","https://www.tiktok.com/@karolvelda/video/7643328314429443335","7268449169876993029","7645361515897864978","https://p16-common-sign.tiktokcdn.com/tos-alisg-avt-0068/793009fe9fda185e29c56e0f9331d7f4~tplv-tiktokx-cropcenter:100:100.jpg?dr=14579&refresh_token=8b14135d&x-expires=1780200000&x-signature=KqYDBPQsCdlSeX4C3BhgGc5MjRo%3D&t=4d5b0474&ps=13740610&shp=30310797&shcp=ff37627b&idc=my"
"[Sticker] ptm nada pueden hacer bien la 4t","0","0","2026-05-29T16:01:03.000Z","talenmanuellugote","https://www.tiktok.com/@karolvelda/video/7643328314429443335","6626790504913190917","7645344273961747201","https://p16-common-sign.tiktokcdn.com/tos-alisg-avt-0068/7825f90c7cf7d1d34cceb84896ab802d~tplv-tiktokx-cropcenter:100:100.jpg?dr=14579&refresh_token=913b582c&x-expires=1780200000&x-signature=p8AMZ5Hclr4sgWHWCp58ggNyXKs%3D&t=4d5b0474&ps=13740610&shp=30310797&shcp=ff37627b&idc=my"
"es de la antigüedad tenía que hacerce algo real😁😏😅","0","0","2026-05-29T15:56:51.000Z","amor_etern08","https://www.tiktok.com/@karolvelda/video/7643328314429443335","7079510138233111557","7645343293589619464","https://p19-common-sign.tiktokcdn.com/tos-alisg-avt-0068/e0a84af16804f41a57d13410338cbb46~tplv-tiktokx-cropcenter:100:100.jpg?dr=14579&refresh_token=b2961e39&x-expires=1780200000&x-signature=D9a5kv9DKtsw2BO7RIjj7kQUeP4%3D&t=4d5b0474&ps=13740610&shp=30310797&shcp=ff37627b&idc=my"
"We es que es como si pusieran un mantel elegante sobre una mesa ya para aventarla","0","0","2026-05-29T15:30:25.000Z","yellowlloy94","https://www.tiktok.com/@karolvelda/video/7643328314429443335","6829533461449311237","7645336376230036225","https://p16-common-sign.tiktokcdn.com/tos-alisg-avt-0068/6700ffda3af965594743387f1cd31069~tplv-tiktokx-cropcenter:100:100.jpg?dr=14579&refresh_token=df323a55&x-expires=1780200000&x-signature=IELXHor4ZVf0lPLpR8ee4HbitkQ%3D&t=4d5b0474&ps=13740610&shp=30310797&shcp=ff37627b&idc=my"
"Jajajaja exacto hay un montón de fugas porque no arreglaron eso mejor, nada más lo pintaron","0","0","2026-05-29T15:09:54.000Z","aj_2276","https://www.tiktok.com/@karolvelda/video/7643328314429443335","7137478509881984006","7645331192540562177","https://p16-common-sign.tiktokcdn.com/tos-maliva-avt-0068/7a7fe1b9aa1f542e94947fc99f5adec4~tplv-tiktokx-cropcenter:100:100.jpg?dr=14579&refresh_token=f64cca14&x-expires=1780200000&x-signature=fcRjWm%2B6L1EXsMrrDpSd3S5dH78%3D&t=4d5b0474&ps=13740610&shp=30310797&shcp=ff37627b&idc=my"
"jaja Gobierno Ridículo que el mundo se entere como nos tienen","0","0","2026-05-29T14:50:18.000Z","elen2965","https://www.tiktok.com/@karolvelda/video/7643328314429443335","7471119350847505425","7645326154572382996","https://p16-common-sign.tiktokcdn.com/tos-alisg-avt-0068/6f051e47e8b0afbd728a4cadaa33cc18~tplv-tiktokx-cropcenter:100:100.jpg?dr=14579&refresh_token=a6e00ffd&x-expires=1780200000&x-signature=dyrYXMgf9R53Qjzr0%2FqESeFuIs8%3D&t=4d5b0474&ps=13740610&shp=30310797&shcp=ff37627b&idc=my"
"we juran que el gobierno debe de estar con cámara de vigilancia buscando el mínimo detalles de cualquier cosa para repararlo en segundos JAJAJAJAJAJ","0","0","2026-05-29T13:36:10.000Z","la.granja.de.la.luna","https://www.tiktok.com/@karolvelda/video/7643328314429443335","7479308515506897926","7645307048221770517","https://p19-common-sign.tiktokcdn.com/tos-alisg-avt-0068/a17e182a889424538170f2f37306c47f~tplv-tiktokx-cropcenter:100:100.jpg?dr=14579&refresh_token=07520d51&x-expires=1780200000&x-signature=YWCZH48NttFCCIviL8ZB2uN3BDs%3D&t=4d5b0474&ps=13740610&shp=30310797&shcp=ff37627b&idc=my"
"Gastan en puras tonterías, y lo que deben hacer, no lo hacen... Gobierno de 4ta....","0","0","2026-05-29T12:46:46.000Z","jezyferret","https://www.tiktok.com/@karolvelda/video/7643328314429443335","6804583466418013189","7645294312963654421","https://p16-common-sign.tiktokcdn.com/tos-alisg-avt-0068/7d46e707fd9c6f2984d283b0415cb6c7~tplv-tiktokx-cropcenter:100:100.jpg?dr=14579&refresh_token=46ef21a3&x-expires=1780200000&x-signature=%2FRFhtep6H3Wx1afivPq6npwa9Ns%3D&t=4d5b0474&ps=13740610&shp=30310797&shcp=ff37627b&idc=my"
"Gastos innecesarios mejor que arreglen las goteras","0","0","2026-05-29T12:37:26.000Z","georginaleal27","https://www.tiktok.com/@karolvelda/video/7643328314429443335","7191675231323980806","7645291894868296468","https://p16-common-sign.tiktokcdn.com/tos-maliva-avt-0068/49bde55368ba94894cf580ae5e9bbe52~tplv-tiktokx-cropcenter:100:100.jpg?dr=14579&refresh_token=6ff179ed&x-expires=1780200000&x-signature=SBvEWoCIbm2kdsx%2BIZxje9vaM6c%3D&t=4d5b0474&ps=13740610&shp=30310797&shcp=ff37627b&idc=my"
"una prueba mas de que es una porquería este gobierno","0","0","2026-05-28T17:33:25.000Z","belma0227","https://www.tiktok.com/@karolvelda/video/7643328314429443335","6812459309185958918","7644997093270569748","https://p16-common-sign.tiktokcdn-us.com/tos-maliva-avt-0068/7324700499316178950~tplv-tiktokx-cropcenter:100:100.jpg?dr=9640&refresh_token=90d302cf&x-expires=1780200000&x-signature=4o1pujvf3OZCeTpGT6FxbbvJSbg%3D&t=4d5b0474&ps=13740610&shp=30310797&shcp=ff37627b&idc=useast5"
"no!, me reuso a usar algo que dejo el malvado Don Porfirio (sarcasmo); -perdoneme Don Profirio-
por cierto la lampara combina con la cinta ""aguas con la pared"" y las aguas en los techos","0","0","2026-05-28T06:27:00.000Z","loui34017","https://www.tiktok.com/@karolvelda/video/7643328314429443335","7268142964722435078","7644825336597938951","https://p16-common-sign.tiktokcdn-us.com/musically-maliva-obj/1594805258216454~tplv-tiktokx-cropcenter:100:100.jpg?dr=9640&refresh_token=f6d184af&x-expires=1780200000&x-signature=VW8UWPJqAaIplom5IP4ju2xgIsk%3D&t=4d5b0474&ps=13740610&shp=30310797&shcp=ff37627b&idc=useast5"
"ME PREGUNTÓ CUÁNTO HABRÁN COSTADO EN REALIDAD ESAS LUMINARIAS???
PORQUE ES MUY SEGURO QUE ALGUIEN SE LLEVÓ MUY BUENA COMISIÓN...","0","0","2026-05-29T02:35:26.000Z","md1976g","https://www.tiktok.com/@karolvelda/video/7643328314429443335","7252028023834526721","7645136761110577940","https://p16-common-sign.tiktokcdn-us.com/musically-maliva-obj/1594805258216454~tplv-tiktokx-cropcenter:100:100.jpg?dr=9640&refresh_token=f6d184af&x-expires=1780200000&x-signature=VW8UWPJqAaIplom5IP4ju2xgIsk%3D&t=4d5b0474&ps=13740610&shp=30310797&shcp=ff37627b&idc=useast5"
"Que no lo vea el Arqui","1","0","2026-05-27T23:36:34.000Z","hassanjackson1","https://www.tiktok.com/@karolvelda/video/7643328314429443335","6911552973261358086","7644719551821005576","https://p16-common-sign.tiktokcdn-us.com/tos-maliva-avt-0068/2eac492e633f8e02b58d47c58509ab1e~tplv-tiktokx-cropcenter:100:100.jpg?dr=9640&refresh_token=52ad450b&x-expires=1780200000&x-signature=3Cl7fuRwFdE9LASYtICdDQIK97M%3D&t=4d5b0474&ps=13740610&shp=30310797&shcp=ff37627b&idc=useast5"
"El claro ejemplo de que ningun chile les embona","0","0","2026-05-28T18:05:47.000Z","panteranegraracingprint","https://www.tiktok.com/@karolvelda/video/7643328314429443335","6754179424872645637","7645005423989113607","https://p16-common-sign.tiktokcdn-us.com/tos-alisg-avt-0068/38704a726968309d4bac22721279888b~tplv-tiktokx-cropcenter:100:100.jpg?dr=9640&refresh_token=6d573aff&x-expires=1780200000&x-signature=H6EBrpTgQXN3fAeJR2fP%2FrzP0VE%3D&t=4d5b0474&ps=13740610&shp=30310797&shcp=ff37627b&idc=useast5"
"si, ridículo el gobierno, el circo mejor pagado del mundo....","0","0","2026-05-28T18:09:59.000Z","cristinagsbunburyta","https://www.tiktok.com/@karolvelda/video/7643328314429443335","6847551061319009285","7645006488260510484","https://p16-common-sign.tiktokcdn-us.com/tos-alisg-avt-0068/7016872d3301f5a51277c0dd032780ab~tplv-tiktokx-cropcenter:100:100.jpg?dr=9640&refresh_token=b51bc0ff&x-expires=1780200000&x-signature=xVRv2NvmwwobSfohvvgf%2BVRIR0Q%3D&t=4d5b0474&ps=13740610&shp=30310797&shcp=ff37627b&idc=useast5"
"Falta que arreglen la línea de barranca del muerto y dirección el rosario también está en pésimas condiciones.","0","0","2026-05-28T07:21:40.000Z","roxy.pop.altamira","https://www.tiktok.com/@karolvelda/video/7643328314429443335","7319523125976515590","7644839409750557461","https://p16-common-sign.tiktokcdn-us.com/tos-alisg-avt-0068/44234e37fccabba64365f40c74603421~tplv-tiktokx-cropcenter:100:100.jpg?dr=9640&refresh_token=86d276ed&x-expires=1780200000&x-signature=Dv9ymC0bp%2BJB53SBdKajQV02SoE%3D&t=4d5b0474&ps=13740610&shp=30310797&shcp=ff37627b&idc=useast5"
"No, eso lo dejaron así porque posteriormente van a grabar las escenas del Titanic, tranquilos este gobierno piensa en todo 😉👌🤗","0","0","2026-05-29T02:39:23.000Z","laurasalazar70086","https://www.tiktok.com/@karolvelda/video/7643328314429443335","7502834553556534279","7645136679351517972","https://p16-common-sign.tiktokcdn-us.com/tos-alisg-avt-0068/6c18979b8f57d4bdc4f59c486c294bf3~tplv-tiktokx-cropcenter:100:100.jpg?dr=9640&refresh_token=e4278c8f&x-expires=1780200000&x-signature=IZFu10VG4h062maM0DBGW5DCfG0%3D&t=4d5b0474&ps=13740610&shp=30310797&shcp=ff37627b&idc=useast5"
"😂😂😂 justo comenté en otro video, que a ver si su estación fifi, no se hundía con la primera lluvia, como el Titanic...y siiiii. 😂😂😂👍","1","0","2026-05-28T03:19:32.000Z","edg5061","https://www.tiktok.com/@karolvelda/video/7643328314429443335","6876623210822386693","7644777052163441426","https://p16-common-sign.tiktokcdn-us.com/tos-alisg-avt-0068/a952d19235092b8b10eff7710612d3f5~tplv-tiktokx-cropcenter:100:100.jpg?dr=9640&refresh_token=27dcfb73&x-expires=1780200000&x-signature=8QNr5ZzJXSriVkSzk6SEuKqescw%3D&t=4d5b0474&ps=13740610&shp=30310797&shcp=ff37627b&idc=useast5"
"puro gasto inútil","0","0","2026-05-28T18:34:07.000Z","ginacobos16","https://www.tiktok.com/@karolvelda/video/7643328314429443335","7113407058826068998","7645012687500247829","https://p16-common-sign.tiktokcdn-us.com/tos-maliva-avt-0068/4891718064b9c0b9d4b301efce8df8bc~tplv-tiktokx-cropcenter:100:100.jpg?dr=9640&refresh_token=fbc47d1b&x-expires=1780200000&x-signature=9jzwy4MMM9%2BewwRJ5lXGJkKH75o%3D&t=4d5b0474&ps=13740610&shp=30310797&shcp=ff37627b&idc=useast5"
"qué horror 🤣🤣","0","0","2026-05-28T19:06:45.000Z","iam_vantris","https://www.tiktok.com/@karolvelda/video/7643328314429443335","6844197776382215174","7645021156034151176","https://p19-common-sign.tiktokcdn-us.com/tos-alisg-avt-0068/1828bdb51dc1b7f214d83a9bbd1cfd1e~tplv-tiktokx-cropcenter:100:100.jpg?dr=9640&refresh_token=88c28550&x-expires=1780200000&x-signature=zRSC%2BeLvo%2BH3gD%2B2FNnVtY3hNkc%3D&t=4d5b0474&ps=13740610&shp=30310797&shcp=ff37627b&idc=useast5"
"Que hartazgo con este gobierno","0","0","2026-05-28T19:06:48.000Z","yazminbderrant","https://www.tiktok.com/@karolvelda/video/7643328314429443335","7100401791333876741","7645021159150863112","https://p16-common-sign.tiktokcdn-us.com/tos-alisg-avt-0068/1d47d725ff473444697ab722bad2d83d~tplv-tiktokx-cropcenter:100:100.jpg?dr=9640&refresh_token=4db55d7b&x-expires=1780200000&x-signature=BFCBSMHJrO5yjLCM1qn1vVVeCLE%3D&t=4d5b0474&ps=13740610&shp=30310797&shcp=ff37627b&idc=useast5"
"ja ja ja ja ja ja yyojsla lo vean las autoridades y no salgan con que tienen otros datos 🤣","0","0","2026-05-28T19:16:28.000Z","s.oropeza","https://www.tiktok.com/@karolvelda/video/7643328314429443335","7421442429063300101","7645022394525139728","https://p16-common-sign.tiktokcdn-us.com/musically-maliva-obj/1594805258216454~tplv-tiktokx-cropcenter:100:100.jpg?dr=9640&refresh_token=f6d184af&x-expires=1780200000&x-signature=VW8UWPJqAaIplom5IP4ju2xgIsk%3D&t=4d5b0474&ps=13740610&shp=30310797&shcp=ff37627b&idc=useast5"
"[Sticker] gobierno sonso","0","0","2026-05-28T19:24:16.000Z","michitabb7","https://www.tiktok.com/@karolvelda/video/7643328314429443335","7132009728318129158","7645025647479341831","https://p16-common-sign.tiktokcdn-us.com/tos-alisg-avt-0068/93df9058ebbe13d674f4ed0761553cc6~tplv-tiktokx-cropcenter:100:100.jpg?dr=9640&refresh_token=a6b17958&x-expires=1780200000&x-signature=ieoacW8zKRHbFhHGGRjiPpmLsdQ%3D&t=4d5b0474&ps=13740610&shp=30310797&shcp=ff37627b&idc=useast5"
"Pero dice clarita que no es por el mundial 😂","0","0","2026-05-28T10:42:37.000Z","acidulada3","https://www.tiktok.com/@karolvelda/video/7643328314429443335","7274680587355620357","7644891226248577799","https://p19-common-sign.tiktokcdn-us.com/tos-maliva-avt-0068/cc42dbfefed64a17e2dce725cbb2e74b~tplv-tiktokx-cropcenter:100:100.jpg?dr=9640&refresh_token=1bd8ac08&x-expires=1780200000&x-signature=3FLJAuPQD%2BI3tBbzp8zdshaw4Ro%3D&t=4d5b0474&ps=13740610&shp=30310797&shcp=ff37627b&idc=useast5"
"su gobierno que no invierte en las verdaderas necesidades de del país que se gasta el recurso en los viajes de su bancada","0","0","2026-05-28T19:51:03.000Z","cristinamellomend","https://www.tiktok.com/@karolvelda/video/7643328314429443335","7164198317403112453","7645032554420634376","https://p16-common-sign.tiktokcdn-us.com/tos-maliva-avt-0068/7164198667246567429~tplv-tiktokx-cropcenter:100:100.jpg?dr=9640&refresh_token=bf4ca19d&x-expires=1780200000&x-signature=RNasgxxwQp9%2BDKd19AX0smkVEVo%3D&t=4d5b0474&ps=13740610&shp=30310797&shcp=ff37627b&idc=useast5"
"jajaja pinche gobierno tan p......","0","0","2026-05-28T19:55:24.000Z","guadalupetrejo7658","https://www.tiktok.com/@karolvelda/video/7643328314429443335","7276668139907171334","7645033645778551573","https://p16-common-sign.tiktokcdn-us.com/tos-maliva-avt-0068/7276968619355963398~tplv-tiktokx-cropcenter:100:100.jpg?dr=9640&refresh_token=b2b94123&x-expires=1780200000&x-signature=gQiiu1vPX8%2FKLTjGijl0txFu6hg%3D&t=4d5b0474&ps=13740610&shp=30310797&shcp=ff37627b&idc=useast5"
"también se gotean","1","0","2026-05-25T22:33:47.000Z","rossmery1970","https://www.tiktok.com/@karolvelda/video/7643328314429443335","7426257001485583368","7643959474776556309","https://p16-common-sign.tiktokcdn-us.com/tos-alisg-avt-0068/8dedad1938dbacfdbbe5f3771f4f8a24~tplv-tiktokx-cropcenter:100:100.jpg?dr=9640&refresh_token=b41a8ee4&x-expires=1780200000&x-signature=5fap4DdpmwDCD54bsVF%2BmeIDBIg%3D&t=4d5b0474&ps=13740610&shp=30310797&shcp=ff37627b&idc=useast5"
"Muy Al estilo de De MORENA, 🙄","0","0","2026-05-28T20:20:17.000Z","gabyto250","https://www.tiktok.com/@karolvelda/video/7643328314429443335","7319215595240113158","7645040043414225682","https://p16-common-sign.tiktokcdn-us.com/tos-maliva-avt-0068/0c71a2bc1186b66074ffe88a913e4a0c~tplv-tiktokx-cropcenter:100:100.jpg?dr=9640&refresh_token=1a359f0f&x-expires=1780200000&x-signature=N6ZPUwvxN%2Fp7TXfuZQVUR5ipKCY%3D&t=4d5b0474&ps=13740610&shp=30310797&shcp=ff37627b&idc=useast5"
"si el peor gobierno , bola de Corruptos miserables","0","0","2026-05-29T04:23:01.000Z","marcelabravo335","https://www.tiktok.com/@karolvelda/video/7643328314429443335","7508968438489646136","7645162802592776980","https://p16-common-sign.tiktokcdn-us.com/tos-alisg-avt-0068/b85fb821084fb05566f510f5a94b02b9~tplv-tiktokx-cropcenter:100:100.jpg?dr=9640&refresh_token=5f973d90&x-expires=1780200000&x-signature=N8V%2FiRkY5xtaoA2gL40puVQsSqA%3D&t=4d5b0474&ps=13740610&shp=30310797&shcp=ff37627b&idc=useast5"
"puras jaladas","0","0","2026-05-28T03:28:28.000Z","user810479612977","https://www.tiktok.com/@karolvelda/video/7643328314429443335","7625106637594625040","7644779283886179073","https://p19-common-sign.tiktokcdn-us.com/musically-maliva-obj/1594805258216454~tplv-tiktokx-cropcenter:100:100.jpg?dr=9640&refresh_token=e340c4d0&x-expires=1780200000&x-signature=y0I6Dncomm86fyA9XjJdWa1HRzE%3D&t=4d5b0474&ps=13740610&shp=30310797&shcp=ff37627b&idc=useast5"
"Queremos mantenimiento no adornos","0","0","2026-05-28T02:12:48.000Z","mamatikt0ker","https://www.tiktok.com/@karolvelda/video/7643328314429443335","6806814327988028422","7644759795128533781","https://p16-common-sign.tiktokcdn-us.com/tos-maliva-avt-0068/7327753349502238725~tplv-tiktokx-cropcenter:100:100.jpg?dr=9640&refresh_token=f7e2e6bd&x-expires=1780200000&x-signature=oY2tUGEnhK3c8spWcGkOY%2BFrsNI%3D&t=4d5b0474&ps=13740610&shp=30310797&shcp=ff37627b&idc=useast5"
"De verdad esperaban algo distinto????
Lo hizo la 4 deformación...","0","0","2026-05-28T04:32:37.000Z","cesar.kiev","https://www.tiktok.com/@karolvelda/video/7643328314429443335","6818736589629604870","7644795816738571029","https://p16-common-sign.tiktokcdn-us.com/tos-alisg-avt-0068/073de5d88d3eac2019ebdb41157ca2e2~tplv-tiktokx-cropcenter:100:100.jpg?dr=9640&refresh_token=506265bf&x-expires=1780200000&x-signature=GhaUs69oOr109rgVC5hcRt2clog%3D&t=4d5b0474&ps=13740610&shp=30310797&shcp=ff37627b&idc=useast5"
"Quieren tapar el sol con un dedo!! 😂😂😂","0","0","2026-05-28T04:53:37.000Z","analauraarias","https://www.tiktok.com/@karolvelda/video/7643328314429443335","7271698597387748357","7644801241399313172","https://p16-common-sign.tiktokcdn-us.com/tos-maliva-avt-0068/eb118570ae1288d12b6fcf36089ad77b~tplv-tiktokx-cropcenter:100:100.jpg?dr=9640&refresh_token=d2bad6e6&x-expires=1780200000&x-signature=Ix2MOnezURMYaVvQZugFxeyCnU0%3D&t=4d5b0474&ps=13740610&shp=30310797&shcp=ff37627b&idc=useast5"
"está presidenta creo que estamos en el siglo 16 ya que siempre le echa la culpa a los opositores jajaja jajaja","0","0","2026-05-28T04:39:33.000Z","javier.de.vicente4","https://www.tiktok.com/@karolvelda/video/7643328314429443335","7517882638028981256","7644797668267901703","https://p19-common-sign.tiktokcdn-us.com/tos-alisg-avt-0068/f589fb6178a089815df1175b8b84c87c~tplv-tiktokx-cropcenter:100:100.jpg?dr=9640&refresh_token=160780b1&x-expires=1780200000&x-signature=QPNMtNOaKMn7H4iNwcu5wKyDEB8%3D&t=4d5b0474&ps=13740610&shp=30310797&shcp=ff37627b&idc=useast5"
"de todo se quejan como si el PRIAN hubiese hecho algo de mantenimiento a las líneas del metro hasta lo que no comen les hace daño","0","0","2026-05-28T04:13:29.000Z","carlosrivera720720","https://www.tiktok.com/@karolvelda/video/7643328314429443335","6991664168530560005","7644788800917635860","https://p16-common-sign.tiktokcdn-us.com/tos-maliva-avt-0068/7335220189515874310~tplv-tiktokx-cropcenter:100:100.jpg?dr=9640&refresh_token=a426b0ef&x-expires=1780200000&x-signature=e9DG%2Bj1Yqm7ffpTQYGehg1eEj4k%3D&t=4d5b0474&ps=13740610&shp=30310797&shcp=ff37627b&idc=useast5"
"cómo siempre este gobierno gastando en frivolidades","0","0","2026-05-28T02:12:19.000Z","elvis.tek8362","https://www.tiktok.com/@karolvelda/video/7643328314429443335","7575672679408452664","7644759680652329729","https://p19-common-sign.tiktokcdn-us.com/tos-alisg-avt-0068/4a75f894faba03912639633dd7ecbd1c~tplv-tiktokx-cropcenter:100:100.jpg?dr=9640&refresh_token=f36ee940&x-expires=1780200000&x-signature=sP3eDD2KiuWv%2BChtFp8dyycH3Ic%3D&t=4d5b0474&ps=13740610&shp=30310797&shcp=ff37627b&idc=useast5"
"ninngun chile les embona","0","0","2026-05-28T02:01:15.000Z","gonzodvgp2r","https://www.tiktok.com/@karolvelda/video/7643328314429443335","7386374723041068038","7644756831441584913","https://p19-common-sign.tiktokcdn-us.com/tos-alisg-avt-0068/e91872c6aac7aa5aa65b6a9880a6562d~tplv-tiktokx-cropcenter:100:100.jpg?dr=9640&refresh_token=569925ab&x-expires=1780200000&x-signature=qw2otX1zUgMR7yQwlLi3IKx0ti8%3D&t=4d5b0474&ps=13740610&shp=30310797&shcp=ff37627b&idc=useast5"
"El colmo... 🤬🤬🤬🤬🤬🤬🤬🤬","0","0","2026-05-29T04:39:55.000Z","angelesmaldonado11","https://www.tiktok.com/@karolvelda/video/7643328314429443335","7260334207892784134","7645168850853659412","https://p16-common-sign.tiktokcdn-us.com/tos-maliva-avt-0068/7260623289013010438~tplv-tiktokx-cropcenter:100:100.jpg?dr=9640&refresh_token=8528f6bb&x-expires=1780200000&x-signature=xVZlM44ifVH6iUhyT3WFmlvP7DI%3D&t=4d5b0474&ps=13740610&shp=30310797&shcp=ff37627b&idc=useast5"
"si no les gusta que no se suban 😏","0","0","2026-05-28T20:45:27.000Z","arvizu.32.francis","https://www.tiktok.com/@karolvelda/video/7643328314429443335","7591028536569807892","7645046562963784469","https://p16-common-sign.tiktokcdn-us.com/tos-alisg-avt-0068/69ab72393cdc3513dc2453382a24040f~tplv-tiktokx-cropcenter:100:100.jpg?dr=9640&refresh_token=6827a74b&x-expires=1780200000&x-signature=UiD%2FbUH1l2UVYw%2FbFP8gLOcoFVA%3D&t=4d5b0474&ps=13740610&shp=30310797&shcp=ff37627b&idc=useast5"
"es decoración para el día de muertos. pues que no están chig y chig que con tiempo se hace todo jjj😂🤣","0","0","2026-05-28T20:55:04.000Z","ivands840","https://www.tiktok.com/@karolvelda/video/7643328314429443335","6956788732583216134","7645047901610246932","https://p16-common-sign.tiktokcdn-us.com/tos-maliva-avt-0068/f2624db034539c71639bebc9a2aafb97~tplv-tiktokx-cropcenter:100:100.jpg?dr=9640&refresh_token=fc3d26ed&x-expires=1780200000&x-signature=%2FNjar8HMiKxyP4iyrAAoz%2FxyESw%3D&t=4d5b0474&ps=13740610&shp=30310797&shcp=ff37627b&idc=useast5"
"no más gastan dinero a lo tonto hay prioridades","0","0","2026-05-28T21:02:12.000Z","maricelareyes26","https://www.tiktok.com/@karolvelda/video/7643328314429443335","6821683276853822469","7645050801618666261","https://p16-common-sign.tiktokcdn-us.com/tos-maliva-avt-0068/7325126287914172421~tplv-tiktokx-cropcenter:100:100.jpg?dr=9640&refresh_token=7d1d6fc1&x-expires=1780200000&x-signature=rD1H0wnVAYEiojpxxlmy534iwbI%3D&t=4d5b0474&ps=13740610&shp=30310797&shcp=ff37627b&idc=useast5"
"No sé, no me convence 🤷 😕 😐 ¿Es un estilo moderno, clasico, futurista, mexicano (ajolotes), minimalista... ?🤔.","1","0","2026-05-29T04:42:05.000Z","evelynorteganeri","https://www.tiktok.com/@karolvelda/video/7643328314429443335","6995319199808799750","7645169386554737429","https://p16-common-sign.tiktokcdn-us.com/tos-alisg-avt-0068/06172aae1235cbbe94cce11178ff138c~tplv-tiktokx-cropcenter:100:100.jpg?dr=9640&refresh_token=0a323fe6&x-expires=1780200000&x-signature=RPUQuSmEBG6lPAyenz%2BjOnr%2FZcY%3D&t=4d5b0474&ps=13740610&shp=30310797&shcp=ff37627b&idc=useast5"
"porque nos tocó el gobierno más pen@#% en serio 😅🤣🤣🤣","0","0","2026-05-28T21:10:38.000Z","alexjimenez3845","https://www.tiktok.com/@karolvelda/video/7643328314429443335","7001677027678372869","7645053041007969044","https://p16-common-sign.tiktokcdn-us.com/tos-maliva-avt-0068/da341e860a031650605dada6edc6d916~tplv-tiktokx-cropcenter:100:100.jpg?dr=9640&refresh_token=8549bed6&x-expires=1780200000&x-signature=DIasD%2B94E6UiCdh526w%2B3UbbG%2BU%3D&t=4d5b0474&ps=13740610&shp=30310797&shcp=ff37627b&idc=useast5"
"les falló un poquito la imagen...
querían dar el gatazo de una estación en Moscú...
mejor hubieran intentado copiar una estación de New York... para eso no hace falta presupuesto y pudieron haber presentado una estación estilo primerísimo mundo","0","0","2026-05-28T21:46:12.000Z","lobo.estepario68","https://www.tiktok.com/@karolvelda/video/7643328314429443335","7287118502724256773","7645062177930740488","https://p19-common-sign.tiktokcdn-us.com/musically-maliva-obj/1594805258216454~tplv-tiktokx-cropcenter:100:100.jpg?dr=9640&refresh_token=e340c4d0&x-expires=1780200000&x-signature=y0I6Dncomm86fyA9XjJdWa1HRzE%3D&t=4d5b0474&ps=13740610&shp=30310797&shcp=ff37627b&idc=useast5"
"GOBIERNO RIDÍCULO","0","0","2026-05-29T05:13:29.000Z","lulunares1517","https://www.tiktok.com/@karolvelda/video/7643328314429443335","6958652468465714182","7645177477866914561","https://p19-common-sign.tiktokcdn-us.com/tos-alisg-avt-0068/c4ff6e755935373f683ed0ed65cb7e7b~tplv-tiktokx-cropcenter:100:100.jpg?dr=9640&refresh_token=a2787042&x-expires=1780200000&x-signature=cW8LeY0SpX9UMx2UHuwgWNqremE%3D&t=4d5b0474&ps=13740610&shp=30310797&shcp=ff37627b&idc=useast5"
"cómprate tu carro para no padezcas esos inconvenientes y viajes como mejor te plazca","0","0","2026-05-28T00:32:50.000Z","dr0532","https://www.tiktok.com/@karolvelda/video/7643328314429443335","7263764592169714694","7644733955024126737","https://p19-common-sign.tiktokcdn-us.com/musically-maliva-obj/1594805258216454~tplv-tiktokx-cropcenter:100:100.jpg?dr=9640&refresh_token=e340c4d0&x-expires=1780200000&x-signature=y0I6Dncomm86fyA9XjJdWa1HRzE%3D&t=4d5b0474&ps=13740610&shp=30310797&shcp=ff37627b&idc=useast8"
"Eso tiene años, nadie ha hecho nada para reparar las filtraciones","0","0","2026-05-28T00:22:14.000Z","jessmurcio","https://www.tiktok.com/@karolvelda/video/7643328314429443335","7291893462726018053","7644731336892777223","https://p19-common-sign.tiktokcdn-us.com/tos-maliva-avt-0068/da7e3d18cf24d7973630a8ae302883e1~tplv-tiktokx-cropcenter:100:100.jpg?dr=9640&refresh_token=ee7ad546&x-expires=1780200000&x-signature=YnkLV0s91NmmZSvi1adSqyGN1FA%3D&t=4d5b0474&ps=13740610&shp=30310797&shcp=ff37627b&idc=useast8"
"Las estupideces de los gobiernos de Morena, no tienen límites.","0","0","2026-05-29T02:21:07.000Z","jaime.perez.s.1","https://www.tiktok.com/@karolvelda/video/7643328314429443335","7439957566196745271","7645133035381981973","https://p19-common-sign.tiktokcdn-us.com/tos-alisg-avt-0068/a6ab07c656fbbbeaa60011af91208528~tplv-tiktokx-cropcenter:100:100.jpg?dr=9640&refresh_token=376e7744&x-expires=1780200000&x-signature=R2OrS%2FgjDMz9jvi8LYAF8ATaAZw%3D&t=4d5b0474&ps=13740610&shp=30310797&shcp=ff37627b&idc=useast5"
"Es una VERGÜENZA","0","0","2026-05-28T23:56:40.000Z","connieguevara3","https://www.tiktok.com/@karolvelda/video/7643328314429443335","7239848377926943749","7645095824806281992","https://p16-common-sign.tiktokcdn-us.com/tos-alisg-avt-0068/563514ea486bb2953b5b81fdaa97139f~tplv-tiktokx-cropcenter:100:100.jpg?dr=9640&refresh_token=e74cdf77&x-expires=1780200000&x-signature=tMaAMD9xo7c3u9YXONzqv235P%2Fs%3D&t=4d5b0474&ps=13740610&shp=30310797&shcp=ff37627b&idc=useast8"
"la primera marcha en la que se les ocurra voltear a ver los candiles, lámparas o vitrales y ya era...el metro se debe planear para lo que es, mover masivamente a gente de manera segura y eficiente...esto no abona a esa misión.","0","0","2026-05-29T00:06:32.000Z","edgarcerdaa","https://www.tiktok.com/@karolvelda/video/7643328314429443335","6811646335717295110","7645098361792774928","https://p16-common-sign.tiktokcdn-us.com/tos-maliva-avt-0068/9099e1c2558e96cd0ebc659bd8c4b1cd~tplv-tiktokx-cropcenter:100:100.jpg?dr=9640&refresh_token=c0fb3aa5&x-expires=1780200000&x-signature=g6vdQfAm7Bvkx3QxC9ZlscAFJdo%3D&t=4d5b0474&ps=13740610&shp=30310797&shcp=ff37627b&idc=useast8"
"sí se quejan cuando el metro cerró para la remodelación visual..!! ahora si tuvieran que reparar todo desde cero?. imagínense.... estuvieran peor.","0","0","2026-05-29T00:06:41.000Z","marysolvenegas2105","https://www.tiktok.com/@karolvelda/video/7643328314429443335","7032145627891598342","7645098436194599688","https://p19-common-sign.tiktokcdn-us.com/tos-maliva-avt-0068/7324108376547196934~tplv-tiktokx-cropcenter:100:100.jpg?dr=9640&refresh_token=cad9b2ec&x-expires=1780200000&x-signature=bS9UB9%2BZSIupuZFp6mXkribpNRg%3D&t=4d5b0474&ps=13740610&shp=30310797&shcp=ff37627b&idc=useast8"
"😂😂😂 gobernado por morena👌","0","0","2026-05-28T03:42:54.000Z","normaquintalsolis","https://www.tiktok.com/@karolvelda/video/7643328314429443335","6931974899272647685","7644783077336023826","https://p19-common-sign.tiktokcdn-us.com/tos-maliva-avt-0068/7322115356373057541~tplv-tiktokx-cropcenter:100:100.jpg?dr=9640&refresh_token=21736446&x-expires=1780200000&x-signature=TapMGkmpbuibGOB6HKrILYLmcds%3D&t=4d5b0474&ps=13740610&shp=30310797&shcp=ff37627b&idc=useast8"
"Y de hecho si llega a ganar en el siguiente PRI o pan estará igual no cambiará nada eso es un hecho , el metro está igual de siempre , entonces cuál es la sorpresa aúna si todos mienten más bien ustedes que creen","0","0","2026-05-28T22:20:33.000Z","rafael_oni_yemaya","https://www.tiktok.com/@karolvelda/video/7643328314429443335","6559580557776486405","7645071065694208786","https://p16-common-sign.tiktokcdn-us.com/tos-maliva-avt-0068/9604a66da129c83020049ff17e918b19~tplv-tiktokx-cropcenter:100:100.jpg?dr=9640&refresh_token=0e8f96e8&x-expires=1780200000&x-signature=0UGqVT2W%2FaKoCTsFGrea5vL7yXg%3D&t=4d5b0474&ps=13740610&shp=30310797&shcp=ff37627b&idc=useast8"
"Es la transformación de 4ta 😂","0","0","2026-05-29T05:33:51.000Z","el_pinguino45","https://www.tiktok.com/@karolvelda/video/7643328314429443335","6908816720941630469","7645182759673021201","https://p16-common-sign.tiktokcdn-us.com/tos-alisg-avt-0068/ecf4cb2929fb9a1d50014e79c281af9c~tplv-tiktokx-cropcenter:100:100.jpg?dr=9640&refresh_token=59f95549&x-expires=1780200000&x-signature=qkaFkbwkbVsV%2F8tZQbXH5ePsFT0%3D&t=4d5b0474&ps=13740610&shp=30310797&shcp=ff37627b&idc=useast8"
"Exactamente; esas goteras son de miedo!. Hace unas semanas pasé por la estación Pino Suárez y justo en el tramo de la correspondencia se vino una parte del techo, acompañada de agua y cascajo... En Allende se vinieron unas vigas y a gente que iba bajando, otras subiendo les cayeron encima las vigas... Lo de menos es lo espantoso que están dejando las estaciones. Si no el peligro al que a todos nos está exponiendo el gobierno. Obvio un ingeniero lo puede explicar mejor; pero lo que han hecho es tanto como quitarle el ""alma"" a un ""zapato""...
Qué Dios nos cuide a todos!😒","0","0","2026-05-28T22:45:19.000Z","username13142721","https://www.tiktok.com/@karolvelda/video/7643328314429443335","7634165657551094805","7645077462744924946","https://p16-common-sign.tiktokcdn-us.com/tos-alisg-avt-0068/409faa4a2e7dc91893c1d77d4cf117a8~tplv-tiktokx-cropcenter:100:100.jpg?dr=9640&refresh_token=40d96ffa&x-expires=1780200000&x-signature=y1RP7wXmo8Rew5c5v%2FvimKOs%2FjY%3D&t=4d5b0474&ps=13740610&shp=30310797&shcp=ff37627b&idc=useast8"
"quién aprobó esa mmd 😂😂😂","0","0","2026-05-28T03:40:12.000Z","emman.ruizmic","https://www.tiktok.com/@karolvelda/video/7643328314429443335","7524549749886862344","7644782373758239495","https://p19-common-sign.tiktokcdn-us.com/tos-alisg-avt-0068/917927f72375c130e89f91fff459b505~tplv-tiktokx-cropcenter:100:100.jpg?dr=9640&refresh_token=8a0fcaa3&x-expires=1780200000&x-signature=qyOIMm5B4NJtgcuUaX%2FI5Hlao2Q%3D&t=4d5b0474&ps=13740610&shp=30310797&shcp=ff37627b&idc=useast8"
"🤣🤣🤣","1","0","2026-05-24T17:18:48.000Z","alvaradooooo_29","https://www.tiktok.com/@karolvelda/video/7643328314429443335","7319675845626364934","7643508990773297937","https://p16-common-sign.tiktokcdn-us.com/tos-alisg-avt-0068/1e894df0df129190da2d6117169035f3~tplv-tiktokx-cropcenter:100:100.jpg?dr=9640&refresh_token=e955ca54&x-expires=1780200000&x-signature=WDmR%2BN5EL8fzBU4gcB6EPGuZWnY%3D&t=4d5b0474&ps=13740610&shp=30310797&shcp=ff37627b&idc=useast8"
"😂😂😂","0","0","2026-05-28T22:52:26.000Z","alipao2","https://www.tiktok.com/@karolvelda/video/7643328314429443335","6814988399247721478","7645079244889260808","https://p16-common-sign.tiktokcdn-us.com/tos-maliva-avt-0068/16c941aa5e2541262b0e8ac81d4dac48~tplv-tiktokx-cropcenter:100:100.jpg?dr=9640&refresh_token=bc3527e3&x-expires=1780200000&x-signature=wouJ14zx5wBRv6T222VCAqfd5yE%3D&t=4d5b0474&ps=13740610&shp=30310797&shcp=ff37627b&idc=useast8"
"🤣🤣🤣","0","0","2026-05-28T23:01:49.000Z","madman4016","https://www.tiktok.com/@karolvelda/video/7643328314429443335","7378335596600886278","7645081648149152533","https://p16-common-sign.tiktokcdn-us.com/tos-maliva-avt-0068/7378336149499117574~tplv-tiktokx-cropcenter:100:100.jpg?dr=9640&refresh_token=f4493d1a&x-expires=1780200000&x-signature=AF%2B0tgEyGMucmHGRhcVMNipL0Vk%3D&t=4d5b0474&ps=13740610&shp=30310797&shcp=ff37627b&idc=useast8"
"😂😂😂","0","0","2026-05-28T23:42:49.000Z","rosalbachavezzamo","https://www.tiktok.com/@karolvelda/video/7643328314429443335","7016794141398320134","7645092159683986197","https://p19-common-sign.tiktokcdn-us.com/tos-maliva-avt-0068/7322008284763406341~tplv-tiktokx-cropcenter:100:100.jpg?dr=9640&refresh_token=6d229d1f&x-expires=1780200000&x-signature=qoxI9hFQqvktuFseXfcMM560H%2Bk%3D&t=4d5b0474&ps=13740610&shp=30310797&shcp=ff37627b&idc=useast8"
"😳😳😳","0","0","2026-05-28T23:51:18.000Z","moninavazquez","https://www.tiktok.com/@karolvelda/video/7643328314429443335","6849565232713909254","7645094139411596049","https://p16-common-sign.tiktokcdn-us.com/tos-maliva-avt-0068/7334258978563555333~tplv-tiktokx-cropcenter:100:100.jpg?dr=9640&refresh_token=3a742bb8&x-expires=1780200000&x-signature=nY46bY2ucRzbRPsm2DMfFkpuaBs%3D&t=4d5b0474&ps=13740610&shp=30310797&shcp=ff37627b&idc=useast8"
"😁😁😁","0","0","2026-05-29T00:07:34.000Z","hilda97rojohotmai","https://www.tiktok.com/@karolvelda/video/7643328314429443335","7569766663009256460","7645098585801687829","https://p16-common-sign.tiktokcdn-us.com/tos-alisg-avt-0068/0b8e7d527aa34c4628ae891812d6fc48~tplv-tiktokx-cropcenter:100:100.jpg?dr=9640&refresh_token=82511262&x-expires=1780200000&x-signature=1pqTLeWlDbk%2FmNKl%2BMrGgq7dTe8%3D&t=4d5b0474&ps=13740610&shp=30310797&shcp=ff37627b&idc=useast8"
"🤣😂😂🤣😂🤣😂😂🤣😂🤣","0","0","2026-05-28T04:16:54.000Z","carlosarturogonsa","https://www.tiktok.com/@karolvelda/video/7643328314429443335","6983857516943049734","7644791822636778241","https://p16-common-sign.tiktokcdn-us.com/tos-maliva-avt-0068/7322958700052742149~tplv-tiktokx-cropcenter:100:100.jpg?dr=9640&refresh_token=edad921c&x-expires=1780200000&x-signature=j71AiBUITEt13tbxnKidAp%2Bh3rM%3D&t=4d5b0474&ps=13740610&shp=30310797&shcp=ff37627b&idc=useast8"
"@Claudia Sheinbaum Pardo 😂 😂 😂","0","0","2026-05-28T04:29:08.000Z","jhon_skts","https://www.tiktok.com/@karolvelda/video/7643328314429443335","316428180993822722","7644794967723033362","https://p19-common-sign.tiktokcdn-us.com/tos-alisg-avt-0068/093a19af7579f7a8cc3e8d691ab0be79~tplv-tiktokx-cropcenter:100:100.jpg?dr=9640&refresh_token=be70e946&x-expires=1780200000&x-signature=siqQG7ZH7A%2FA8s3bI57e%2FS%2FS6XU%3D&t=4d5b0474&ps=13740610&shp=30310797&shcp=ff37627b&idc=useast8"
"😂😂😂","0","0","2026-05-28T04:38:19.000Z","paul38698","https://www.tiktok.com/@karolvelda/video/7643328314429443335","7573137843259737144","7644797366096184080","https://p19-common-sign.tiktokcdn-us.com/musically-maliva-obj/1594805258216454~tplv-tiktokx-cropcenter:100:100.jpg?dr=9640&refresh_token=e340c4d0&x-expires=1780200000&x-signature=y0I6Dncomm86fyA9XjJdWa1HRzE%3D&t=4d5b0474&ps=13740610&shp=30310797&shcp=ff37627b&idc=useast8"
"😂😂😂","0","0","2026-05-28T04:42:37.000Z","gaby0676g4","https://www.tiktok.com/@karolvelda/video/7643328314429443335","6899592328572224518","7644798461413688082","https://p19-common-sign.tiktokcdn-us.com/tos-alisg-avt-0068/7328580944594468885~tplv-tiktokx-cropcenter:100:100.jpg?dr=9640&refresh_token=a493b629&x-expires=1780200000&x-signature=BuGYuuCtaZXGfppICkZPSDgjrXM%3D&t=4d5b0474&ps=13740610&shp=30310797&shcp=ff37627b&idc=useast8"
"😂😂😂","0","0","2026-05-29T00:15:50.000Z","psic..jazz","https://www.tiktok.com/@karolvelda/video/7643328314429443335","7287088009220146182","7645100753367565063","https://p16-common-sign.tiktokcdn-us.com/tos-maliva-avt-0068/7f1c4e42ea3f2dd6853f06f3d38347ff~tplv-tiktokx-cropcenter:100:100.jpg?dr=9640&refresh_token=9ef987b6&x-expires=1780200000&x-signature=r3UTAXcKNE1Cw4Mps3HnAkkKBtI%3D&t=4d5b0474&ps=13740610&shp=30310797&shcp=ff37627b&idc=useast8"
"😂😂😂","0","0","2026-05-28T04:52:50.000Z","analauraarias","https://www.tiktok.com/@karolvelda/video/7643328314429443335","7271698597387748357","7644801090252833557","https://p16-common-sign.tiktokcdn-us.com/tos-maliva-avt-0068/eb118570ae1288d12b6fcf36089ad77b~tplv-tiktokx-cropcenter:100:100.jpg?dr=9640&refresh_token=d2bad6e6&x-expires=1780200000&x-signature=Ix2MOnezURMYaVvQZugFxeyCnU0%3D&t=4d5b0474&ps=13740610&shp=30310797&shcp=ff37627b&idc=useast8"
"😁😁😁","0","0","2026-05-28T05:04:27.000Z","fello1900","https://www.tiktok.com/@karolvelda/video/7643328314429443335","7353875230845502469","7644804028866003713","https://p19-common-sign.tiktokcdn-us.com/tos-maliva-avt-0068/7353914651433762821~tplv-tiktokx-cropcenter:100:100.jpg?dr=9640&refresh_token=31e631d0&x-expires=1780200000&x-signature=l8bsqp0rUbd8R6z8cHufw5vK2PE%3D&t=4d5b0474&ps=13740610&shp=30310797&shcp=ff37627b&idc=useast8"
"🤪🤪🤪🤪🙄🙄🙄🙄🙄🙄🙄🙄🙄🙄🙄🙄🤣🤣🤣🤣🤣🤣🤣🤣🤣","0","0","2026-05-30T02:26:42.000Z","user5781361945150","https://www.tiktok.com/@karolvelda/video/7643328314429443335","7336352851235636230","7645505601979990805","https://p19-common-sign.tiktokcdn-us.com/musically-maliva-obj/1594805258216454~tplv-tiktokx-cropcenter:100:100.jpg?dr=9640&refresh_token=e340c4d0&x-expires=1780200000&x-signature=y0I6Dncomm86fyA9XjJdWa1HRzE%3D&t=4d5b0474&ps=13740610&shp=30310797&shcp=ff37627b&idc=useast8"
"🤣🤣🤣🤣🤣🤣🤣","0","0","2026-05-30T02:47:09.000Z","givanyty92v","https://www.tiktok.com/@karolvelda/video/7643328314429443335","7263671525634016262","7645510853517427476","https://p16-common-sign.tiktokcdn-us.com/tos-alisg-avt-0068/6c8db9c1e71fc23ea3b077638def8281~tplv-tiktokx-cropcenter:100:100.jpg?dr=9640&refresh_token=5fdf00f8&x-expires=1780200000&x-signature=8zLXECb69cu232XaMHxca00sIzY%3D&t=4d5b0474&ps=13740610&shp=30310797&shcp=ff37627b&idc=useast8"
"😂😂😂","0","0","2026-05-28T05:59:45.000Z","jagckortes","https://www.tiktok.com/@karolvelda/video/7643328314429443335","7202915755809440774","7644818296026727188","https://p19-common-sign.tiktokcdn-us.com/tos-maliva-avt-0068/7da893c369ee79de94a973da2e7c0e11~tplv-tiktokx-cropcenter:100:100.jpg?dr=9640&refresh_token=39ca1473&x-expires=1780200000&x-signature=4RmMv%2F4GwRIzIWsTnIW0HPLCf3o%3D&t=4d5b0474&ps=13740610&shp=30310797&shcp=ff37627b&idc=useast8"
"😂😂😂","0","0","2026-05-28T06:10:37.000Z","torres.ana.liz","https://www.tiktok.com/@karolvelda/video/7643328314429443335","7402456096868811782","7644821123537158919","https://p19-common-sign.tiktokcdn-us.com/tos-maliva-avt-0068/5edeae354d2645b61db42cbcdc5222ca~tplv-tiktokx-cropcenter:100:100.jpg?dr=9640&refresh_token=d32df53d&x-expires=1780200000&x-signature=FJmMdS4LyOggLMUAPaNoSYxGVTA%3D&t=4d5b0474&ps=13740610&shp=30310797&shcp=ff37627b&idc=useast8"
"🤣🤣🤣","0","0","2026-05-29T00:40:26.000Z","itzelortega557","https://www.tiktok.com/@karolvelda/video/7643328314429443335","7004932562054185989","7645107115086349063","https://p16-common-sign.tiktokcdn-us.com/tos-maliva-avt-0068/7327758149573443590~tplv-tiktokx-cropcenter:100:100.jpg?dr=9640&refresh_token=5e33d828&x-expires=1780200000&x-signature=fsB3VKW0fZUwqBfRIfCJl0ZsMF4%3D&t=4d5b0474&ps=13740610&shp=30310797&shcp=ff37627b&idc=useast8"
"Cuánto a que los olvidan y después ni van a servir","0","0","2026-05-21T14:44:47.000Z","matiastrevino90","https://www.tiktok.com/@telediario/video/7642063192079813908","6976295408285910022","7642356037768577809","https://p16-common-sign.tiktokcdn-eu.com/tos-maliva-avt-0068/687756579d13052e1cb63914fc97539f~tplv-tiktokx-cropcenter:100:100.jpg?dr=10399&refresh_token=da9d8cf0&x-expires=1780200000&x-signature=2y83l04IbYHfZqMEMkJ4bE%2BAkUQ%3D&t=4d5b0474&ps=13740610&shp=30310797&shcp=ff37627b&idc=no1a"
"hay que saborearlos, pintarlos etc","0","0","2026-05-21T14:36:41.000Z","daylysanz","https://www.tiktok.com/@telediario/video/7642063192079813908","7618013835630740501","7642353940310754069","https://p16-common-sign.tiktokcdn-eu.com/tos-alisg-avt-0068/1b1823ced4186fd2ccfdee51d23668bf~tplv-tiktokx-cropcenter:100:100.jpg?dr=10399&refresh_token=a382eb8b&x-expires=1780200000&x-signature=EXxs%2B%2BuR2h0WVhq4wMXxWgy3LZQ%3D&t=4d5b0474&ps=13740610&shp=30310797&shcp=ff37627b&idc=no1a"
"La bronca no son los baños la bronca es que la gente no sabe cuidar y ps la verdad por eso no podemos tener cosas bonitas 🥺","0","0","2026-05-21T13:59:41.000Z","fernandoabm","https://www.tiktok.com/@telediario/video/7642063192079813908","6815289478006047750","7642344428757205761","https://p16-common-sign.tiktokcdn-eu.com/tos-maliva-avt-0068/9caa56dc0c50d7fa6568bfe08f6bcf69~tplv-tiktokx-cropcenter:100:100.jpg?dr=10399&refresh_token=449d7ba6&x-expires=1780200000&x-signature=E6TU%2B9L6Y%2F8TpxMr8y7ZZ%2BMe9CE%3D&t=4d5b0474&ps=13740610&shp=30310797&shcp=ff37627b&idc=no1a"
"para que cobren $10 como ahora ya en muchos lugares, sucios y el papel aparte.","0","0","2026-05-21T13:54:06.000Z","jezzylg2","https://www.tiktok.com/@telediario/video/7642063192079813908","6935505493361296390","7642342982596363029","https://p19-common-sign.tiktokcdn-eu.com/tos-maliva-avt-0068/f56b8e9e871588f0044d72c38c0e7a18~tplv-tiktokx-cropcenter:100:100.jpg?dr=10399&refresh_token=e2daab6e&x-expires=1780200000&x-signature=GhYr1oA6ddqvH8UsyI5x7m33y14%3D&t=4d5b0474&ps=13740610&shp=30310797&shcp=ff37627b&idc=no1a"
"para eso si ahí lana no Pero para que aya agua y pavimenten para eso no ahí que poca tienen","0","0","2026-05-21T11:52:15.000Z","user86800228377136","https://www.tiktok.com/@telediario/video/7642063192079813908","7359269578353198086","7642311586695152391","https://p16-common-sign.tiktokcdn-eu.com/tos-alisg-avt-0068/04184189d8e2b804984a2b5ff375ca42~tplv-tiktokx-cropcenter:100:100.jpg?dr=10399&refresh_token=eed04859&x-expires=1780200000&x-signature=zdsbWibkPWLJlVIsNy13ydTgcjg%3D&t=4d5b0474&ps=13740610&shp=30310797&shcp=ff37627b&idc=no1a"
"La gente no entiende que no entiende y aparte no cuidan nada","0","0","2026-05-21T11:49:59.000Z","yonandezlorian","https://www.tiktok.com/@telediario/video/7642063192079813908","6918747167093015558","7642310964105577236","https://p16-common-sign.tiktokcdn-eu.com/tos-maliva-avt-0068/7336237926923108358~tplv-tiktokx-cropcenter:100:100.jpg?dr=10399&refresh_token=26d2ce0c&x-expires=1780200000&x-signature=AR2gn7NzT3a9exJJ3FTOCiYsm30%3D&t=4d5b0474&ps=13740610&shp=30310797&shcp=ff37627b&idc=no1a"
"para los que se quejan de los baños así, seguro es por qué no han visto los baños públicos de Amsterdam jajajaja","0","0","2026-05-21T10:14:19.000Z","cmar872","https://www.tiktok.com/@telediario/video/7642063192079813908","7631769041234232338","7642286346085892872","https://p16-common-sign.tiktokcdn-eu.com/tos-alisg-avt-0068/5425b384bbc37acb1662208b1429f3d7~tplv-tiktokx-cropcenter:100:100.jpg?dr=10399&refresh_token=b12fec48&x-expires=1780200000&x-signature=e%2F6iurUy6zQnl28HprIdJ7sfljw%3D&t=4d5b0474&ps=13740610&shp=30310797&shcp=ff37627b&idc=no1a"
"Van a terminar vandalizados y por lo regular sin funcionamiento","0","0","2026-05-21T09:16:28.000Z",".o_ojo","https://www.tiktok.com/@telediario/video/7642063192079813908","7092146569781281797","7642271450686243591","https://p16-common-sign.tiktokcdn-eu.com/tos-maliva-avt-0068/41f75abec1dcebee03135561ec6ebf2b~tplv-tiktokx-cropcenter:100:100.jpg?dr=10399&refresh_token=6363c7b1&x-expires=1780200000&x-signature=L2%2BOvbVbsCEggkBGTEmZakHte%2BU%3D&t=4d5b0474&ps=13740610&shp=30310797&shcp=ff37627b&idc=no1a"
"No deverian estar cerca del estadio","0","0","2026-05-21T08:23:50.000Z","guillermomendoz143","https://www.tiktok.com/@telediario/video/7642063192079813908","7031034738807243781","7642256924670427905","https://p16-common-sign.tiktokcdn-eu.com/tos-maliva-avt-0068/b97d68ddd62440a211fa20da6cef6f36~tplv-tiktokx-cropcenter:100:100.jpg?dr=10399&refresh_token=7ad714c5&x-expires=1780200000&x-signature=7ZGXZ6%2FXtdRCzovyBSDHDeuRtXU%3D&t=4d5b0474&ps=13740610&shp=30310797&shcp=ff37627b&idc=no1a"
"Weeeeey está bien exactamente para eso para nesecidades de las personas y espero que si cobren aquí tiene que ver mucho la educación del hogar","0","0","2026-05-21T08:10:08.000Z","gr58._","https://www.tiktok.com/@telediario/video/7642063192079813908","6859271889140073478","7642254323926713104","https://p16-common-sign.tiktokcdn-eu.com/tos-alisg-avt-0068/faa223813142aacffb47545d5bd5dfe6~tplv-tiktokx-cropcenter:100:100.jpg?dr=10399&refresh_token=4fff8f72&x-expires=1780200000&x-signature=lJDjpPktTIcJvOOE%2FhFxjk3EaiA%3D&t=4d5b0474&ps=13740610&shp=30310797&shcp=ff37627b&idc=no1a"
"ni los baños públicos tendrán activación económica jajajaja este mundial es solo para unos cuantos.","0","0","2026-05-21T07:46:03.000Z","sebarzola","https://www.tiktok.com/@telediario/video/7642063192079813908","7057695744979911686","7642248136798814984","https://p16-common-sign.tiktokcdn-eu.com/tos-alisg-avt-0068/9761a925cd63bccf219a8a7a67a0bb75~tplv-tiktokx-cropcenter:100:100.jpg?dr=10399&refresh_token=3d1f063d&x-expires=1780200000&x-signature=C1KayJTjU0E6LKIZ8%2FP5CCDBfHk%3D&t=4d5b0474&ps=13740610&shp=30310797&shcp=ff37627b&idc=no1a"
"Me recuerda a las mamás (no todas) cuando va a llegar una visita limpian toodo a fondo, la mejor vajilla, los manteles mas lindos, copas etc.
Pero cuando no hay visitas usan la vajilla ya despostillada, los vasos desiguales, los manteles viejitos, etc.
Algo asi esta pasando pero a gran escala 😐","0","0","2026-05-21T07:12:16.000Z","jessjs17","https://www.tiktok.com/@telediario/video/7642063192079813908","6939583113065710597","7642239414722134805","https://p16-common-sign.tiktokcdn-eu.com/tos-alisg-avt-0068/87ccfef2da09de4a4395c6bc440482a0~tplv-tiktokx-cropcenter:100:100.jpg?dr=10399&refresh_token=d1558f82&x-expires=1780200000&x-signature=G4ast%2FGlYzoUHbCTUnu5IwNrC%2Bw%3D&t=4d5b0474&ps=13740610&shp=30310797&shcp=ff37627b&idc=no1a"
"Cuando meterán presupuesto para medicamentos en hospitales 🏥 vlnv","0","0","2026-05-21T06:37:56.000Z","joseangelsantiago5","https://www.tiktok.com/@telediario/video/7642063192079813908","6803451273170666502","7642230537633317652","https://p16-common-sign.tiktokcdn-eu.com/tos-maliva-avt-0068/d9bf098451fe5f04ea0e1aaa98114401~tplv-tiktokx-cropcenter:100:100.jpg?dr=10399&refresh_token=a57081d8&x-expires=1780200000&x-signature=2LoC%2FN8rMGSrWZ3NxyEyrI7zHwo%3D&t=4d5b0474&ps=13740610&shp=30310797&shcp=ff37627b&idc=no1a"
"la gente dice, no me gustan, prefiero cagar en una bolsa","0","0","2026-05-21T05:50:41.000Z","catsleonel","https://www.tiktok.com/@telediario/video/7642063192079813908","6783923984318153734","7642218369596375828","https://p16-common-sign.tiktokcdn-eu.com/tos-maliva-avt-0068/7320853091668983814~tplv-tiktokx-cropcenter:100:100.jpg?dr=10399&refresh_token=3704ef2a&x-expires=1780200000&x-signature=g%2B3ogVb5t0SrMDVumpgIcXB843o%3D&t=4d5b0474&ps=13740610&shp=30310797&shcp=ff37627b&idc=no1a"
"no al mundial por el ebola","0","0","2026-05-21T07:33:49.000Z","sandy.piscis0","https://www.tiktok.com/@telediario/video/7642063192079813908","7419893543467041798","7642244958977655573","https://p16-common-sign.tiktokcdn-eu.com/tos-alisg-avt-0068/7d6147d5afda514f8fb9087cae3bbfa8~tplv-tiktokx-cropcenter:100:100.jpg?dr=10399&refresh_token=6f991ba3&x-expires=1780200000&x-signature=OkVaQF5WTz5Lh6vNVs%2FMDqbvqOU%3D&t=4d5b0474&ps=13740610&shp=30310797&shcp=ff37627b&idc=no1a"
"😂😂😂","0","0","2026-05-30T02:44:45.000Z","chebbaby","https://www.tiktok.com/@karolvelda/video/7643328314429443335","7029500715513775110","7645510244114678549","https://p16-common-sign.tiktokcdn.com/tos-maliva-avt-0068/f1adf6acade9fc4e4760080138cfa00e~tplv-tiktokx-cropcenter:100:100.jpg?dr=14579&refresh_token=7ec878fd&x-expires=1780200000&x-signature=EXEVsppz1HzbVO9Ymvi3hOzJa9A%3D&t=4d5b0474&ps=13740610&shp=30310797&shcp=ff37627b&idc=my2"
"😂😂😂","0","0","2026-05-29T22:17:15.000Z","user261913816","https://www.tiktok.com/@karolvelda/video/7643328314429443335","6564129165703135238","7645441291203592978","https://p16-common-sign.tiktokcdn.com/tos-maliva-avt-0068/27d9e9303cf60f06692c557918135abf~tplv-tiktokx-cropcenter:100:100.jpg?dr=14579&refresh_token=4a7b4c21&x-expires=1780200000&x-signature=G%2Bky53Jf3iTiAOGkWxlrsB51Bfs%3D&t=4d5b0474&ps=13740610&shp=30310797&shcp=ff37627b&idc=my2"
"😳😳😳","0","0","2026-05-29T18:11:41.000Z","chuchena24","https://www.tiktok.com/@karolvelda/video/7643328314429443335","7600450389109294100","7645378034808111880","https://p16-common-sign.tiktokcdn.com/tos-alisg-avt-0068/e390970eb09b22eaed819098375f747b~tplv-tiktokx-cropcenter:100:100.jpg?dr=14579&refresh_token=897349d1&x-expires=1780200000&x-signature=Tusi%2Bfz%2BqcjC1%2B%2BYX2PENl7L0sM%3D&t=4d5b0474&ps=13740610&shp=30310797&shcp=ff37627b&idc=my2"
"😂😂😂😂😂","0","0","2026-05-29T17:15:18.000Z","atzirirubihidalgo","https://www.tiktok.com/@karolvelda/video/7643328314429443335","7420977316254385158","7645363532871254792","https://p16-common-sign.tiktokcdn.com/tos-alisg-avt-0068/1a40e4dabb57910ed39009fb09da72e1~tplv-tiktokx-cropcenter:100:100.jpg?dr=14579&refresh_token=5a1b4bd9&x-expires=1780200000&x-signature=LgCBCGPPYJo4q9FZn6c85eaVQ%2B0%3D&t=4d5b0474&ps=13740610&shp=30310797&shcp=ff37627b&idc=my2"
"😂😂😂","0","0","2026-05-29T15:09:30.000Z","user9448384461770","https://www.tiktok.com/@karolvelda/video/7643328314429443335","7467012122532463633","7645331105191576338","https://p16-common-sign.tiktokcdn.com/musically-maliva-obj/1594805258216454~tplv-tiktokx-cropcenter:100:100.jpg?dr=14579&refresh_token=fa307169&x-expires=1780200000&x-signature=mehcPq0GqZUJprcMKOYk31VuyvU%3D&t=4d5b0474&ps=13740610&shp=30310797&shcp=ff37627b&idc=my2"
"😁😁😁","0","0","2026-05-29T04:50:05.000Z","guadalupesanche613","https://www.tiktok.com/@karolvelda/video/7643328314429443335","6953740592015131654","7645171419098055444","https://p16-common-sign.tiktokcdn.com/tos-maliva-avt-0068/7330296826125058053~tplv-tiktokx-cropcenter:100:100.jpg?dr=14579&refresh_token=e7d38f46&x-expires=1780200000&x-signature=A6uNMEsboTZvxC3tdXslMiS8AUY%3D&t=4d5b0474&ps=13740610&shp=30310797&shcp=ff37627b&idc=my2"
"😂😂😂","0","0","2026-05-29T04:27:10.000Z","rodrigo_vargasgol","https://www.tiktok.com/@karolvelda/video/7643328314429443335","7094458586886259717","7645165499471414037","https://p16-common-sign.tiktokcdn.com/tos-maliva-avt-0068/223597401dcd4bdb867db12d61eef21f~tplv-tiktokx-cropcenter:100:100.jpg?dr=14579&refresh_token=b06a5b13&x-expires=1780200000&x-signature=N1%2BwY%2F3fZLHzQceNCu3P3XcA8w4%3D&t=4d5b0474&ps=13740610&shp=30310797&shcp=ff37627b&idc=my2"
"😂😂😂","0","0","2026-05-29T04:16:39.000Z","princessfranco84","https://www.tiktok.com/@karolvelda/video/7643328314429443335","7249186041767937030","7645162830148485908","https://p16-common-sign.tiktokcdn.com/tos-maliva-avt-0068/9687821321dab661a91b0d5a56ad1630~tplv-tiktokx-cropcenter:100:100.jpg?dr=14579&refresh_token=8e0bff9f&x-expires=1780200000&x-signature=zvZobU%2FML8kNvNx%2BQkUJzIQ02ZU%3D&t=4d5b0474&ps=13740610&shp=30310797&shcp=ff37627b&idc=my2"
"🤣🤣🤣","0","0","2026-05-29T03:14:14.000Z","gumabetty","https://www.tiktok.com/@karolvelda/video/7643328314429443335","6816434617794266117","7645146740706509589","https://p19-common-sign.tiktokcdn.com/tos-maliva-avt-0068/7326927317557149702~tplv-tiktokx-cropcenter:100:100.jpg?dr=14579&refresh_token=f68a6163&x-expires=1780200000&x-signature=3mRkkhy4%2B0rM2%2FohwKP9SR%2FwusE%3D&t=4d5b0474&ps=13740610&shp=30310797&shcp=ff37627b&idc=my2"
"😂😂😂","0","0","2026-05-29T02:52:25.000Z","molarel5","https://www.tiktok.com/@karolvelda/video/7643328314429443335","7565355875911107602","7645140962201764609","https://p16-common-sign.tiktokcdn.com/tos-alisg-avt-0068/c0945184effc02d403e8d1634b5b31a0~tplv-tiktokx-cropcenter:100:100.jpg?dr=14579&refresh_token=f749fab9&x-expires=1780200000&x-signature=DJfr%2FKr3KdL3qQa9IMphUfap6pU%3D&t=4d5b0474&ps=13740610&shp=30310797&shcp=ff37627b&idc=my2"
"😂😂😂","0","0","2026-05-29T02:36:47.000Z","eris.cosita","https://www.tiktok.com/@karolvelda/video/7643328314429443335","6927726691332064261","7645137111905321736","https://p16-common-sign.tiktokcdn.com/tos-alisg-avt-0068/348fce7d740bafe99e5a966d79104481~tplv-tiktokx-cropcenter:100:100.jpg?dr=14579&refresh_token=917004e2&x-expires=1780200000&x-signature=81X6jkgXnaRQCbyIXSkTivHW7cg%3D&t=4d5b0474&ps=13740610&shp=30310797&shcp=ff37627b&idc=my2"
"🤣🤣🤣🤣🤣","0","0","2026-05-29T02:22:06.000Z","irasemari","https://www.tiktok.com/@karolvelda/video/7643328314429443335","6938581188043998214","7645133327992947474","https://p16-common-sign.tiktokcdn.com/tos-maliva-avt-0068/7335794585908150277~tplv-tiktokx-cropcenter:100:100.jpg?dr=14579&refresh_token=be1188d0&x-expires=1780200000&x-signature=9E5tsNGxlp3Hp1VUxvTe%2FW0wFxU%3D&t=4d5b0474&ps=13740610&shp=30310797&shcp=ff37627b&idc=my2"
"🤣🤣","0","0","2026-05-29T02:08:25.000Z","franciscocejudoen3","https://www.tiktok.com/@karolvelda/video/7643328314429443335","6998354977668580357","7645129776981852949","https://p16-common-sign.tiktokcdn.com/tos-alisg-avt-0068/bb6cd8d250981a156d69b39a6ffd0265~tplv-tiktokx-cropcenter:100:100.jpg?dr=14579&refresh_token=f18d0f7d&x-expires=1780200000&x-signature=LQknrhRcF%2BFDtlippG3kJzXpE0s%3D&t=4d5b0474&ps=13740610&shp=30310797&shcp=ff37627b&idc=my2"
"🤣🤣🤣","0","0","2026-05-29T01:49:17.000Z","charly.crack.10","https://www.tiktok.com/@karolvelda/video/7643328314429443335","7407697423898215432","7645124808859403029","https://p19-common-sign.tiktokcdn.com/tos-alisg-avt-0068/2bf332488f9ee641535b3c650313c13a~tplv-tiktokx-cropcenter:100:100.jpg?dr=14579&refresh_token=09ddd03f&x-expires=1780200000&x-signature=6I%2B%2Btp%2BHifNAbAix50VFFQi%2BgLY%3D&t=4d5b0474&ps=13740610&shp=30310797&shcp=ff37627b&idc=my2"
"Mejor que inviertan en medicamentos, búsqueda de desaparecidos, seguridad y escuelas!!!! ya es un cinismo el del gobierno","0","0","2026-05-21T22:42:52.000Z","juulleesss","https://www.tiktok.com/@telediario/video/7642063192079813908","7048866019221816326","7642479216411296532","https://p16-common-sign.tiktokcdn-eu.com/tos-maliva-avt-0068/fc9ad35b48c26844dd40d6aaca33d921~tplv-tiktokx-cropcenter:100:100.jpg?dr=10399&refresh_token=397b0674&x-expires=1780200000&x-signature=3C1xnjYkL3%2FEjddLCP%2FfCK7MGKk%3D&t=4d5b0474&ps=13740610&shp=30310797&shcp=ff37627b&idc=no1a"
"🤣🤣🤣","0","0","2026-05-21T16:23:44.000Z","antuanrobles0509","https://www.tiktok.com/@telediario/video/7642063192079813908","6990852166258099206","7642381541763531538","https://p16-common-sign.tiktokcdn-eu.com/tos-maliva-avt-0068/7321756522664034310~tplv-tiktokx-cropcenter:100:100.jpg?dr=10399&refresh_token=e281b3cf&x-expires=1780200000&x-signature=9YExTBovLRwvPNGMoTH5FwGaeZM%3D&t=4d5b0474&ps=13740610&shp=30310797&shcp=ff37627b&idc=no1a"
"😂😂😂","0","0","2026-05-21T13:07:18.000Z","lalillosmunguia","https://www.tiktok.com/@telediario/video/7642063192079813908","6804281078577398789","7642330920015577877","https://p16-common-sign.tiktokcdn-eu.com/tos-alisg-avt-0068/ec75bebedaae83eeba3bb0edd25aace7~tplv-tiktokx-cropcenter:100:100.jpg?dr=10399&refresh_token=7c1be4da&x-expires=1780200000&x-signature=89s8HTnAS8U%2Bfy1LHDuvj6T6rIQ%3D&t=4d5b0474&ps=13740610&shp=30310797&shcp=ff37627b&idc=no1a"
